$date Wed Jun  3 00:46:20 2026
 $end
$version JasperGold $end
$timescale 1 ns $end
$scope module rgraph $end
$scope module resetCounter $end
$var wire 1 ! reset $end
$var wire 32 " timeSinceReset [31:0] $end
$var wire 1 # notChaos $end
$var reg 32 $ count [31:0] $end
$var reg 1 % flag $end
$var wire 1 & clk $end
$upscope $end
$var wire 1 ' :jasper_formal_reset $end
$var wire 1 ( reset $end
$var wire 1 ) io_i $end
$var wire 1 * io_o $end
$var wire 1 + _resetCounter_notChaos $end
$var reg 12 , cnt [11:0] $end
$var reg 1 - mode $end
$var wire 1 . _GEN $end
$var reg 1 / r $end
$var reg 1 0 hasBeenResetReg $end
$var wire 1 1 hasBeenReset $end
$var reg 12 2 REG [11:0] $end
$var reg 12 3 REG_1 [11:0] $end
$var wire 1 4 _GEN_0 $end
$var reg 12 5 REG_2 [11:0] $end
$var reg 12 6 REG_3 [11:0] $end
$var reg 1 7 pending $end
$var reg 13 8 timer [12:0] $end
$var wire 1 9 nextPending $end
$var wire 1 : _nextTimer_T_1 $end
$var wire 13 ; _nextTimer_T_2 [12:0] $end
$var reg 1 < cnt_eventually_zero_in_mode1 $end
$var wire 1 = :jasper_formal_clock $end
$var wire 1 > clock $end
$upscope $end
$enddefinitions $end
#0
0!
b00000000000000000000000000000000 "
1#
b00000000000000000000000000000000 $
1%
1&
0'
0(
0)
1*
1+
b000000000000 ,
0-
0.
0/
10
11
b000000000000 2
b000000000000 3
04
b000000000000 5
b000000000000 6
07
b0000000000000 8
09
0:
b0000000000001 ;
1<
1=
1>
#5
0&
0=
0>
#10
b00000000000000000000000000000001 "
b00000000000000000000000000000001 $
1&
1)
0*
b000000000001 ,
1.
1=
1>
#15
0&
0=
0>
#20
b00000000000000000000000000000010 "
b00000000000000000000000000000010 $
1&
b000000000010 ,
1-
b000000000001 2
b000000000001 3
14
b000000000001 5
b000000000001 6
19
1=
1>
#25
0&
0=
0>
#30
b00000000000000000000000000000011 "
b00000000000000000000000000000011 $
1&
0)
b000000000001 ,
0.
1/
b000000000010 2
b000000000010 3
04
b000000000010 5
b000000000010 6
17
1:
1=
1>
#35
0&
0=
0>
#40
b00000000000000000000000000000100 "
b00000000000000000000000000000100 $
1&
b000000000001 2
b000000000001 3
b000000000001 5
b000000000001 6
b0000000000001 8
b0000000000010 ;
1=
1>
#45
0&
0=
0>
#50
b00000000000000000000000000000101 "
b00000000000000000000000000000101 $
1&
b0000000000010 8
b0000000000011 ;
1=
1>
#55
0&
0=
0>
#60
b00000000000000000000000000000110 "
b00000000000000000000000000000110 $
1&
b0000000000011 8
b0000000000100 ;
1=
1>
#65
0&
0=
0>
#70
b00000000000000000000000000000111 "
b00000000000000000000000000000111 $
1&
b0000000000100 8
b0000000000101 ;
1=
1>
#75
0&
0=
0>
#80
b00000000000000000000000000001000 "
b00000000000000000000000000001000 $
1&
b0000000000101 8
b0000000000110 ;
1=
1>
#85
0&
0=
0>
#90
b00000000000000000000000000001001 "
b00000000000000000000000000001001 $
1&
b0000000000110 8
b0000000000111 ;
1=
1>
#95
0&
0=
0>
#100
b00000000000000000000000000001010 "
b00000000000000000000000000001010 $
1&
b0000000000111 8
b0000000001000 ;
1=
1>
#105
0&
0=
0>
#110
b00000000000000000000000000001011 "
b00000000000000000000000000001011 $
1&
b0000000001000 8
b0000000001001 ;
1=
1>
#115
0&
0=
0>
#120
b00000000000000000000000000001100 "
b00000000000000000000000000001100 $
1&
b0000000001001 8
b0000000001010 ;
1=
1>
#125
0&
0=
0>
#130
b00000000000000000000000000001101 "
b00000000000000000000000000001101 $
1&
b0000000001010 8
b0000000001011 ;
1=
1>
#135
0&
0=
0>
#140
b00000000000000000000000000001110 "
b00000000000000000000000000001110 $
1&
b0000000001011 8
b0000000001100 ;
1=
1>
#145
0&
0=
0>
#150
b00000000000000000000000000001111 "
b00000000000000000000000000001111 $
1&
b0000000001100 8
b0000000001101 ;
1=
1>
#155
0&
0=
0>
#160
b00000000000000000000000000010000 "
b00000000000000000000000000010000 $
1&
b0000000001101 8
b0000000001110 ;
1=
1>
#165
0&
0=
0>
#170
b00000000000000000000000000010001 "
b00000000000000000000000000010001 $
1&
b0000000001110 8
b0000000001111 ;
1=
1>
#175
0&
0=
0>
#180
b00000000000000000000000000010010 "
b00000000000000000000000000010010 $
1&
b0000000001111 8
b0000000010000 ;
1=
1>
#185
0&
0=
0>
#190
b00000000000000000000000000010011 "
b00000000000000000000000000010011 $
1&
b0000000010000 8
b0000000010001 ;
1=
1>
#195
0&
0=
0>
#200
b00000000000000000000000000010100 "
b00000000000000000000000000010100 $
1&
b0000000010001 8
b0000000010010 ;
1=
1>
#205
0&
0=
0>
#210
b00000000000000000000000000010101 "
b00000000000000000000000000010101 $
1&
b0000000010010 8
b0000000010011 ;
1=
1>
#215
0&
0=
0>
#220
b00000000000000000000000000010110 "
b00000000000000000000000000010110 $
1&
b0000000010011 8
b0000000010100 ;
1=
1>
#225
0&
0=
0>
#230
b00000000000000000000000000010111 "
b00000000000000000000000000010111 $
1&
b0000000010100 8
b0000000010101 ;
1=
1>
#235
0&
0=
0>
#240
b00000000000000000000000000011000 "
b00000000000000000000000000011000 $
1&
b0000000010101 8
b0000000010110 ;
1=
1>
#245
0&
0=
0>
#250
b00000000000000000000000000011001 "
b00000000000000000000000000011001 $
1&
b0000000010110 8
b0000000010111 ;
1=
1>
#255
0&
0=
0>
#260
b00000000000000000000000000011010 "
b00000000000000000000000000011010 $
1&
b0000000010111 8
b0000000011000 ;
1=
1>
#265
0&
0=
0>
#270
b00000000000000000000000000011011 "
b00000000000000000000000000011011 $
1&
b0000000011000 8
b0000000011001 ;
1=
1>
#275
0&
0=
0>
#280
b00000000000000000000000000011100 "
b00000000000000000000000000011100 $
1&
b0000000011001 8
b0000000011010 ;
1=
1>
#285
0&
0=
0>
#290
b00000000000000000000000000011101 "
b00000000000000000000000000011101 $
1&
b0000000011010 8
b0000000011011 ;
1=
1>
#295
0&
0=
0>
#300
b00000000000000000000000000011110 "
b00000000000000000000000000011110 $
1&
b0000000011011 8
b0000000011100 ;
1=
1>
#305
0&
0=
0>
#310
b00000000000000000000000000011111 "
b00000000000000000000000000011111 $
1&
b0000000011100 8
b0000000011101 ;
1=
1>
#315
0&
0=
0>
#320
b00000000000000000000000000100000 "
b00000000000000000000000000100000 $
1&
b0000000011101 8
b0000000011110 ;
1=
1>
#325
0&
0=
0>
#330
b00000000000000000000000000100001 "
b00000000000000000000000000100001 $
1&
b0000000011110 8
b0000000011111 ;
1=
1>
#335
0&
0=
0>
#340
b00000000000000000000000000100010 "
b00000000000000000000000000100010 $
1&
b0000000011111 8
b0000000100000 ;
1=
1>
#345
0&
0=
0>
#350
b00000000000000000000000000100011 "
b00000000000000000000000000100011 $
1&
b0000000100000 8
b0000000100001 ;
1=
1>
#355
0&
0=
0>
#360
b00000000000000000000000000100100 "
b00000000000000000000000000100100 $
1&
b0000000100001 8
b0000000100010 ;
1=
1>
#365
0&
0=
0>
#370
b00000000000000000000000000100101 "
b00000000000000000000000000100101 $
1&
b0000000100010 8
b0000000100011 ;
1=
1>
#375
0&
0=
0>
#380
b00000000000000000000000000100110 "
b00000000000000000000000000100110 $
1&
b0000000100011 8
b0000000100100 ;
1=
1>
#385
0&
0=
0>
#390
b00000000000000000000000000100111 "
b00000000000000000000000000100111 $
1&
b0000000100100 8
b0000000100101 ;
1=
1>
#395
0&
0=
0>
#400
b00000000000000000000000000101000 "
b00000000000000000000000000101000 $
1&
b0000000100101 8
b0000000100110 ;
1=
1>
#405
0&
0=
0>
#410
b00000000000000000000000000101001 "
b00000000000000000000000000101001 $
1&
b0000000100110 8
b0000000100111 ;
1=
1>
#415
0&
0=
0>
#420
b00000000000000000000000000101010 "
b00000000000000000000000000101010 $
1&
b0000000100111 8
b0000000101000 ;
1=
1>
#425
0&
0=
0>
#430
b00000000000000000000000000101011 "
b00000000000000000000000000101011 $
1&
b0000000101000 8
b0000000101001 ;
1=
1>
#435
0&
0=
0>
#440
b00000000000000000000000000101100 "
b00000000000000000000000000101100 $
1&
b0000000101001 8
b0000000101010 ;
1=
1>
#445
0&
0=
0>
#450
b00000000000000000000000000101101 "
b00000000000000000000000000101101 $
1&
b0000000101010 8
b0000000101011 ;
1=
1>
#455
0&
0=
0>
#460
b00000000000000000000000000101110 "
b00000000000000000000000000101110 $
1&
b0000000101011 8
b0000000101100 ;
1=
1>
#465
0&
0=
0>
#470
b00000000000000000000000000101111 "
b00000000000000000000000000101111 $
1&
b0000000101100 8
b0000000101101 ;
1=
1>
#475
0&
0=
0>
#480
b00000000000000000000000000110000 "
b00000000000000000000000000110000 $
1&
b0000000101101 8
b0000000101110 ;
1=
1>
#485
0&
0=
0>
#490
b00000000000000000000000000110001 "
b00000000000000000000000000110001 $
1&
b0000000101110 8
b0000000101111 ;
1=
1>
#495
0&
0=
0>
#500
b00000000000000000000000000110010 "
b00000000000000000000000000110010 $
1&
b0000000101111 8
b0000000110000 ;
1=
1>
#505
0&
0=
0>
#510
b00000000000000000000000000110011 "
b00000000000000000000000000110011 $
1&
b0000000110000 8
b0000000110001 ;
1=
1>
#515
0&
0=
0>
#520
b00000000000000000000000000110100 "
b00000000000000000000000000110100 $
1&
b0000000110001 8
b0000000110010 ;
1=
1>
#525
0&
0=
0>
#530
b00000000000000000000000000110101 "
b00000000000000000000000000110101 $
1&
b0000000110010 8
b0000000110011 ;
1=
1>
#535
0&
0=
0>
#540
b00000000000000000000000000110110 "
b00000000000000000000000000110110 $
1&
b0000000110011 8
b0000000110100 ;
1=
1>
#545
0&
0=
0>
#550
b00000000000000000000000000110111 "
b00000000000000000000000000110111 $
1&
b0000000110100 8
b0000000110101 ;
1=
1>
#555
0&
0=
0>
#560
b00000000000000000000000000111000 "
b00000000000000000000000000111000 $
1&
b0000000110101 8
b0000000110110 ;
1=
1>
#565
0&
0=
0>
#570
b00000000000000000000000000111001 "
b00000000000000000000000000111001 $
1&
b0000000110110 8
b0000000110111 ;
1=
1>
#575
0&
0=
0>
#580
b00000000000000000000000000111010 "
b00000000000000000000000000111010 $
1&
b0000000110111 8
b0000000111000 ;
1=
1>
#585
0&
0=
0>
#590
b00000000000000000000000000111011 "
b00000000000000000000000000111011 $
1&
b0000000111000 8
b0000000111001 ;
1=
1>
#595
0&
0=
0>
#600
b00000000000000000000000000111100 "
b00000000000000000000000000111100 $
1&
b0000000111001 8
b0000000111010 ;
1=
1>
#605
0&
0=
0>
#610
b00000000000000000000000000111101 "
b00000000000000000000000000111101 $
1&
b0000000111010 8
b0000000111011 ;
1=
1>
#615
0&
0=
0>
#620
b00000000000000000000000000111110 "
b00000000000000000000000000111110 $
1&
b0000000111011 8
b0000000111100 ;
1=
1>
#625
0&
0=
0>
#630
b00000000000000000000000000111111 "
b00000000000000000000000000111111 $
1&
b0000000111100 8
b0000000111101 ;
1=
1>
#635
0&
0=
0>
#640
b00000000000000000000000001000000 "
b00000000000000000000000001000000 $
1&
b0000000111101 8
b0000000111110 ;
1=
1>
#645
0&
0=
0>
#650
b00000000000000000000000001000001 "
b00000000000000000000000001000001 $
1&
b0000000111110 8
b0000000111111 ;
1=
1>
#655
0&
0=
0>
#660
b00000000000000000000000001000010 "
b00000000000000000000000001000010 $
1&
b0000000111111 8
b0000001000000 ;
1=
1>
#665
0&
0=
0>
#670
b00000000000000000000000001000011 "
b00000000000000000000000001000011 $
1&
b0000001000000 8
b0000001000001 ;
1=
1>
#675
0&
0=
0>
#680
b00000000000000000000000001000100 "
b00000000000000000000000001000100 $
1&
b0000001000001 8
b0000001000010 ;
1=
1>
#685
0&
0=
0>
#690
b00000000000000000000000001000101 "
b00000000000000000000000001000101 $
1&
b0000001000010 8
b0000001000011 ;
1=
1>
#695
0&
0=
0>
#700
b00000000000000000000000001000110 "
b00000000000000000000000001000110 $
1&
b0000001000011 8
b0000001000100 ;
1=
1>
#705
0&
0=
0>
#710
b00000000000000000000000001000111 "
b00000000000000000000000001000111 $
1&
b0000001000100 8
b0000001000101 ;
1=
1>
#715
0&
0=
0>
#720
b00000000000000000000000001001000 "
b00000000000000000000000001001000 $
1&
b0000001000101 8
b0000001000110 ;
1=
1>
#725
0&
0=
0>
#730
b00000000000000000000000001001001 "
b00000000000000000000000001001001 $
1&
b0000001000110 8
b0000001000111 ;
1=
1>
#735
0&
0=
0>
#740
b00000000000000000000000001001010 "
b00000000000000000000000001001010 $
1&
b0000001000111 8
b0000001001000 ;
1=
1>
#745
0&
0=
0>
#750
b00000000000000000000000001001011 "
b00000000000000000000000001001011 $
1&
b0000001001000 8
b0000001001001 ;
1=
1>
#755
0&
0=
0>
#760
b00000000000000000000000001001100 "
b00000000000000000000000001001100 $
1&
b0000001001001 8
b0000001001010 ;
1=
1>
#765
0&
0=
0>
#770
b00000000000000000000000001001101 "
b00000000000000000000000001001101 $
1&
b0000001001010 8
b0000001001011 ;
1=
1>
#775
0&
0=
0>
#780
b00000000000000000000000001001110 "
b00000000000000000000000001001110 $
1&
b0000001001011 8
b0000001001100 ;
1=
1>
#785
0&
0=
0>
#790
b00000000000000000000000001001111 "
b00000000000000000000000001001111 $
1&
b0000001001100 8
b0000001001101 ;
1=
1>
#795
0&
0=
0>
#800
b00000000000000000000000001010000 "
b00000000000000000000000001010000 $
1&
b0000001001101 8
b0000001001110 ;
1=
1>
#805
0&
0=
0>
#810
b00000000000000000000000001010001 "
b00000000000000000000000001010001 $
1&
b0000001001110 8
b0000001001111 ;
1=
1>
#815
0&
0=
0>
#820
b00000000000000000000000001010010 "
b00000000000000000000000001010010 $
1&
b0000001001111 8
b0000001010000 ;
1=
1>
#825
0&
0=
0>
#830
b00000000000000000000000001010011 "
b00000000000000000000000001010011 $
1&
b0000001010000 8
b0000001010001 ;
1=
1>
#835
0&
0=
0>
#840
b00000000000000000000000001010100 "
b00000000000000000000000001010100 $
1&
b0000001010001 8
b0000001010010 ;
1=
1>
#845
0&
0=
0>
#850
b00000000000000000000000001010101 "
b00000000000000000000000001010101 $
1&
b0000001010010 8
b0000001010011 ;
1=
1>
#855
0&
0=
0>
#860
b00000000000000000000000001010110 "
b00000000000000000000000001010110 $
1&
b0000001010011 8
b0000001010100 ;
1=
1>
#865
0&
0=
0>
#870
b00000000000000000000000001010111 "
b00000000000000000000000001010111 $
1&
b0000001010100 8
b0000001010101 ;
1=
1>
#875
0&
0=
0>
#880
b00000000000000000000000001011000 "
b00000000000000000000000001011000 $
1&
b0000001010101 8
b0000001010110 ;
1=
1>
#885
0&
0=
0>
#890
b00000000000000000000000001011001 "
b00000000000000000000000001011001 $
1&
b0000001010110 8
b0000001010111 ;
1=
1>
#895
0&
0=
0>
#900
b00000000000000000000000001011010 "
b00000000000000000000000001011010 $
1&
b0000001010111 8
b0000001011000 ;
1=
1>
#905
0&
0=
0>
#910
b00000000000000000000000001011011 "
b00000000000000000000000001011011 $
1&
b0000001011000 8
b0000001011001 ;
1=
1>
#915
0&
0=
0>
#920
b00000000000000000000000001011100 "
b00000000000000000000000001011100 $
1&
b0000001011001 8
b0000001011010 ;
1=
1>
#925
0&
0=
0>
#930
b00000000000000000000000001011101 "
b00000000000000000000000001011101 $
1&
b0000001011010 8
b0000001011011 ;
1=
1>
#935
0&
0=
0>
#940
b00000000000000000000000001011110 "
b00000000000000000000000001011110 $
1&
b0000001011011 8
b0000001011100 ;
1=
1>
#945
0&
0=
0>
#950
b00000000000000000000000001011111 "
b00000000000000000000000001011111 $
1&
b0000001011100 8
b0000001011101 ;
1=
1>
#955
0&
0=
0>
#960
b00000000000000000000000001100000 "
b00000000000000000000000001100000 $
1&
b0000001011101 8
b0000001011110 ;
1=
1>
#965
0&
0=
0>
#970
b00000000000000000000000001100001 "
b00000000000000000000000001100001 $
1&
b0000001011110 8
b0000001011111 ;
1=
1>
#975
0&
0=
0>
#980
b00000000000000000000000001100010 "
b00000000000000000000000001100010 $
1&
b0000001011111 8
b0000001100000 ;
1=
1>
#985
0&
0=
0>
#990
b00000000000000000000000001100011 "
b00000000000000000000000001100011 $
1&
b0000001100000 8
b0000001100001 ;
1=
1>
#995
0&
0=
0>
#1000
b00000000000000000000000001100100 "
b00000000000000000000000001100100 $
1&
b0000001100001 8
b0000001100010 ;
1=
1>
#1005
0&
0=
0>
#1010
b00000000000000000000000001100101 "
b00000000000000000000000001100101 $
1&
b0000001100010 8
b0000001100011 ;
1=
1>
#1015
0&
0=
0>
#1020
b00000000000000000000000001100110 "
b00000000000000000000000001100110 $
1&
b0000001100011 8
b0000001100100 ;
1=
1>
#1025
0&
0=
0>
#1030
b00000000000000000000000001100111 "
b00000000000000000000000001100111 $
1&
b0000001100100 8
b0000001100101 ;
1=
1>
#1035
0&
0=
0>
#1040
b00000000000000000000000001101000 "
b00000000000000000000000001101000 $
1&
b0000001100101 8
b0000001100110 ;
1=
1>
#1045
0&
0=
0>
#1050
b00000000000000000000000001101001 "
b00000000000000000000000001101001 $
1&
b0000001100110 8
b0000001100111 ;
1=
1>
#1055
0&
0=
0>
#1060
b00000000000000000000000001101010 "
b00000000000000000000000001101010 $
1&
b0000001100111 8
b0000001101000 ;
1=
1>
#1065
0&
0=
0>
#1070
b00000000000000000000000001101011 "
b00000000000000000000000001101011 $
1&
b0000001101000 8
b0000001101001 ;
1=
1>
#1075
0&
0=
0>
#1080
b00000000000000000000000001101100 "
b00000000000000000000000001101100 $
1&
b0000001101001 8
b0000001101010 ;
1=
1>
#1085
0&
0=
0>
#1090
b00000000000000000000000001101101 "
b00000000000000000000000001101101 $
1&
b0000001101010 8
b0000001101011 ;
1=
1>
#1095
0&
0=
0>
#1100
b00000000000000000000000001101110 "
b00000000000000000000000001101110 $
1&
b0000001101011 8
b0000001101100 ;
1=
1>
#1105
0&
0=
0>
#1110
b00000000000000000000000001101111 "
b00000000000000000000000001101111 $
1&
b0000001101100 8
b0000001101101 ;
1=
1>
#1115
0&
0=
0>
#1120
b00000000000000000000000001110000 "
b00000000000000000000000001110000 $
1&
b0000001101101 8
b0000001101110 ;
1=
1>
#1125
0&
0=
0>
#1130
b00000000000000000000000001110001 "
b00000000000000000000000001110001 $
1&
b0000001101110 8
b0000001101111 ;
1=
1>
#1135
0&
0=
0>
#1140
b00000000000000000000000001110010 "
b00000000000000000000000001110010 $
1&
b0000001101111 8
b0000001110000 ;
1=
1>
#1145
0&
0=
0>
#1150
b00000000000000000000000001110011 "
b00000000000000000000000001110011 $
1&
b0000001110000 8
b0000001110001 ;
1=
1>
#1155
0&
0=
0>
#1160
b00000000000000000000000001110100 "
b00000000000000000000000001110100 $
1&
b0000001110001 8
b0000001110010 ;
1=
1>
#1165
0&
0=
0>
#1170
b00000000000000000000000001110101 "
b00000000000000000000000001110101 $
1&
b0000001110010 8
b0000001110011 ;
1=
1>
#1175
0&
0=
0>
#1180
b00000000000000000000000001110110 "
b00000000000000000000000001110110 $
1&
b0000001110011 8
b0000001110100 ;
1=
1>
#1185
0&
0=
0>
#1190
b00000000000000000000000001110111 "
b00000000000000000000000001110111 $
1&
b0000001110100 8
b0000001110101 ;
1=
1>
#1195
0&
0=
0>
#1200
b00000000000000000000000001111000 "
b00000000000000000000000001111000 $
1&
b0000001110101 8
b0000001110110 ;
1=
1>
#1205
0&
0=
0>
#1210
b00000000000000000000000001111001 "
b00000000000000000000000001111001 $
1&
b0000001110110 8
b0000001110111 ;
1=
1>
#1215
0&
0=
0>
#1220
b00000000000000000000000001111010 "
b00000000000000000000000001111010 $
1&
b0000001110111 8
b0000001111000 ;
1=
1>
#1225
0&
0=
0>
#1230
b00000000000000000000000001111011 "
b00000000000000000000000001111011 $
1&
b0000001111000 8
b0000001111001 ;
1=
1>
#1235
0&
0=
0>
#1240
b00000000000000000000000001111100 "
b00000000000000000000000001111100 $
1&
b0000001111001 8
b0000001111010 ;
1=
1>
#1245
0&
0=
0>
#1250
b00000000000000000000000001111101 "
b00000000000000000000000001111101 $
1&
b0000001111010 8
b0000001111011 ;
1=
1>
#1255
0&
0=
0>
#1260
b00000000000000000000000001111110 "
b00000000000000000000000001111110 $
1&
b0000001111011 8
b0000001111100 ;
1=
1>
#1265
0&
0=
0>
#1270
b00000000000000000000000001111111 "
b00000000000000000000000001111111 $
1&
b0000001111100 8
b0000001111101 ;
1=
1>
#1275
0&
0=
0>
#1280
b00000000000000000000000010000000 "
b00000000000000000000000010000000 $
1&
b0000001111101 8
b0000001111110 ;
1=
1>
#1285
0&
0=
0>
#1290
b00000000000000000000000010000001 "
b00000000000000000000000010000001 $
1&
b0000001111110 8
b0000001111111 ;
1=
1>
#1295
0&
0=
0>
#1300
b00000000000000000000000010000010 "
b00000000000000000000000010000010 $
1&
b0000001111111 8
b0000010000000 ;
1=
1>
#1305
0&
0=
0>
#1310
b00000000000000000000000010000011 "
b00000000000000000000000010000011 $
1&
b0000010000000 8
b0000010000001 ;
1=
1>
#1315
0&
0=
0>
#1320
b00000000000000000000000010000100 "
b00000000000000000000000010000100 $
1&
b0000010000001 8
b0000010000010 ;
1=
1>
#1325
0&
0=
0>
#1330
b00000000000000000000000010000101 "
b00000000000000000000000010000101 $
1&
b0000010000010 8
b0000010000011 ;
1=
1>
#1335
0&
0=
0>
#1340
b00000000000000000000000010000110 "
b00000000000000000000000010000110 $
1&
b0000010000011 8
b0000010000100 ;
1=
1>
#1345
0&
0=
0>
#1350
b00000000000000000000000010000111 "
b00000000000000000000000010000111 $
1&
b0000010000100 8
b0000010000101 ;
1=
1>
#1355
0&
0=
0>
#1360
b00000000000000000000000010001000 "
b00000000000000000000000010001000 $
1&
b0000010000101 8
b0000010000110 ;
1=
1>
#1365
0&
0=
0>
#1370
b00000000000000000000000010001001 "
b00000000000000000000000010001001 $
1&
b0000010000110 8
b0000010000111 ;
1=
1>
#1375
0&
0=
0>
#1380
b00000000000000000000000010001010 "
b00000000000000000000000010001010 $
1&
b0000010000111 8
b0000010001000 ;
1=
1>
#1385
0&
0=
0>
#1390
b00000000000000000000000010001011 "
b00000000000000000000000010001011 $
1&
b0000010001000 8
b0000010001001 ;
1=
1>
#1395
0&
0=
0>
#1400
b00000000000000000000000010001100 "
b00000000000000000000000010001100 $
1&
b0000010001001 8
b0000010001010 ;
1=
1>
#1405
0&
0=
0>
#1410
b00000000000000000000000010001101 "
b00000000000000000000000010001101 $
1&
b0000010001010 8
b0000010001011 ;
1=
1>
#1415
0&
0=
0>
#1420
b00000000000000000000000010001110 "
b00000000000000000000000010001110 $
1&
b0000010001011 8
b0000010001100 ;
1=
1>
#1425
0&
0=
0>
#1430
b00000000000000000000000010001111 "
b00000000000000000000000010001111 $
1&
b0000010001100 8
b0000010001101 ;
1=
1>
#1435
0&
0=
0>
#1440
b00000000000000000000000010010000 "
b00000000000000000000000010010000 $
1&
b0000010001101 8
b0000010001110 ;
1=
1>
#1445
0&
0=
0>
#1450
b00000000000000000000000010010001 "
b00000000000000000000000010010001 $
1&
b0000010001110 8
b0000010001111 ;
1=
1>
#1455
0&
0=
0>
#1460
b00000000000000000000000010010010 "
b00000000000000000000000010010010 $
1&
b0000010001111 8
b0000010010000 ;
1=
1>
#1465
0&
0=
0>
#1470
b00000000000000000000000010010011 "
b00000000000000000000000010010011 $
1&
b0000010010000 8
b0000010010001 ;
1=
1>
#1475
0&
0=
0>
#1480
b00000000000000000000000010010100 "
b00000000000000000000000010010100 $
1&
b0000010010001 8
b0000010010010 ;
1=
1>
#1485
0&
0=
0>
#1490
b00000000000000000000000010010101 "
b00000000000000000000000010010101 $
1&
b0000010010010 8
b0000010010011 ;
1=
1>
#1495
0&
0=
0>
#1500
b00000000000000000000000010010110 "
b00000000000000000000000010010110 $
1&
b0000010010011 8
b0000010010100 ;
1=
1>
#1505
0&
0=
0>
#1510
b00000000000000000000000010010111 "
b00000000000000000000000010010111 $
1&
b0000010010100 8
b0000010010101 ;
1=
1>
#1515
0&
0=
0>
#1520
b00000000000000000000000010011000 "
b00000000000000000000000010011000 $
1&
b0000010010101 8
b0000010010110 ;
1=
1>
#1525
0&
0=
0>
#1530
b00000000000000000000000010011001 "
b00000000000000000000000010011001 $
1&
b0000010010110 8
b0000010010111 ;
1=
1>
#1535
0&
0=
0>
#1540
b00000000000000000000000010011010 "
b00000000000000000000000010011010 $
1&
b0000010010111 8
b0000010011000 ;
1=
1>
#1545
0&
0=
0>
#1550
b00000000000000000000000010011011 "
b00000000000000000000000010011011 $
1&
b0000010011000 8
b0000010011001 ;
1=
1>
#1555
0&
0=
0>
#1560
b00000000000000000000000010011100 "
b00000000000000000000000010011100 $
1&
b0000010011001 8
b0000010011010 ;
1=
1>
#1565
0&
0=
0>
#1570
b00000000000000000000000010011101 "
b00000000000000000000000010011101 $
1&
b0000010011010 8
b0000010011011 ;
1=
1>
#1575
0&
0=
0>
#1580
b00000000000000000000000010011110 "
b00000000000000000000000010011110 $
1&
b0000010011011 8
b0000010011100 ;
1=
1>
#1585
0&
0=
0>
#1590
b00000000000000000000000010011111 "
b00000000000000000000000010011111 $
1&
b0000010011100 8
b0000010011101 ;
1=
1>
#1595
0&
0=
0>
#1600
b00000000000000000000000010100000 "
b00000000000000000000000010100000 $
1&
b0000010011101 8
b0000010011110 ;
1=
1>
#1605
0&
0=
0>
#1610
b00000000000000000000000010100001 "
b00000000000000000000000010100001 $
1&
b0000010011110 8
b0000010011111 ;
1=
1>
#1615
0&
0=
0>
#1620
b00000000000000000000000010100010 "
b00000000000000000000000010100010 $
1&
b0000010011111 8
b0000010100000 ;
1=
1>
#1625
0&
0=
0>
#1630
b00000000000000000000000010100011 "
b00000000000000000000000010100011 $
1&
b0000010100000 8
b0000010100001 ;
1=
1>
#1635
0&
0=
0>
#1640
b00000000000000000000000010100100 "
b00000000000000000000000010100100 $
1&
b0000010100001 8
b0000010100010 ;
1=
1>
#1645
0&
0=
0>
#1650
b00000000000000000000000010100101 "
b00000000000000000000000010100101 $
1&
b0000010100010 8
b0000010100011 ;
1=
1>
#1655
0&
0=
0>
#1660
b00000000000000000000000010100110 "
b00000000000000000000000010100110 $
1&
b0000010100011 8
b0000010100100 ;
1=
1>
#1665
0&
0=
0>
#1670
b00000000000000000000000010100111 "
b00000000000000000000000010100111 $
1&
b0000010100100 8
b0000010100101 ;
1=
1>
#1675
0&
0=
0>
#1680
b00000000000000000000000010101000 "
b00000000000000000000000010101000 $
1&
b0000010100101 8
b0000010100110 ;
1=
1>
#1685
0&
0=
0>
#1690
b00000000000000000000000010101001 "
b00000000000000000000000010101001 $
1&
b0000010100110 8
b0000010100111 ;
1=
1>
#1695
0&
0=
0>
#1700
b00000000000000000000000010101010 "
b00000000000000000000000010101010 $
1&
b0000010100111 8
b0000010101000 ;
1=
1>
#1705
0&
0=
0>
#1710
b00000000000000000000000010101011 "
b00000000000000000000000010101011 $
1&
b0000010101000 8
b0000010101001 ;
1=
1>
#1715
0&
0=
0>
#1720
b00000000000000000000000010101100 "
b00000000000000000000000010101100 $
1&
b0000010101001 8
b0000010101010 ;
1=
1>
#1725
0&
0=
0>
#1730
b00000000000000000000000010101101 "
b00000000000000000000000010101101 $
1&
b0000010101010 8
b0000010101011 ;
1=
1>
#1735
0&
0=
0>
#1740
b00000000000000000000000010101110 "
b00000000000000000000000010101110 $
1&
b0000010101011 8
b0000010101100 ;
1=
1>
#1745
0&
0=
0>
#1750
b00000000000000000000000010101111 "
b00000000000000000000000010101111 $
1&
b0000010101100 8
b0000010101101 ;
1=
1>
#1755
0&
0=
0>
#1760
b00000000000000000000000010110000 "
b00000000000000000000000010110000 $
1&
b0000010101101 8
b0000010101110 ;
1=
1>
#1765
0&
0=
0>
#1770
b00000000000000000000000010110001 "
b00000000000000000000000010110001 $
1&
b0000010101110 8
b0000010101111 ;
1=
1>
#1775
0&
0=
0>
#1780
b00000000000000000000000010110010 "
b00000000000000000000000010110010 $
1&
b0000010101111 8
b0000010110000 ;
1=
1>
#1785
0&
0=
0>
#1790
b00000000000000000000000010110011 "
b00000000000000000000000010110011 $
1&
b0000010110000 8
b0000010110001 ;
1=
1>
#1795
0&
0=
0>
#1800
b00000000000000000000000010110100 "
b00000000000000000000000010110100 $
1&
b0000010110001 8
b0000010110010 ;
1=
1>
#1805
0&
0=
0>
#1810
b00000000000000000000000010110101 "
b00000000000000000000000010110101 $
1&
b0000010110010 8
b0000010110011 ;
1=
1>
#1815
0&
0=
0>
#1820
b00000000000000000000000010110110 "
b00000000000000000000000010110110 $
1&
b0000010110011 8
b0000010110100 ;
1=
1>
#1825
0&
0=
0>
#1830
b00000000000000000000000010110111 "
b00000000000000000000000010110111 $
1&
b0000010110100 8
b0000010110101 ;
1=
1>
#1835
0&
0=
0>
#1840
b00000000000000000000000010111000 "
b00000000000000000000000010111000 $
1&
b0000010110101 8
b0000010110110 ;
1=
1>
#1845
0&
0=
0>
#1850
b00000000000000000000000010111001 "
b00000000000000000000000010111001 $
1&
b0000010110110 8
b0000010110111 ;
1=
1>
#1855
0&
0=
0>
#1860
b00000000000000000000000010111010 "
b00000000000000000000000010111010 $
1&
b0000010110111 8
b0000010111000 ;
1=
1>
#1865
0&
0=
0>
#1870
b00000000000000000000000010111011 "
b00000000000000000000000010111011 $
1&
b0000010111000 8
b0000010111001 ;
1=
1>
#1875
0&
0=
0>
#1880
b00000000000000000000000010111100 "
b00000000000000000000000010111100 $
1&
b0000010111001 8
b0000010111010 ;
1=
1>
#1885
0&
0=
0>
#1890
b00000000000000000000000010111101 "
b00000000000000000000000010111101 $
1&
b0000010111010 8
b0000010111011 ;
1=
1>
#1895
0&
0=
0>
#1900
b00000000000000000000000010111110 "
b00000000000000000000000010111110 $
1&
b0000010111011 8
b0000010111100 ;
1=
1>
#1905
0&
0=
0>
#1910
b00000000000000000000000010111111 "
b00000000000000000000000010111111 $
1&
b0000010111100 8
b0000010111101 ;
1=
1>
#1915
0&
0=
0>
#1920
b00000000000000000000000011000000 "
b00000000000000000000000011000000 $
1&
b0000010111101 8
b0000010111110 ;
1=
1>
#1925
0&
0=
0>
#1930
b00000000000000000000000011000001 "
b00000000000000000000000011000001 $
1&
b0000010111110 8
b0000010111111 ;
1=
1>
#1935
0&
0=
0>
#1940
b00000000000000000000000011000010 "
b00000000000000000000000011000010 $
1&
b0000010111111 8
b0000011000000 ;
1=
1>
#1945
0&
0=
0>
#1950
b00000000000000000000000011000011 "
b00000000000000000000000011000011 $
1&
b0000011000000 8
b0000011000001 ;
1=
1>
#1955
0&
0=
0>
#1960
b00000000000000000000000011000100 "
b00000000000000000000000011000100 $
1&
b0000011000001 8
b0000011000010 ;
1=
1>
#1965
0&
0=
0>
#1970
b00000000000000000000000011000101 "
b00000000000000000000000011000101 $
1&
b0000011000010 8
b0000011000011 ;
1=
1>
#1975
0&
0=
0>
#1980
b00000000000000000000000011000110 "
b00000000000000000000000011000110 $
1&
b0000011000011 8
b0000011000100 ;
1=
1>
#1985
0&
0=
0>
#1990
b00000000000000000000000011000111 "
b00000000000000000000000011000111 $
1&
b0000011000100 8
b0000011000101 ;
1=
1>
#1995
0&
0=
0>
#2000
b00000000000000000000000011001000 "
b00000000000000000000000011001000 $
1&
b0000011000101 8
b0000011000110 ;
1=
1>
#2005
0&
0=
0>
#2010
b00000000000000000000000011001001 "
b00000000000000000000000011001001 $
1&
b0000011000110 8
b0000011000111 ;
1=
1>
#2015
0&
0=
0>
#2020
b00000000000000000000000011001010 "
b00000000000000000000000011001010 $
1&
b0000011000111 8
b0000011001000 ;
1=
1>
#2025
0&
0=
0>
#2030
b00000000000000000000000011001011 "
b00000000000000000000000011001011 $
1&
b0000011001000 8
b0000011001001 ;
1=
1>
#2035
0&
0=
0>
#2040
b00000000000000000000000011001100 "
b00000000000000000000000011001100 $
1&
b0000011001001 8
b0000011001010 ;
1=
1>
#2045
0&
0=
0>
#2050
b00000000000000000000000011001101 "
b00000000000000000000000011001101 $
1&
b0000011001010 8
b0000011001011 ;
1=
1>
#2055
0&
0=
0>
#2060
b00000000000000000000000011001110 "
b00000000000000000000000011001110 $
1&
b0000011001011 8
b0000011001100 ;
1=
1>
#2065
0&
0=
0>
#2070
b00000000000000000000000011001111 "
b00000000000000000000000011001111 $
1&
b0000011001100 8
b0000011001101 ;
1=
1>
#2075
0&
0=
0>
#2080
b00000000000000000000000011010000 "
b00000000000000000000000011010000 $
1&
b0000011001101 8
b0000011001110 ;
1=
1>
#2085
0&
0=
0>
#2090
b00000000000000000000000011010001 "
b00000000000000000000000011010001 $
1&
b0000011001110 8
b0000011001111 ;
1=
1>
#2095
0&
0=
0>
#2100
b00000000000000000000000011010010 "
b00000000000000000000000011010010 $
1&
b0000011001111 8
b0000011010000 ;
1=
1>
#2105
0&
0=
0>
#2110
b00000000000000000000000011010011 "
b00000000000000000000000011010011 $
1&
b0000011010000 8
b0000011010001 ;
1=
1>
#2115
0&
0=
0>
#2120
b00000000000000000000000011010100 "
b00000000000000000000000011010100 $
1&
b0000011010001 8
b0000011010010 ;
1=
1>
#2125
0&
0=
0>
#2130
b00000000000000000000000011010101 "
b00000000000000000000000011010101 $
1&
b0000011010010 8
b0000011010011 ;
1=
1>
#2135
0&
0=
0>
#2140
b00000000000000000000000011010110 "
b00000000000000000000000011010110 $
1&
b0000011010011 8
b0000011010100 ;
1=
1>
#2145
0&
0=
0>
#2150
b00000000000000000000000011010111 "
b00000000000000000000000011010111 $
1&
b0000011010100 8
b0000011010101 ;
1=
1>
#2155
0&
0=
0>
#2160
b00000000000000000000000011011000 "
b00000000000000000000000011011000 $
1&
b0000011010101 8
b0000011010110 ;
1=
1>
#2165
0&
0=
0>
#2170
b00000000000000000000000011011001 "
b00000000000000000000000011011001 $
1&
b0000011010110 8
b0000011010111 ;
1=
1>
#2175
0&
0=
0>
#2180
b00000000000000000000000011011010 "
b00000000000000000000000011011010 $
1&
b0000011010111 8
b0000011011000 ;
1=
1>
#2185
0&
0=
0>
#2190
b00000000000000000000000011011011 "
b00000000000000000000000011011011 $
1&
b0000011011000 8
b0000011011001 ;
1=
1>
#2195
0&
0=
0>
#2200
b00000000000000000000000011011100 "
b00000000000000000000000011011100 $
1&
b0000011011001 8
b0000011011010 ;
1=
1>
#2205
0&
0=
0>
#2210
b00000000000000000000000011011101 "
b00000000000000000000000011011101 $
1&
b0000011011010 8
b0000011011011 ;
1=
1>
#2215
0&
0=
0>
#2220
b00000000000000000000000011011110 "
b00000000000000000000000011011110 $
1&
b0000011011011 8
b0000011011100 ;
1=
1>
#2225
0&
0=
0>
#2230
b00000000000000000000000011011111 "
b00000000000000000000000011011111 $
1&
b0000011011100 8
b0000011011101 ;
1=
1>
#2235
0&
0=
0>
#2240
b00000000000000000000000011100000 "
b00000000000000000000000011100000 $
1&
b0000011011101 8
b0000011011110 ;
1=
1>
#2245
0&
0=
0>
#2250
b00000000000000000000000011100001 "
b00000000000000000000000011100001 $
1&
b0000011011110 8
b0000011011111 ;
1=
1>
#2255
0&
0=
0>
#2260
b00000000000000000000000011100010 "
b00000000000000000000000011100010 $
1&
b0000011011111 8
b0000011100000 ;
1=
1>
#2265
0&
0=
0>
#2270
b00000000000000000000000011100011 "
b00000000000000000000000011100011 $
1&
b0000011100000 8
b0000011100001 ;
1=
1>
#2275
0&
0=
0>
#2280
b00000000000000000000000011100100 "
b00000000000000000000000011100100 $
1&
b0000011100001 8
b0000011100010 ;
1=
1>
#2285
0&
0=
0>
#2290
b00000000000000000000000011100101 "
b00000000000000000000000011100101 $
1&
b0000011100010 8
b0000011100011 ;
1=
1>
#2295
0&
0=
0>
#2300
b00000000000000000000000011100110 "
b00000000000000000000000011100110 $
1&
b0000011100011 8
b0000011100100 ;
1=
1>
#2305
0&
0=
0>
#2310
b00000000000000000000000011100111 "
b00000000000000000000000011100111 $
1&
b0000011100100 8
b0000011100101 ;
1=
1>
#2315
0&
0=
0>
#2320
b00000000000000000000000011101000 "
b00000000000000000000000011101000 $
1&
b0000011100101 8
b0000011100110 ;
1=
1>
#2325
0&
0=
0>
#2330
b00000000000000000000000011101001 "
b00000000000000000000000011101001 $
1&
b0000011100110 8
b0000011100111 ;
1=
1>
#2335
0&
0=
0>
#2340
b00000000000000000000000011101010 "
b00000000000000000000000011101010 $
1&
b0000011100111 8
b0000011101000 ;
1=
1>
#2345
0&
0=
0>
#2350
b00000000000000000000000011101011 "
b00000000000000000000000011101011 $
1&
b0000011101000 8
b0000011101001 ;
1=
1>
#2355
0&
0=
0>
#2360
b00000000000000000000000011101100 "
b00000000000000000000000011101100 $
1&
b0000011101001 8
b0000011101010 ;
1=
1>
#2365
0&
0=
0>
#2370
b00000000000000000000000011101101 "
b00000000000000000000000011101101 $
1&
b0000011101010 8
b0000011101011 ;
1=
1>
#2375
0&
0=
0>
#2380
b00000000000000000000000011101110 "
b00000000000000000000000011101110 $
1&
b0000011101011 8
b0000011101100 ;
1=
1>
#2385
0&
0=
0>
#2390
b00000000000000000000000011101111 "
b00000000000000000000000011101111 $
1&
b0000011101100 8
b0000011101101 ;
1=
1>
#2395
0&
0=
0>
#2400
b00000000000000000000000011110000 "
b00000000000000000000000011110000 $
1&
b0000011101101 8
b0000011101110 ;
1=
1>
#2405
0&
0=
0>
#2410
b00000000000000000000000011110001 "
b00000000000000000000000011110001 $
1&
b0000011101110 8
b0000011101111 ;
1=
1>
#2415
0&
0=
0>
#2420
b00000000000000000000000011110010 "
b00000000000000000000000011110010 $
1&
b0000011101111 8
b0000011110000 ;
1=
1>
#2425
0&
0=
0>
#2430
b00000000000000000000000011110011 "
b00000000000000000000000011110011 $
1&
b0000011110000 8
b0000011110001 ;
1=
1>
#2435
0&
0=
0>
#2440
b00000000000000000000000011110100 "
b00000000000000000000000011110100 $
1&
b0000011110001 8
b0000011110010 ;
1=
1>
#2445
0&
0=
0>
#2450
b00000000000000000000000011110101 "
b00000000000000000000000011110101 $
1&
b0000011110010 8
b0000011110011 ;
1=
1>
#2455
0&
0=
0>
#2460
b00000000000000000000000011110110 "
b00000000000000000000000011110110 $
1&
b0000011110011 8
b0000011110100 ;
1=
1>
#2465
0&
0=
0>
#2470
b00000000000000000000000011110111 "
b00000000000000000000000011110111 $
1&
b0000011110100 8
b0000011110101 ;
1=
1>
#2475
0&
0=
0>
#2480
b00000000000000000000000011111000 "
b00000000000000000000000011111000 $
1&
b0000011110101 8
b0000011110110 ;
1=
1>
#2485
0&
0=
0>
#2490
b00000000000000000000000011111001 "
b00000000000000000000000011111001 $
1&
b0000011110110 8
b0000011110111 ;
1=
1>
#2495
0&
0=
0>
#2500
b00000000000000000000000011111010 "
b00000000000000000000000011111010 $
1&
b0000011110111 8
b0000011111000 ;
1=
1>
#2505
0&
0=
0>
#2510
b00000000000000000000000011111011 "
b00000000000000000000000011111011 $
1&
b0000011111000 8
b0000011111001 ;
1=
1>
#2515
0&
0=
0>
#2520
b00000000000000000000000011111100 "
b00000000000000000000000011111100 $
1&
b0000011111001 8
b0000011111010 ;
1=
1>
#2525
0&
0=
0>
#2530
b00000000000000000000000011111101 "
b00000000000000000000000011111101 $
1&
b0000011111010 8
b0000011111011 ;
1=
1>
#2535
0&
0=
0>
#2540
b00000000000000000000000011111110 "
b00000000000000000000000011111110 $
1&
b0000011111011 8
b0000011111100 ;
1=
1>
#2545
0&
0=
0>
#2550
b00000000000000000000000011111111 "
b00000000000000000000000011111111 $
1&
b0000011111100 8
b0000011111101 ;
1=
1>
#2555
0&
0=
0>
#2560
b00000000000000000000000100000000 "
b00000000000000000000000100000000 $
1&
b0000011111101 8
b0000011111110 ;
1=
1>
#2565
0&
0=
0>
#2570
b00000000000000000000000100000001 "
b00000000000000000000000100000001 $
1&
b0000011111110 8
b0000011111111 ;
1=
1>
#2575
0&
0=
0>
#2580
b00000000000000000000000100000010 "
b00000000000000000000000100000010 $
1&
b0000011111111 8
b0000100000000 ;
1=
1>
#2585
0&
0=
0>
#2590
b00000000000000000000000100000011 "
b00000000000000000000000100000011 $
1&
b0000100000000 8
b0000100000001 ;
1=
1>
#2595
0&
0=
0>
#2600
b00000000000000000000000100000100 "
b00000000000000000000000100000100 $
1&
b0000100000001 8
b0000100000010 ;
1=
1>
#2605
0&
0=
0>
#2610
b00000000000000000000000100000101 "
b00000000000000000000000100000101 $
1&
b0000100000010 8
b0000100000011 ;
1=
1>
#2615
0&
0=
0>
#2620
b00000000000000000000000100000110 "
b00000000000000000000000100000110 $
1&
b0000100000011 8
b0000100000100 ;
1=
1>
#2625
0&
0=
0>
#2630
b00000000000000000000000100000111 "
b00000000000000000000000100000111 $
1&
b0000100000100 8
b0000100000101 ;
1=
1>
#2635
0&
0=
0>
#2640
b00000000000000000000000100001000 "
b00000000000000000000000100001000 $
1&
b0000100000101 8
b0000100000110 ;
1=
1>
#2645
0&
0=
0>
#2650
b00000000000000000000000100001001 "
b00000000000000000000000100001001 $
1&
b0000100000110 8
b0000100000111 ;
1=
1>
#2655
0&
0=
0>
#2660
b00000000000000000000000100001010 "
b00000000000000000000000100001010 $
1&
b0000100000111 8
b0000100001000 ;
1=
1>
#2665
0&
0=
0>
#2670
b00000000000000000000000100001011 "
b00000000000000000000000100001011 $
1&
b0000100001000 8
b0000100001001 ;
1=
1>
#2675
0&
0=
0>
#2680
b00000000000000000000000100001100 "
b00000000000000000000000100001100 $
1&
b0000100001001 8
b0000100001010 ;
1=
1>
#2685
0&
0=
0>
#2690
b00000000000000000000000100001101 "
b00000000000000000000000100001101 $
1&
b0000100001010 8
b0000100001011 ;
1=
1>
#2695
0&
0=
0>
#2700
b00000000000000000000000100001110 "
b00000000000000000000000100001110 $
1&
b0000100001011 8
b0000100001100 ;
1=
1>
#2705
0&
0=
0>
#2710
b00000000000000000000000100001111 "
b00000000000000000000000100001111 $
1&
b0000100001100 8
b0000100001101 ;
1=
1>
#2715
0&
0=
0>
#2720
b00000000000000000000000100010000 "
b00000000000000000000000100010000 $
1&
b0000100001101 8
b0000100001110 ;
1=
1>
#2725
0&
0=
0>
#2730
b00000000000000000000000100010001 "
b00000000000000000000000100010001 $
1&
b0000100001110 8
b0000100001111 ;
1=
1>
#2735
0&
0=
0>
#2740
b00000000000000000000000100010010 "
b00000000000000000000000100010010 $
1&
b0000100001111 8
b0000100010000 ;
1=
1>
#2745
0&
0=
0>
#2750
b00000000000000000000000100010011 "
b00000000000000000000000100010011 $
1&
b0000100010000 8
b0000100010001 ;
1=
1>
#2755
0&
0=
0>
#2760
b00000000000000000000000100010100 "
b00000000000000000000000100010100 $
1&
b0000100010001 8
b0000100010010 ;
1=
1>
#2765
0&
0=
0>
#2770
b00000000000000000000000100010101 "
b00000000000000000000000100010101 $
1&
b0000100010010 8
b0000100010011 ;
1=
1>
#2775
0&
0=
0>
#2780
b00000000000000000000000100010110 "
b00000000000000000000000100010110 $
1&
b0000100010011 8
b0000100010100 ;
1=
1>
#2785
0&
0=
0>
#2790
b00000000000000000000000100010111 "
b00000000000000000000000100010111 $
1&
b0000100010100 8
b0000100010101 ;
1=
1>
#2795
0&
0=
0>
#2800
b00000000000000000000000100011000 "
b00000000000000000000000100011000 $
1&
b0000100010101 8
b0000100010110 ;
1=
1>
#2805
0&
0=
0>
#2810
b00000000000000000000000100011001 "
b00000000000000000000000100011001 $
1&
b0000100010110 8
b0000100010111 ;
1=
1>
#2815
0&
0=
0>
#2820
b00000000000000000000000100011010 "
b00000000000000000000000100011010 $
1&
b0000100010111 8
b0000100011000 ;
1=
1>
#2825
0&
0=
0>
#2830
b00000000000000000000000100011011 "
b00000000000000000000000100011011 $
1&
b0000100011000 8
b0000100011001 ;
1=
1>
#2835
0&
0=
0>
#2840
b00000000000000000000000100011100 "
b00000000000000000000000100011100 $
1&
b0000100011001 8
b0000100011010 ;
1=
1>
#2845
0&
0=
0>
#2850
b00000000000000000000000100011101 "
b00000000000000000000000100011101 $
1&
b0000100011010 8
b0000100011011 ;
1=
1>
#2855
0&
0=
0>
#2860
b00000000000000000000000100011110 "
b00000000000000000000000100011110 $
1&
b0000100011011 8
b0000100011100 ;
1=
1>
#2865
0&
0=
0>
#2870
b00000000000000000000000100011111 "
b00000000000000000000000100011111 $
1&
b0000100011100 8
b0000100011101 ;
1=
1>
#2875
0&
0=
0>
#2880
b00000000000000000000000100100000 "
b00000000000000000000000100100000 $
1&
b0000100011101 8
b0000100011110 ;
1=
1>
#2885
0&
0=
0>
#2890
b00000000000000000000000100100001 "
b00000000000000000000000100100001 $
1&
b0000100011110 8
b0000100011111 ;
1=
1>
#2895
0&
0=
0>
#2900
b00000000000000000000000100100010 "
b00000000000000000000000100100010 $
1&
b0000100011111 8
b0000100100000 ;
1=
1>
#2905
0&
0=
0>
#2910
b00000000000000000000000100100011 "
b00000000000000000000000100100011 $
1&
b0000100100000 8
b0000100100001 ;
1=
1>
#2915
0&
0=
0>
#2920
b00000000000000000000000100100100 "
b00000000000000000000000100100100 $
1&
b0000100100001 8
b0000100100010 ;
1=
1>
#2925
0&
0=
0>
#2930
b00000000000000000000000100100101 "
b00000000000000000000000100100101 $
1&
b0000100100010 8
b0000100100011 ;
1=
1>
#2935
0&
0=
0>
#2940
b00000000000000000000000100100110 "
b00000000000000000000000100100110 $
1&
b0000100100011 8
b0000100100100 ;
1=
1>
#2945
0&
0=
0>
#2950
b00000000000000000000000100100111 "
b00000000000000000000000100100111 $
1&
b0000100100100 8
b0000100100101 ;
1=
1>
#2955
0&
0=
0>
#2960
b00000000000000000000000100101000 "
b00000000000000000000000100101000 $
1&
b0000100100101 8
b0000100100110 ;
1=
1>
#2965
0&
0=
0>
#2970
b00000000000000000000000100101001 "
b00000000000000000000000100101001 $
1&
b0000100100110 8
b0000100100111 ;
1=
1>
#2975
0&
0=
0>
#2980
b00000000000000000000000100101010 "
b00000000000000000000000100101010 $
1&
b0000100100111 8
b0000100101000 ;
1=
1>
#2985
0&
0=
0>
#2990
b00000000000000000000000100101011 "
b00000000000000000000000100101011 $
1&
b0000100101000 8
b0000100101001 ;
1=
1>
#2995
0&
0=
0>
#3000
b00000000000000000000000100101100 "
b00000000000000000000000100101100 $
1&
b0000100101001 8
b0000100101010 ;
1=
1>
#3005
0&
0=
0>
#3010
b00000000000000000000000100101101 "
b00000000000000000000000100101101 $
1&
b0000100101010 8
b0000100101011 ;
1=
1>
#3015
0&
0=
0>
#3020
b00000000000000000000000100101110 "
b00000000000000000000000100101110 $
1&
b0000100101011 8
b0000100101100 ;
1=
1>
#3025
0&
0=
0>
#3030
b00000000000000000000000100101111 "
b00000000000000000000000100101111 $
1&
b0000100101100 8
b0000100101101 ;
1=
1>
#3035
0&
0=
0>
#3040
b00000000000000000000000100110000 "
b00000000000000000000000100110000 $
1&
b0000100101101 8
b0000100101110 ;
1=
1>
#3045
0&
0=
0>
#3050
b00000000000000000000000100110001 "
b00000000000000000000000100110001 $
1&
b0000100101110 8
b0000100101111 ;
1=
1>
#3055
0&
0=
0>
#3060
b00000000000000000000000100110010 "
b00000000000000000000000100110010 $
1&
b0000100101111 8
b0000100110000 ;
1=
1>
#3065
0&
0=
0>
#3070
b00000000000000000000000100110011 "
b00000000000000000000000100110011 $
1&
b0000100110000 8
b0000100110001 ;
1=
1>
#3075
0&
0=
0>
#3080
b00000000000000000000000100110100 "
b00000000000000000000000100110100 $
1&
b0000100110001 8
b0000100110010 ;
1=
1>
#3085
0&
0=
0>
#3090
b00000000000000000000000100110101 "
b00000000000000000000000100110101 $
1&
b0000100110010 8
b0000100110011 ;
1=
1>
#3095
0&
0=
0>
#3100
b00000000000000000000000100110110 "
b00000000000000000000000100110110 $
1&
b0000100110011 8
b0000100110100 ;
1=
1>
#3105
0&
0=
0>
#3110
b00000000000000000000000100110111 "
b00000000000000000000000100110111 $
1&
b0000100110100 8
b0000100110101 ;
1=
1>
#3115
0&
0=
0>
#3120
b00000000000000000000000100111000 "
b00000000000000000000000100111000 $
1&
b0000100110101 8
b0000100110110 ;
1=
1>
#3125
0&
0=
0>
#3130
b00000000000000000000000100111001 "
b00000000000000000000000100111001 $
1&
b0000100110110 8
b0000100110111 ;
1=
1>
#3135
0&
0=
0>
#3140
b00000000000000000000000100111010 "
b00000000000000000000000100111010 $
1&
b0000100110111 8
b0000100111000 ;
1=
1>
#3145
0&
0=
0>
#3150
b00000000000000000000000100111011 "
b00000000000000000000000100111011 $
1&
b0000100111000 8
b0000100111001 ;
1=
1>
#3155
0&
0=
0>
#3160
b00000000000000000000000100111100 "
b00000000000000000000000100111100 $
1&
b0000100111001 8
b0000100111010 ;
1=
1>
#3165
0&
0=
0>
#3170
b00000000000000000000000100111101 "
b00000000000000000000000100111101 $
1&
b0000100111010 8
b0000100111011 ;
1=
1>
#3175
0&
0=
0>
#3180
b00000000000000000000000100111110 "
b00000000000000000000000100111110 $
1&
b0000100111011 8
b0000100111100 ;
1=
1>
#3185
0&
0=
0>
#3190
b00000000000000000000000100111111 "
b00000000000000000000000100111111 $
1&
b0000100111100 8
b0000100111101 ;
1=
1>
#3195
0&
0=
0>
#3200
b00000000000000000000000101000000 "
b00000000000000000000000101000000 $
1&
b0000100111101 8
b0000100111110 ;
1=
1>
#3205
0&
0=
0>
#3210
b00000000000000000000000101000001 "
b00000000000000000000000101000001 $
1&
b0000100111110 8
b0000100111111 ;
1=
1>
#3215
0&
0=
0>
#3220
b00000000000000000000000101000010 "
b00000000000000000000000101000010 $
1&
b0000100111111 8
b0000101000000 ;
1=
1>
#3225
0&
0=
0>
#3230
b00000000000000000000000101000011 "
b00000000000000000000000101000011 $
1&
b0000101000000 8
b0000101000001 ;
1=
1>
#3235
0&
0=
0>
#3240
b00000000000000000000000101000100 "
b00000000000000000000000101000100 $
1&
b0000101000001 8
b0000101000010 ;
1=
1>
#3245
0&
0=
0>
#3250
b00000000000000000000000101000101 "
b00000000000000000000000101000101 $
1&
b0000101000010 8
b0000101000011 ;
1=
1>
#3255
0&
0=
0>
#3260
b00000000000000000000000101000110 "
b00000000000000000000000101000110 $
1&
b0000101000011 8
b0000101000100 ;
1=
1>
#3265
0&
0=
0>
#3270
b00000000000000000000000101000111 "
b00000000000000000000000101000111 $
1&
b0000101000100 8
b0000101000101 ;
1=
1>
#3275
0&
0=
0>
#3280
b00000000000000000000000101001000 "
b00000000000000000000000101001000 $
1&
b0000101000101 8
b0000101000110 ;
1=
1>
#3285
0&
0=
0>
#3290
b00000000000000000000000101001001 "
b00000000000000000000000101001001 $
1&
b0000101000110 8
b0000101000111 ;
1=
1>
#3295
0&
0=
0>
#3300
b00000000000000000000000101001010 "
b00000000000000000000000101001010 $
1&
b0000101000111 8
b0000101001000 ;
1=
1>
#3305
0&
0=
0>
#3310
b00000000000000000000000101001011 "
b00000000000000000000000101001011 $
1&
b0000101001000 8
b0000101001001 ;
1=
1>
#3315
0&
0=
0>
#3320
b00000000000000000000000101001100 "
b00000000000000000000000101001100 $
1&
b0000101001001 8
b0000101001010 ;
1=
1>
#3325
0&
0=
0>
#3330
b00000000000000000000000101001101 "
b00000000000000000000000101001101 $
1&
b0000101001010 8
b0000101001011 ;
1=
1>
#3335
0&
0=
0>
#3340
b00000000000000000000000101001110 "
b00000000000000000000000101001110 $
1&
b0000101001011 8
b0000101001100 ;
1=
1>
#3345
0&
0=
0>
#3350
b00000000000000000000000101001111 "
b00000000000000000000000101001111 $
1&
b0000101001100 8
b0000101001101 ;
1=
1>
#3355
0&
0=
0>
#3360
b00000000000000000000000101010000 "
b00000000000000000000000101010000 $
1&
b0000101001101 8
b0000101001110 ;
1=
1>
#3365
0&
0=
0>
#3370
b00000000000000000000000101010001 "
b00000000000000000000000101010001 $
1&
b0000101001110 8
b0000101001111 ;
1=
1>
#3375
0&
0=
0>
#3380
b00000000000000000000000101010010 "
b00000000000000000000000101010010 $
1&
b0000101001111 8
b0000101010000 ;
1=
1>
#3385
0&
0=
0>
#3390
b00000000000000000000000101010011 "
b00000000000000000000000101010011 $
1&
b0000101010000 8
b0000101010001 ;
1=
1>
#3395
0&
0=
0>
#3400
b00000000000000000000000101010100 "
b00000000000000000000000101010100 $
1&
b0000101010001 8
b0000101010010 ;
1=
1>
#3405
0&
0=
0>
#3410
b00000000000000000000000101010101 "
b00000000000000000000000101010101 $
1&
b0000101010010 8
b0000101010011 ;
1=
1>
#3415
0&
0=
0>
#3420
b00000000000000000000000101010110 "
b00000000000000000000000101010110 $
1&
b0000101010011 8
b0000101010100 ;
1=
1>
#3425
0&
0=
0>
#3430
b00000000000000000000000101010111 "
b00000000000000000000000101010111 $
1&
b0000101010100 8
b0000101010101 ;
1=
1>
#3435
0&
0=
0>
#3440
b00000000000000000000000101011000 "
b00000000000000000000000101011000 $
1&
b0000101010101 8
b0000101010110 ;
1=
1>
#3445
0&
0=
0>
#3450
b00000000000000000000000101011001 "
b00000000000000000000000101011001 $
1&
b0000101010110 8
b0000101010111 ;
1=
1>
#3455
0&
0=
0>
#3460
b00000000000000000000000101011010 "
b00000000000000000000000101011010 $
1&
b0000101010111 8
b0000101011000 ;
1=
1>
#3465
0&
0=
0>
#3470
b00000000000000000000000101011011 "
b00000000000000000000000101011011 $
1&
b0000101011000 8
b0000101011001 ;
1=
1>
#3475
0&
0=
0>
#3480
b00000000000000000000000101011100 "
b00000000000000000000000101011100 $
1&
b0000101011001 8
b0000101011010 ;
1=
1>
#3485
0&
0=
0>
#3490
b00000000000000000000000101011101 "
b00000000000000000000000101011101 $
1&
b0000101011010 8
b0000101011011 ;
1=
1>
#3495
0&
0=
0>
#3500
b00000000000000000000000101011110 "
b00000000000000000000000101011110 $
1&
b0000101011011 8
b0000101011100 ;
1=
1>
#3505
0&
0=
0>
#3510
b00000000000000000000000101011111 "
b00000000000000000000000101011111 $
1&
b0000101011100 8
b0000101011101 ;
1=
1>
#3515
0&
0=
0>
#3520
b00000000000000000000000101100000 "
b00000000000000000000000101100000 $
1&
b0000101011101 8
b0000101011110 ;
1=
1>
#3525
0&
0=
0>
#3530
b00000000000000000000000101100001 "
b00000000000000000000000101100001 $
1&
b0000101011110 8
b0000101011111 ;
1=
1>
#3535
0&
0=
0>
#3540
b00000000000000000000000101100010 "
b00000000000000000000000101100010 $
1&
b0000101011111 8
b0000101100000 ;
1=
1>
#3545
0&
0=
0>
#3550
b00000000000000000000000101100011 "
b00000000000000000000000101100011 $
1&
b0000101100000 8
b0000101100001 ;
1=
1>
#3555
0&
0=
0>
#3560
b00000000000000000000000101100100 "
b00000000000000000000000101100100 $
1&
b0000101100001 8
b0000101100010 ;
1=
1>
#3565
0&
0=
0>
#3570
b00000000000000000000000101100101 "
b00000000000000000000000101100101 $
1&
b0000101100010 8
b0000101100011 ;
1=
1>
#3575
0&
0=
0>
#3580
b00000000000000000000000101100110 "
b00000000000000000000000101100110 $
1&
b0000101100011 8
b0000101100100 ;
1=
1>
#3585
0&
0=
0>
#3590
b00000000000000000000000101100111 "
b00000000000000000000000101100111 $
1&
b0000101100100 8
b0000101100101 ;
1=
1>
#3595
0&
0=
0>
#3600
b00000000000000000000000101101000 "
b00000000000000000000000101101000 $
1&
b0000101100101 8
b0000101100110 ;
1=
1>
#3605
0&
0=
0>
#3610
b00000000000000000000000101101001 "
b00000000000000000000000101101001 $
1&
b0000101100110 8
b0000101100111 ;
1=
1>
#3615
0&
0=
0>
#3620
b00000000000000000000000101101010 "
b00000000000000000000000101101010 $
1&
b0000101100111 8
b0000101101000 ;
1=
1>
#3625
0&
0=
0>
#3630
b00000000000000000000000101101011 "
b00000000000000000000000101101011 $
1&
b0000101101000 8
b0000101101001 ;
1=
1>
#3635
0&
0=
0>
#3640
b00000000000000000000000101101100 "
b00000000000000000000000101101100 $
1&
b0000101101001 8
b0000101101010 ;
1=
1>
#3645
0&
0=
0>
#3650
b00000000000000000000000101101101 "
b00000000000000000000000101101101 $
1&
b0000101101010 8
b0000101101011 ;
1=
1>
#3655
0&
0=
0>
#3660
b00000000000000000000000101101110 "
b00000000000000000000000101101110 $
1&
b0000101101011 8
b0000101101100 ;
1=
1>
#3665
0&
0=
0>
#3670
b00000000000000000000000101101111 "
b00000000000000000000000101101111 $
1&
b0000101101100 8
b0000101101101 ;
1=
1>
#3675
0&
0=
0>
#3680
b00000000000000000000000101110000 "
b00000000000000000000000101110000 $
1&
b0000101101101 8
b0000101101110 ;
1=
1>
#3685
0&
0=
0>
#3690
b00000000000000000000000101110001 "
b00000000000000000000000101110001 $
1&
b0000101101110 8
b0000101101111 ;
1=
1>
#3695
0&
0=
0>
#3700
b00000000000000000000000101110010 "
b00000000000000000000000101110010 $
1&
b0000101101111 8
b0000101110000 ;
1=
1>
#3705
0&
0=
0>
#3710
b00000000000000000000000101110011 "
b00000000000000000000000101110011 $
1&
b0000101110000 8
b0000101110001 ;
1=
1>
#3715
0&
0=
0>
#3720
b00000000000000000000000101110100 "
b00000000000000000000000101110100 $
1&
b0000101110001 8
b0000101110010 ;
1=
1>
#3725
0&
0=
0>
#3730
b00000000000000000000000101110101 "
b00000000000000000000000101110101 $
1&
b0000101110010 8
b0000101110011 ;
1=
1>
#3735
0&
0=
0>
#3740
b00000000000000000000000101110110 "
b00000000000000000000000101110110 $
1&
b0000101110011 8
b0000101110100 ;
1=
1>
#3745
0&
0=
0>
#3750
b00000000000000000000000101110111 "
b00000000000000000000000101110111 $
1&
b0000101110100 8
b0000101110101 ;
1=
1>
#3755
0&
0=
0>
#3760
b00000000000000000000000101111000 "
b00000000000000000000000101111000 $
1&
b0000101110101 8
b0000101110110 ;
1=
1>
#3765
0&
0=
0>
#3770
b00000000000000000000000101111001 "
b00000000000000000000000101111001 $
1&
b0000101110110 8
b0000101110111 ;
1=
1>
#3775
0&
0=
0>
#3780
b00000000000000000000000101111010 "
b00000000000000000000000101111010 $
1&
b0000101110111 8
b0000101111000 ;
1=
1>
#3785
0&
0=
0>
#3790
b00000000000000000000000101111011 "
b00000000000000000000000101111011 $
1&
b0000101111000 8
b0000101111001 ;
1=
1>
#3795
0&
0=
0>
#3800
b00000000000000000000000101111100 "
b00000000000000000000000101111100 $
1&
b0000101111001 8
b0000101111010 ;
1=
1>
#3805
0&
0=
0>
#3810
b00000000000000000000000101111101 "
b00000000000000000000000101111101 $
1&
b0000101111010 8
b0000101111011 ;
1=
1>
#3815
0&
0=
0>
#3820
b00000000000000000000000101111110 "
b00000000000000000000000101111110 $
1&
b0000101111011 8
b0000101111100 ;
1=
1>
#3825
0&
0=
0>
#3830
b00000000000000000000000101111111 "
b00000000000000000000000101111111 $
1&
b0000101111100 8
b0000101111101 ;
1=
1>
#3835
0&
0=
0>
#3840
b00000000000000000000000110000000 "
b00000000000000000000000110000000 $
1&
b0000101111101 8
b0000101111110 ;
1=
1>
#3845
0&
0=
0>
#3850
b00000000000000000000000110000001 "
b00000000000000000000000110000001 $
1&
b0000101111110 8
b0000101111111 ;
1=
1>
#3855
0&
0=
0>
#3860
b00000000000000000000000110000010 "
b00000000000000000000000110000010 $
1&
b0000101111111 8
b0000110000000 ;
1=
1>
#3865
0&
0=
0>
#3870
b00000000000000000000000110000011 "
b00000000000000000000000110000011 $
1&
b0000110000000 8
b0000110000001 ;
1=
1>
#3875
0&
0=
0>
#3880
b00000000000000000000000110000100 "
b00000000000000000000000110000100 $
1&
b0000110000001 8
b0000110000010 ;
1=
1>
#3885
0&
0=
0>
#3890
b00000000000000000000000110000101 "
b00000000000000000000000110000101 $
1&
b0000110000010 8
b0000110000011 ;
1=
1>
#3895
0&
0=
0>
#3900
b00000000000000000000000110000110 "
b00000000000000000000000110000110 $
1&
b0000110000011 8
b0000110000100 ;
1=
1>
#3905
0&
0=
0>
#3910
b00000000000000000000000110000111 "
b00000000000000000000000110000111 $
1&
b0000110000100 8
b0000110000101 ;
1=
1>
#3915
0&
0=
0>
#3920
b00000000000000000000000110001000 "
b00000000000000000000000110001000 $
1&
b0000110000101 8
b0000110000110 ;
1=
1>
#3925
0&
0=
0>
#3930
b00000000000000000000000110001001 "
b00000000000000000000000110001001 $
1&
b0000110000110 8
b0000110000111 ;
1=
1>
#3935
0&
0=
0>
#3940
b00000000000000000000000110001010 "
b00000000000000000000000110001010 $
1&
b0000110000111 8
b0000110001000 ;
1=
1>
#3945
0&
0=
0>
#3950
b00000000000000000000000110001011 "
b00000000000000000000000110001011 $
1&
b0000110001000 8
b0000110001001 ;
1=
1>
#3955
0&
0=
0>
#3960
b00000000000000000000000110001100 "
b00000000000000000000000110001100 $
1&
b0000110001001 8
b0000110001010 ;
1=
1>
#3965
0&
0=
0>
#3970
b00000000000000000000000110001101 "
b00000000000000000000000110001101 $
1&
b0000110001010 8
b0000110001011 ;
1=
1>
#3975
0&
0=
0>
#3980
b00000000000000000000000110001110 "
b00000000000000000000000110001110 $
1&
b0000110001011 8
b0000110001100 ;
1=
1>
#3985
0&
0=
0>
#3990
b00000000000000000000000110001111 "
b00000000000000000000000110001111 $
1&
b0000110001100 8
b0000110001101 ;
1=
1>
#3995
0&
0=
0>
#4000
b00000000000000000000000110010000 "
b00000000000000000000000110010000 $
1&
b0000110001101 8
b0000110001110 ;
1=
1>
#4005
0&
0=
0>
#4010
b00000000000000000000000110010001 "
b00000000000000000000000110010001 $
1&
b0000110001110 8
b0000110001111 ;
1=
1>
#4015
0&
0=
0>
#4020
b00000000000000000000000110010010 "
b00000000000000000000000110010010 $
1&
b0000110001111 8
b0000110010000 ;
1=
1>
#4025
0&
0=
0>
#4030
b00000000000000000000000110010011 "
b00000000000000000000000110010011 $
1&
b0000110010000 8
b0000110010001 ;
1=
1>
#4035
0&
0=
0>
#4040
b00000000000000000000000110010100 "
b00000000000000000000000110010100 $
1&
b0000110010001 8
b0000110010010 ;
1=
1>
#4045
0&
0=
0>
#4050
b00000000000000000000000110010101 "
b00000000000000000000000110010101 $
1&
b0000110010010 8
b0000110010011 ;
1=
1>
#4055
0&
0=
0>
#4060
b00000000000000000000000110010110 "
b00000000000000000000000110010110 $
1&
b0000110010011 8
b0000110010100 ;
1=
1>
#4065
0&
0=
0>
#4070
b00000000000000000000000110010111 "
b00000000000000000000000110010111 $
1&
b0000110010100 8
b0000110010101 ;
1=
1>
#4075
0&
0=
0>
#4080
b00000000000000000000000110011000 "
b00000000000000000000000110011000 $
1&
b0000110010101 8
b0000110010110 ;
1=
1>
#4085
0&
0=
0>
#4090
b00000000000000000000000110011001 "
b00000000000000000000000110011001 $
1&
b0000110010110 8
b0000110010111 ;
1=
1>
#4095
0&
0=
0>
#4100
b00000000000000000000000110011010 "
b00000000000000000000000110011010 $
1&
b0000110010111 8
b0000110011000 ;
1=
1>
#4105
0&
0=
0>
#4110
b00000000000000000000000110011011 "
b00000000000000000000000110011011 $
1&
b0000110011000 8
b0000110011001 ;
1=
1>
#4115
0&
0=
0>
#4120
b00000000000000000000000110011100 "
b00000000000000000000000110011100 $
1&
b0000110011001 8
b0000110011010 ;
1=
1>
#4125
0&
0=
0>
#4130
b00000000000000000000000110011101 "
b00000000000000000000000110011101 $
1&
b0000110011010 8
b0000110011011 ;
1=
1>
#4135
0&
0=
0>
#4140
b00000000000000000000000110011110 "
b00000000000000000000000110011110 $
1&
b0000110011011 8
b0000110011100 ;
1=
1>
#4145
0&
0=
0>
#4150
b00000000000000000000000110011111 "
b00000000000000000000000110011111 $
1&
b0000110011100 8
b0000110011101 ;
1=
1>
#4155
0&
0=
0>
#4160
b00000000000000000000000110100000 "
b00000000000000000000000110100000 $
1&
b0000110011101 8
b0000110011110 ;
1=
1>
#4165
0&
0=
0>
#4170
b00000000000000000000000110100001 "
b00000000000000000000000110100001 $
1&
b0000110011110 8
b0000110011111 ;
1=
1>
#4175
0&
0=
0>
#4180
b00000000000000000000000110100010 "
b00000000000000000000000110100010 $
1&
b0000110011111 8
b0000110100000 ;
1=
1>
#4185
0&
0=
0>
#4190
b00000000000000000000000110100011 "
b00000000000000000000000110100011 $
1&
b0000110100000 8
b0000110100001 ;
1=
1>
#4195
0&
0=
0>
#4200
b00000000000000000000000110100100 "
b00000000000000000000000110100100 $
1&
b0000110100001 8
b0000110100010 ;
1=
1>
#4205
0&
0=
0>
#4210
b00000000000000000000000110100101 "
b00000000000000000000000110100101 $
1&
b0000110100010 8
b0000110100011 ;
1=
1>
#4215
0&
0=
0>
#4220
b00000000000000000000000110100110 "
b00000000000000000000000110100110 $
1&
b0000110100011 8
b0000110100100 ;
1=
1>
#4225
0&
0=
0>
#4230
b00000000000000000000000110100111 "
b00000000000000000000000110100111 $
1&
b0000110100100 8
b0000110100101 ;
1=
1>
#4235
0&
0=
0>
#4240
b00000000000000000000000110101000 "
b00000000000000000000000110101000 $
1&
b0000110100101 8
b0000110100110 ;
1=
1>
#4245
0&
0=
0>
#4250
b00000000000000000000000110101001 "
b00000000000000000000000110101001 $
1&
b0000110100110 8
b0000110100111 ;
1=
1>
#4255
0&
0=
0>
#4260
b00000000000000000000000110101010 "
b00000000000000000000000110101010 $
1&
b0000110100111 8
b0000110101000 ;
1=
1>
#4265
0&
0=
0>
#4270
b00000000000000000000000110101011 "
b00000000000000000000000110101011 $
1&
b0000110101000 8
b0000110101001 ;
1=
1>
#4275
0&
0=
0>
#4280
b00000000000000000000000110101100 "
b00000000000000000000000110101100 $
1&
b0000110101001 8
b0000110101010 ;
1=
1>
#4285
0&
0=
0>
#4290
b00000000000000000000000110101101 "
b00000000000000000000000110101101 $
1&
b0000110101010 8
b0000110101011 ;
1=
1>
#4295
0&
0=
0>
#4300
b00000000000000000000000110101110 "
b00000000000000000000000110101110 $
1&
b0000110101011 8
b0000110101100 ;
1=
1>
#4305
0&
0=
0>
#4310
b00000000000000000000000110101111 "
b00000000000000000000000110101111 $
1&
b0000110101100 8
b0000110101101 ;
1=
1>
#4315
0&
0=
0>
#4320
b00000000000000000000000110110000 "
b00000000000000000000000110110000 $
1&
b0000110101101 8
b0000110101110 ;
1=
1>
#4325
0&
0=
0>
#4330
b00000000000000000000000110110001 "
b00000000000000000000000110110001 $
1&
b0000110101110 8
b0000110101111 ;
1=
1>
#4335
0&
0=
0>
#4340
b00000000000000000000000110110010 "
b00000000000000000000000110110010 $
1&
b0000110101111 8
b0000110110000 ;
1=
1>
#4345
0&
0=
0>
#4350
b00000000000000000000000110110011 "
b00000000000000000000000110110011 $
1&
b0000110110000 8
b0000110110001 ;
1=
1>
#4355
0&
0=
0>
#4360
b00000000000000000000000110110100 "
b00000000000000000000000110110100 $
1&
b0000110110001 8
b0000110110010 ;
1=
1>
#4365
0&
0=
0>
#4370
b00000000000000000000000110110101 "
b00000000000000000000000110110101 $
1&
b0000110110010 8
b0000110110011 ;
1=
1>
#4375
0&
0=
0>
#4380
b00000000000000000000000110110110 "
b00000000000000000000000110110110 $
1&
b0000110110011 8
b0000110110100 ;
1=
1>
#4385
0&
0=
0>
#4390
b00000000000000000000000110110111 "
b00000000000000000000000110110111 $
1&
b0000110110100 8
b0000110110101 ;
1=
1>
#4395
0&
0=
0>
#4400
b00000000000000000000000110111000 "
b00000000000000000000000110111000 $
1&
b0000110110101 8
b0000110110110 ;
1=
1>
#4405
0&
0=
0>
#4410
b00000000000000000000000110111001 "
b00000000000000000000000110111001 $
1&
b0000110110110 8
b0000110110111 ;
1=
1>
#4415
0&
0=
0>
#4420
b00000000000000000000000110111010 "
b00000000000000000000000110111010 $
1&
b0000110110111 8
b0000110111000 ;
1=
1>
#4425
0&
0=
0>
#4430
b00000000000000000000000110111011 "
b00000000000000000000000110111011 $
1&
b0000110111000 8
b0000110111001 ;
1=
1>
#4435
0&
0=
0>
#4440
b00000000000000000000000110111100 "
b00000000000000000000000110111100 $
1&
b0000110111001 8
b0000110111010 ;
1=
1>
#4445
0&
0=
0>
#4450
b00000000000000000000000110111101 "
b00000000000000000000000110111101 $
1&
b0000110111010 8
b0000110111011 ;
1=
1>
#4455
0&
0=
0>
#4460
b00000000000000000000000110111110 "
b00000000000000000000000110111110 $
1&
b0000110111011 8
b0000110111100 ;
1=
1>
#4465
0&
0=
0>
#4470
b00000000000000000000000110111111 "
b00000000000000000000000110111111 $
1&
b0000110111100 8
b0000110111101 ;
1=
1>
#4475
0&
0=
0>
#4480
b00000000000000000000000111000000 "
b00000000000000000000000111000000 $
1&
b0000110111101 8
b0000110111110 ;
1=
1>
#4485
0&
0=
0>
#4490
b00000000000000000000000111000001 "
b00000000000000000000000111000001 $
1&
b0000110111110 8
b0000110111111 ;
1=
1>
#4495
0&
0=
0>
#4500
b00000000000000000000000111000010 "
b00000000000000000000000111000010 $
1&
b0000110111111 8
b0000111000000 ;
1=
1>
#4505
0&
0=
0>
#4510
b00000000000000000000000111000011 "
b00000000000000000000000111000011 $
1&
b0000111000000 8
b0000111000001 ;
1=
1>
#4515
0&
0=
0>
#4520
b00000000000000000000000111000100 "
b00000000000000000000000111000100 $
1&
b0000111000001 8
b0000111000010 ;
1=
1>
#4525
0&
0=
0>
#4530
b00000000000000000000000111000101 "
b00000000000000000000000111000101 $
1&
b0000111000010 8
b0000111000011 ;
1=
1>
#4535
0&
0=
0>
#4540
b00000000000000000000000111000110 "
b00000000000000000000000111000110 $
1&
b0000111000011 8
b0000111000100 ;
1=
1>
#4545
0&
0=
0>
#4550
b00000000000000000000000111000111 "
b00000000000000000000000111000111 $
1&
b0000111000100 8
b0000111000101 ;
1=
1>
#4555
0&
0=
0>
#4560
b00000000000000000000000111001000 "
b00000000000000000000000111001000 $
1&
b0000111000101 8
b0000111000110 ;
1=
1>
#4565
0&
0=
0>
#4570
b00000000000000000000000111001001 "
b00000000000000000000000111001001 $
1&
b0000111000110 8
b0000111000111 ;
1=
1>
#4575
0&
0=
0>
#4580
b00000000000000000000000111001010 "
b00000000000000000000000111001010 $
1&
b0000111000111 8
b0000111001000 ;
1=
1>
#4585
0&
0=
0>
#4590
b00000000000000000000000111001011 "
b00000000000000000000000111001011 $
1&
b0000111001000 8
b0000111001001 ;
1=
1>
#4595
0&
0=
0>
#4600
b00000000000000000000000111001100 "
b00000000000000000000000111001100 $
1&
b0000111001001 8
b0000111001010 ;
1=
1>
#4605
0&
0=
0>
#4610
b00000000000000000000000111001101 "
b00000000000000000000000111001101 $
1&
b0000111001010 8
b0000111001011 ;
1=
1>
#4615
0&
0=
0>
#4620
b00000000000000000000000111001110 "
b00000000000000000000000111001110 $
1&
b0000111001011 8
b0000111001100 ;
1=
1>
#4625
0&
0=
0>
#4630
b00000000000000000000000111001111 "
b00000000000000000000000111001111 $
1&
b0000111001100 8
b0000111001101 ;
1=
1>
#4635
0&
0=
0>
#4640
b00000000000000000000000111010000 "
b00000000000000000000000111010000 $
1&
b0000111001101 8
b0000111001110 ;
1=
1>
#4645
0&
0=
0>
#4650
b00000000000000000000000111010001 "
b00000000000000000000000111010001 $
1&
b0000111001110 8
b0000111001111 ;
1=
1>
#4655
0&
0=
0>
#4660
b00000000000000000000000111010010 "
b00000000000000000000000111010010 $
1&
b0000111001111 8
b0000111010000 ;
1=
1>
#4665
0&
0=
0>
#4670
b00000000000000000000000111010011 "
b00000000000000000000000111010011 $
1&
b0000111010000 8
b0000111010001 ;
1=
1>
#4675
0&
0=
0>
#4680
b00000000000000000000000111010100 "
b00000000000000000000000111010100 $
1&
b0000111010001 8
b0000111010010 ;
1=
1>
#4685
0&
0=
0>
#4690
b00000000000000000000000111010101 "
b00000000000000000000000111010101 $
1&
b0000111010010 8
b0000111010011 ;
1=
1>
#4695
0&
0=
0>
#4700
b00000000000000000000000111010110 "
b00000000000000000000000111010110 $
1&
b0000111010011 8
b0000111010100 ;
1=
1>
#4705
0&
0=
0>
#4710
b00000000000000000000000111010111 "
b00000000000000000000000111010111 $
1&
b0000111010100 8
b0000111010101 ;
1=
1>
#4715
0&
0=
0>
#4720
b00000000000000000000000111011000 "
b00000000000000000000000111011000 $
1&
b0000111010101 8
b0000111010110 ;
1=
1>
#4725
0&
0=
0>
#4730
b00000000000000000000000111011001 "
b00000000000000000000000111011001 $
1&
b0000111010110 8
b0000111010111 ;
1=
1>
#4735
0&
0=
0>
#4740
b00000000000000000000000111011010 "
b00000000000000000000000111011010 $
1&
b0000111010111 8
b0000111011000 ;
1=
1>
#4745
0&
0=
0>
#4750
b00000000000000000000000111011011 "
b00000000000000000000000111011011 $
1&
b0000111011000 8
b0000111011001 ;
1=
1>
#4755
0&
0=
0>
#4760
b00000000000000000000000111011100 "
b00000000000000000000000111011100 $
1&
b0000111011001 8
b0000111011010 ;
1=
1>
#4765
0&
0=
0>
#4770
b00000000000000000000000111011101 "
b00000000000000000000000111011101 $
1&
b0000111011010 8
b0000111011011 ;
1=
1>
#4775
0&
0=
0>
#4780
b00000000000000000000000111011110 "
b00000000000000000000000111011110 $
1&
b0000111011011 8
b0000111011100 ;
1=
1>
#4785
0&
0=
0>
#4790
b00000000000000000000000111011111 "
b00000000000000000000000111011111 $
1&
b0000111011100 8
b0000111011101 ;
1=
1>
#4795
0&
0=
0>
#4800
b00000000000000000000000111100000 "
b00000000000000000000000111100000 $
1&
b0000111011101 8
b0000111011110 ;
1=
1>
#4805
0&
0=
0>
#4810
b00000000000000000000000111100001 "
b00000000000000000000000111100001 $
1&
b0000111011110 8
b0000111011111 ;
1=
1>
#4815
0&
0=
0>
#4820
b00000000000000000000000111100010 "
b00000000000000000000000111100010 $
1&
b0000111011111 8
b0000111100000 ;
1=
1>
#4825
0&
0=
0>
#4830
b00000000000000000000000111100011 "
b00000000000000000000000111100011 $
1&
b0000111100000 8
b0000111100001 ;
1=
1>
#4835
0&
0=
0>
#4840
b00000000000000000000000111100100 "
b00000000000000000000000111100100 $
1&
b0000111100001 8
b0000111100010 ;
1=
1>
#4845
0&
0=
0>
#4850
b00000000000000000000000111100101 "
b00000000000000000000000111100101 $
1&
b0000111100010 8
b0000111100011 ;
1=
1>
#4855
0&
0=
0>
#4860
b00000000000000000000000111100110 "
b00000000000000000000000111100110 $
1&
b0000111100011 8
b0000111100100 ;
1=
1>
#4865
0&
0=
0>
#4870
b00000000000000000000000111100111 "
b00000000000000000000000111100111 $
1&
b0000111100100 8
b0000111100101 ;
1=
1>
#4875
0&
0=
0>
#4880
b00000000000000000000000111101000 "
b00000000000000000000000111101000 $
1&
b0000111100101 8
b0000111100110 ;
1=
1>
#4885
0&
0=
0>
#4890
b00000000000000000000000111101001 "
b00000000000000000000000111101001 $
1&
b0000111100110 8
b0000111100111 ;
1=
1>
#4895
0&
0=
0>
#4900
b00000000000000000000000111101010 "
b00000000000000000000000111101010 $
1&
b0000111100111 8
b0000111101000 ;
1=
1>
#4905
0&
0=
0>
#4910
b00000000000000000000000111101011 "
b00000000000000000000000111101011 $
1&
b0000111101000 8
b0000111101001 ;
1=
1>
#4915
0&
0=
0>
#4920
b00000000000000000000000111101100 "
b00000000000000000000000111101100 $
1&
b0000111101001 8
b0000111101010 ;
1=
1>
#4925
0&
0=
0>
#4930
b00000000000000000000000111101101 "
b00000000000000000000000111101101 $
1&
b0000111101010 8
b0000111101011 ;
1=
1>
#4935
0&
0=
0>
#4940
b00000000000000000000000111101110 "
b00000000000000000000000111101110 $
1&
b0000111101011 8
b0000111101100 ;
1=
1>
#4945
0&
0=
0>
#4950
b00000000000000000000000111101111 "
b00000000000000000000000111101111 $
1&
b0000111101100 8
b0000111101101 ;
1=
1>
#4955
0&
0=
0>
#4960
b00000000000000000000000111110000 "
b00000000000000000000000111110000 $
1&
b0000111101101 8
b0000111101110 ;
1=
1>
#4965
0&
0=
0>
#4970
b00000000000000000000000111110001 "
b00000000000000000000000111110001 $
1&
b0000111101110 8
b0000111101111 ;
1=
1>
#4975
0&
0=
0>
#4980
b00000000000000000000000111110010 "
b00000000000000000000000111110010 $
1&
b0000111101111 8
b0000111110000 ;
1=
1>
#4985
0&
0=
0>
#4990
b00000000000000000000000111110011 "
b00000000000000000000000111110011 $
1&
b0000111110000 8
b0000111110001 ;
1=
1>
#4995
0&
0=
0>
#5000
b00000000000000000000000111110100 "
b00000000000000000000000111110100 $
1&
b0000111110001 8
b0000111110010 ;
1=
1>
#5005
0&
0=
0>
#5010
b00000000000000000000000111110101 "
b00000000000000000000000111110101 $
1&
b0000111110010 8
b0000111110011 ;
1=
1>
#5015
0&
0=
0>
#5020
b00000000000000000000000111110110 "
b00000000000000000000000111110110 $
1&
b0000111110011 8
b0000111110100 ;
1=
1>
#5025
0&
0=
0>
#5030
b00000000000000000000000111110111 "
b00000000000000000000000111110111 $
1&
b0000111110100 8
b0000111110101 ;
1=
1>
#5035
0&
0=
0>
#5040
b00000000000000000000000111111000 "
b00000000000000000000000111111000 $
1&
b0000111110101 8
b0000111110110 ;
1=
1>
#5045
0&
0=
0>
#5050
b00000000000000000000000111111001 "
b00000000000000000000000111111001 $
1&
b0000111110110 8
b0000111110111 ;
1=
1>
#5055
0&
0=
0>
#5060
b00000000000000000000000111111010 "
b00000000000000000000000111111010 $
1&
b0000111110111 8
b0000111111000 ;
1=
1>
#5065
0&
0=
0>
#5070
b00000000000000000000000111111011 "
b00000000000000000000000111111011 $
1&
b0000111111000 8
b0000111111001 ;
1=
1>
#5075
0&
0=
0>
#5080
b00000000000000000000000111111100 "
b00000000000000000000000111111100 $
1&
b0000111111001 8
b0000111111010 ;
1=
1>
#5085
0&
0=
0>
#5090
b00000000000000000000000111111101 "
b00000000000000000000000111111101 $
1&
b0000111111010 8
b0000111111011 ;
1=
1>
#5095
0&
0=
0>
#5100
b00000000000000000000000111111110 "
b00000000000000000000000111111110 $
1&
b0000111111011 8
b0000111111100 ;
1=
1>
#5105
0&
0=
0>
#5110
b00000000000000000000000111111111 "
b00000000000000000000000111111111 $
1&
b0000111111100 8
b0000111111101 ;
1=
1>
#5115
0&
0=
0>
#5120
b00000000000000000000001000000000 "
b00000000000000000000001000000000 $
1&
b0000111111101 8
b0000111111110 ;
1=
1>
#5125
0&
0=
0>
#5130
b00000000000000000000001000000001 "
b00000000000000000000001000000001 $
1&
b0000111111110 8
b0000111111111 ;
1=
1>
#5135
0&
0=
0>
#5140
b00000000000000000000001000000010 "
b00000000000000000000001000000010 $
1&
b0000111111111 8
b0001000000000 ;
1=
1>
#5145
0&
0=
0>
#5150
b00000000000000000000001000000011 "
b00000000000000000000001000000011 $
1&
b0001000000000 8
b0001000000001 ;
1=
1>
#5155
0&
0=
0>
#5160
b00000000000000000000001000000100 "
b00000000000000000000001000000100 $
1&
b0001000000001 8
b0001000000010 ;
1=
1>
#5165
0&
0=
0>
#5170
b00000000000000000000001000000101 "
b00000000000000000000001000000101 $
1&
b0001000000010 8
b0001000000011 ;
1=
1>
#5175
0&
0=
0>
#5180
b00000000000000000000001000000110 "
b00000000000000000000001000000110 $
1&
b0001000000011 8
b0001000000100 ;
1=
1>
#5185
0&
0=
0>
#5190
b00000000000000000000001000000111 "
b00000000000000000000001000000111 $
1&
b0001000000100 8
b0001000000101 ;
1=
1>
#5195
0&
0=
0>
#5200
b00000000000000000000001000001000 "
b00000000000000000000001000001000 $
1&
b0001000000101 8
b0001000000110 ;
1=
1>
#5205
0&
0=
0>
#5210
b00000000000000000000001000001001 "
b00000000000000000000001000001001 $
1&
b0001000000110 8
b0001000000111 ;
1=
1>
#5215
0&
0=
0>
#5220
b00000000000000000000001000001010 "
b00000000000000000000001000001010 $
1&
b0001000000111 8
b0001000001000 ;
1=
1>
#5225
0&
0=
0>
#5230
b00000000000000000000001000001011 "
b00000000000000000000001000001011 $
1&
b0001000001000 8
b0001000001001 ;
1=
1>
#5235
0&
0=
0>
#5240
b00000000000000000000001000001100 "
b00000000000000000000001000001100 $
1&
b0001000001001 8
b0001000001010 ;
1=
1>
#5245
0&
0=
0>
#5250
b00000000000000000000001000001101 "
b00000000000000000000001000001101 $
1&
b0001000001010 8
b0001000001011 ;
1=
1>
#5255
0&
0=
0>
#5260
b00000000000000000000001000001110 "
b00000000000000000000001000001110 $
1&
b0001000001011 8
b0001000001100 ;
1=
1>
#5265
0&
0=
0>
#5270
b00000000000000000000001000001111 "
b00000000000000000000001000001111 $
1&
b0001000001100 8
b0001000001101 ;
1=
1>
#5275
0&
0=
0>
#5280
b00000000000000000000001000010000 "
b00000000000000000000001000010000 $
1&
b0001000001101 8
b0001000001110 ;
1=
1>
#5285
0&
0=
0>
#5290
b00000000000000000000001000010001 "
b00000000000000000000001000010001 $
1&
b0001000001110 8
b0001000001111 ;
1=
1>
#5295
0&
0=
0>
#5300
b00000000000000000000001000010010 "
b00000000000000000000001000010010 $
1&
b0001000001111 8
b0001000010000 ;
1=
1>
#5305
0&
0=
0>
#5310
b00000000000000000000001000010011 "
b00000000000000000000001000010011 $
1&
b0001000010000 8
b0001000010001 ;
1=
1>
#5315
0&
0=
0>
#5320
b00000000000000000000001000010100 "
b00000000000000000000001000010100 $
1&
b0001000010001 8
b0001000010010 ;
1=
1>
#5325
0&
0=
0>
#5330
b00000000000000000000001000010101 "
b00000000000000000000001000010101 $
1&
b0001000010010 8
b0001000010011 ;
1=
1>
#5335
0&
0=
0>
#5340
b00000000000000000000001000010110 "
b00000000000000000000001000010110 $
1&
b0001000010011 8
b0001000010100 ;
1=
1>
#5345
0&
0=
0>
#5350
b00000000000000000000001000010111 "
b00000000000000000000001000010111 $
1&
b0001000010100 8
b0001000010101 ;
1=
1>
#5355
0&
0=
0>
#5360
b00000000000000000000001000011000 "
b00000000000000000000001000011000 $
1&
b0001000010101 8
b0001000010110 ;
1=
1>
#5365
0&
0=
0>
#5370
b00000000000000000000001000011001 "
b00000000000000000000001000011001 $
1&
b0001000010110 8
b0001000010111 ;
1=
1>
#5375
0&
0=
0>
#5380
b00000000000000000000001000011010 "
b00000000000000000000001000011010 $
1&
b0001000010111 8
b0001000011000 ;
1=
1>
#5385
0&
0=
0>
#5390
b00000000000000000000001000011011 "
b00000000000000000000001000011011 $
1&
b0001000011000 8
b0001000011001 ;
1=
1>
#5395
0&
0=
0>
#5400
b00000000000000000000001000011100 "
b00000000000000000000001000011100 $
1&
b0001000011001 8
b0001000011010 ;
1=
1>
#5405
0&
0=
0>
#5410
b00000000000000000000001000011101 "
b00000000000000000000001000011101 $
1&
b0001000011010 8
b0001000011011 ;
1=
1>
#5415
0&
0=
0>
#5420
b00000000000000000000001000011110 "
b00000000000000000000001000011110 $
1&
b0001000011011 8
b0001000011100 ;
1=
1>
#5425
0&
0=
0>
#5430
b00000000000000000000001000011111 "
b00000000000000000000001000011111 $
1&
b0001000011100 8
b0001000011101 ;
1=
1>
#5435
0&
0=
0>
#5440
b00000000000000000000001000100000 "
b00000000000000000000001000100000 $
1&
b0001000011101 8
b0001000011110 ;
1=
1>
#5445
0&
0=
0>
#5450
b00000000000000000000001000100001 "
b00000000000000000000001000100001 $
1&
b0001000011110 8
b0001000011111 ;
1=
1>
#5455
0&
0=
0>
#5460
b00000000000000000000001000100010 "
b00000000000000000000001000100010 $
1&
b0001000011111 8
b0001000100000 ;
1=
1>
#5465
0&
0=
0>
#5470
b00000000000000000000001000100011 "
b00000000000000000000001000100011 $
1&
b0001000100000 8
b0001000100001 ;
1=
1>
#5475
0&
0=
0>
#5480
b00000000000000000000001000100100 "
b00000000000000000000001000100100 $
1&
b0001000100001 8
b0001000100010 ;
1=
1>
#5485
0&
0=
0>
#5490
b00000000000000000000001000100101 "
b00000000000000000000001000100101 $
1&
b0001000100010 8
b0001000100011 ;
1=
1>
#5495
0&
0=
0>
#5500
b00000000000000000000001000100110 "
b00000000000000000000001000100110 $
1&
b0001000100011 8
b0001000100100 ;
1=
1>
#5505
0&
0=
0>
#5510
b00000000000000000000001000100111 "
b00000000000000000000001000100111 $
1&
b0001000100100 8
b0001000100101 ;
1=
1>
#5515
0&
0=
0>
#5520
b00000000000000000000001000101000 "
b00000000000000000000001000101000 $
1&
b0001000100101 8
b0001000100110 ;
1=
1>
#5525
0&
0=
0>
#5530
b00000000000000000000001000101001 "
b00000000000000000000001000101001 $
1&
b0001000100110 8
b0001000100111 ;
1=
1>
#5535
0&
0=
0>
#5540
b00000000000000000000001000101010 "
b00000000000000000000001000101010 $
1&
b0001000100111 8
b0001000101000 ;
1=
1>
#5545
0&
0=
0>
#5550
b00000000000000000000001000101011 "
b00000000000000000000001000101011 $
1&
b0001000101000 8
b0001000101001 ;
1=
1>
#5555
0&
0=
0>
#5560
b00000000000000000000001000101100 "
b00000000000000000000001000101100 $
1&
b0001000101001 8
b0001000101010 ;
1=
1>
#5565
0&
0=
0>
#5570
b00000000000000000000001000101101 "
b00000000000000000000001000101101 $
1&
b0001000101010 8
b0001000101011 ;
1=
1>
#5575
0&
0=
0>
#5580
b00000000000000000000001000101110 "
b00000000000000000000001000101110 $
1&
b0001000101011 8
b0001000101100 ;
1=
1>
#5585
0&
0=
0>
#5590
b00000000000000000000001000101111 "
b00000000000000000000001000101111 $
1&
b0001000101100 8
b0001000101101 ;
1=
1>
#5595
0&
0=
0>
#5600
b00000000000000000000001000110000 "
b00000000000000000000001000110000 $
1&
b0001000101101 8
b0001000101110 ;
1=
1>
#5605
0&
0=
0>
#5610
b00000000000000000000001000110001 "
b00000000000000000000001000110001 $
1&
b0001000101110 8
b0001000101111 ;
1=
1>
#5615
0&
0=
0>
#5620
b00000000000000000000001000110010 "
b00000000000000000000001000110010 $
1&
b0001000101111 8
b0001000110000 ;
1=
1>
#5625
0&
0=
0>
#5630
b00000000000000000000001000110011 "
b00000000000000000000001000110011 $
1&
b0001000110000 8
b0001000110001 ;
1=
1>
#5635
0&
0=
0>
#5640
b00000000000000000000001000110100 "
b00000000000000000000001000110100 $
1&
b0001000110001 8
b0001000110010 ;
1=
1>
#5645
0&
0=
0>
#5650
b00000000000000000000001000110101 "
b00000000000000000000001000110101 $
1&
b0001000110010 8
b0001000110011 ;
1=
1>
#5655
0&
0=
0>
#5660
b00000000000000000000001000110110 "
b00000000000000000000001000110110 $
1&
b0001000110011 8
b0001000110100 ;
1=
1>
#5665
0&
0=
0>
#5670
b00000000000000000000001000110111 "
b00000000000000000000001000110111 $
1&
b0001000110100 8
b0001000110101 ;
1=
1>
#5675
0&
0=
0>
#5680
b00000000000000000000001000111000 "
b00000000000000000000001000111000 $
1&
b0001000110101 8
b0001000110110 ;
1=
1>
#5685
0&
0=
0>
#5690
b00000000000000000000001000111001 "
b00000000000000000000001000111001 $
1&
b0001000110110 8
b0001000110111 ;
1=
1>
#5695
0&
0=
0>
#5700
b00000000000000000000001000111010 "
b00000000000000000000001000111010 $
1&
b0001000110111 8
b0001000111000 ;
1=
1>
#5705
0&
0=
0>
#5710
b00000000000000000000001000111011 "
b00000000000000000000001000111011 $
1&
b0001000111000 8
b0001000111001 ;
1=
1>
#5715
0&
0=
0>
#5720
b00000000000000000000001000111100 "
b00000000000000000000001000111100 $
1&
b0001000111001 8
b0001000111010 ;
1=
1>
#5725
0&
0=
0>
#5730
b00000000000000000000001000111101 "
b00000000000000000000001000111101 $
1&
b0001000111010 8
b0001000111011 ;
1=
1>
#5735
0&
0=
0>
#5740
b00000000000000000000001000111110 "
b00000000000000000000001000111110 $
1&
b0001000111011 8
b0001000111100 ;
1=
1>
#5745
0&
0=
0>
#5750
b00000000000000000000001000111111 "
b00000000000000000000001000111111 $
1&
b0001000111100 8
b0001000111101 ;
1=
1>
#5755
0&
0=
0>
#5760
b00000000000000000000001001000000 "
b00000000000000000000001001000000 $
1&
b0001000111101 8
b0001000111110 ;
1=
1>
#5765
0&
0=
0>
#5770
b00000000000000000000001001000001 "
b00000000000000000000001001000001 $
1&
b0001000111110 8
b0001000111111 ;
1=
1>
#5775
0&
0=
0>
#5780
b00000000000000000000001001000010 "
b00000000000000000000001001000010 $
1&
b0001000111111 8
b0001001000000 ;
1=
1>
#5785
0&
0=
0>
#5790
b00000000000000000000001001000011 "
b00000000000000000000001001000011 $
1&
b0001001000000 8
b0001001000001 ;
1=
1>
#5795
0&
0=
0>
#5800
b00000000000000000000001001000100 "
b00000000000000000000001001000100 $
1&
b0001001000001 8
b0001001000010 ;
1=
1>
#5805
0&
0=
0>
#5810
b00000000000000000000001001000101 "
b00000000000000000000001001000101 $
1&
b0001001000010 8
b0001001000011 ;
1=
1>
#5815
0&
0=
0>
#5820
b00000000000000000000001001000110 "
b00000000000000000000001001000110 $
1&
b0001001000011 8
b0001001000100 ;
1=
1>
#5825
0&
0=
0>
#5830
b00000000000000000000001001000111 "
b00000000000000000000001001000111 $
1&
b0001001000100 8
b0001001000101 ;
1=
1>
#5835
0&
0=
0>
#5840
b00000000000000000000001001001000 "
b00000000000000000000001001001000 $
1&
b0001001000101 8
b0001001000110 ;
1=
1>
#5845
0&
0=
0>
#5850
b00000000000000000000001001001001 "
b00000000000000000000001001001001 $
1&
b0001001000110 8
b0001001000111 ;
1=
1>
#5855
0&
0=
0>
#5860
b00000000000000000000001001001010 "
b00000000000000000000001001001010 $
1&
b0001001000111 8
b0001001001000 ;
1=
1>
#5865
0&
0=
0>
#5870
b00000000000000000000001001001011 "
b00000000000000000000001001001011 $
1&
b0001001001000 8
b0001001001001 ;
1=
1>
#5875
0&
0=
0>
#5880
b00000000000000000000001001001100 "
b00000000000000000000001001001100 $
1&
b0001001001001 8
b0001001001010 ;
1=
1>
#5885
0&
0=
0>
#5890
b00000000000000000000001001001101 "
b00000000000000000000001001001101 $
1&
b0001001001010 8
b0001001001011 ;
1=
1>
#5895
0&
0=
0>
#5900
b00000000000000000000001001001110 "
b00000000000000000000001001001110 $
1&
b0001001001011 8
b0001001001100 ;
1=
1>
#5905
0&
0=
0>
#5910
b00000000000000000000001001001111 "
b00000000000000000000001001001111 $
1&
b0001001001100 8
b0001001001101 ;
1=
1>
#5915
0&
0=
0>
#5920
b00000000000000000000001001010000 "
b00000000000000000000001001010000 $
1&
b0001001001101 8
b0001001001110 ;
1=
1>
#5925
0&
0=
0>
#5930
b00000000000000000000001001010001 "
b00000000000000000000001001010001 $
1&
b0001001001110 8
b0001001001111 ;
1=
1>
#5935
0&
0=
0>
#5940
b00000000000000000000001001010010 "
b00000000000000000000001001010010 $
1&
b0001001001111 8
b0001001010000 ;
1=
1>
#5945
0&
0=
0>
#5950
b00000000000000000000001001010011 "
b00000000000000000000001001010011 $
1&
b0001001010000 8
b0001001010001 ;
1=
1>
#5955
0&
0=
0>
#5960
b00000000000000000000001001010100 "
b00000000000000000000001001010100 $
1&
b0001001010001 8
b0001001010010 ;
1=
1>
#5965
0&
0=
0>
#5970
b00000000000000000000001001010101 "
b00000000000000000000001001010101 $
1&
b0001001010010 8
b0001001010011 ;
1=
1>
#5975
0&
0=
0>
#5980
b00000000000000000000001001010110 "
b00000000000000000000001001010110 $
1&
b0001001010011 8
b0001001010100 ;
1=
1>
#5985
0&
0=
0>
#5990
b00000000000000000000001001010111 "
b00000000000000000000001001010111 $
1&
b0001001010100 8
b0001001010101 ;
1=
1>
#5995
0&
0=
0>
#6000
b00000000000000000000001001011000 "
b00000000000000000000001001011000 $
1&
b0001001010101 8
b0001001010110 ;
1=
1>
#6005
0&
0=
0>
#6010
b00000000000000000000001001011001 "
b00000000000000000000001001011001 $
1&
b0001001010110 8
b0001001010111 ;
1=
1>
#6015
0&
0=
0>
#6020
b00000000000000000000001001011010 "
b00000000000000000000001001011010 $
1&
b0001001010111 8
b0001001011000 ;
1=
1>
#6025
0&
0=
0>
#6030
b00000000000000000000001001011011 "
b00000000000000000000001001011011 $
1&
b0001001011000 8
b0001001011001 ;
1=
1>
#6035
0&
0=
0>
#6040
b00000000000000000000001001011100 "
b00000000000000000000001001011100 $
1&
b0001001011001 8
b0001001011010 ;
1=
1>
#6045
0&
0=
0>
#6050
b00000000000000000000001001011101 "
b00000000000000000000001001011101 $
1&
b0001001011010 8
b0001001011011 ;
1=
1>
#6055
0&
0=
0>
#6060
b00000000000000000000001001011110 "
b00000000000000000000001001011110 $
1&
b0001001011011 8
b0001001011100 ;
1=
1>
#6065
0&
0=
0>
#6070
b00000000000000000000001001011111 "
b00000000000000000000001001011111 $
1&
b0001001011100 8
b0001001011101 ;
1=
1>
#6075
0&
0=
0>
#6080
b00000000000000000000001001100000 "
b00000000000000000000001001100000 $
1&
b0001001011101 8
b0001001011110 ;
1=
1>
#6085
0&
0=
0>
#6090
b00000000000000000000001001100001 "
b00000000000000000000001001100001 $
1&
b0001001011110 8
b0001001011111 ;
1=
1>
#6095
0&
0=
0>
#6100
b00000000000000000000001001100010 "
b00000000000000000000001001100010 $
1&
b0001001011111 8
b0001001100000 ;
1=
1>
#6105
0&
0=
0>
#6110
b00000000000000000000001001100011 "
b00000000000000000000001001100011 $
1&
b0001001100000 8
b0001001100001 ;
1=
1>
#6115
0&
0=
0>
#6120
b00000000000000000000001001100100 "
b00000000000000000000001001100100 $
1&
b0001001100001 8
b0001001100010 ;
1=
1>
#6125
0&
0=
0>
#6130
b00000000000000000000001001100101 "
b00000000000000000000001001100101 $
1&
b0001001100010 8
b0001001100011 ;
1=
1>
#6135
0&
0=
0>
#6140
b00000000000000000000001001100110 "
b00000000000000000000001001100110 $
1&
b0001001100011 8
b0001001100100 ;
1=
1>
#6145
0&
0=
0>
#6150
b00000000000000000000001001100111 "
b00000000000000000000001001100111 $
1&
b0001001100100 8
b0001001100101 ;
1=
1>
#6155
0&
0=
0>
#6160
b00000000000000000000001001101000 "
b00000000000000000000001001101000 $
1&
b0001001100101 8
b0001001100110 ;
1=
1>
#6165
0&
0=
0>
#6170
b00000000000000000000001001101001 "
b00000000000000000000001001101001 $
1&
b0001001100110 8
b0001001100111 ;
1=
1>
#6175
0&
0=
0>
#6180
b00000000000000000000001001101010 "
b00000000000000000000001001101010 $
1&
b0001001100111 8
b0001001101000 ;
1=
1>
#6185
0&
0=
0>
#6190
b00000000000000000000001001101011 "
b00000000000000000000001001101011 $
1&
b0001001101000 8
b0001001101001 ;
1=
1>
#6195
0&
0=
0>
#6200
b00000000000000000000001001101100 "
b00000000000000000000001001101100 $
1&
b0001001101001 8
b0001001101010 ;
1=
1>
#6205
0&
0=
0>
#6210
b00000000000000000000001001101101 "
b00000000000000000000001001101101 $
1&
b0001001101010 8
b0001001101011 ;
1=
1>
#6215
0&
0=
0>
#6220
b00000000000000000000001001101110 "
b00000000000000000000001001101110 $
1&
b0001001101011 8
b0001001101100 ;
1=
1>
#6225
0&
0=
0>
#6230
b00000000000000000000001001101111 "
b00000000000000000000001001101111 $
1&
b0001001101100 8
b0001001101101 ;
1=
1>
#6235
0&
0=
0>
#6240
b00000000000000000000001001110000 "
b00000000000000000000001001110000 $
1&
b0001001101101 8
b0001001101110 ;
1=
1>
#6245
0&
0=
0>
#6250
b00000000000000000000001001110001 "
b00000000000000000000001001110001 $
1&
b0001001101110 8
b0001001101111 ;
1=
1>
#6255
0&
0=
0>
#6260
b00000000000000000000001001110010 "
b00000000000000000000001001110010 $
1&
b0001001101111 8
b0001001110000 ;
1=
1>
#6265
0&
0=
0>
#6270
b00000000000000000000001001110011 "
b00000000000000000000001001110011 $
1&
b0001001110000 8
b0001001110001 ;
1=
1>
#6275
0&
0=
0>
#6280
b00000000000000000000001001110100 "
b00000000000000000000001001110100 $
1&
b0001001110001 8
b0001001110010 ;
1=
1>
#6285
0&
0=
0>
#6290
b00000000000000000000001001110101 "
b00000000000000000000001001110101 $
1&
b0001001110010 8
b0001001110011 ;
1=
1>
#6295
0&
0=
0>
#6300
b00000000000000000000001001110110 "
b00000000000000000000001001110110 $
1&
b0001001110011 8
b0001001110100 ;
1=
1>
#6305
0&
0=
0>
#6310
b00000000000000000000001001110111 "
b00000000000000000000001001110111 $
1&
b0001001110100 8
b0001001110101 ;
1=
1>
#6315
0&
0=
0>
#6320
b00000000000000000000001001111000 "
b00000000000000000000001001111000 $
1&
b0001001110101 8
b0001001110110 ;
1=
1>
#6325
0&
0=
0>
#6330
b00000000000000000000001001111001 "
b00000000000000000000001001111001 $
1&
b0001001110110 8
b0001001110111 ;
1=
1>
#6335
0&
0=
0>
#6340
b00000000000000000000001001111010 "
b00000000000000000000001001111010 $
1&
b0001001110111 8
b0001001111000 ;
1=
1>
#6345
0&
0=
0>
#6350
b00000000000000000000001001111011 "
b00000000000000000000001001111011 $
1&
b0001001111000 8
b0001001111001 ;
1=
1>
#6355
0&
0=
0>
#6360
b00000000000000000000001001111100 "
b00000000000000000000001001111100 $
1&
b0001001111001 8
b0001001111010 ;
1=
1>
#6365
0&
0=
0>
#6370
b00000000000000000000001001111101 "
b00000000000000000000001001111101 $
1&
b0001001111010 8
b0001001111011 ;
1=
1>
#6375
0&
0=
0>
#6380
b00000000000000000000001001111110 "
b00000000000000000000001001111110 $
1&
b0001001111011 8
b0001001111100 ;
1=
1>
#6385
0&
0=
0>
#6390
b00000000000000000000001001111111 "
b00000000000000000000001001111111 $
1&
b0001001111100 8
b0001001111101 ;
1=
1>
#6395
0&
0=
0>
#6400
b00000000000000000000001010000000 "
b00000000000000000000001010000000 $
1&
b0001001111101 8
b0001001111110 ;
1=
1>
#6405
0&
0=
0>
#6410
b00000000000000000000001010000001 "
b00000000000000000000001010000001 $
1&
b0001001111110 8
b0001001111111 ;
1=
1>
#6415
0&
0=
0>
#6420
b00000000000000000000001010000010 "
b00000000000000000000001010000010 $
1&
b0001001111111 8
b0001010000000 ;
1=
1>
#6425
0&
0=
0>
#6430
b00000000000000000000001010000011 "
b00000000000000000000001010000011 $
1&
b0001010000000 8
b0001010000001 ;
1=
1>
#6435
0&
0=
0>
#6440
b00000000000000000000001010000100 "
b00000000000000000000001010000100 $
1&
b0001010000001 8
b0001010000010 ;
1=
1>
#6445
0&
0=
0>
#6450
b00000000000000000000001010000101 "
b00000000000000000000001010000101 $
1&
b0001010000010 8
b0001010000011 ;
1=
1>
#6455
0&
0=
0>
#6460
b00000000000000000000001010000110 "
b00000000000000000000001010000110 $
1&
b0001010000011 8
b0001010000100 ;
1=
1>
#6465
0&
0=
0>
#6470
b00000000000000000000001010000111 "
b00000000000000000000001010000111 $
1&
b0001010000100 8
b0001010000101 ;
1=
1>
#6475
0&
0=
0>
#6480
b00000000000000000000001010001000 "
b00000000000000000000001010001000 $
1&
b0001010000101 8
b0001010000110 ;
1=
1>
#6485
0&
0=
0>
#6490
b00000000000000000000001010001001 "
b00000000000000000000001010001001 $
1&
b0001010000110 8
b0001010000111 ;
1=
1>
#6495
0&
0=
0>
#6500
b00000000000000000000001010001010 "
b00000000000000000000001010001010 $
1&
b0001010000111 8
b0001010001000 ;
1=
1>
#6505
0&
0=
0>
#6510
b00000000000000000000001010001011 "
b00000000000000000000001010001011 $
1&
b0001010001000 8
b0001010001001 ;
1=
1>
#6515
0&
0=
0>
#6520
b00000000000000000000001010001100 "
b00000000000000000000001010001100 $
1&
b0001010001001 8
b0001010001010 ;
1=
1>
#6525
0&
0=
0>
#6530
b00000000000000000000001010001101 "
b00000000000000000000001010001101 $
1&
b0001010001010 8
b0001010001011 ;
1=
1>
#6535
0&
0=
0>
#6540
b00000000000000000000001010001110 "
b00000000000000000000001010001110 $
1&
b0001010001011 8
b0001010001100 ;
1=
1>
#6545
0&
0=
0>
#6550
b00000000000000000000001010001111 "
b00000000000000000000001010001111 $
1&
b0001010001100 8
b0001010001101 ;
1=
1>
#6555
0&
0=
0>
#6560
b00000000000000000000001010010000 "
b00000000000000000000001010010000 $
1&
b0001010001101 8
b0001010001110 ;
1=
1>
#6565
0&
0=
0>
#6570
b00000000000000000000001010010001 "
b00000000000000000000001010010001 $
1&
b0001010001110 8
b0001010001111 ;
1=
1>
#6575
0&
0=
0>
#6580
b00000000000000000000001010010010 "
b00000000000000000000001010010010 $
1&
b0001010001111 8
b0001010010000 ;
1=
1>
#6585
0&
0=
0>
#6590
b00000000000000000000001010010011 "
b00000000000000000000001010010011 $
1&
b0001010010000 8
b0001010010001 ;
1=
1>
#6595
0&
0=
0>
#6600
b00000000000000000000001010010100 "
b00000000000000000000001010010100 $
1&
b0001010010001 8
b0001010010010 ;
1=
1>
#6605
0&
0=
0>
#6610
b00000000000000000000001010010101 "
b00000000000000000000001010010101 $
1&
b0001010010010 8
b0001010010011 ;
1=
1>
#6615
0&
0=
0>
#6620
b00000000000000000000001010010110 "
b00000000000000000000001010010110 $
1&
b0001010010011 8
b0001010010100 ;
1=
1>
#6625
0&
0=
0>
#6630
b00000000000000000000001010010111 "
b00000000000000000000001010010111 $
1&
b0001010010100 8
b0001010010101 ;
1=
1>
#6635
0&
0=
0>
#6640
b00000000000000000000001010011000 "
b00000000000000000000001010011000 $
1&
b0001010010101 8
b0001010010110 ;
1=
1>
#6645
0&
0=
0>
#6650
b00000000000000000000001010011001 "
b00000000000000000000001010011001 $
1&
b0001010010110 8
b0001010010111 ;
1=
1>
#6655
0&
0=
0>
#6660
b00000000000000000000001010011010 "
b00000000000000000000001010011010 $
1&
b0001010010111 8
b0001010011000 ;
1=
1>
#6665
0&
0=
0>
#6670
b00000000000000000000001010011011 "
b00000000000000000000001010011011 $
1&
b0001010011000 8
b0001010011001 ;
1=
1>
#6675
0&
0=
0>
#6680
b00000000000000000000001010011100 "
b00000000000000000000001010011100 $
1&
b0001010011001 8
b0001010011010 ;
1=
1>
#6685
0&
0=
0>
#6690
b00000000000000000000001010011101 "
b00000000000000000000001010011101 $
1&
b0001010011010 8
b0001010011011 ;
1=
1>
#6695
0&
0=
0>
#6700
b00000000000000000000001010011110 "
b00000000000000000000001010011110 $
1&
b0001010011011 8
b0001010011100 ;
1=
1>
#6705
0&
0=
0>
#6710
b00000000000000000000001010011111 "
b00000000000000000000001010011111 $
1&
b0001010011100 8
b0001010011101 ;
1=
1>
#6715
0&
0=
0>
#6720
b00000000000000000000001010100000 "
b00000000000000000000001010100000 $
1&
b0001010011101 8
b0001010011110 ;
1=
1>
#6725
0&
0=
0>
#6730
b00000000000000000000001010100001 "
b00000000000000000000001010100001 $
1&
b0001010011110 8
b0001010011111 ;
1=
1>
#6735
0&
0=
0>
#6740
b00000000000000000000001010100010 "
b00000000000000000000001010100010 $
1&
b0001010011111 8
b0001010100000 ;
1=
1>
#6745
0&
0=
0>
#6750
b00000000000000000000001010100011 "
b00000000000000000000001010100011 $
1&
b0001010100000 8
b0001010100001 ;
1=
1>
#6755
0&
0=
0>
#6760
b00000000000000000000001010100100 "
b00000000000000000000001010100100 $
1&
b0001010100001 8
b0001010100010 ;
1=
1>
#6765
0&
0=
0>
#6770
b00000000000000000000001010100101 "
b00000000000000000000001010100101 $
1&
b0001010100010 8
b0001010100011 ;
1=
1>
#6775
0&
0=
0>
#6780
b00000000000000000000001010100110 "
b00000000000000000000001010100110 $
1&
b0001010100011 8
b0001010100100 ;
1=
1>
#6785
0&
0=
0>
#6790
b00000000000000000000001010100111 "
b00000000000000000000001010100111 $
1&
b0001010100100 8
b0001010100101 ;
1=
1>
#6795
0&
0=
0>
#6800
b00000000000000000000001010101000 "
b00000000000000000000001010101000 $
1&
b0001010100101 8
b0001010100110 ;
1=
1>
#6805
0&
0=
0>
#6810
b00000000000000000000001010101001 "
b00000000000000000000001010101001 $
1&
b0001010100110 8
b0001010100111 ;
1=
1>
#6815
0&
0=
0>
#6820
b00000000000000000000001010101010 "
b00000000000000000000001010101010 $
1&
b0001010100111 8
b0001010101000 ;
1=
1>
#6825
0&
0=
0>
#6830
b00000000000000000000001010101011 "
b00000000000000000000001010101011 $
1&
b0001010101000 8
b0001010101001 ;
1=
1>
#6835
0&
0=
0>
#6840
b00000000000000000000001010101100 "
b00000000000000000000001010101100 $
1&
b0001010101001 8
b0001010101010 ;
1=
1>
#6845
0&
0=
0>
#6850
b00000000000000000000001010101101 "
b00000000000000000000001010101101 $
1&
b0001010101010 8
b0001010101011 ;
1=
1>
#6855
0&
0=
0>
#6860
b00000000000000000000001010101110 "
b00000000000000000000001010101110 $
1&
b0001010101011 8
b0001010101100 ;
1=
1>
#6865
0&
0=
0>
#6870
b00000000000000000000001010101111 "
b00000000000000000000001010101111 $
1&
b0001010101100 8
b0001010101101 ;
1=
1>
#6875
0&
0=
0>
#6880
b00000000000000000000001010110000 "
b00000000000000000000001010110000 $
1&
b0001010101101 8
b0001010101110 ;
1=
1>
#6885
0&
0=
0>
#6890
b00000000000000000000001010110001 "
b00000000000000000000001010110001 $
1&
b0001010101110 8
b0001010101111 ;
1=
1>
#6895
0&
0=
0>
#6900
b00000000000000000000001010110010 "
b00000000000000000000001010110010 $
1&
b0001010101111 8
b0001010110000 ;
1=
1>
#6905
0&
0=
0>
#6910
b00000000000000000000001010110011 "
b00000000000000000000001010110011 $
1&
b0001010110000 8
b0001010110001 ;
1=
1>
#6915
0&
0=
0>
#6920
b00000000000000000000001010110100 "
b00000000000000000000001010110100 $
1&
b0001010110001 8
b0001010110010 ;
1=
1>
#6925
0&
0=
0>
#6930
b00000000000000000000001010110101 "
b00000000000000000000001010110101 $
1&
b0001010110010 8
b0001010110011 ;
1=
1>
#6935
0&
0=
0>
#6940
b00000000000000000000001010110110 "
b00000000000000000000001010110110 $
1&
b0001010110011 8
b0001010110100 ;
1=
1>
#6945
0&
0=
0>
#6950
b00000000000000000000001010110111 "
b00000000000000000000001010110111 $
1&
b0001010110100 8
b0001010110101 ;
1=
1>
#6955
0&
0=
0>
#6960
b00000000000000000000001010111000 "
b00000000000000000000001010111000 $
1&
b0001010110101 8
b0001010110110 ;
1=
1>
#6965
0&
0=
0>
#6970
b00000000000000000000001010111001 "
b00000000000000000000001010111001 $
1&
b0001010110110 8
b0001010110111 ;
1=
1>
#6975
0&
0=
0>
#6980
b00000000000000000000001010111010 "
b00000000000000000000001010111010 $
1&
b0001010110111 8
b0001010111000 ;
1=
1>
#6985
0&
0=
0>
#6990
b00000000000000000000001010111011 "
b00000000000000000000001010111011 $
1&
b0001010111000 8
b0001010111001 ;
1=
1>
#6995
0&
0=
0>
#7000
b00000000000000000000001010111100 "
b00000000000000000000001010111100 $
1&
b0001010111001 8
b0001010111010 ;
1=
1>
#7005
0&
0=
0>
#7010
b00000000000000000000001010111101 "
b00000000000000000000001010111101 $
1&
b0001010111010 8
b0001010111011 ;
1=
1>
#7015
0&
0=
0>
#7020
b00000000000000000000001010111110 "
b00000000000000000000001010111110 $
1&
b0001010111011 8
b0001010111100 ;
1=
1>
#7025
0&
0=
0>
#7030
b00000000000000000000001010111111 "
b00000000000000000000001010111111 $
1&
b0001010111100 8
b0001010111101 ;
1=
1>
#7035
0&
0=
0>
#7040
b00000000000000000000001011000000 "
b00000000000000000000001011000000 $
1&
b0001010111101 8
b0001010111110 ;
1=
1>
#7045
0&
0=
0>
#7050
b00000000000000000000001011000001 "
b00000000000000000000001011000001 $
1&
b0001010111110 8
b0001010111111 ;
1=
1>
#7055
0&
0=
0>
#7060
b00000000000000000000001011000010 "
b00000000000000000000001011000010 $
1&
b0001010111111 8
b0001011000000 ;
1=
1>
#7065
0&
0=
0>
#7070
b00000000000000000000001011000011 "
b00000000000000000000001011000011 $
1&
b0001011000000 8
b0001011000001 ;
1=
1>
#7075
0&
0=
0>
#7080
b00000000000000000000001011000100 "
b00000000000000000000001011000100 $
1&
b0001011000001 8
b0001011000010 ;
1=
1>
#7085
0&
0=
0>
#7090
b00000000000000000000001011000101 "
b00000000000000000000001011000101 $
1&
b0001011000010 8
b0001011000011 ;
1=
1>
#7095
0&
0=
0>
#7100
b00000000000000000000001011000110 "
b00000000000000000000001011000110 $
1&
b0001011000011 8
b0001011000100 ;
1=
1>
#7105
0&
0=
0>
#7110
b00000000000000000000001011000111 "
b00000000000000000000001011000111 $
1&
b0001011000100 8
b0001011000101 ;
1=
1>
#7115
0&
0=
0>
#7120
b00000000000000000000001011001000 "
b00000000000000000000001011001000 $
1&
b0001011000101 8
b0001011000110 ;
1=
1>
#7125
0&
0=
0>
#7130
b00000000000000000000001011001001 "
b00000000000000000000001011001001 $
1&
b0001011000110 8
b0001011000111 ;
1=
1>
#7135
0&
0=
0>
#7140
b00000000000000000000001011001010 "
b00000000000000000000001011001010 $
1&
b0001011000111 8
b0001011001000 ;
1=
1>
#7145
0&
0=
0>
#7150
b00000000000000000000001011001011 "
b00000000000000000000001011001011 $
1&
b0001011001000 8
b0001011001001 ;
1=
1>
#7155
0&
0=
0>
#7160
b00000000000000000000001011001100 "
b00000000000000000000001011001100 $
1&
b0001011001001 8
b0001011001010 ;
1=
1>
#7165
0&
0=
0>
#7170
b00000000000000000000001011001101 "
b00000000000000000000001011001101 $
1&
b0001011001010 8
b0001011001011 ;
1=
1>
#7175
0&
0=
0>
#7180
b00000000000000000000001011001110 "
b00000000000000000000001011001110 $
1&
b0001011001011 8
b0001011001100 ;
1=
1>
#7185
0&
0=
0>
#7190
b00000000000000000000001011001111 "
b00000000000000000000001011001111 $
1&
b0001011001100 8
b0001011001101 ;
1=
1>
#7195
0&
0=
0>
#7200
b00000000000000000000001011010000 "
b00000000000000000000001011010000 $
1&
b0001011001101 8
b0001011001110 ;
1=
1>
#7205
0&
0=
0>
#7210
b00000000000000000000001011010001 "
b00000000000000000000001011010001 $
1&
b0001011001110 8
b0001011001111 ;
1=
1>
#7215
0&
0=
0>
#7220
b00000000000000000000001011010010 "
b00000000000000000000001011010010 $
1&
b0001011001111 8
b0001011010000 ;
1=
1>
#7225
0&
0=
0>
#7230
b00000000000000000000001011010011 "
b00000000000000000000001011010011 $
1&
b0001011010000 8
b0001011010001 ;
1=
1>
#7235
0&
0=
0>
#7240
b00000000000000000000001011010100 "
b00000000000000000000001011010100 $
1&
b0001011010001 8
b0001011010010 ;
1=
1>
#7245
0&
0=
0>
#7250
b00000000000000000000001011010101 "
b00000000000000000000001011010101 $
1&
b0001011010010 8
b0001011010011 ;
1=
1>
#7255
0&
0=
0>
#7260
b00000000000000000000001011010110 "
b00000000000000000000001011010110 $
1&
b0001011010011 8
b0001011010100 ;
1=
1>
#7265
0&
0=
0>
#7270
b00000000000000000000001011010111 "
b00000000000000000000001011010111 $
1&
b0001011010100 8
b0001011010101 ;
1=
1>
#7275
0&
0=
0>
#7280
b00000000000000000000001011011000 "
b00000000000000000000001011011000 $
1&
b0001011010101 8
b0001011010110 ;
1=
1>
#7285
0&
0=
0>
#7290
b00000000000000000000001011011001 "
b00000000000000000000001011011001 $
1&
b0001011010110 8
b0001011010111 ;
1=
1>
#7295
0&
0=
0>
#7300
b00000000000000000000001011011010 "
b00000000000000000000001011011010 $
1&
b0001011010111 8
b0001011011000 ;
1=
1>
#7305
0&
0=
0>
#7310
b00000000000000000000001011011011 "
b00000000000000000000001011011011 $
1&
b0001011011000 8
b0001011011001 ;
1=
1>
#7315
0&
0=
0>
#7320
b00000000000000000000001011011100 "
b00000000000000000000001011011100 $
1&
b0001011011001 8
b0001011011010 ;
1=
1>
#7325
0&
0=
0>
#7330
b00000000000000000000001011011101 "
b00000000000000000000001011011101 $
1&
b0001011011010 8
b0001011011011 ;
1=
1>
#7335
0&
0=
0>
#7340
b00000000000000000000001011011110 "
b00000000000000000000001011011110 $
1&
b0001011011011 8
b0001011011100 ;
1=
1>
#7345
0&
0=
0>
#7350
b00000000000000000000001011011111 "
b00000000000000000000001011011111 $
1&
b0001011011100 8
b0001011011101 ;
1=
1>
#7355
0&
0=
0>
#7360
b00000000000000000000001011100000 "
b00000000000000000000001011100000 $
1&
b0001011011101 8
b0001011011110 ;
1=
1>
#7365
0&
0=
0>
#7370
b00000000000000000000001011100001 "
b00000000000000000000001011100001 $
1&
b0001011011110 8
b0001011011111 ;
1=
1>
#7375
0&
0=
0>
#7380
b00000000000000000000001011100010 "
b00000000000000000000001011100010 $
1&
b0001011011111 8
b0001011100000 ;
1=
1>
#7385
0&
0=
0>
#7390
b00000000000000000000001011100011 "
b00000000000000000000001011100011 $
1&
b0001011100000 8
b0001011100001 ;
1=
1>
#7395
0&
0=
0>
#7400
b00000000000000000000001011100100 "
b00000000000000000000001011100100 $
1&
b0001011100001 8
b0001011100010 ;
1=
1>
#7405
0&
0=
0>
#7410
b00000000000000000000001011100101 "
b00000000000000000000001011100101 $
1&
b0001011100010 8
b0001011100011 ;
1=
1>
#7415
0&
0=
0>
#7420
b00000000000000000000001011100110 "
b00000000000000000000001011100110 $
1&
b0001011100011 8
b0001011100100 ;
1=
1>
#7425
0&
0=
0>
#7430
b00000000000000000000001011100111 "
b00000000000000000000001011100111 $
1&
b0001011100100 8
b0001011100101 ;
1=
1>
#7435
0&
0=
0>
#7440
b00000000000000000000001011101000 "
b00000000000000000000001011101000 $
1&
b0001011100101 8
b0001011100110 ;
1=
1>
#7445
0&
0=
0>
#7450
b00000000000000000000001011101001 "
b00000000000000000000001011101001 $
1&
b0001011100110 8
b0001011100111 ;
1=
1>
#7455
0&
0=
0>
#7460
b00000000000000000000001011101010 "
b00000000000000000000001011101010 $
1&
b0001011100111 8
b0001011101000 ;
1=
1>
#7465
0&
0=
0>
#7470
b00000000000000000000001011101011 "
b00000000000000000000001011101011 $
1&
b0001011101000 8
b0001011101001 ;
1=
1>
#7475
0&
0=
0>
#7480
b00000000000000000000001011101100 "
b00000000000000000000001011101100 $
1&
b0001011101001 8
b0001011101010 ;
1=
1>
#7485
0&
0=
0>
#7490
b00000000000000000000001011101101 "
b00000000000000000000001011101101 $
1&
b0001011101010 8
b0001011101011 ;
1=
1>
#7495
0&
0=
0>
#7500
b00000000000000000000001011101110 "
b00000000000000000000001011101110 $
1&
b0001011101011 8
b0001011101100 ;
1=
1>
#7505
0&
0=
0>
#7510
b00000000000000000000001011101111 "
b00000000000000000000001011101111 $
1&
b0001011101100 8
b0001011101101 ;
1=
1>
#7515
0&
0=
0>
#7520
b00000000000000000000001011110000 "
b00000000000000000000001011110000 $
1&
b0001011101101 8
b0001011101110 ;
1=
1>
#7525
0&
0=
0>
#7530
b00000000000000000000001011110001 "
b00000000000000000000001011110001 $
1&
b0001011101110 8
b0001011101111 ;
1=
1>
#7535
0&
0=
0>
#7540
b00000000000000000000001011110010 "
b00000000000000000000001011110010 $
1&
b0001011101111 8
b0001011110000 ;
1=
1>
#7545
0&
0=
0>
#7550
b00000000000000000000001011110011 "
b00000000000000000000001011110011 $
1&
b0001011110000 8
b0001011110001 ;
1=
1>
#7555
0&
0=
0>
#7560
b00000000000000000000001011110100 "
b00000000000000000000001011110100 $
1&
b0001011110001 8
b0001011110010 ;
1=
1>
#7565
0&
0=
0>
#7570
b00000000000000000000001011110101 "
b00000000000000000000001011110101 $
1&
b0001011110010 8
b0001011110011 ;
1=
1>
#7575
0&
0=
0>
#7580
b00000000000000000000001011110110 "
b00000000000000000000001011110110 $
1&
b0001011110011 8
b0001011110100 ;
1=
1>
#7585
0&
0=
0>
#7590
b00000000000000000000001011110111 "
b00000000000000000000001011110111 $
1&
b0001011110100 8
b0001011110101 ;
1=
1>
#7595
0&
0=
0>
#7600
b00000000000000000000001011111000 "
b00000000000000000000001011111000 $
1&
b0001011110101 8
b0001011110110 ;
1=
1>
#7605
0&
0=
0>
#7610
b00000000000000000000001011111001 "
b00000000000000000000001011111001 $
1&
b0001011110110 8
b0001011110111 ;
1=
1>
#7615
0&
0=
0>
#7620
b00000000000000000000001011111010 "
b00000000000000000000001011111010 $
1&
b0001011110111 8
b0001011111000 ;
1=
1>
#7625
0&
0=
0>
#7630
b00000000000000000000001011111011 "
b00000000000000000000001011111011 $
1&
b0001011111000 8
b0001011111001 ;
1=
1>
#7635
0&
0=
0>
#7640
b00000000000000000000001011111100 "
b00000000000000000000001011111100 $
1&
b0001011111001 8
b0001011111010 ;
1=
1>
#7645
0&
0=
0>
#7650
b00000000000000000000001011111101 "
b00000000000000000000001011111101 $
1&
b0001011111010 8
b0001011111011 ;
1=
1>
#7655
0&
0=
0>
#7660
b00000000000000000000001011111110 "
b00000000000000000000001011111110 $
1&
b0001011111011 8
b0001011111100 ;
1=
1>
#7665
0&
0=
0>
#7670
b00000000000000000000001011111111 "
b00000000000000000000001011111111 $
1&
b0001011111100 8
b0001011111101 ;
1=
1>
#7675
0&
0=
0>
#7680
b00000000000000000000001100000000 "
b00000000000000000000001100000000 $
1&
b0001011111101 8
b0001011111110 ;
1=
1>
#7685
0&
0=
0>
#7690
b00000000000000000000001100000001 "
b00000000000000000000001100000001 $
1&
b0001011111110 8
b0001011111111 ;
1=
1>
#7695
0&
0=
0>
#7700
b00000000000000000000001100000010 "
b00000000000000000000001100000010 $
1&
b0001011111111 8
b0001100000000 ;
1=
1>
#7705
0&
0=
0>
#7710
b00000000000000000000001100000011 "
b00000000000000000000001100000011 $
1&
b0001100000000 8
b0001100000001 ;
1=
1>
#7715
0&
0=
0>
#7720
b00000000000000000000001100000100 "
b00000000000000000000001100000100 $
1&
b0001100000001 8
b0001100000010 ;
1=
1>
#7725
0&
0=
0>
#7730
b00000000000000000000001100000101 "
b00000000000000000000001100000101 $
1&
b0001100000010 8
b0001100000011 ;
1=
1>
#7735
0&
0=
0>
#7740
b00000000000000000000001100000110 "
b00000000000000000000001100000110 $
1&
b0001100000011 8
b0001100000100 ;
1=
1>
#7745
0&
0=
0>
#7750
b00000000000000000000001100000111 "
b00000000000000000000001100000111 $
1&
b0001100000100 8
b0001100000101 ;
1=
1>
#7755
0&
0=
0>
#7760
b00000000000000000000001100001000 "
b00000000000000000000001100001000 $
1&
b0001100000101 8
b0001100000110 ;
1=
1>
#7765
0&
0=
0>
#7770
b00000000000000000000001100001001 "
b00000000000000000000001100001001 $
1&
b0001100000110 8
b0001100000111 ;
1=
1>
#7775
0&
0=
0>
#7780
b00000000000000000000001100001010 "
b00000000000000000000001100001010 $
1&
b0001100000111 8
b0001100001000 ;
1=
1>
#7785
0&
0=
0>
#7790
b00000000000000000000001100001011 "
b00000000000000000000001100001011 $
1&
b0001100001000 8
b0001100001001 ;
1=
1>
#7795
0&
0=
0>
#7800
b00000000000000000000001100001100 "
b00000000000000000000001100001100 $
1&
b0001100001001 8
b0001100001010 ;
1=
1>
#7805
0&
0=
0>
#7810
b00000000000000000000001100001101 "
b00000000000000000000001100001101 $
1&
b0001100001010 8
b0001100001011 ;
1=
1>
#7815
0&
0=
0>
#7820
b00000000000000000000001100001110 "
b00000000000000000000001100001110 $
1&
b0001100001011 8
b0001100001100 ;
1=
1>
#7825
0&
0=
0>
#7830
b00000000000000000000001100001111 "
b00000000000000000000001100001111 $
1&
b0001100001100 8
b0001100001101 ;
1=
1>
#7835
0&
0=
0>
#7840
b00000000000000000000001100010000 "
b00000000000000000000001100010000 $
1&
b0001100001101 8
b0001100001110 ;
1=
1>
#7845
0&
0=
0>
#7850
b00000000000000000000001100010001 "
b00000000000000000000001100010001 $
1&
b0001100001110 8
b0001100001111 ;
1=
1>
#7855
0&
0=
0>
#7860
b00000000000000000000001100010010 "
b00000000000000000000001100010010 $
1&
b0001100001111 8
b0001100010000 ;
1=
1>
#7865
0&
0=
0>
#7870
b00000000000000000000001100010011 "
b00000000000000000000001100010011 $
1&
b0001100010000 8
b0001100010001 ;
1=
1>
#7875
0&
0=
0>
#7880
b00000000000000000000001100010100 "
b00000000000000000000001100010100 $
1&
b0001100010001 8
b0001100010010 ;
1=
1>
#7885
0&
0=
0>
#7890
b00000000000000000000001100010101 "
b00000000000000000000001100010101 $
1&
b0001100010010 8
b0001100010011 ;
1=
1>
#7895
0&
0=
0>
#7900
b00000000000000000000001100010110 "
b00000000000000000000001100010110 $
1&
b0001100010011 8
b0001100010100 ;
1=
1>
#7905
0&
0=
0>
#7910
b00000000000000000000001100010111 "
b00000000000000000000001100010111 $
1&
b0001100010100 8
b0001100010101 ;
1=
1>
#7915
0&
0=
0>
#7920
b00000000000000000000001100011000 "
b00000000000000000000001100011000 $
1&
b0001100010101 8
b0001100010110 ;
1=
1>
#7925
0&
0=
0>
#7930
b00000000000000000000001100011001 "
b00000000000000000000001100011001 $
1&
b0001100010110 8
b0001100010111 ;
1=
1>
#7935
0&
0=
0>
#7940
b00000000000000000000001100011010 "
b00000000000000000000001100011010 $
1&
b0001100010111 8
b0001100011000 ;
1=
1>
#7945
0&
0=
0>
#7950
b00000000000000000000001100011011 "
b00000000000000000000001100011011 $
1&
b0001100011000 8
b0001100011001 ;
1=
1>
#7955
0&
0=
0>
#7960
b00000000000000000000001100011100 "
b00000000000000000000001100011100 $
1&
b0001100011001 8
b0001100011010 ;
1=
1>
#7965
0&
0=
0>
#7970
b00000000000000000000001100011101 "
b00000000000000000000001100011101 $
1&
b0001100011010 8
b0001100011011 ;
1=
1>
#7975
0&
0=
0>
#7980
b00000000000000000000001100011110 "
b00000000000000000000001100011110 $
1&
b0001100011011 8
b0001100011100 ;
1=
1>
#7985
0&
0=
0>
#7990
b00000000000000000000001100011111 "
b00000000000000000000001100011111 $
1&
b0001100011100 8
b0001100011101 ;
1=
1>
#7995
0&
0=
0>
#8000
b00000000000000000000001100100000 "
b00000000000000000000001100100000 $
1&
b0001100011101 8
b0001100011110 ;
1=
1>
#8005
0&
0=
0>
#8010
b00000000000000000000001100100001 "
b00000000000000000000001100100001 $
1&
b0001100011110 8
b0001100011111 ;
1=
1>
#8015
0&
0=
0>
#8020
b00000000000000000000001100100010 "
b00000000000000000000001100100010 $
1&
b0001100011111 8
b0001100100000 ;
1=
1>
#8025
0&
0=
0>
#8030
b00000000000000000000001100100011 "
b00000000000000000000001100100011 $
1&
b0001100100000 8
b0001100100001 ;
1=
1>
#8035
0&
0=
0>
#8040
b00000000000000000000001100100100 "
b00000000000000000000001100100100 $
1&
b0001100100001 8
b0001100100010 ;
1=
1>
#8045
0&
0=
0>
#8050
b00000000000000000000001100100101 "
b00000000000000000000001100100101 $
1&
b0001100100010 8
b0001100100011 ;
1=
1>
#8055
0&
0=
0>
#8060
b00000000000000000000001100100110 "
b00000000000000000000001100100110 $
1&
b0001100100011 8
b0001100100100 ;
1=
1>
#8065
0&
0=
0>
#8070
b00000000000000000000001100100111 "
b00000000000000000000001100100111 $
1&
b0001100100100 8
b0001100100101 ;
1=
1>
#8075
0&
0=
0>
#8080
b00000000000000000000001100101000 "
b00000000000000000000001100101000 $
1&
b0001100100101 8
b0001100100110 ;
1=
1>
#8085
0&
0=
0>
#8090
b00000000000000000000001100101001 "
b00000000000000000000001100101001 $
1&
b0001100100110 8
b0001100100111 ;
1=
1>
#8095
0&
0=
0>
#8100
b00000000000000000000001100101010 "
b00000000000000000000001100101010 $
1&
b0001100100111 8
b0001100101000 ;
1=
1>
#8105
0&
0=
0>
#8110
b00000000000000000000001100101011 "
b00000000000000000000001100101011 $
1&
b0001100101000 8
b0001100101001 ;
1=
1>
#8115
0&
0=
0>
#8120
b00000000000000000000001100101100 "
b00000000000000000000001100101100 $
1&
b0001100101001 8
b0001100101010 ;
1=
1>
#8125
0&
0=
0>
#8130
b00000000000000000000001100101101 "
b00000000000000000000001100101101 $
1&
b0001100101010 8
b0001100101011 ;
1=
1>
#8135
0&
0=
0>
#8140
b00000000000000000000001100101110 "
b00000000000000000000001100101110 $
1&
b0001100101011 8
b0001100101100 ;
1=
1>
#8145
0&
0=
0>
#8150
b00000000000000000000001100101111 "
b00000000000000000000001100101111 $
1&
b0001100101100 8
b0001100101101 ;
1=
1>
#8155
0&
0=
0>
#8160
b00000000000000000000001100110000 "
b00000000000000000000001100110000 $
1&
b0001100101101 8
b0001100101110 ;
1=
1>
#8165
0&
0=
0>
#8170
b00000000000000000000001100110001 "
b00000000000000000000001100110001 $
1&
b0001100101110 8
b0001100101111 ;
1=
1>
#8175
0&
0=
0>
#8180
b00000000000000000000001100110010 "
b00000000000000000000001100110010 $
1&
b0001100101111 8
b0001100110000 ;
1=
1>
#8185
0&
0=
0>
#8190
b00000000000000000000001100110011 "
b00000000000000000000001100110011 $
1&
b0001100110000 8
b0001100110001 ;
1=
1>
#8195
0&
0=
0>
#8200
b00000000000000000000001100110100 "
b00000000000000000000001100110100 $
1&
b0001100110001 8
b0001100110010 ;
1=
1>
#8205
0&
0=
0>
#8210
b00000000000000000000001100110101 "
b00000000000000000000001100110101 $
1&
b0001100110010 8
b0001100110011 ;
1=
1>
#8215
0&
0=
0>
#8220
b00000000000000000000001100110110 "
b00000000000000000000001100110110 $
1&
b0001100110011 8
b0001100110100 ;
1=
1>
#8225
0&
0=
0>
#8230
b00000000000000000000001100110111 "
b00000000000000000000001100110111 $
1&
b0001100110100 8
b0001100110101 ;
1=
1>
#8235
0&
0=
0>
#8240
b00000000000000000000001100111000 "
b00000000000000000000001100111000 $
1&
b0001100110101 8
b0001100110110 ;
1=
1>
#8245
0&
0=
0>
#8250
b00000000000000000000001100111001 "
b00000000000000000000001100111001 $
1&
b0001100110110 8
b0001100110111 ;
1=
1>
#8255
0&
0=
0>
#8260
b00000000000000000000001100111010 "
b00000000000000000000001100111010 $
1&
b0001100110111 8
b0001100111000 ;
1=
1>
#8265
0&
0=
0>
#8270
b00000000000000000000001100111011 "
b00000000000000000000001100111011 $
1&
b0001100111000 8
b0001100111001 ;
1=
1>
#8275
0&
0=
0>
#8280
b00000000000000000000001100111100 "
b00000000000000000000001100111100 $
1&
b0001100111001 8
b0001100111010 ;
1=
1>
#8285
0&
0=
0>
#8290
b00000000000000000000001100111101 "
b00000000000000000000001100111101 $
1&
b0001100111010 8
b0001100111011 ;
1=
1>
#8295
0&
0=
0>
#8300
b00000000000000000000001100111110 "
b00000000000000000000001100111110 $
1&
b0001100111011 8
b0001100111100 ;
1=
1>
#8305
0&
0=
0>
#8310
b00000000000000000000001100111111 "
b00000000000000000000001100111111 $
1&
b0001100111100 8
b0001100111101 ;
1=
1>
#8315
0&
0=
0>
#8320
b00000000000000000000001101000000 "
b00000000000000000000001101000000 $
1&
b0001100111101 8
b0001100111110 ;
1=
1>
#8325
0&
0=
0>
#8330
b00000000000000000000001101000001 "
b00000000000000000000001101000001 $
1&
b0001100111110 8
b0001100111111 ;
1=
1>
#8335
0&
0=
0>
#8340
b00000000000000000000001101000010 "
b00000000000000000000001101000010 $
1&
b0001100111111 8
b0001101000000 ;
1=
1>
#8345
0&
0=
0>
#8350
b00000000000000000000001101000011 "
b00000000000000000000001101000011 $
1&
b0001101000000 8
b0001101000001 ;
1=
1>
#8355
0&
0=
0>
#8360
b00000000000000000000001101000100 "
b00000000000000000000001101000100 $
1&
b0001101000001 8
b0001101000010 ;
1=
1>
#8365
0&
0=
0>
#8370
b00000000000000000000001101000101 "
b00000000000000000000001101000101 $
1&
b0001101000010 8
b0001101000011 ;
1=
1>
#8375
0&
0=
0>
#8380
b00000000000000000000001101000110 "
b00000000000000000000001101000110 $
1&
b0001101000011 8
b0001101000100 ;
1=
1>
#8385
0&
0=
0>
#8390
b00000000000000000000001101000111 "
b00000000000000000000001101000111 $
1&
b0001101000100 8
b0001101000101 ;
1=
1>
#8395
0&
0=
0>
#8400
b00000000000000000000001101001000 "
b00000000000000000000001101001000 $
1&
b0001101000101 8
b0001101000110 ;
1=
1>
#8405
0&
0=
0>
#8410
b00000000000000000000001101001001 "
b00000000000000000000001101001001 $
1&
b0001101000110 8
b0001101000111 ;
1=
1>
#8415
0&
0=
0>
#8420
b00000000000000000000001101001010 "
b00000000000000000000001101001010 $
1&
b0001101000111 8
b0001101001000 ;
1=
1>
#8425
0&
0=
0>
#8430
b00000000000000000000001101001011 "
b00000000000000000000001101001011 $
1&
b0001101001000 8
b0001101001001 ;
1=
1>
#8435
0&
0=
0>
#8440
b00000000000000000000001101001100 "
b00000000000000000000001101001100 $
1&
b0001101001001 8
b0001101001010 ;
1=
1>
#8445
0&
0=
0>
#8450
b00000000000000000000001101001101 "
b00000000000000000000001101001101 $
1&
b0001101001010 8
b0001101001011 ;
1=
1>
#8455
0&
0=
0>
#8460
b00000000000000000000001101001110 "
b00000000000000000000001101001110 $
1&
b0001101001011 8
b0001101001100 ;
1=
1>
#8465
0&
0=
0>
#8470
b00000000000000000000001101001111 "
b00000000000000000000001101001111 $
1&
b0001101001100 8
b0001101001101 ;
1=
1>
#8475
0&
0=
0>
#8480
b00000000000000000000001101010000 "
b00000000000000000000001101010000 $
1&
b0001101001101 8
b0001101001110 ;
1=
1>
#8485
0&
0=
0>
#8490
b00000000000000000000001101010001 "
b00000000000000000000001101010001 $
1&
b0001101001110 8
b0001101001111 ;
1=
1>
#8495
0&
0=
0>
#8500
b00000000000000000000001101010010 "
b00000000000000000000001101010010 $
1&
b0001101001111 8
b0001101010000 ;
1=
1>
#8505
0&
0=
0>
#8510
b00000000000000000000001101010011 "
b00000000000000000000001101010011 $
1&
b0001101010000 8
b0001101010001 ;
1=
1>
#8515
0&
0=
0>
#8520
b00000000000000000000001101010100 "
b00000000000000000000001101010100 $
1&
b0001101010001 8
b0001101010010 ;
1=
1>
#8525
0&
0=
0>
#8530
b00000000000000000000001101010101 "
b00000000000000000000001101010101 $
1&
b0001101010010 8
b0001101010011 ;
1=
1>
#8535
0&
0=
0>
#8540
b00000000000000000000001101010110 "
b00000000000000000000001101010110 $
1&
b0001101010011 8
b0001101010100 ;
1=
1>
#8545
0&
0=
0>
#8550
b00000000000000000000001101010111 "
b00000000000000000000001101010111 $
1&
b0001101010100 8
b0001101010101 ;
1=
1>
#8555
0&
0=
0>
#8560
b00000000000000000000001101011000 "
b00000000000000000000001101011000 $
1&
b0001101010101 8
b0001101010110 ;
1=
1>
#8565
0&
0=
0>
#8570
b00000000000000000000001101011001 "
b00000000000000000000001101011001 $
1&
b0001101010110 8
b0001101010111 ;
1=
1>
#8575
0&
0=
0>
#8580
b00000000000000000000001101011010 "
b00000000000000000000001101011010 $
1&
b0001101010111 8
b0001101011000 ;
1=
1>
#8585
0&
0=
0>
#8590
b00000000000000000000001101011011 "
b00000000000000000000001101011011 $
1&
b0001101011000 8
b0001101011001 ;
1=
1>
#8595
0&
0=
0>
#8600
b00000000000000000000001101011100 "
b00000000000000000000001101011100 $
1&
b0001101011001 8
b0001101011010 ;
1=
1>
#8605
0&
0=
0>
#8610
b00000000000000000000001101011101 "
b00000000000000000000001101011101 $
1&
b0001101011010 8
b0001101011011 ;
1=
1>
#8615
0&
0=
0>
#8620
b00000000000000000000001101011110 "
b00000000000000000000001101011110 $
1&
b0001101011011 8
b0001101011100 ;
1=
1>
#8625
0&
0=
0>
#8630
b00000000000000000000001101011111 "
b00000000000000000000001101011111 $
1&
b0001101011100 8
b0001101011101 ;
1=
1>
#8635
0&
0=
0>
#8640
b00000000000000000000001101100000 "
b00000000000000000000001101100000 $
1&
b0001101011101 8
b0001101011110 ;
1=
1>
#8645
0&
0=
0>
#8650
b00000000000000000000001101100001 "
b00000000000000000000001101100001 $
1&
b0001101011110 8
b0001101011111 ;
1=
1>
#8655
0&
0=
0>
#8660
b00000000000000000000001101100010 "
b00000000000000000000001101100010 $
1&
b0001101011111 8
b0001101100000 ;
1=
1>
#8665
0&
0=
0>
#8670
b00000000000000000000001101100011 "
b00000000000000000000001101100011 $
1&
b0001101100000 8
b0001101100001 ;
1=
1>
#8675
0&
0=
0>
#8680
b00000000000000000000001101100100 "
b00000000000000000000001101100100 $
1&
b0001101100001 8
b0001101100010 ;
1=
1>
#8685
0&
0=
0>
#8690
b00000000000000000000001101100101 "
b00000000000000000000001101100101 $
1&
b0001101100010 8
b0001101100011 ;
1=
1>
#8695
0&
0=
0>
#8700
b00000000000000000000001101100110 "
b00000000000000000000001101100110 $
1&
b0001101100011 8
b0001101100100 ;
1=
1>
#8705
0&
0=
0>
#8710
b00000000000000000000001101100111 "
b00000000000000000000001101100111 $
1&
b0001101100100 8
b0001101100101 ;
1=
1>
#8715
0&
0=
0>
#8720
b00000000000000000000001101101000 "
b00000000000000000000001101101000 $
1&
b0001101100101 8
b0001101100110 ;
1=
1>
#8725
0&
0=
0>
#8730
b00000000000000000000001101101001 "
b00000000000000000000001101101001 $
1&
b0001101100110 8
b0001101100111 ;
1=
1>
#8735
0&
0=
0>
#8740
b00000000000000000000001101101010 "
b00000000000000000000001101101010 $
1&
b0001101100111 8
b0001101101000 ;
1=
1>
#8745
0&
0=
0>
#8750
b00000000000000000000001101101011 "
b00000000000000000000001101101011 $
1&
b0001101101000 8
b0001101101001 ;
1=
1>
#8755
0&
0=
0>
#8760
b00000000000000000000001101101100 "
b00000000000000000000001101101100 $
1&
b0001101101001 8
b0001101101010 ;
1=
1>
#8765
0&
0=
0>
#8770
b00000000000000000000001101101101 "
b00000000000000000000001101101101 $
1&
b0001101101010 8
b0001101101011 ;
1=
1>
#8775
0&
0=
0>
#8780
b00000000000000000000001101101110 "
b00000000000000000000001101101110 $
1&
b0001101101011 8
b0001101101100 ;
1=
1>
#8785
0&
0=
0>
#8790
b00000000000000000000001101101111 "
b00000000000000000000001101101111 $
1&
b0001101101100 8
b0001101101101 ;
1=
1>
#8795
0&
0=
0>
#8800
b00000000000000000000001101110000 "
b00000000000000000000001101110000 $
1&
b0001101101101 8
b0001101101110 ;
1=
1>
#8805
0&
0=
0>
#8810
b00000000000000000000001101110001 "
b00000000000000000000001101110001 $
1&
b0001101101110 8
b0001101101111 ;
1=
1>
#8815
0&
0=
0>
#8820
b00000000000000000000001101110010 "
b00000000000000000000001101110010 $
1&
b0001101101111 8
b0001101110000 ;
1=
1>
#8825
0&
0=
0>
#8830
b00000000000000000000001101110011 "
b00000000000000000000001101110011 $
1&
b0001101110000 8
b0001101110001 ;
1=
1>
#8835
0&
0=
0>
#8840
b00000000000000000000001101110100 "
b00000000000000000000001101110100 $
1&
b0001101110001 8
b0001101110010 ;
1=
1>
#8845
0&
0=
0>
#8850
b00000000000000000000001101110101 "
b00000000000000000000001101110101 $
1&
b0001101110010 8
b0001101110011 ;
1=
1>
#8855
0&
0=
0>
#8860
b00000000000000000000001101110110 "
b00000000000000000000001101110110 $
1&
b0001101110011 8
b0001101110100 ;
1=
1>
#8865
0&
0=
0>
#8870
b00000000000000000000001101110111 "
b00000000000000000000001101110111 $
1&
b0001101110100 8
b0001101110101 ;
1=
1>
#8875
0&
0=
0>
#8880
b00000000000000000000001101111000 "
b00000000000000000000001101111000 $
1&
b0001101110101 8
b0001101110110 ;
1=
1>
#8885
0&
0=
0>
#8890
b00000000000000000000001101111001 "
b00000000000000000000001101111001 $
1&
b0001101110110 8
b0001101110111 ;
1=
1>
#8895
0&
0=
0>
#8900
b00000000000000000000001101111010 "
b00000000000000000000001101111010 $
1&
b0001101110111 8
b0001101111000 ;
1=
1>
#8905
0&
0=
0>
#8910
b00000000000000000000001101111011 "
b00000000000000000000001101111011 $
1&
b0001101111000 8
b0001101111001 ;
1=
1>
#8915
0&
0=
0>
#8920
b00000000000000000000001101111100 "
b00000000000000000000001101111100 $
1&
b0001101111001 8
b0001101111010 ;
1=
1>
#8925
0&
0=
0>
#8930
b00000000000000000000001101111101 "
b00000000000000000000001101111101 $
1&
b0001101111010 8
b0001101111011 ;
1=
1>
#8935
0&
0=
0>
#8940
b00000000000000000000001101111110 "
b00000000000000000000001101111110 $
1&
b0001101111011 8
b0001101111100 ;
1=
1>
#8945
0&
0=
0>
#8950
b00000000000000000000001101111111 "
b00000000000000000000001101111111 $
1&
b0001101111100 8
b0001101111101 ;
1=
1>
#8955
0&
0=
0>
#8960
b00000000000000000000001110000000 "
b00000000000000000000001110000000 $
1&
b0001101111101 8
b0001101111110 ;
1=
1>
#8965
0&
0=
0>
#8970
b00000000000000000000001110000001 "
b00000000000000000000001110000001 $
1&
b0001101111110 8
b0001101111111 ;
1=
1>
#8975
0&
0=
0>
#8980
b00000000000000000000001110000010 "
b00000000000000000000001110000010 $
1&
b0001101111111 8
b0001110000000 ;
1=
1>
#8985
0&
0=
0>
#8990
b00000000000000000000001110000011 "
b00000000000000000000001110000011 $
1&
b0001110000000 8
b0001110000001 ;
1=
1>
#8995
0&
0=
0>
#9000
b00000000000000000000001110000100 "
b00000000000000000000001110000100 $
1&
b0001110000001 8
b0001110000010 ;
1=
1>
#9005
0&
0=
0>
#9010
b00000000000000000000001110000101 "
b00000000000000000000001110000101 $
1&
b0001110000010 8
b0001110000011 ;
1=
1>
#9015
0&
0=
0>
#9020
b00000000000000000000001110000110 "
b00000000000000000000001110000110 $
1&
b0001110000011 8
b0001110000100 ;
1=
1>
#9025
0&
0=
0>
#9030
b00000000000000000000001110000111 "
b00000000000000000000001110000111 $
1&
b0001110000100 8
b0001110000101 ;
1=
1>
#9035
0&
0=
0>
#9040
b00000000000000000000001110001000 "
b00000000000000000000001110001000 $
1&
b0001110000101 8
b0001110000110 ;
1=
1>
#9045
0&
0=
0>
#9050
b00000000000000000000001110001001 "
b00000000000000000000001110001001 $
1&
b0001110000110 8
b0001110000111 ;
1=
1>
#9055
0&
0=
0>
#9060
b00000000000000000000001110001010 "
b00000000000000000000001110001010 $
1&
b0001110000111 8
b0001110001000 ;
1=
1>
#9065
0&
0=
0>
#9070
b00000000000000000000001110001011 "
b00000000000000000000001110001011 $
1&
b0001110001000 8
b0001110001001 ;
1=
1>
#9075
0&
0=
0>
#9080
b00000000000000000000001110001100 "
b00000000000000000000001110001100 $
1&
b0001110001001 8
b0001110001010 ;
1=
1>
#9085
0&
0=
0>
#9090
b00000000000000000000001110001101 "
b00000000000000000000001110001101 $
1&
b0001110001010 8
b0001110001011 ;
1=
1>
#9095
0&
0=
0>
#9100
b00000000000000000000001110001110 "
b00000000000000000000001110001110 $
1&
b0001110001011 8
b0001110001100 ;
1=
1>
#9105
0&
0=
0>
#9110
b00000000000000000000001110001111 "
b00000000000000000000001110001111 $
1&
b0001110001100 8
b0001110001101 ;
1=
1>
#9115
0&
0=
0>
#9120
b00000000000000000000001110010000 "
b00000000000000000000001110010000 $
1&
b0001110001101 8
b0001110001110 ;
1=
1>
#9125
0&
0=
0>
#9130
b00000000000000000000001110010001 "
b00000000000000000000001110010001 $
1&
b0001110001110 8
b0001110001111 ;
1=
1>
#9135
0&
0=
0>
#9140
b00000000000000000000001110010010 "
b00000000000000000000001110010010 $
1&
b0001110001111 8
b0001110010000 ;
1=
1>
#9145
0&
0=
0>
#9150
b00000000000000000000001110010011 "
b00000000000000000000001110010011 $
1&
b0001110010000 8
b0001110010001 ;
1=
1>
#9155
0&
0=
0>
#9160
b00000000000000000000001110010100 "
b00000000000000000000001110010100 $
1&
b0001110010001 8
b0001110010010 ;
1=
1>
#9165
0&
0=
0>
#9170
b00000000000000000000001110010101 "
b00000000000000000000001110010101 $
1&
b0001110010010 8
b0001110010011 ;
1=
1>
#9175
0&
0=
0>
#9180
b00000000000000000000001110010110 "
b00000000000000000000001110010110 $
1&
b0001110010011 8
b0001110010100 ;
1=
1>
#9185
0&
0=
0>
#9190
b00000000000000000000001110010111 "
b00000000000000000000001110010111 $
1&
b0001110010100 8
b0001110010101 ;
1=
1>
#9195
0&
0=
0>
#9200
b00000000000000000000001110011000 "
b00000000000000000000001110011000 $
1&
b0001110010101 8
b0001110010110 ;
1=
1>
#9205
0&
0=
0>
#9210
b00000000000000000000001110011001 "
b00000000000000000000001110011001 $
1&
b0001110010110 8
b0001110010111 ;
1=
1>
#9215
0&
0=
0>
#9220
b00000000000000000000001110011010 "
b00000000000000000000001110011010 $
1&
b0001110010111 8
b0001110011000 ;
1=
1>
#9225
0&
0=
0>
#9230
b00000000000000000000001110011011 "
b00000000000000000000001110011011 $
1&
b0001110011000 8
b0001110011001 ;
1=
1>
#9235
0&
0=
0>
#9240
b00000000000000000000001110011100 "
b00000000000000000000001110011100 $
1&
b0001110011001 8
b0001110011010 ;
1=
1>
#9245
0&
0=
0>
#9250
b00000000000000000000001110011101 "
b00000000000000000000001110011101 $
1&
b0001110011010 8
b0001110011011 ;
1=
1>
#9255
0&
0=
0>
#9260
b00000000000000000000001110011110 "
b00000000000000000000001110011110 $
1&
b0001110011011 8
b0001110011100 ;
1=
1>
#9265
0&
0=
0>
#9270
b00000000000000000000001110011111 "
b00000000000000000000001110011111 $
1&
b0001110011100 8
b0001110011101 ;
1=
1>
#9275
0&
0=
0>
#9280
b00000000000000000000001110100000 "
b00000000000000000000001110100000 $
1&
b0001110011101 8
b0001110011110 ;
1=
1>
#9285
0&
0=
0>
#9290
b00000000000000000000001110100001 "
b00000000000000000000001110100001 $
1&
b0001110011110 8
b0001110011111 ;
1=
1>
#9295
0&
0=
0>
#9300
b00000000000000000000001110100010 "
b00000000000000000000001110100010 $
1&
b0001110011111 8
b0001110100000 ;
1=
1>
#9305
0&
0=
0>
#9310
b00000000000000000000001110100011 "
b00000000000000000000001110100011 $
1&
b0001110100000 8
b0001110100001 ;
1=
1>
#9315
0&
0=
0>
#9320
b00000000000000000000001110100100 "
b00000000000000000000001110100100 $
1&
b0001110100001 8
b0001110100010 ;
1=
1>
#9325
0&
0=
0>
#9330
b00000000000000000000001110100101 "
b00000000000000000000001110100101 $
1&
b0001110100010 8
b0001110100011 ;
1=
1>
#9335
0&
0=
0>
#9340
b00000000000000000000001110100110 "
b00000000000000000000001110100110 $
1&
b0001110100011 8
b0001110100100 ;
1=
1>
#9345
0&
0=
0>
#9350
b00000000000000000000001110100111 "
b00000000000000000000001110100111 $
1&
b0001110100100 8
b0001110100101 ;
1=
1>
#9355
0&
0=
0>
#9360
b00000000000000000000001110101000 "
b00000000000000000000001110101000 $
1&
b0001110100101 8
b0001110100110 ;
1=
1>
#9365
0&
0=
0>
#9370
b00000000000000000000001110101001 "
b00000000000000000000001110101001 $
1&
b0001110100110 8
b0001110100111 ;
1=
1>
#9375
0&
0=
0>
#9380
b00000000000000000000001110101010 "
b00000000000000000000001110101010 $
1&
b0001110100111 8
b0001110101000 ;
1=
1>
#9385
0&
0=
0>
#9390
b00000000000000000000001110101011 "
b00000000000000000000001110101011 $
1&
b0001110101000 8
b0001110101001 ;
1=
1>
#9395
0&
0=
0>
#9400
b00000000000000000000001110101100 "
b00000000000000000000001110101100 $
1&
b0001110101001 8
b0001110101010 ;
1=
1>
#9405
0&
0=
0>
#9410
b00000000000000000000001110101101 "
b00000000000000000000001110101101 $
1&
b0001110101010 8
b0001110101011 ;
1=
1>
#9415
0&
0=
0>
#9420
b00000000000000000000001110101110 "
b00000000000000000000001110101110 $
1&
b0001110101011 8
b0001110101100 ;
1=
1>
#9425
0&
0=
0>
#9430
b00000000000000000000001110101111 "
b00000000000000000000001110101111 $
1&
b0001110101100 8
b0001110101101 ;
1=
1>
#9435
0&
0=
0>
#9440
b00000000000000000000001110110000 "
b00000000000000000000001110110000 $
1&
b0001110101101 8
b0001110101110 ;
1=
1>
#9445
0&
0=
0>
#9450
b00000000000000000000001110110001 "
b00000000000000000000001110110001 $
1&
b0001110101110 8
b0001110101111 ;
1=
1>
#9455
0&
0=
0>
#9460
b00000000000000000000001110110010 "
b00000000000000000000001110110010 $
1&
b0001110101111 8
b0001110110000 ;
1=
1>
#9465
0&
0=
0>
#9470
b00000000000000000000001110110011 "
b00000000000000000000001110110011 $
1&
b0001110110000 8
b0001110110001 ;
1=
1>
#9475
0&
0=
0>
#9480
b00000000000000000000001110110100 "
b00000000000000000000001110110100 $
1&
b0001110110001 8
b0001110110010 ;
1=
1>
#9485
0&
0=
0>
#9490
b00000000000000000000001110110101 "
b00000000000000000000001110110101 $
1&
b0001110110010 8
b0001110110011 ;
1=
1>
#9495
0&
0=
0>
#9500
b00000000000000000000001110110110 "
b00000000000000000000001110110110 $
1&
b0001110110011 8
b0001110110100 ;
1=
1>
#9505
0&
0=
0>
#9510
b00000000000000000000001110110111 "
b00000000000000000000001110110111 $
1&
b0001110110100 8
b0001110110101 ;
1=
1>
#9515
0&
0=
0>
#9520
b00000000000000000000001110111000 "
b00000000000000000000001110111000 $
1&
b0001110110101 8
b0001110110110 ;
1=
1>
#9525
0&
0=
0>
#9530
b00000000000000000000001110111001 "
b00000000000000000000001110111001 $
1&
b0001110110110 8
b0001110110111 ;
1=
1>
#9535
0&
0=
0>
#9540
b00000000000000000000001110111010 "
b00000000000000000000001110111010 $
1&
b0001110110111 8
b0001110111000 ;
1=
1>
#9545
0&
0=
0>
#9550
b00000000000000000000001110111011 "
b00000000000000000000001110111011 $
1&
b0001110111000 8
b0001110111001 ;
1=
1>
#9555
0&
0=
0>
#9560
b00000000000000000000001110111100 "
b00000000000000000000001110111100 $
1&
b0001110111001 8
b0001110111010 ;
1=
1>
#9565
0&
0=
0>
#9570
b00000000000000000000001110111101 "
b00000000000000000000001110111101 $
1&
b0001110111010 8
b0001110111011 ;
1=
1>
#9575
0&
0=
0>
#9580
b00000000000000000000001110111110 "
b00000000000000000000001110111110 $
1&
b0001110111011 8
b0001110111100 ;
1=
1>
#9585
0&
0=
0>
#9590
b00000000000000000000001110111111 "
b00000000000000000000001110111111 $
1&
b0001110111100 8
b0001110111101 ;
1=
1>
#9595
0&
0=
0>
#9600
b00000000000000000000001111000000 "
b00000000000000000000001111000000 $
1&
b0001110111101 8
b0001110111110 ;
1=
1>
#9605
0&
0=
0>
#9610
b00000000000000000000001111000001 "
b00000000000000000000001111000001 $
1&
b0001110111110 8
b0001110111111 ;
1=
1>
#9615
0&
0=
0>
#9620
b00000000000000000000001111000010 "
b00000000000000000000001111000010 $
1&
b0001110111111 8
b0001111000000 ;
1=
1>
#9625
0&
0=
0>
#9630
b00000000000000000000001111000011 "
b00000000000000000000001111000011 $
1&
b0001111000000 8
b0001111000001 ;
1=
1>
#9635
0&
0=
0>
#9640
b00000000000000000000001111000100 "
b00000000000000000000001111000100 $
1&
b0001111000001 8
b0001111000010 ;
1=
1>
#9645
0&
0=
0>
#9650
b00000000000000000000001111000101 "
b00000000000000000000001111000101 $
1&
b0001111000010 8
b0001111000011 ;
1=
1>
#9655
0&
0=
0>
#9660
b00000000000000000000001111000110 "
b00000000000000000000001111000110 $
1&
b0001111000011 8
b0001111000100 ;
1=
1>
#9665
0&
0=
0>
#9670
b00000000000000000000001111000111 "
b00000000000000000000001111000111 $
1&
b0001111000100 8
b0001111000101 ;
1=
1>
#9675
0&
0=
0>
#9680
b00000000000000000000001111001000 "
b00000000000000000000001111001000 $
1&
b0001111000101 8
b0001111000110 ;
1=
1>
#9685
0&
0=
0>
#9690
b00000000000000000000001111001001 "
b00000000000000000000001111001001 $
1&
b0001111000110 8
b0001111000111 ;
1=
1>
#9695
0&
0=
0>
#9700
b00000000000000000000001111001010 "
b00000000000000000000001111001010 $
1&
b0001111000111 8
b0001111001000 ;
1=
1>
#9705
0&
0=
0>
#9710
b00000000000000000000001111001011 "
b00000000000000000000001111001011 $
1&
b0001111001000 8
b0001111001001 ;
1=
1>
#9715
0&
0=
0>
#9720
b00000000000000000000001111001100 "
b00000000000000000000001111001100 $
1&
b0001111001001 8
b0001111001010 ;
1=
1>
#9725
0&
0=
0>
#9730
b00000000000000000000001111001101 "
b00000000000000000000001111001101 $
1&
b0001111001010 8
b0001111001011 ;
1=
1>
#9735
0&
0=
0>
#9740
b00000000000000000000001111001110 "
b00000000000000000000001111001110 $
1&
b0001111001011 8
b0001111001100 ;
1=
1>
#9745
0&
0=
0>
#9750
b00000000000000000000001111001111 "
b00000000000000000000001111001111 $
1&
b0001111001100 8
b0001111001101 ;
1=
1>
#9755
0&
0=
0>
#9760
b00000000000000000000001111010000 "
b00000000000000000000001111010000 $
1&
b0001111001101 8
b0001111001110 ;
1=
1>
#9765
0&
0=
0>
#9770
b00000000000000000000001111010001 "
b00000000000000000000001111010001 $
1&
b0001111001110 8
b0001111001111 ;
1=
1>
#9775
0&
0=
0>
#9780
b00000000000000000000001111010010 "
b00000000000000000000001111010010 $
1&
b0001111001111 8
b0001111010000 ;
1=
1>
#9785
0&
0=
0>
#9790
b00000000000000000000001111010011 "
b00000000000000000000001111010011 $
1&
b0001111010000 8
b0001111010001 ;
1=
1>
#9795
0&
0=
0>
#9800
b00000000000000000000001111010100 "
b00000000000000000000001111010100 $
1&
b0001111010001 8
b0001111010010 ;
1=
1>
#9805
0&
0=
0>
#9810
b00000000000000000000001111010101 "
b00000000000000000000001111010101 $
1&
b0001111010010 8
b0001111010011 ;
1=
1>
#9815
0&
0=
0>
#9820
b00000000000000000000001111010110 "
b00000000000000000000001111010110 $
1&
b0001111010011 8
b0001111010100 ;
1=
1>
#9825
0&
0=
0>
#9830
b00000000000000000000001111010111 "
b00000000000000000000001111010111 $
1&
b0001111010100 8
b0001111010101 ;
1=
1>
#9835
0&
0=
0>
#9840
b00000000000000000000001111011000 "
b00000000000000000000001111011000 $
1&
b0001111010101 8
b0001111010110 ;
1=
1>
#9845
0&
0=
0>
#9850
b00000000000000000000001111011001 "
b00000000000000000000001111011001 $
1&
b0001111010110 8
b0001111010111 ;
1=
1>
#9855
0&
0=
0>
#9860
b00000000000000000000001111011010 "
b00000000000000000000001111011010 $
1&
b0001111010111 8
b0001111011000 ;
1=
1>
#9865
0&
0=
0>
#9870
b00000000000000000000001111011011 "
b00000000000000000000001111011011 $
1&
b0001111011000 8
b0001111011001 ;
1=
1>
#9875
0&
0=
0>
#9880
b00000000000000000000001111011100 "
b00000000000000000000001111011100 $
1&
b0001111011001 8
b0001111011010 ;
1=
1>
#9885
0&
0=
0>
#9890
b00000000000000000000001111011101 "
b00000000000000000000001111011101 $
1&
b0001111011010 8
b0001111011011 ;
1=
1>
#9895
0&
0=
0>
#9900
b00000000000000000000001111011110 "
b00000000000000000000001111011110 $
1&
b0001111011011 8
b0001111011100 ;
1=
1>
#9905
0&
0=
0>
#9910
b00000000000000000000001111011111 "
b00000000000000000000001111011111 $
1&
b0001111011100 8
b0001111011101 ;
1=
1>
#9915
0&
0=
0>
#9920
b00000000000000000000001111100000 "
b00000000000000000000001111100000 $
1&
b0001111011101 8
b0001111011110 ;
1=
1>
#9925
0&
0=
0>
#9930
b00000000000000000000001111100001 "
b00000000000000000000001111100001 $
1&
b0001111011110 8
b0001111011111 ;
1=
1>
#9935
0&
0=
0>
#9940
b00000000000000000000001111100010 "
b00000000000000000000001111100010 $
1&
b0001111011111 8
b0001111100000 ;
1=
1>
#9945
0&
0=
0>
#9950
b00000000000000000000001111100011 "
b00000000000000000000001111100011 $
1&
b0001111100000 8
b0001111100001 ;
1=
1>
#9955
0&
0=
0>
#9960
b00000000000000000000001111100100 "
b00000000000000000000001111100100 $
1&
b0001111100001 8
b0001111100010 ;
1=
1>
#9965
0&
0=
0>
#9970
b00000000000000000000001111100101 "
b00000000000000000000001111100101 $
1&
b0001111100010 8
b0001111100011 ;
1=
1>
#9975
0&
0=
0>
#9980
b00000000000000000000001111100110 "
b00000000000000000000001111100110 $
1&
b0001111100011 8
b0001111100100 ;
1=
1>
#9985
0&
0=
0>
#9990
b00000000000000000000001111100111 "
b00000000000000000000001111100111 $
1&
b0001111100100 8
b0001111100101 ;
1=
1>
#9995
0&
0=
0>
#10000
b00000000000000000000001111101000 "
b00000000000000000000001111101000 $
1&
b0001111100101 8
b0001111100110 ;
1=
1>
#10005
0&
0=
0>
#10010
b00000000000000000000001111101001 "
b00000000000000000000001111101001 $
1&
b0001111100110 8
b0001111100111 ;
1=
1>
#10015
0&
0=
0>
#10020
b00000000000000000000001111101010 "
b00000000000000000000001111101010 $
1&
b0001111100111 8
b0001111101000 ;
1=
1>
#10025
0&
0=
0>
#10030
b00000000000000000000001111101011 "
b00000000000000000000001111101011 $
1&
b0001111101000 8
b0001111101001 ;
1=
1>
#10035
0&
0=
0>
#10040
b00000000000000000000001111101100 "
b00000000000000000000001111101100 $
1&
b0001111101001 8
b0001111101010 ;
1=
1>
#10045
0&
0=
0>
#10050
b00000000000000000000001111101101 "
b00000000000000000000001111101101 $
1&
b0001111101010 8
b0001111101011 ;
1=
1>
#10055
0&
0=
0>
#10060
b00000000000000000000001111101110 "
b00000000000000000000001111101110 $
1&
b0001111101011 8
b0001111101100 ;
1=
1>
#10065
0&
0=
0>
#10070
b00000000000000000000001111101111 "
b00000000000000000000001111101111 $
1&
b0001111101100 8
b0001111101101 ;
1=
1>
#10075
0&
0=
0>
#10080
b00000000000000000000001111110000 "
b00000000000000000000001111110000 $
1&
b0001111101101 8
b0001111101110 ;
1=
1>
#10085
0&
0=
0>
#10090
b00000000000000000000001111110001 "
b00000000000000000000001111110001 $
1&
b0001111101110 8
b0001111101111 ;
1=
1>
#10095
0&
0=
0>
#10100
b00000000000000000000001111110010 "
b00000000000000000000001111110010 $
1&
b0001111101111 8
b0001111110000 ;
1=
1>
#10105
0&
0=
0>
#10110
b00000000000000000000001111110011 "
b00000000000000000000001111110011 $
1&
b0001111110000 8
b0001111110001 ;
1=
1>
#10115
0&
0=
0>
#10120
b00000000000000000000001111110100 "
b00000000000000000000001111110100 $
1&
b0001111110001 8
b0001111110010 ;
1=
1>
#10125
0&
0=
0>
#10130
b00000000000000000000001111110101 "
b00000000000000000000001111110101 $
1&
b0001111110010 8
b0001111110011 ;
1=
1>
#10135
0&
0=
0>
#10140
b00000000000000000000001111110110 "
b00000000000000000000001111110110 $
1&
b0001111110011 8
b0001111110100 ;
1=
1>
#10145
0&
0=
0>
#10150
b00000000000000000000001111110111 "
b00000000000000000000001111110111 $
1&
b0001111110100 8
b0001111110101 ;
1=
1>
#10155
0&
0=
0>
#10160
b00000000000000000000001111111000 "
b00000000000000000000001111111000 $
1&
b0001111110101 8
b0001111110110 ;
1=
1>
#10165
0&
0=
0>
#10170
b00000000000000000000001111111001 "
b00000000000000000000001111111001 $
1&
b0001111110110 8
b0001111110111 ;
1=
1>
#10175
0&
0=
0>
#10180
b00000000000000000000001111111010 "
b00000000000000000000001111111010 $
1&
b0001111110111 8
b0001111111000 ;
1=
1>
#10185
0&
0=
0>
#10190
b00000000000000000000001111111011 "
b00000000000000000000001111111011 $
1&
b0001111111000 8
b0001111111001 ;
1=
1>
#10195
0&
0=
0>
#10200
b00000000000000000000001111111100 "
b00000000000000000000001111111100 $
1&
b0001111111001 8
b0001111111010 ;
1=
1>
#10205
0&
0=
0>
#10210
b00000000000000000000001111111101 "
b00000000000000000000001111111101 $
1&
b0001111111010 8
b0001111111011 ;
1=
1>
#10215
0&
0=
0>
#10220
b00000000000000000000001111111110 "
b00000000000000000000001111111110 $
1&
b0001111111011 8
b0001111111100 ;
1=
1>
#10225
0&
0=
0>
#10230
b00000000000000000000001111111111 "
b00000000000000000000001111111111 $
1&
b0001111111100 8
b0001111111101 ;
1=
1>
#10235
0&
0=
0>
#10240
b00000000000000000000010000000000 "
b00000000000000000000010000000000 $
1&
b0001111111101 8
b0001111111110 ;
1=
1>
#10245
0&
0=
0>
#10250
b00000000000000000000010000000001 "
b00000000000000000000010000000001 $
1&
b0001111111110 8
b0001111111111 ;
1=
1>
#10255
0&
0=
0>
#10260
b00000000000000000000010000000010 "
b00000000000000000000010000000010 $
1&
b0001111111111 8
b0010000000000 ;
1=
1>
#10265
0&
0=
0>
#10270
b00000000000000000000010000000011 "
b00000000000000000000010000000011 $
1&
b0010000000000 8
b0010000000001 ;
1=
1>
#10275
0&
0=
0>
#10280
b00000000000000000000010000000100 "
b00000000000000000000010000000100 $
1&
b0010000000001 8
b0010000000010 ;
1=
1>
#10285
0&
0=
0>
#10290
b00000000000000000000010000000101 "
b00000000000000000000010000000101 $
1&
b0010000000010 8
b0010000000011 ;
1=
1>
#10295
0&
0=
0>
#10300
b00000000000000000000010000000110 "
b00000000000000000000010000000110 $
1&
b0010000000011 8
b0010000000100 ;
1=
1>
#10305
0&
0=
0>
#10310
b00000000000000000000010000000111 "
b00000000000000000000010000000111 $
1&
b0010000000100 8
b0010000000101 ;
1=
1>
#10315
0&
0=
0>
#10320
b00000000000000000000010000001000 "
b00000000000000000000010000001000 $
1&
b0010000000101 8
b0010000000110 ;
1=
1>
#10325
0&
0=
0>
#10330
b00000000000000000000010000001001 "
b00000000000000000000010000001001 $
1&
b0010000000110 8
b0010000000111 ;
1=
1>
#10335
0&
0=
0>
#10340
b00000000000000000000010000001010 "
b00000000000000000000010000001010 $
1&
b0010000000111 8
b0010000001000 ;
1=
1>
#10345
0&
0=
0>
#10350
b00000000000000000000010000001011 "
b00000000000000000000010000001011 $
1&
b0010000001000 8
b0010000001001 ;
1=
1>
#10355
0&
0=
0>
#10360
b00000000000000000000010000001100 "
b00000000000000000000010000001100 $
1&
b0010000001001 8
b0010000001010 ;
1=
1>
#10365
0&
0=
0>
#10370
b00000000000000000000010000001101 "
b00000000000000000000010000001101 $
1&
b0010000001010 8
b0010000001011 ;
1=
1>
#10375
0&
0=
0>
#10380
b00000000000000000000010000001110 "
b00000000000000000000010000001110 $
1&
b0010000001011 8
b0010000001100 ;
1=
1>
#10385
0&
0=
0>
#10390
b00000000000000000000010000001111 "
b00000000000000000000010000001111 $
1&
b0010000001100 8
b0010000001101 ;
1=
1>
#10395
0&
0=
0>
#10400
b00000000000000000000010000010000 "
b00000000000000000000010000010000 $
1&
b0010000001101 8
b0010000001110 ;
1=
1>
#10405
0&
0=
0>
#10410
b00000000000000000000010000010001 "
b00000000000000000000010000010001 $
1&
b0010000001110 8
b0010000001111 ;
1=
1>
#10415
0&
0=
0>
#10420
b00000000000000000000010000010010 "
b00000000000000000000010000010010 $
1&
b0010000001111 8
b0010000010000 ;
1=
1>
#10425
0&
0=
0>
#10430
b00000000000000000000010000010011 "
b00000000000000000000010000010011 $
1&
b0010000010000 8
b0010000010001 ;
1=
1>
#10435
0&
0=
0>
#10440
b00000000000000000000010000010100 "
b00000000000000000000010000010100 $
1&
b0010000010001 8
b0010000010010 ;
1=
1>
#10445
0&
0=
0>
#10450
b00000000000000000000010000010101 "
b00000000000000000000010000010101 $
1&
b0010000010010 8
b0010000010011 ;
1=
1>
#10455
0&
0=
0>
#10460
b00000000000000000000010000010110 "
b00000000000000000000010000010110 $
1&
b0010000010011 8
b0010000010100 ;
1=
1>
#10465
0&
0=
0>
#10470
b00000000000000000000010000010111 "
b00000000000000000000010000010111 $
1&
b0010000010100 8
b0010000010101 ;
1=
1>
#10475
0&
0=
0>
#10480
b00000000000000000000010000011000 "
b00000000000000000000010000011000 $
1&
b0010000010101 8
b0010000010110 ;
1=
1>
#10485
0&
0=
0>
#10490
b00000000000000000000010000011001 "
b00000000000000000000010000011001 $
1&
b0010000010110 8
b0010000010111 ;
1=
1>
#10495
0&
0=
0>
#10500
b00000000000000000000010000011010 "
b00000000000000000000010000011010 $
1&
b0010000010111 8
b0010000011000 ;
1=
1>
#10505
0&
0=
0>
#10510
b00000000000000000000010000011011 "
b00000000000000000000010000011011 $
1&
b0010000011000 8
b0010000011001 ;
1=
1>
#10515
0&
0=
0>
#10520
b00000000000000000000010000011100 "
b00000000000000000000010000011100 $
1&
b0010000011001 8
b0010000011010 ;
1=
1>
#10525
0&
0=
0>
#10530
b00000000000000000000010000011101 "
b00000000000000000000010000011101 $
1&
b0010000011010 8
b0010000011011 ;
1=
1>
#10535
0&
0=
0>
#10540
b00000000000000000000010000011110 "
b00000000000000000000010000011110 $
1&
b0010000011011 8
b0010000011100 ;
1=
1>
#10545
0&
0=
0>
#10550
b00000000000000000000010000011111 "
b00000000000000000000010000011111 $
1&
b0010000011100 8
b0010000011101 ;
1=
1>
#10555
0&
0=
0>
#10560
b00000000000000000000010000100000 "
b00000000000000000000010000100000 $
1&
b0010000011101 8
b0010000011110 ;
1=
1>
#10565
0&
0=
0>
#10570
b00000000000000000000010000100001 "
b00000000000000000000010000100001 $
1&
b0010000011110 8
b0010000011111 ;
1=
1>
#10575
0&
0=
0>
#10580
b00000000000000000000010000100010 "
b00000000000000000000010000100010 $
1&
b0010000011111 8
b0010000100000 ;
1=
1>
#10585
0&
0=
0>
#10590
b00000000000000000000010000100011 "
b00000000000000000000010000100011 $
1&
b0010000100000 8
b0010000100001 ;
1=
1>
#10595
0&
0=
0>
#10600
b00000000000000000000010000100100 "
b00000000000000000000010000100100 $
1&
b0010000100001 8
b0010000100010 ;
1=
1>
#10605
0&
0=
0>
#10610
b00000000000000000000010000100101 "
b00000000000000000000010000100101 $
1&
b0010000100010 8
b0010000100011 ;
1=
1>
#10615
0&
0=
0>
#10620
b00000000000000000000010000100110 "
b00000000000000000000010000100110 $
1&
b0010000100011 8
b0010000100100 ;
1=
1>
#10625
0&
0=
0>
#10630
b00000000000000000000010000100111 "
b00000000000000000000010000100111 $
1&
b0010000100100 8
b0010000100101 ;
1=
1>
#10635
0&
0=
0>
#10640
b00000000000000000000010000101000 "
b00000000000000000000010000101000 $
1&
b0010000100101 8
b0010000100110 ;
1=
1>
#10645
0&
0=
0>
#10650
b00000000000000000000010000101001 "
b00000000000000000000010000101001 $
1&
b0010000100110 8
b0010000100111 ;
1=
1>
#10655
0&
0=
0>
#10660
b00000000000000000000010000101010 "
b00000000000000000000010000101010 $
1&
b0010000100111 8
b0010000101000 ;
1=
1>
#10665
0&
0=
0>
#10670
b00000000000000000000010000101011 "
b00000000000000000000010000101011 $
1&
b0010000101000 8
b0010000101001 ;
1=
1>
#10675
0&
0=
0>
#10680
b00000000000000000000010000101100 "
b00000000000000000000010000101100 $
1&
b0010000101001 8
b0010000101010 ;
1=
1>
#10685
0&
0=
0>
#10690
b00000000000000000000010000101101 "
b00000000000000000000010000101101 $
1&
b0010000101010 8
b0010000101011 ;
1=
1>
#10695
0&
0=
0>
#10700
b00000000000000000000010000101110 "
b00000000000000000000010000101110 $
1&
b0010000101011 8
b0010000101100 ;
1=
1>
#10705
0&
0=
0>
#10710
b00000000000000000000010000101111 "
b00000000000000000000010000101111 $
1&
b0010000101100 8
b0010000101101 ;
1=
1>
#10715
0&
0=
0>
#10720
b00000000000000000000010000110000 "
b00000000000000000000010000110000 $
1&
b0010000101101 8
b0010000101110 ;
1=
1>
#10725
0&
0=
0>
#10730
b00000000000000000000010000110001 "
b00000000000000000000010000110001 $
1&
b0010000101110 8
b0010000101111 ;
1=
1>
#10735
0&
0=
0>
#10740
b00000000000000000000010000110010 "
b00000000000000000000010000110010 $
1&
b0010000101111 8
b0010000110000 ;
1=
1>
#10745
0&
0=
0>
#10750
b00000000000000000000010000110011 "
b00000000000000000000010000110011 $
1&
b0010000110000 8
b0010000110001 ;
1=
1>
#10755
0&
0=
0>
#10760
b00000000000000000000010000110100 "
b00000000000000000000010000110100 $
1&
b0010000110001 8
b0010000110010 ;
1=
1>
#10765
0&
0=
0>
#10770
b00000000000000000000010000110101 "
b00000000000000000000010000110101 $
1&
b0010000110010 8
b0010000110011 ;
1=
1>
#10775
0&
0=
0>
#10780
b00000000000000000000010000110110 "
b00000000000000000000010000110110 $
1&
b0010000110011 8
b0010000110100 ;
1=
1>
#10785
0&
0=
0>
#10790
b00000000000000000000010000110111 "
b00000000000000000000010000110111 $
1&
b0010000110100 8
b0010000110101 ;
1=
1>
#10795
0&
0=
0>
#10800
b00000000000000000000010000111000 "
b00000000000000000000010000111000 $
1&
b0010000110101 8
b0010000110110 ;
1=
1>
#10805
0&
0=
0>
#10810
b00000000000000000000010000111001 "
b00000000000000000000010000111001 $
1&
b0010000110110 8
b0010000110111 ;
1=
1>
#10815
0&
0=
0>
#10820
b00000000000000000000010000111010 "
b00000000000000000000010000111010 $
1&
b0010000110111 8
b0010000111000 ;
1=
1>
#10825
0&
0=
0>
#10830
b00000000000000000000010000111011 "
b00000000000000000000010000111011 $
1&
b0010000111000 8
b0010000111001 ;
1=
1>
#10835
0&
0=
0>
#10840
b00000000000000000000010000111100 "
b00000000000000000000010000111100 $
1&
b0010000111001 8
b0010000111010 ;
1=
1>
#10845
0&
0=
0>
#10850
b00000000000000000000010000111101 "
b00000000000000000000010000111101 $
1&
b0010000111010 8
b0010000111011 ;
1=
1>
#10855
0&
0=
0>
#10860
b00000000000000000000010000111110 "
b00000000000000000000010000111110 $
1&
b0010000111011 8
b0010000111100 ;
1=
1>
#10865
0&
0=
0>
#10870
b00000000000000000000010000111111 "
b00000000000000000000010000111111 $
1&
b0010000111100 8
b0010000111101 ;
1=
1>
#10875
0&
0=
0>
#10880
b00000000000000000000010001000000 "
b00000000000000000000010001000000 $
1&
b0010000111101 8
b0010000111110 ;
1=
1>
#10885
0&
0=
0>
#10890
b00000000000000000000010001000001 "
b00000000000000000000010001000001 $
1&
b0010000111110 8
b0010000111111 ;
1=
1>
#10895
0&
0=
0>
#10900
b00000000000000000000010001000010 "
b00000000000000000000010001000010 $
1&
b0010000111111 8
b0010001000000 ;
1=
1>
#10905
0&
0=
0>
#10910
b00000000000000000000010001000011 "
b00000000000000000000010001000011 $
1&
b0010001000000 8
b0010001000001 ;
1=
1>
#10915
0&
0=
0>
#10920
b00000000000000000000010001000100 "
b00000000000000000000010001000100 $
1&
b0010001000001 8
b0010001000010 ;
1=
1>
#10925
0&
0=
0>
#10930
b00000000000000000000010001000101 "
b00000000000000000000010001000101 $
1&
b0010001000010 8
b0010001000011 ;
1=
1>
#10935
0&
0=
0>
#10940
b00000000000000000000010001000110 "
b00000000000000000000010001000110 $
1&
b0010001000011 8
b0010001000100 ;
1=
1>
#10945
0&
0=
0>
#10950
b00000000000000000000010001000111 "
b00000000000000000000010001000111 $
1&
b0010001000100 8
b0010001000101 ;
1=
1>
#10955
0&
0=
0>
#10960
b00000000000000000000010001001000 "
b00000000000000000000010001001000 $
1&
b0010001000101 8
b0010001000110 ;
1=
1>
#10965
0&
0=
0>
#10970
b00000000000000000000010001001001 "
b00000000000000000000010001001001 $
1&
b0010001000110 8
b0010001000111 ;
1=
1>
#10975
0&
0=
0>
#10980
b00000000000000000000010001001010 "
b00000000000000000000010001001010 $
1&
b0010001000111 8
b0010001001000 ;
1=
1>
#10985
0&
0=
0>
#10990
b00000000000000000000010001001011 "
b00000000000000000000010001001011 $
1&
b0010001001000 8
b0010001001001 ;
1=
1>
#10995
0&
0=
0>
#11000
b00000000000000000000010001001100 "
b00000000000000000000010001001100 $
1&
b0010001001001 8
b0010001001010 ;
1=
1>
#11005
0&
0=
0>
#11010
b00000000000000000000010001001101 "
b00000000000000000000010001001101 $
1&
b0010001001010 8
b0010001001011 ;
1=
1>
#11015
0&
0=
0>
#11020
b00000000000000000000010001001110 "
b00000000000000000000010001001110 $
1&
b0010001001011 8
b0010001001100 ;
1=
1>
#11025
0&
0=
0>
#11030
b00000000000000000000010001001111 "
b00000000000000000000010001001111 $
1&
b0010001001100 8
b0010001001101 ;
1=
1>
#11035
0&
0=
0>
#11040
b00000000000000000000010001010000 "
b00000000000000000000010001010000 $
1&
b0010001001101 8
b0010001001110 ;
1=
1>
#11045
0&
0=
0>
#11050
b00000000000000000000010001010001 "
b00000000000000000000010001010001 $
1&
b0010001001110 8
b0010001001111 ;
1=
1>
#11055
0&
0=
0>
#11060
b00000000000000000000010001010010 "
b00000000000000000000010001010010 $
1&
b0010001001111 8
b0010001010000 ;
1=
1>
#11065
0&
0=
0>
#11070
b00000000000000000000010001010011 "
b00000000000000000000010001010011 $
1&
b0010001010000 8
b0010001010001 ;
1=
1>
#11075
0&
0=
0>
#11080
b00000000000000000000010001010100 "
b00000000000000000000010001010100 $
1&
b0010001010001 8
b0010001010010 ;
1=
1>
#11085
0&
0=
0>
#11090
b00000000000000000000010001010101 "
b00000000000000000000010001010101 $
1&
b0010001010010 8
b0010001010011 ;
1=
1>
#11095
0&
0=
0>
#11100
b00000000000000000000010001010110 "
b00000000000000000000010001010110 $
1&
b0010001010011 8
b0010001010100 ;
1=
1>
#11105
0&
0=
0>
#11110
b00000000000000000000010001010111 "
b00000000000000000000010001010111 $
1&
b0010001010100 8
b0010001010101 ;
1=
1>
#11115
0&
0=
0>
#11120
b00000000000000000000010001011000 "
b00000000000000000000010001011000 $
1&
b0010001010101 8
b0010001010110 ;
1=
1>
#11125
0&
0=
0>
#11130
b00000000000000000000010001011001 "
b00000000000000000000010001011001 $
1&
b0010001010110 8
b0010001010111 ;
1=
1>
#11135
0&
0=
0>
#11140
b00000000000000000000010001011010 "
b00000000000000000000010001011010 $
1&
b0010001010111 8
b0010001011000 ;
1=
1>
#11145
0&
0=
0>
#11150
b00000000000000000000010001011011 "
b00000000000000000000010001011011 $
1&
b0010001011000 8
b0010001011001 ;
1=
1>
#11155
0&
0=
0>
#11160
b00000000000000000000010001011100 "
b00000000000000000000010001011100 $
1&
b0010001011001 8
b0010001011010 ;
1=
1>
#11165
0&
0=
0>
#11170
b00000000000000000000010001011101 "
b00000000000000000000010001011101 $
1&
b0010001011010 8
b0010001011011 ;
1=
1>
#11175
0&
0=
0>
#11180
b00000000000000000000010001011110 "
b00000000000000000000010001011110 $
1&
b0010001011011 8
b0010001011100 ;
1=
1>
#11185
0&
0=
0>
#11190
b00000000000000000000010001011111 "
b00000000000000000000010001011111 $
1&
b0010001011100 8
b0010001011101 ;
1=
1>
#11195
0&
0=
0>
#11200
b00000000000000000000010001100000 "
b00000000000000000000010001100000 $
1&
b0010001011101 8
b0010001011110 ;
1=
1>
#11205
0&
0=
0>
#11210
b00000000000000000000010001100001 "
b00000000000000000000010001100001 $
1&
b0010001011110 8
b0010001011111 ;
1=
1>
#11215
0&
0=
0>
#11220
b00000000000000000000010001100010 "
b00000000000000000000010001100010 $
1&
b0010001011111 8
b0010001100000 ;
1=
1>
#11225
0&
0=
0>
#11230
b00000000000000000000010001100011 "
b00000000000000000000010001100011 $
1&
b0010001100000 8
b0010001100001 ;
1=
1>
#11235
0&
0=
0>
#11240
b00000000000000000000010001100100 "
b00000000000000000000010001100100 $
1&
b0010001100001 8
b0010001100010 ;
1=
1>
#11245
0&
0=
0>
#11250
b00000000000000000000010001100101 "
b00000000000000000000010001100101 $
1&
b0010001100010 8
b0010001100011 ;
1=
1>
#11255
0&
0=
0>
#11260
b00000000000000000000010001100110 "
b00000000000000000000010001100110 $
1&
b0010001100011 8
b0010001100100 ;
1=
1>
#11265
0&
0=
0>
#11270
b00000000000000000000010001100111 "
b00000000000000000000010001100111 $
1&
b0010001100100 8
b0010001100101 ;
1=
1>
#11275
0&
0=
0>
#11280
b00000000000000000000010001101000 "
b00000000000000000000010001101000 $
1&
b0010001100101 8
b0010001100110 ;
1=
1>
#11285
0&
0=
0>
#11290
b00000000000000000000010001101001 "
b00000000000000000000010001101001 $
1&
b0010001100110 8
b0010001100111 ;
1=
1>
#11295
0&
0=
0>
#11300
b00000000000000000000010001101010 "
b00000000000000000000010001101010 $
1&
b0010001100111 8
b0010001101000 ;
1=
1>
#11305
0&
0=
0>
#11310
b00000000000000000000010001101011 "
b00000000000000000000010001101011 $
1&
b0010001101000 8
b0010001101001 ;
1=
1>
#11315
0&
0=
0>
#11320
b00000000000000000000010001101100 "
b00000000000000000000010001101100 $
1&
b0010001101001 8
b0010001101010 ;
1=
1>
#11325
0&
0=
0>
#11330
b00000000000000000000010001101101 "
b00000000000000000000010001101101 $
1&
b0010001101010 8
b0010001101011 ;
1=
1>
#11335
0&
0=
0>
#11340
b00000000000000000000010001101110 "
b00000000000000000000010001101110 $
1&
b0010001101011 8
b0010001101100 ;
1=
1>
#11345
0&
0=
0>
#11350
b00000000000000000000010001101111 "
b00000000000000000000010001101111 $
1&
b0010001101100 8
b0010001101101 ;
1=
1>
#11355
0&
0=
0>
#11360
b00000000000000000000010001110000 "
b00000000000000000000010001110000 $
1&
b0010001101101 8
b0010001101110 ;
1=
1>
#11365
0&
0=
0>
#11370
b00000000000000000000010001110001 "
b00000000000000000000010001110001 $
1&
b0010001101110 8
b0010001101111 ;
1=
1>
#11375
0&
0=
0>
#11380
b00000000000000000000010001110010 "
b00000000000000000000010001110010 $
1&
b0010001101111 8
b0010001110000 ;
1=
1>
#11385
0&
0=
0>
#11390
b00000000000000000000010001110011 "
b00000000000000000000010001110011 $
1&
b0010001110000 8
b0010001110001 ;
1=
1>
#11395
0&
0=
0>
#11400
b00000000000000000000010001110100 "
b00000000000000000000010001110100 $
1&
b0010001110001 8
b0010001110010 ;
1=
1>
#11405
0&
0=
0>
#11410
b00000000000000000000010001110101 "
b00000000000000000000010001110101 $
1&
b0010001110010 8
b0010001110011 ;
1=
1>
#11415
0&
0=
0>
#11420
b00000000000000000000010001110110 "
b00000000000000000000010001110110 $
1&
b0010001110011 8
b0010001110100 ;
1=
1>
#11425
0&
0=
0>
#11430
b00000000000000000000010001110111 "
b00000000000000000000010001110111 $
1&
b0010001110100 8
b0010001110101 ;
1=
1>
#11435
0&
0=
0>
#11440
b00000000000000000000010001111000 "
b00000000000000000000010001111000 $
1&
b0010001110101 8
b0010001110110 ;
1=
1>
#11445
0&
0=
0>
#11450
b00000000000000000000010001111001 "
b00000000000000000000010001111001 $
1&
b0010001110110 8
b0010001110111 ;
1=
1>
#11455
0&
0=
0>
#11460
b00000000000000000000010001111010 "
b00000000000000000000010001111010 $
1&
b0010001110111 8
b0010001111000 ;
1=
1>
#11465
0&
0=
0>
#11470
b00000000000000000000010001111011 "
b00000000000000000000010001111011 $
1&
b0010001111000 8
b0010001111001 ;
1=
1>
#11475
0&
0=
0>
#11480
b00000000000000000000010001111100 "
b00000000000000000000010001111100 $
1&
b0010001111001 8
b0010001111010 ;
1=
1>
#11485
0&
0=
0>
#11490
b00000000000000000000010001111101 "
b00000000000000000000010001111101 $
1&
b0010001111010 8
b0010001111011 ;
1=
1>
#11495
0&
0=
0>
#11500
b00000000000000000000010001111110 "
b00000000000000000000010001111110 $
1&
b0010001111011 8
b0010001111100 ;
1=
1>
#11505
0&
0=
0>
#11510
b00000000000000000000010001111111 "
b00000000000000000000010001111111 $
1&
b0010001111100 8
b0010001111101 ;
1=
1>
#11515
0&
0=
0>
#11520
b00000000000000000000010010000000 "
b00000000000000000000010010000000 $
1&
b0010001111101 8
b0010001111110 ;
1=
1>
#11525
0&
0=
0>
#11530
b00000000000000000000010010000001 "
b00000000000000000000010010000001 $
1&
b0010001111110 8
b0010001111111 ;
1=
1>
#11535
0&
0=
0>
#11540
b00000000000000000000010010000010 "
b00000000000000000000010010000010 $
1&
b0010001111111 8
b0010010000000 ;
1=
1>
#11545
0&
0=
0>
#11550
b00000000000000000000010010000011 "
b00000000000000000000010010000011 $
1&
b0010010000000 8
b0010010000001 ;
1=
1>
#11555
0&
0=
0>
#11560
b00000000000000000000010010000100 "
b00000000000000000000010010000100 $
1&
b0010010000001 8
b0010010000010 ;
1=
1>
#11565
0&
0=
0>
#11570
b00000000000000000000010010000101 "
b00000000000000000000010010000101 $
1&
b0010010000010 8
b0010010000011 ;
1=
1>
#11575
0&
0=
0>
#11580
b00000000000000000000010010000110 "
b00000000000000000000010010000110 $
1&
b0010010000011 8
b0010010000100 ;
1=
1>
#11585
0&
0=
0>
#11590
b00000000000000000000010010000111 "
b00000000000000000000010010000111 $
1&
b0010010000100 8
b0010010000101 ;
1=
1>
#11595
0&
0=
0>
#11600
b00000000000000000000010010001000 "
b00000000000000000000010010001000 $
1&
b0010010000101 8
b0010010000110 ;
1=
1>
#11605
0&
0=
0>
#11610
b00000000000000000000010010001001 "
b00000000000000000000010010001001 $
1&
b0010010000110 8
b0010010000111 ;
1=
1>
#11615
0&
0=
0>
#11620
b00000000000000000000010010001010 "
b00000000000000000000010010001010 $
1&
b0010010000111 8
b0010010001000 ;
1=
1>
#11625
0&
0=
0>
#11630
b00000000000000000000010010001011 "
b00000000000000000000010010001011 $
1&
b0010010001000 8
b0010010001001 ;
1=
1>
#11635
0&
0=
0>
#11640
b00000000000000000000010010001100 "
b00000000000000000000010010001100 $
1&
b0010010001001 8
b0010010001010 ;
1=
1>
#11645
0&
0=
0>
#11650
b00000000000000000000010010001101 "
b00000000000000000000010010001101 $
1&
b0010010001010 8
b0010010001011 ;
1=
1>
#11655
0&
0=
0>
#11660
b00000000000000000000010010001110 "
b00000000000000000000010010001110 $
1&
b0010010001011 8
b0010010001100 ;
1=
1>
#11665
0&
0=
0>
#11670
b00000000000000000000010010001111 "
b00000000000000000000010010001111 $
1&
b0010010001100 8
b0010010001101 ;
1=
1>
#11675
0&
0=
0>
#11680
b00000000000000000000010010010000 "
b00000000000000000000010010010000 $
1&
b0010010001101 8
b0010010001110 ;
1=
1>
#11685
0&
0=
0>
#11690
b00000000000000000000010010010001 "
b00000000000000000000010010010001 $
1&
b0010010001110 8
b0010010001111 ;
1=
1>
#11695
0&
0=
0>
#11700
b00000000000000000000010010010010 "
b00000000000000000000010010010010 $
1&
b0010010001111 8
b0010010010000 ;
1=
1>
#11705
0&
0=
0>
#11710
b00000000000000000000010010010011 "
b00000000000000000000010010010011 $
1&
b0010010010000 8
b0010010010001 ;
1=
1>
#11715
0&
0=
0>
#11720
b00000000000000000000010010010100 "
b00000000000000000000010010010100 $
1&
b0010010010001 8
b0010010010010 ;
1=
1>
#11725
0&
0=
0>
#11730
b00000000000000000000010010010101 "
b00000000000000000000010010010101 $
1&
b0010010010010 8
b0010010010011 ;
1=
1>
#11735
0&
0=
0>
#11740
b00000000000000000000010010010110 "
b00000000000000000000010010010110 $
1&
b0010010010011 8
b0010010010100 ;
1=
1>
#11745
0&
0=
0>
#11750
b00000000000000000000010010010111 "
b00000000000000000000010010010111 $
1&
b0010010010100 8
b0010010010101 ;
1=
1>
#11755
0&
0=
0>
#11760
b00000000000000000000010010011000 "
b00000000000000000000010010011000 $
1&
b0010010010101 8
b0010010010110 ;
1=
1>
#11765
0&
0=
0>
#11770
b00000000000000000000010010011001 "
b00000000000000000000010010011001 $
1&
b0010010010110 8
b0010010010111 ;
1=
1>
#11775
0&
0=
0>
#11780
b00000000000000000000010010011010 "
b00000000000000000000010010011010 $
1&
b0010010010111 8
b0010010011000 ;
1=
1>
#11785
0&
0=
0>
#11790
b00000000000000000000010010011011 "
b00000000000000000000010010011011 $
1&
b0010010011000 8
b0010010011001 ;
1=
1>
#11795
0&
0=
0>
#11800
b00000000000000000000010010011100 "
b00000000000000000000010010011100 $
1&
b0010010011001 8
b0010010011010 ;
1=
1>
#11805
0&
0=
0>
#11810
b00000000000000000000010010011101 "
b00000000000000000000010010011101 $
1&
b0010010011010 8
b0010010011011 ;
1=
1>
#11815
0&
0=
0>
#11820
b00000000000000000000010010011110 "
b00000000000000000000010010011110 $
1&
b0010010011011 8
b0010010011100 ;
1=
1>
#11825
0&
0=
0>
#11830
b00000000000000000000010010011111 "
b00000000000000000000010010011111 $
1&
b0010010011100 8
b0010010011101 ;
1=
1>
#11835
0&
0=
0>
#11840
b00000000000000000000010010100000 "
b00000000000000000000010010100000 $
1&
b0010010011101 8
b0010010011110 ;
1=
1>
#11845
0&
0=
0>
#11850
b00000000000000000000010010100001 "
b00000000000000000000010010100001 $
1&
b0010010011110 8
b0010010011111 ;
1=
1>
#11855
0&
0=
0>
#11860
b00000000000000000000010010100010 "
b00000000000000000000010010100010 $
1&
b0010010011111 8
b0010010100000 ;
1=
1>
#11865
0&
0=
0>
#11870
b00000000000000000000010010100011 "
b00000000000000000000010010100011 $
1&
b0010010100000 8
b0010010100001 ;
1=
1>
#11875
0&
0=
0>
#11880
b00000000000000000000010010100100 "
b00000000000000000000010010100100 $
1&
b0010010100001 8
b0010010100010 ;
1=
1>
#11885
0&
0=
0>
#11890
b00000000000000000000010010100101 "
b00000000000000000000010010100101 $
1&
b0010010100010 8
b0010010100011 ;
1=
1>
#11895
0&
0=
0>
#11900
b00000000000000000000010010100110 "
b00000000000000000000010010100110 $
1&
b0010010100011 8
b0010010100100 ;
1=
1>
#11905
0&
0=
0>
#11910
b00000000000000000000010010100111 "
b00000000000000000000010010100111 $
1&
b0010010100100 8
b0010010100101 ;
1=
1>
#11915
0&
0=
0>
#11920
b00000000000000000000010010101000 "
b00000000000000000000010010101000 $
1&
b0010010100101 8
b0010010100110 ;
1=
1>
#11925
0&
0=
0>
#11930
b00000000000000000000010010101001 "
b00000000000000000000010010101001 $
1&
b0010010100110 8
b0010010100111 ;
1=
1>
#11935
0&
0=
0>
#11940
b00000000000000000000010010101010 "
b00000000000000000000010010101010 $
1&
b0010010100111 8
b0010010101000 ;
1=
1>
#11945
0&
0=
0>
#11950
b00000000000000000000010010101011 "
b00000000000000000000010010101011 $
1&
b0010010101000 8
b0010010101001 ;
1=
1>
#11955
0&
0=
0>
#11960
b00000000000000000000010010101100 "
b00000000000000000000010010101100 $
1&
b0010010101001 8
b0010010101010 ;
1=
1>
#11965
0&
0=
0>
#11970
b00000000000000000000010010101101 "
b00000000000000000000010010101101 $
1&
b0010010101010 8
b0010010101011 ;
1=
1>
#11975
0&
0=
0>
#11980
b00000000000000000000010010101110 "
b00000000000000000000010010101110 $
1&
b0010010101011 8
b0010010101100 ;
1=
1>
#11985
0&
0=
0>
#11990
b00000000000000000000010010101111 "
b00000000000000000000010010101111 $
1&
b0010010101100 8
b0010010101101 ;
1=
1>
#11995
0&
0=
0>
#12000
b00000000000000000000010010110000 "
b00000000000000000000010010110000 $
1&
b0010010101101 8
b0010010101110 ;
1=
1>
#12005
0&
0=
0>
#12010
b00000000000000000000010010110001 "
b00000000000000000000010010110001 $
1&
b0010010101110 8
b0010010101111 ;
1=
1>
#12015
0&
0=
0>
#12020
b00000000000000000000010010110010 "
b00000000000000000000010010110010 $
1&
b0010010101111 8
b0010010110000 ;
1=
1>
#12025
0&
0=
0>
#12030
b00000000000000000000010010110011 "
b00000000000000000000010010110011 $
1&
b0010010110000 8
b0010010110001 ;
1=
1>
#12035
0&
0=
0>
#12040
b00000000000000000000010010110100 "
b00000000000000000000010010110100 $
1&
b0010010110001 8
b0010010110010 ;
1=
1>
#12045
0&
0=
0>
#12050
b00000000000000000000010010110101 "
b00000000000000000000010010110101 $
1&
b0010010110010 8
b0010010110011 ;
1=
1>
#12055
0&
0=
0>
#12060
b00000000000000000000010010110110 "
b00000000000000000000010010110110 $
1&
b0010010110011 8
b0010010110100 ;
1=
1>
#12065
0&
0=
0>
#12070
b00000000000000000000010010110111 "
b00000000000000000000010010110111 $
1&
b0010010110100 8
b0010010110101 ;
1=
1>
#12075
0&
0=
0>
#12080
b00000000000000000000010010111000 "
b00000000000000000000010010111000 $
1&
b0010010110101 8
b0010010110110 ;
1=
1>
#12085
0&
0=
0>
#12090
b00000000000000000000010010111001 "
b00000000000000000000010010111001 $
1&
b0010010110110 8
b0010010110111 ;
1=
1>
#12095
0&
0=
0>
#12100
b00000000000000000000010010111010 "
b00000000000000000000010010111010 $
1&
b0010010110111 8
b0010010111000 ;
1=
1>
#12105
0&
0=
0>
#12110
b00000000000000000000010010111011 "
b00000000000000000000010010111011 $
1&
b0010010111000 8
b0010010111001 ;
1=
1>
#12115
0&
0=
0>
#12120
b00000000000000000000010010111100 "
b00000000000000000000010010111100 $
1&
b0010010111001 8
b0010010111010 ;
1=
1>
#12125
0&
0=
0>
#12130
b00000000000000000000010010111101 "
b00000000000000000000010010111101 $
1&
b0010010111010 8
b0010010111011 ;
1=
1>
#12135
0&
0=
0>
#12140
b00000000000000000000010010111110 "
b00000000000000000000010010111110 $
1&
b0010010111011 8
b0010010111100 ;
1=
1>
#12145
0&
0=
0>
#12150
b00000000000000000000010010111111 "
b00000000000000000000010010111111 $
1&
b0010010111100 8
b0010010111101 ;
1=
1>
#12155
0&
0=
0>
#12160
b00000000000000000000010011000000 "
b00000000000000000000010011000000 $
1&
b0010010111101 8
b0010010111110 ;
1=
1>
#12165
0&
0=
0>
#12170
b00000000000000000000010011000001 "
b00000000000000000000010011000001 $
1&
b0010010111110 8
b0010010111111 ;
1=
1>
#12175
0&
0=
0>
#12180
b00000000000000000000010011000010 "
b00000000000000000000010011000010 $
1&
b0010010111111 8
b0010011000000 ;
1=
1>
#12185
0&
0=
0>
#12190
b00000000000000000000010011000011 "
b00000000000000000000010011000011 $
1&
b0010011000000 8
b0010011000001 ;
1=
1>
#12195
0&
0=
0>
#12200
b00000000000000000000010011000100 "
b00000000000000000000010011000100 $
1&
b0010011000001 8
b0010011000010 ;
1=
1>
#12205
0&
0=
0>
#12210
b00000000000000000000010011000101 "
b00000000000000000000010011000101 $
1&
b0010011000010 8
b0010011000011 ;
1=
1>
#12215
0&
0=
0>
#12220
b00000000000000000000010011000110 "
b00000000000000000000010011000110 $
1&
b0010011000011 8
b0010011000100 ;
1=
1>
#12225
0&
0=
0>
#12230
b00000000000000000000010011000111 "
b00000000000000000000010011000111 $
1&
b0010011000100 8
b0010011000101 ;
1=
1>
#12235
0&
0=
0>
#12240
b00000000000000000000010011001000 "
b00000000000000000000010011001000 $
1&
b0010011000101 8
b0010011000110 ;
1=
1>
#12245
0&
0=
0>
#12250
b00000000000000000000010011001001 "
b00000000000000000000010011001001 $
1&
b0010011000110 8
b0010011000111 ;
1=
1>
#12255
0&
0=
0>
#12260
b00000000000000000000010011001010 "
b00000000000000000000010011001010 $
1&
b0010011000111 8
b0010011001000 ;
1=
1>
#12265
0&
0=
0>
#12270
b00000000000000000000010011001011 "
b00000000000000000000010011001011 $
1&
b0010011001000 8
b0010011001001 ;
1=
1>
#12275
0&
0=
0>
#12280
b00000000000000000000010011001100 "
b00000000000000000000010011001100 $
1&
b0010011001001 8
b0010011001010 ;
1=
1>
#12285
0&
0=
0>
#12290
b00000000000000000000010011001101 "
b00000000000000000000010011001101 $
1&
b0010011001010 8
b0010011001011 ;
1=
1>
#12295
0&
0=
0>
#12300
b00000000000000000000010011001110 "
b00000000000000000000010011001110 $
1&
b0010011001011 8
b0010011001100 ;
1=
1>
#12305
0&
0=
0>
#12310
b00000000000000000000010011001111 "
b00000000000000000000010011001111 $
1&
b0010011001100 8
b0010011001101 ;
1=
1>
#12315
0&
0=
0>
#12320
b00000000000000000000010011010000 "
b00000000000000000000010011010000 $
1&
b0010011001101 8
b0010011001110 ;
1=
1>
#12325
0&
0=
0>
#12330
b00000000000000000000010011010001 "
b00000000000000000000010011010001 $
1&
b0010011001110 8
b0010011001111 ;
1=
1>
#12335
0&
0=
0>
#12340
b00000000000000000000010011010010 "
b00000000000000000000010011010010 $
1&
b0010011001111 8
b0010011010000 ;
1=
1>
#12345
0&
0=
0>
#12350
b00000000000000000000010011010011 "
b00000000000000000000010011010011 $
1&
b0010011010000 8
b0010011010001 ;
1=
1>
#12355
0&
0=
0>
#12360
b00000000000000000000010011010100 "
b00000000000000000000010011010100 $
1&
b0010011010001 8
b0010011010010 ;
1=
1>
#12365
0&
0=
0>
#12370
b00000000000000000000010011010101 "
b00000000000000000000010011010101 $
1&
b0010011010010 8
b0010011010011 ;
1=
1>
#12375
0&
0=
0>
#12380
b00000000000000000000010011010110 "
b00000000000000000000010011010110 $
1&
b0010011010011 8
b0010011010100 ;
1=
1>
#12385
0&
0=
0>
#12390
b00000000000000000000010011010111 "
b00000000000000000000010011010111 $
1&
b0010011010100 8
b0010011010101 ;
1=
1>
#12395
0&
0=
0>
#12400
b00000000000000000000010011011000 "
b00000000000000000000010011011000 $
1&
b0010011010101 8
b0010011010110 ;
1=
1>
#12405
0&
0=
0>
#12410
b00000000000000000000010011011001 "
b00000000000000000000010011011001 $
1&
b0010011010110 8
b0010011010111 ;
1=
1>
#12415
0&
0=
0>
#12420
b00000000000000000000010011011010 "
b00000000000000000000010011011010 $
1&
b0010011010111 8
b0010011011000 ;
1=
1>
#12425
0&
0=
0>
#12430
b00000000000000000000010011011011 "
b00000000000000000000010011011011 $
1&
b0010011011000 8
b0010011011001 ;
1=
1>
#12435
0&
0=
0>
#12440
b00000000000000000000010011011100 "
b00000000000000000000010011011100 $
1&
b0010011011001 8
b0010011011010 ;
1=
1>
#12445
0&
0=
0>
#12450
b00000000000000000000010011011101 "
b00000000000000000000010011011101 $
1&
b0010011011010 8
b0010011011011 ;
1=
1>
#12455
0&
0=
0>
#12460
b00000000000000000000010011011110 "
b00000000000000000000010011011110 $
1&
b0010011011011 8
b0010011011100 ;
1=
1>
#12465
0&
0=
0>
#12470
b00000000000000000000010011011111 "
b00000000000000000000010011011111 $
1&
b0010011011100 8
b0010011011101 ;
1=
1>
#12475
0&
0=
0>
#12480
b00000000000000000000010011100000 "
b00000000000000000000010011100000 $
1&
b0010011011101 8
b0010011011110 ;
1=
1>
#12485
0&
0=
0>
#12490
b00000000000000000000010011100001 "
b00000000000000000000010011100001 $
1&
b0010011011110 8
b0010011011111 ;
1=
1>
#12495
0&
0=
0>
#12500
b00000000000000000000010011100010 "
b00000000000000000000010011100010 $
1&
b0010011011111 8
b0010011100000 ;
1=
1>
#12505
0&
0=
0>
#12510
b00000000000000000000010011100011 "
b00000000000000000000010011100011 $
1&
b0010011100000 8
b0010011100001 ;
1=
1>
#12515
0&
0=
0>
#12520
b00000000000000000000010011100100 "
b00000000000000000000010011100100 $
1&
b0010011100001 8
b0010011100010 ;
1=
1>
#12525
0&
0=
0>
#12530
b00000000000000000000010011100101 "
b00000000000000000000010011100101 $
1&
b0010011100010 8
b0010011100011 ;
1=
1>
#12535
0&
0=
0>
#12540
b00000000000000000000010011100110 "
b00000000000000000000010011100110 $
1&
b0010011100011 8
b0010011100100 ;
1=
1>
#12545
0&
0=
0>
#12550
b00000000000000000000010011100111 "
b00000000000000000000010011100111 $
1&
b0010011100100 8
b0010011100101 ;
1=
1>
#12555
0&
0=
0>
#12560
b00000000000000000000010011101000 "
b00000000000000000000010011101000 $
1&
b0010011100101 8
b0010011100110 ;
1=
1>
#12565
0&
0=
0>
#12570
b00000000000000000000010011101001 "
b00000000000000000000010011101001 $
1&
b0010011100110 8
b0010011100111 ;
1=
1>
#12575
0&
0=
0>
#12580
b00000000000000000000010011101010 "
b00000000000000000000010011101010 $
1&
b0010011100111 8
b0010011101000 ;
1=
1>
#12585
0&
0=
0>
#12590
b00000000000000000000010011101011 "
b00000000000000000000010011101011 $
1&
b0010011101000 8
b0010011101001 ;
1=
1>
#12595
0&
0=
0>
#12600
b00000000000000000000010011101100 "
b00000000000000000000010011101100 $
1&
b0010011101001 8
b0010011101010 ;
1=
1>
#12605
0&
0=
0>
#12610
b00000000000000000000010011101101 "
b00000000000000000000010011101101 $
1&
b0010011101010 8
b0010011101011 ;
1=
1>
#12615
0&
0=
0>
#12620
b00000000000000000000010011101110 "
b00000000000000000000010011101110 $
1&
b0010011101011 8
b0010011101100 ;
1=
1>
#12625
0&
0=
0>
#12630
b00000000000000000000010011101111 "
b00000000000000000000010011101111 $
1&
b0010011101100 8
b0010011101101 ;
1=
1>
#12635
0&
0=
0>
#12640
b00000000000000000000010011110000 "
b00000000000000000000010011110000 $
1&
b0010011101101 8
b0010011101110 ;
1=
1>
#12645
0&
0=
0>
#12650
b00000000000000000000010011110001 "
b00000000000000000000010011110001 $
1&
b0010011101110 8
b0010011101111 ;
1=
1>
#12655
0&
0=
0>
#12660
b00000000000000000000010011110010 "
b00000000000000000000010011110010 $
1&
b0010011101111 8
b0010011110000 ;
1=
1>
#12665
0&
0=
0>
#12670
b00000000000000000000010011110011 "
b00000000000000000000010011110011 $
1&
b0010011110000 8
b0010011110001 ;
1=
1>
#12675
0&
0=
0>
#12680
b00000000000000000000010011110100 "
b00000000000000000000010011110100 $
1&
b0010011110001 8
b0010011110010 ;
1=
1>
#12685
0&
0=
0>
#12690
b00000000000000000000010011110101 "
b00000000000000000000010011110101 $
1&
b0010011110010 8
b0010011110011 ;
1=
1>
#12695
0&
0=
0>
#12700
b00000000000000000000010011110110 "
b00000000000000000000010011110110 $
1&
b0010011110011 8
b0010011110100 ;
1=
1>
#12705
0&
0=
0>
#12710
b00000000000000000000010011110111 "
b00000000000000000000010011110111 $
1&
b0010011110100 8
b0010011110101 ;
1=
1>
#12715
0&
0=
0>
#12720
b00000000000000000000010011111000 "
b00000000000000000000010011111000 $
1&
b0010011110101 8
b0010011110110 ;
1=
1>
#12725
0&
0=
0>
#12730
b00000000000000000000010011111001 "
b00000000000000000000010011111001 $
1&
b0010011110110 8
b0010011110111 ;
1=
1>
#12735
0&
0=
0>
#12740
b00000000000000000000010011111010 "
b00000000000000000000010011111010 $
1&
b0010011110111 8
b0010011111000 ;
1=
1>
#12745
0&
0=
0>
#12750
b00000000000000000000010011111011 "
b00000000000000000000010011111011 $
1&
b0010011111000 8
b0010011111001 ;
1=
1>
#12755
0&
0=
0>
#12760
b00000000000000000000010011111100 "
b00000000000000000000010011111100 $
1&
b0010011111001 8
b0010011111010 ;
1=
1>
#12765
0&
0=
0>
#12770
b00000000000000000000010011111101 "
b00000000000000000000010011111101 $
1&
b0010011111010 8
b0010011111011 ;
1=
1>
#12775
0&
0=
0>
#12780
b00000000000000000000010011111110 "
b00000000000000000000010011111110 $
1&
b0010011111011 8
b0010011111100 ;
1=
1>
#12785
0&
0=
0>
#12790
b00000000000000000000010011111111 "
b00000000000000000000010011111111 $
1&
b0010011111100 8
b0010011111101 ;
1=
1>
#12795
0&
0=
0>
#12800
b00000000000000000000010100000000 "
b00000000000000000000010100000000 $
1&
b0010011111101 8
b0010011111110 ;
1=
1>
#12805
0&
0=
0>
#12810
b00000000000000000000010100000001 "
b00000000000000000000010100000001 $
1&
b0010011111110 8
b0010011111111 ;
1=
1>
#12815
0&
0=
0>
#12820
b00000000000000000000010100000010 "
b00000000000000000000010100000010 $
1&
b0010011111111 8
b0010100000000 ;
1=
1>
#12825
0&
0=
0>
#12830
b00000000000000000000010100000011 "
b00000000000000000000010100000011 $
1&
b0010100000000 8
b0010100000001 ;
1=
1>
#12835
0&
0=
0>
#12840
b00000000000000000000010100000100 "
b00000000000000000000010100000100 $
1&
b0010100000001 8
b0010100000010 ;
1=
1>
#12845
0&
0=
0>
#12850
b00000000000000000000010100000101 "
b00000000000000000000010100000101 $
1&
b0010100000010 8
b0010100000011 ;
1=
1>
#12855
0&
0=
0>
#12860
b00000000000000000000010100000110 "
b00000000000000000000010100000110 $
1&
b0010100000011 8
b0010100000100 ;
1=
1>
#12865
0&
0=
0>
#12870
b00000000000000000000010100000111 "
b00000000000000000000010100000111 $
1&
b0010100000100 8
b0010100000101 ;
1=
1>
#12875
0&
0=
0>
#12880
b00000000000000000000010100001000 "
b00000000000000000000010100001000 $
1&
b0010100000101 8
b0010100000110 ;
1=
1>
#12885
0&
0=
0>
#12890
b00000000000000000000010100001001 "
b00000000000000000000010100001001 $
1&
b0010100000110 8
b0010100000111 ;
1=
1>
#12895
0&
0=
0>
#12900
b00000000000000000000010100001010 "
b00000000000000000000010100001010 $
1&
b0010100000111 8
b0010100001000 ;
1=
1>
#12905
0&
0=
0>
#12910
b00000000000000000000010100001011 "
b00000000000000000000010100001011 $
1&
b0010100001000 8
b0010100001001 ;
1=
1>
#12915
0&
0=
0>
#12920
b00000000000000000000010100001100 "
b00000000000000000000010100001100 $
1&
b0010100001001 8
b0010100001010 ;
1=
1>
#12925
0&
0=
0>
#12930
b00000000000000000000010100001101 "
b00000000000000000000010100001101 $
1&
b0010100001010 8
b0010100001011 ;
1=
1>
#12935
0&
0=
0>
#12940
b00000000000000000000010100001110 "
b00000000000000000000010100001110 $
1&
b0010100001011 8
b0010100001100 ;
1=
1>
#12945
0&
0=
0>
#12950
b00000000000000000000010100001111 "
b00000000000000000000010100001111 $
1&
b0010100001100 8
b0010100001101 ;
1=
1>
#12955
0&
0=
0>
#12960
b00000000000000000000010100010000 "
b00000000000000000000010100010000 $
1&
b0010100001101 8
b0010100001110 ;
1=
1>
#12965
0&
0=
0>
#12970
b00000000000000000000010100010001 "
b00000000000000000000010100010001 $
1&
b0010100001110 8
b0010100001111 ;
1=
1>
#12975
0&
0=
0>
#12980
b00000000000000000000010100010010 "
b00000000000000000000010100010010 $
1&
b0010100001111 8
b0010100010000 ;
1=
1>
#12985
0&
0=
0>
#12990
b00000000000000000000010100010011 "
b00000000000000000000010100010011 $
1&
b0010100010000 8
b0010100010001 ;
1=
1>
#12995
0&
0=
0>
#13000
b00000000000000000000010100010100 "
b00000000000000000000010100010100 $
1&
b0010100010001 8
b0010100010010 ;
1=
1>
#13005
0&
0=
0>
#13010
b00000000000000000000010100010101 "
b00000000000000000000010100010101 $
1&
b0010100010010 8
b0010100010011 ;
1=
1>
#13015
0&
0=
0>
#13020
b00000000000000000000010100010110 "
b00000000000000000000010100010110 $
1&
b0010100010011 8
b0010100010100 ;
1=
1>
#13025
0&
0=
0>
#13030
b00000000000000000000010100010111 "
b00000000000000000000010100010111 $
1&
b0010100010100 8
b0010100010101 ;
1=
1>
#13035
0&
0=
0>
#13040
b00000000000000000000010100011000 "
b00000000000000000000010100011000 $
1&
b0010100010101 8
b0010100010110 ;
1=
1>
#13045
0&
0=
0>
#13050
b00000000000000000000010100011001 "
b00000000000000000000010100011001 $
1&
b0010100010110 8
b0010100010111 ;
1=
1>
#13055
0&
0=
0>
#13060
b00000000000000000000010100011010 "
b00000000000000000000010100011010 $
1&
b0010100010111 8
b0010100011000 ;
1=
1>
#13065
0&
0=
0>
#13070
b00000000000000000000010100011011 "
b00000000000000000000010100011011 $
1&
b0010100011000 8
b0010100011001 ;
1=
1>
#13075
0&
0=
0>
#13080
b00000000000000000000010100011100 "
b00000000000000000000010100011100 $
1&
b0010100011001 8
b0010100011010 ;
1=
1>
#13085
0&
0=
0>
#13090
b00000000000000000000010100011101 "
b00000000000000000000010100011101 $
1&
b0010100011010 8
b0010100011011 ;
1=
1>
#13095
0&
0=
0>
#13100
b00000000000000000000010100011110 "
b00000000000000000000010100011110 $
1&
b0010100011011 8
b0010100011100 ;
1=
1>
#13105
0&
0=
0>
#13110
b00000000000000000000010100011111 "
b00000000000000000000010100011111 $
1&
b0010100011100 8
b0010100011101 ;
1=
1>
#13115
0&
0=
0>
#13120
b00000000000000000000010100100000 "
b00000000000000000000010100100000 $
1&
b0010100011101 8
b0010100011110 ;
1=
1>
#13125
0&
0=
0>
#13130
b00000000000000000000010100100001 "
b00000000000000000000010100100001 $
1&
b0010100011110 8
b0010100011111 ;
1=
1>
#13135
0&
0=
0>
#13140
b00000000000000000000010100100010 "
b00000000000000000000010100100010 $
1&
b0010100011111 8
b0010100100000 ;
1=
1>
#13145
0&
0=
0>
#13150
b00000000000000000000010100100011 "
b00000000000000000000010100100011 $
1&
b0010100100000 8
b0010100100001 ;
1=
1>
#13155
0&
0=
0>
#13160
b00000000000000000000010100100100 "
b00000000000000000000010100100100 $
1&
b0010100100001 8
b0010100100010 ;
1=
1>
#13165
0&
0=
0>
#13170
b00000000000000000000010100100101 "
b00000000000000000000010100100101 $
1&
b0010100100010 8
b0010100100011 ;
1=
1>
#13175
0&
0=
0>
#13180
b00000000000000000000010100100110 "
b00000000000000000000010100100110 $
1&
b0010100100011 8
b0010100100100 ;
1=
1>
#13185
0&
0=
0>
#13190
b00000000000000000000010100100111 "
b00000000000000000000010100100111 $
1&
b0010100100100 8
b0010100100101 ;
1=
1>
#13195
0&
0=
0>
#13200
b00000000000000000000010100101000 "
b00000000000000000000010100101000 $
1&
b0010100100101 8
b0010100100110 ;
1=
1>
#13205
0&
0=
0>
#13210
b00000000000000000000010100101001 "
b00000000000000000000010100101001 $
1&
b0010100100110 8
b0010100100111 ;
1=
1>
#13215
0&
0=
0>
#13220
b00000000000000000000010100101010 "
b00000000000000000000010100101010 $
1&
b0010100100111 8
b0010100101000 ;
1=
1>
#13225
0&
0=
0>
#13230
b00000000000000000000010100101011 "
b00000000000000000000010100101011 $
1&
b0010100101000 8
b0010100101001 ;
1=
1>
#13235
0&
0=
0>
#13240
b00000000000000000000010100101100 "
b00000000000000000000010100101100 $
1&
b0010100101001 8
b0010100101010 ;
1=
1>
#13245
0&
0=
0>
#13250
b00000000000000000000010100101101 "
b00000000000000000000010100101101 $
1&
b0010100101010 8
b0010100101011 ;
1=
1>
#13255
0&
0=
0>
#13260
b00000000000000000000010100101110 "
b00000000000000000000010100101110 $
1&
b0010100101011 8
b0010100101100 ;
1=
1>
#13265
0&
0=
0>
#13270
b00000000000000000000010100101111 "
b00000000000000000000010100101111 $
1&
b0010100101100 8
b0010100101101 ;
1=
1>
#13275
0&
0=
0>
#13280
b00000000000000000000010100110000 "
b00000000000000000000010100110000 $
1&
b0010100101101 8
b0010100101110 ;
1=
1>
#13285
0&
0=
0>
#13290
b00000000000000000000010100110001 "
b00000000000000000000010100110001 $
1&
b0010100101110 8
b0010100101111 ;
1=
1>
#13295
0&
0=
0>
#13300
b00000000000000000000010100110010 "
b00000000000000000000010100110010 $
1&
b0010100101111 8
b0010100110000 ;
1=
1>
#13305
0&
0=
0>
#13310
b00000000000000000000010100110011 "
b00000000000000000000010100110011 $
1&
b0010100110000 8
b0010100110001 ;
1=
1>
#13315
0&
0=
0>
#13320
b00000000000000000000010100110100 "
b00000000000000000000010100110100 $
1&
b0010100110001 8
b0010100110010 ;
1=
1>
#13325
0&
0=
0>
#13330
b00000000000000000000010100110101 "
b00000000000000000000010100110101 $
1&
b0010100110010 8
b0010100110011 ;
1=
1>
#13335
0&
0=
0>
#13340
b00000000000000000000010100110110 "
b00000000000000000000010100110110 $
1&
b0010100110011 8
b0010100110100 ;
1=
1>
#13345
0&
0=
0>
#13350
b00000000000000000000010100110111 "
b00000000000000000000010100110111 $
1&
b0010100110100 8
b0010100110101 ;
1=
1>
#13355
0&
0=
0>
#13360
b00000000000000000000010100111000 "
b00000000000000000000010100111000 $
1&
b0010100110101 8
b0010100110110 ;
1=
1>
#13365
0&
0=
0>
#13370
b00000000000000000000010100111001 "
b00000000000000000000010100111001 $
1&
b0010100110110 8
b0010100110111 ;
1=
1>
#13375
0&
0=
0>
#13380
b00000000000000000000010100111010 "
b00000000000000000000010100111010 $
1&
b0010100110111 8
b0010100111000 ;
1=
1>
#13385
0&
0=
0>
#13390
b00000000000000000000010100111011 "
b00000000000000000000010100111011 $
1&
b0010100111000 8
b0010100111001 ;
1=
1>
#13395
0&
0=
0>
#13400
b00000000000000000000010100111100 "
b00000000000000000000010100111100 $
1&
b0010100111001 8
b0010100111010 ;
1=
1>
#13405
0&
0=
0>
#13410
b00000000000000000000010100111101 "
b00000000000000000000010100111101 $
1&
b0010100111010 8
b0010100111011 ;
1=
1>
#13415
0&
0=
0>
#13420
b00000000000000000000010100111110 "
b00000000000000000000010100111110 $
1&
b0010100111011 8
b0010100111100 ;
1=
1>
#13425
0&
0=
0>
#13430
b00000000000000000000010100111111 "
b00000000000000000000010100111111 $
1&
b0010100111100 8
b0010100111101 ;
1=
1>
#13435
0&
0=
0>
#13440
b00000000000000000000010101000000 "
b00000000000000000000010101000000 $
1&
b0010100111101 8
b0010100111110 ;
1=
1>
#13445
0&
0=
0>
#13450
b00000000000000000000010101000001 "
b00000000000000000000010101000001 $
1&
b0010100111110 8
b0010100111111 ;
1=
1>
#13455
0&
0=
0>
#13460
b00000000000000000000010101000010 "
b00000000000000000000010101000010 $
1&
b0010100111111 8
b0010101000000 ;
1=
1>
#13465
0&
0=
0>
#13470
b00000000000000000000010101000011 "
b00000000000000000000010101000011 $
1&
b0010101000000 8
b0010101000001 ;
1=
1>
#13475
0&
0=
0>
#13480
b00000000000000000000010101000100 "
b00000000000000000000010101000100 $
1&
b0010101000001 8
b0010101000010 ;
1=
1>
#13485
0&
0=
0>
#13490
b00000000000000000000010101000101 "
b00000000000000000000010101000101 $
1&
b0010101000010 8
b0010101000011 ;
1=
1>
#13495
0&
0=
0>
#13500
b00000000000000000000010101000110 "
b00000000000000000000010101000110 $
1&
b0010101000011 8
b0010101000100 ;
1=
1>
#13505
0&
0=
0>
#13510
b00000000000000000000010101000111 "
b00000000000000000000010101000111 $
1&
b0010101000100 8
b0010101000101 ;
1=
1>
#13515
0&
0=
0>
#13520
b00000000000000000000010101001000 "
b00000000000000000000010101001000 $
1&
b0010101000101 8
b0010101000110 ;
1=
1>
#13525
0&
0=
0>
#13530
b00000000000000000000010101001001 "
b00000000000000000000010101001001 $
1&
b0010101000110 8
b0010101000111 ;
1=
1>
#13535
0&
0=
0>
#13540
b00000000000000000000010101001010 "
b00000000000000000000010101001010 $
1&
b0010101000111 8
b0010101001000 ;
1=
1>
#13545
0&
0=
0>
#13550
b00000000000000000000010101001011 "
b00000000000000000000010101001011 $
1&
b0010101001000 8
b0010101001001 ;
1=
1>
#13555
0&
0=
0>
#13560
b00000000000000000000010101001100 "
b00000000000000000000010101001100 $
1&
b0010101001001 8
b0010101001010 ;
1=
1>
#13565
0&
0=
0>
#13570
b00000000000000000000010101001101 "
b00000000000000000000010101001101 $
1&
b0010101001010 8
b0010101001011 ;
1=
1>
#13575
0&
0=
0>
#13580
b00000000000000000000010101001110 "
b00000000000000000000010101001110 $
1&
b0010101001011 8
b0010101001100 ;
1=
1>
#13585
0&
0=
0>
#13590
b00000000000000000000010101001111 "
b00000000000000000000010101001111 $
1&
b0010101001100 8
b0010101001101 ;
1=
1>
#13595
0&
0=
0>
#13600
b00000000000000000000010101010000 "
b00000000000000000000010101010000 $
1&
b0010101001101 8
b0010101001110 ;
1=
1>
#13605
0&
0=
0>
#13610
b00000000000000000000010101010001 "
b00000000000000000000010101010001 $
1&
b0010101001110 8
b0010101001111 ;
1=
1>
#13615
0&
0=
0>
#13620
b00000000000000000000010101010010 "
b00000000000000000000010101010010 $
1&
b0010101001111 8
b0010101010000 ;
1=
1>
#13625
0&
0=
0>
#13630
b00000000000000000000010101010011 "
b00000000000000000000010101010011 $
1&
b0010101010000 8
b0010101010001 ;
1=
1>
#13635
0&
0=
0>
#13640
b00000000000000000000010101010100 "
b00000000000000000000010101010100 $
1&
b0010101010001 8
b0010101010010 ;
1=
1>
#13645
0&
0=
0>
#13650
b00000000000000000000010101010101 "
b00000000000000000000010101010101 $
1&
b0010101010010 8
b0010101010011 ;
1=
1>
#13655
0&
0=
0>
#13660
b00000000000000000000010101010110 "
b00000000000000000000010101010110 $
1&
b0010101010011 8
b0010101010100 ;
1=
1>
#13665
0&
0=
0>
#13670
b00000000000000000000010101010111 "
b00000000000000000000010101010111 $
1&
b0010101010100 8
b0010101010101 ;
1=
1>
#13675
0&
0=
0>
#13680
b00000000000000000000010101011000 "
b00000000000000000000010101011000 $
1&
b0010101010101 8
b0010101010110 ;
1=
1>
#13685
0&
0=
0>
#13690
b00000000000000000000010101011001 "
b00000000000000000000010101011001 $
1&
b0010101010110 8
b0010101010111 ;
1=
1>
#13695
0&
0=
0>
#13700
b00000000000000000000010101011010 "
b00000000000000000000010101011010 $
1&
b0010101010111 8
b0010101011000 ;
1=
1>
#13705
0&
0=
0>
#13710
b00000000000000000000010101011011 "
b00000000000000000000010101011011 $
1&
b0010101011000 8
b0010101011001 ;
1=
1>
#13715
0&
0=
0>
#13720
b00000000000000000000010101011100 "
b00000000000000000000010101011100 $
1&
b0010101011001 8
b0010101011010 ;
1=
1>
#13725
0&
0=
0>
#13730
b00000000000000000000010101011101 "
b00000000000000000000010101011101 $
1&
b0010101011010 8
b0010101011011 ;
1=
1>
#13735
0&
0=
0>
#13740
b00000000000000000000010101011110 "
b00000000000000000000010101011110 $
1&
b0010101011011 8
b0010101011100 ;
1=
1>
#13745
0&
0=
0>
#13750
b00000000000000000000010101011111 "
b00000000000000000000010101011111 $
1&
b0010101011100 8
b0010101011101 ;
1=
1>
#13755
0&
0=
0>
#13760
b00000000000000000000010101100000 "
b00000000000000000000010101100000 $
1&
b0010101011101 8
b0010101011110 ;
1=
1>
#13765
0&
0=
0>
#13770
b00000000000000000000010101100001 "
b00000000000000000000010101100001 $
1&
b0010101011110 8
b0010101011111 ;
1=
1>
#13775
0&
0=
0>
#13780
b00000000000000000000010101100010 "
b00000000000000000000010101100010 $
1&
b0010101011111 8
b0010101100000 ;
1=
1>
#13785
0&
0=
0>
#13790
b00000000000000000000010101100011 "
b00000000000000000000010101100011 $
1&
b0010101100000 8
b0010101100001 ;
1=
1>
#13795
0&
0=
0>
#13800
b00000000000000000000010101100100 "
b00000000000000000000010101100100 $
1&
b0010101100001 8
b0010101100010 ;
1=
1>
#13805
0&
0=
0>
#13810
b00000000000000000000010101100101 "
b00000000000000000000010101100101 $
1&
b0010101100010 8
b0010101100011 ;
1=
1>
#13815
0&
0=
0>
#13820
b00000000000000000000010101100110 "
b00000000000000000000010101100110 $
1&
b0010101100011 8
b0010101100100 ;
1=
1>
#13825
0&
0=
0>
#13830
b00000000000000000000010101100111 "
b00000000000000000000010101100111 $
1&
b0010101100100 8
b0010101100101 ;
1=
1>
#13835
0&
0=
0>
#13840
b00000000000000000000010101101000 "
b00000000000000000000010101101000 $
1&
b0010101100101 8
b0010101100110 ;
1=
1>
#13845
0&
0=
0>
#13850
b00000000000000000000010101101001 "
b00000000000000000000010101101001 $
1&
b0010101100110 8
b0010101100111 ;
1=
1>
#13855
0&
0=
0>
#13860
b00000000000000000000010101101010 "
b00000000000000000000010101101010 $
1&
b0010101100111 8
b0010101101000 ;
1=
1>
#13865
0&
0=
0>
#13870
b00000000000000000000010101101011 "
b00000000000000000000010101101011 $
1&
b0010101101000 8
b0010101101001 ;
1=
1>
#13875
0&
0=
0>
#13880
b00000000000000000000010101101100 "
b00000000000000000000010101101100 $
1&
b0010101101001 8
b0010101101010 ;
1=
1>
#13885
0&
0=
0>
#13890
b00000000000000000000010101101101 "
b00000000000000000000010101101101 $
1&
b0010101101010 8
b0010101101011 ;
1=
1>
#13895
0&
0=
0>
#13900
b00000000000000000000010101101110 "
b00000000000000000000010101101110 $
1&
b0010101101011 8
b0010101101100 ;
1=
1>
#13905
0&
0=
0>
#13910
b00000000000000000000010101101111 "
b00000000000000000000010101101111 $
1&
b0010101101100 8
b0010101101101 ;
1=
1>
#13915
0&
0=
0>
#13920
b00000000000000000000010101110000 "
b00000000000000000000010101110000 $
1&
b0010101101101 8
b0010101101110 ;
1=
1>
#13925
0&
0=
0>
#13930
b00000000000000000000010101110001 "
b00000000000000000000010101110001 $
1&
b0010101101110 8
b0010101101111 ;
1=
1>
#13935
0&
0=
0>
#13940
b00000000000000000000010101110010 "
b00000000000000000000010101110010 $
1&
b0010101101111 8
b0010101110000 ;
1=
1>
#13945
0&
0=
0>
#13950
b00000000000000000000010101110011 "
b00000000000000000000010101110011 $
1&
b0010101110000 8
b0010101110001 ;
1=
1>
#13955
0&
0=
0>
#13960
b00000000000000000000010101110100 "
b00000000000000000000010101110100 $
1&
b0010101110001 8
b0010101110010 ;
1=
1>
#13965
0&
0=
0>
#13970
b00000000000000000000010101110101 "
b00000000000000000000010101110101 $
1&
b0010101110010 8
b0010101110011 ;
1=
1>
#13975
0&
0=
0>
#13980
b00000000000000000000010101110110 "
b00000000000000000000010101110110 $
1&
b0010101110011 8
b0010101110100 ;
1=
1>
#13985
0&
0=
0>
#13990
b00000000000000000000010101110111 "
b00000000000000000000010101110111 $
1&
b0010101110100 8
b0010101110101 ;
1=
1>
#13995
0&
0=
0>
#14000
b00000000000000000000010101111000 "
b00000000000000000000010101111000 $
1&
b0010101110101 8
b0010101110110 ;
1=
1>
#14005
0&
0=
0>
#14010
b00000000000000000000010101111001 "
b00000000000000000000010101111001 $
1&
b0010101110110 8
b0010101110111 ;
1=
1>
#14015
0&
0=
0>
#14020
b00000000000000000000010101111010 "
b00000000000000000000010101111010 $
1&
b0010101110111 8
b0010101111000 ;
1=
1>
#14025
0&
0=
0>
#14030
b00000000000000000000010101111011 "
b00000000000000000000010101111011 $
1&
b0010101111000 8
b0010101111001 ;
1=
1>
#14035
0&
0=
0>
#14040
b00000000000000000000010101111100 "
b00000000000000000000010101111100 $
1&
b0010101111001 8
b0010101111010 ;
1=
1>
#14045
0&
0=
0>
#14050
b00000000000000000000010101111101 "
b00000000000000000000010101111101 $
1&
b0010101111010 8
b0010101111011 ;
1=
1>
#14055
0&
0=
0>
#14060
b00000000000000000000010101111110 "
b00000000000000000000010101111110 $
1&
b0010101111011 8
b0010101111100 ;
1=
1>
#14065
0&
0=
0>
#14070
b00000000000000000000010101111111 "
b00000000000000000000010101111111 $
1&
b0010101111100 8
b0010101111101 ;
1=
1>
#14075
0&
0=
0>
#14080
b00000000000000000000010110000000 "
b00000000000000000000010110000000 $
1&
b0010101111101 8
b0010101111110 ;
1=
1>
#14085
0&
0=
0>
#14090
b00000000000000000000010110000001 "
b00000000000000000000010110000001 $
1&
b0010101111110 8
b0010101111111 ;
1=
1>
#14095
0&
0=
0>
#14100
b00000000000000000000010110000010 "
b00000000000000000000010110000010 $
1&
b0010101111111 8
b0010110000000 ;
1=
1>
#14105
0&
0=
0>
#14110
b00000000000000000000010110000011 "
b00000000000000000000010110000011 $
1&
b0010110000000 8
b0010110000001 ;
1=
1>
#14115
0&
0=
0>
#14120
b00000000000000000000010110000100 "
b00000000000000000000010110000100 $
1&
b0010110000001 8
b0010110000010 ;
1=
1>
#14125
0&
0=
0>
#14130
b00000000000000000000010110000101 "
b00000000000000000000010110000101 $
1&
b0010110000010 8
b0010110000011 ;
1=
1>
#14135
0&
0=
0>
#14140
b00000000000000000000010110000110 "
b00000000000000000000010110000110 $
1&
b0010110000011 8
b0010110000100 ;
1=
1>
#14145
0&
0=
0>
#14150
b00000000000000000000010110000111 "
b00000000000000000000010110000111 $
1&
b0010110000100 8
b0010110000101 ;
1=
1>
#14155
0&
0=
0>
#14160
b00000000000000000000010110001000 "
b00000000000000000000010110001000 $
1&
b0010110000101 8
b0010110000110 ;
1=
1>
#14165
0&
0=
0>
#14170
b00000000000000000000010110001001 "
b00000000000000000000010110001001 $
1&
b0010110000110 8
b0010110000111 ;
1=
1>
#14175
0&
0=
0>
#14180
b00000000000000000000010110001010 "
b00000000000000000000010110001010 $
1&
b0010110000111 8
b0010110001000 ;
1=
1>
#14185
0&
0=
0>
#14190
b00000000000000000000010110001011 "
b00000000000000000000010110001011 $
1&
b0010110001000 8
b0010110001001 ;
1=
1>
#14195
0&
0=
0>
#14200
b00000000000000000000010110001100 "
b00000000000000000000010110001100 $
1&
b0010110001001 8
b0010110001010 ;
1=
1>
#14205
0&
0=
0>
#14210
b00000000000000000000010110001101 "
b00000000000000000000010110001101 $
1&
b0010110001010 8
b0010110001011 ;
1=
1>
#14215
0&
0=
0>
#14220
b00000000000000000000010110001110 "
b00000000000000000000010110001110 $
1&
b0010110001011 8
b0010110001100 ;
1=
1>
#14225
0&
0=
0>
#14230
b00000000000000000000010110001111 "
b00000000000000000000010110001111 $
1&
b0010110001100 8
b0010110001101 ;
1=
1>
#14235
0&
0=
0>
#14240
b00000000000000000000010110010000 "
b00000000000000000000010110010000 $
1&
b0010110001101 8
b0010110001110 ;
1=
1>
#14245
0&
0=
0>
#14250
b00000000000000000000010110010001 "
b00000000000000000000010110010001 $
1&
b0010110001110 8
b0010110001111 ;
1=
1>
#14255
0&
0=
0>
#14260
b00000000000000000000010110010010 "
b00000000000000000000010110010010 $
1&
b0010110001111 8
b0010110010000 ;
1=
1>
#14265
0&
0=
0>
#14270
b00000000000000000000010110010011 "
b00000000000000000000010110010011 $
1&
b0010110010000 8
b0010110010001 ;
1=
1>
#14275
0&
0=
0>
#14280
b00000000000000000000010110010100 "
b00000000000000000000010110010100 $
1&
b0010110010001 8
b0010110010010 ;
1=
1>
#14285
0&
0=
0>
#14290
b00000000000000000000010110010101 "
b00000000000000000000010110010101 $
1&
b0010110010010 8
b0010110010011 ;
1=
1>
#14295
0&
0=
0>
#14300
b00000000000000000000010110010110 "
b00000000000000000000010110010110 $
1&
b0010110010011 8
b0010110010100 ;
1=
1>
#14305
0&
0=
0>
#14310
b00000000000000000000010110010111 "
b00000000000000000000010110010111 $
1&
b0010110010100 8
b0010110010101 ;
1=
1>
#14315
0&
0=
0>
#14320
b00000000000000000000010110011000 "
b00000000000000000000010110011000 $
1&
b0010110010101 8
b0010110010110 ;
1=
1>
#14325
0&
0=
0>
#14330
b00000000000000000000010110011001 "
b00000000000000000000010110011001 $
1&
b0010110010110 8
b0010110010111 ;
1=
1>
#14335
0&
0=
0>
#14340
b00000000000000000000010110011010 "
b00000000000000000000010110011010 $
1&
b0010110010111 8
b0010110011000 ;
1=
1>
#14345
0&
0=
0>
#14350
b00000000000000000000010110011011 "
b00000000000000000000010110011011 $
1&
b0010110011000 8
b0010110011001 ;
1=
1>
#14355
0&
0=
0>
#14360
b00000000000000000000010110011100 "
b00000000000000000000010110011100 $
1&
b0010110011001 8
b0010110011010 ;
1=
1>
#14365
0&
0=
0>
#14370
b00000000000000000000010110011101 "
b00000000000000000000010110011101 $
1&
b0010110011010 8
b0010110011011 ;
1=
1>
#14375
0&
0=
0>
#14380
b00000000000000000000010110011110 "
b00000000000000000000010110011110 $
1&
b0010110011011 8
b0010110011100 ;
1=
1>
#14385
0&
0=
0>
#14390
b00000000000000000000010110011111 "
b00000000000000000000010110011111 $
1&
b0010110011100 8
b0010110011101 ;
1=
1>
#14395
0&
0=
0>
#14400
b00000000000000000000010110100000 "
b00000000000000000000010110100000 $
1&
b0010110011101 8
b0010110011110 ;
1=
1>
#14405
0&
0=
0>
#14410
b00000000000000000000010110100001 "
b00000000000000000000010110100001 $
1&
b0010110011110 8
b0010110011111 ;
1=
1>
#14415
0&
0=
0>
#14420
b00000000000000000000010110100010 "
b00000000000000000000010110100010 $
1&
b0010110011111 8
b0010110100000 ;
1=
1>
#14425
0&
0=
0>
#14430
b00000000000000000000010110100011 "
b00000000000000000000010110100011 $
1&
b0010110100000 8
b0010110100001 ;
1=
1>
#14435
0&
0=
0>
#14440
b00000000000000000000010110100100 "
b00000000000000000000010110100100 $
1&
b0010110100001 8
b0010110100010 ;
1=
1>
#14445
0&
0=
0>
#14450
b00000000000000000000010110100101 "
b00000000000000000000010110100101 $
1&
b0010110100010 8
b0010110100011 ;
1=
1>
#14455
0&
0=
0>
#14460
b00000000000000000000010110100110 "
b00000000000000000000010110100110 $
1&
b0010110100011 8
b0010110100100 ;
1=
1>
#14465
0&
0=
0>
#14470
b00000000000000000000010110100111 "
b00000000000000000000010110100111 $
1&
b0010110100100 8
b0010110100101 ;
1=
1>
#14475
0&
0=
0>
#14480
b00000000000000000000010110101000 "
b00000000000000000000010110101000 $
1&
b0010110100101 8
b0010110100110 ;
1=
1>
#14485
0&
0=
0>
#14490
b00000000000000000000010110101001 "
b00000000000000000000010110101001 $
1&
b0010110100110 8
b0010110100111 ;
1=
1>
#14495
0&
0=
0>
#14500
b00000000000000000000010110101010 "
b00000000000000000000010110101010 $
1&
b0010110100111 8
b0010110101000 ;
1=
1>
#14505
0&
0=
0>
#14510
b00000000000000000000010110101011 "
b00000000000000000000010110101011 $
1&
b0010110101000 8
b0010110101001 ;
1=
1>
#14515
0&
0=
0>
#14520
b00000000000000000000010110101100 "
b00000000000000000000010110101100 $
1&
b0010110101001 8
b0010110101010 ;
1=
1>
#14525
0&
0=
0>
#14530
b00000000000000000000010110101101 "
b00000000000000000000010110101101 $
1&
b0010110101010 8
b0010110101011 ;
1=
1>
#14535
0&
0=
0>
#14540
b00000000000000000000010110101110 "
b00000000000000000000010110101110 $
1&
b0010110101011 8
b0010110101100 ;
1=
1>
#14545
0&
0=
0>
#14550
b00000000000000000000010110101111 "
b00000000000000000000010110101111 $
1&
b0010110101100 8
b0010110101101 ;
1=
1>
#14555
0&
0=
0>
#14560
b00000000000000000000010110110000 "
b00000000000000000000010110110000 $
1&
b0010110101101 8
b0010110101110 ;
1=
1>
#14565
0&
0=
0>
#14570
b00000000000000000000010110110001 "
b00000000000000000000010110110001 $
1&
b0010110101110 8
b0010110101111 ;
1=
1>
#14575
0&
0=
0>
#14580
b00000000000000000000010110110010 "
b00000000000000000000010110110010 $
1&
b0010110101111 8
b0010110110000 ;
1=
1>
#14585
0&
0=
0>
#14590
b00000000000000000000010110110011 "
b00000000000000000000010110110011 $
1&
b0010110110000 8
b0010110110001 ;
1=
1>
#14595
0&
0=
0>
#14600
b00000000000000000000010110110100 "
b00000000000000000000010110110100 $
1&
b0010110110001 8
b0010110110010 ;
1=
1>
#14605
0&
0=
0>
#14610
b00000000000000000000010110110101 "
b00000000000000000000010110110101 $
1&
b0010110110010 8
b0010110110011 ;
1=
1>
#14615
0&
0=
0>
#14620
b00000000000000000000010110110110 "
b00000000000000000000010110110110 $
1&
b0010110110011 8
b0010110110100 ;
1=
1>
#14625
0&
0=
0>
#14630
b00000000000000000000010110110111 "
b00000000000000000000010110110111 $
1&
b0010110110100 8
b0010110110101 ;
1=
1>
#14635
0&
0=
0>
#14640
b00000000000000000000010110111000 "
b00000000000000000000010110111000 $
1&
b0010110110101 8
b0010110110110 ;
1=
1>
#14645
0&
0=
0>
#14650
b00000000000000000000010110111001 "
b00000000000000000000010110111001 $
1&
b0010110110110 8
b0010110110111 ;
1=
1>
#14655
0&
0=
0>
#14660
b00000000000000000000010110111010 "
b00000000000000000000010110111010 $
1&
b0010110110111 8
b0010110111000 ;
1=
1>
#14665
0&
0=
0>
#14670
b00000000000000000000010110111011 "
b00000000000000000000010110111011 $
1&
b0010110111000 8
b0010110111001 ;
1=
1>
#14675
0&
0=
0>
#14680
b00000000000000000000010110111100 "
b00000000000000000000010110111100 $
1&
b0010110111001 8
b0010110111010 ;
1=
1>
#14685
0&
0=
0>
#14690
b00000000000000000000010110111101 "
b00000000000000000000010110111101 $
1&
b0010110111010 8
b0010110111011 ;
1=
1>
#14695
0&
0=
0>
#14700
b00000000000000000000010110111110 "
b00000000000000000000010110111110 $
1&
b0010110111011 8
b0010110111100 ;
1=
1>
#14705
0&
0=
0>
#14710
b00000000000000000000010110111111 "
b00000000000000000000010110111111 $
1&
b0010110111100 8
b0010110111101 ;
1=
1>
#14715
0&
0=
0>
#14720
b00000000000000000000010111000000 "
b00000000000000000000010111000000 $
1&
b0010110111101 8
b0010110111110 ;
1=
1>
#14725
0&
0=
0>
#14730
b00000000000000000000010111000001 "
b00000000000000000000010111000001 $
1&
b0010110111110 8
b0010110111111 ;
1=
1>
#14735
0&
0=
0>
#14740
b00000000000000000000010111000010 "
b00000000000000000000010111000010 $
1&
b0010110111111 8
b0010111000000 ;
1=
1>
#14745
0&
0=
0>
#14750
b00000000000000000000010111000011 "
b00000000000000000000010111000011 $
1&
b0010111000000 8
b0010111000001 ;
1=
1>
#14755
0&
0=
0>
#14760
b00000000000000000000010111000100 "
b00000000000000000000010111000100 $
1&
b0010111000001 8
b0010111000010 ;
1=
1>
#14765
0&
0=
0>
#14770
b00000000000000000000010111000101 "
b00000000000000000000010111000101 $
1&
b0010111000010 8
b0010111000011 ;
1=
1>
#14775
0&
0=
0>
#14780
b00000000000000000000010111000110 "
b00000000000000000000010111000110 $
1&
b0010111000011 8
b0010111000100 ;
1=
1>
#14785
0&
0=
0>
#14790
b00000000000000000000010111000111 "
b00000000000000000000010111000111 $
1&
b0010111000100 8
b0010111000101 ;
1=
1>
#14795
0&
0=
0>
#14800
b00000000000000000000010111001000 "
b00000000000000000000010111001000 $
1&
b0010111000101 8
b0010111000110 ;
1=
1>
#14805
0&
0=
0>
#14810
b00000000000000000000010111001001 "
b00000000000000000000010111001001 $
1&
b0010111000110 8
b0010111000111 ;
1=
1>
#14815
0&
0=
0>
#14820
b00000000000000000000010111001010 "
b00000000000000000000010111001010 $
1&
b0010111000111 8
b0010111001000 ;
1=
1>
#14825
0&
0=
0>
#14830
b00000000000000000000010111001011 "
b00000000000000000000010111001011 $
1&
b0010111001000 8
b0010111001001 ;
1=
1>
#14835
0&
0=
0>
#14840
b00000000000000000000010111001100 "
b00000000000000000000010111001100 $
1&
b0010111001001 8
b0010111001010 ;
1=
1>
#14845
0&
0=
0>
#14850
b00000000000000000000010111001101 "
b00000000000000000000010111001101 $
1&
b0010111001010 8
b0010111001011 ;
1=
1>
#14855
0&
0=
0>
#14860
b00000000000000000000010111001110 "
b00000000000000000000010111001110 $
1&
b0010111001011 8
b0010111001100 ;
1=
1>
#14865
0&
0=
0>
#14870
b00000000000000000000010111001111 "
b00000000000000000000010111001111 $
1&
b0010111001100 8
b0010111001101 ;
1=
1>
#14875
0&
0=
0>
#14880
b00000000000000000000010111010000 "
b00000000000000000000010111010000 $
1&
b0010111001101 8
b0010111001110 ;
1=
1>
#14885
0&
0=
0>
#14890
b00000000000000000000010111010001 "
b00000000000000000000010111010001 $
1&
b0010111001110 8
b0010111001111 ;
1=
1>
#14895
0&
0=
0>
#14900
b00000000000000000000010111010010 "
b00000000000000000000010111010010 $
1&
b0010111001111 8
b0010111010000 ;
1=
1>
#14905
0&
0=
0>
#14910
b00000000000000000000010111010011 "
b00000000000000000000010111010011 $
1&
b0010111010000 8
b0010111010001 ;
1=
1>
#14915
0&
0=
0>
#14920
b00000000000000000000010111010100 "
b00000000000000000000010111010100 $
1&
b0010111010001 8
b0010111010010 ;
1=
1>
#14925
0&
0=
0>
#14930
b00000000000000000000010111010101 "
b00000000000000000000010111010101 $
1&
b0010111010010 8
b0010111010011 ;
1=
1>
#14935
0&
0=
0>
#14940
b00000000000000000000010111010110 "
b00000000000000000000010111010110 $
1&
b0010111010011 8
b0010111010100 ;
1=
1>
#14945
0&
0=
0>
#14950
b00000000000000000000010111010111 "
b00000000000000000000010111010111 $
1&
b0010111010100 8
b0010111010101 ;
1=
1>
#14955
0&
0=
0>
#14960
b00000000000000000000010111011000 "
b00000000000000000000010111011000 $
1&
b0010111010101 8
b0010111010110 ;
1=
1>
#14965
0&
0=
0>
#14970
b00000000000000000000010111011001 "
b00000000000000000000010111011001 $
1&
b0010111010110 8
b0010111010111 ;
1=
1>
#14975
0&
0=
0>
#14980
b00000000000000000000010111011010 "
b00000000000000000000010111011010 $
1&
b0010111010111 8
b0010111011000 ;
1=
1>
#14985
0&
0=
0>
#14990
b00000000000000000000010111011011 "
b00000000000000000000010111011011 $
1&
b0010111011000 8
b0010111011001 ;
1=
1>
#14995
0&
0=
0>
#15000
b00000000000000000000010111011100 "
b00000000000000000000010111011100 $
1&
b0010111011001 8
b0010111011010 ;
1=
1>
#15005
0&
0=
0>
#15010
b00000000000000000000010111011101 "
b00000000000000000000010111011101 $
1&
b0010111011010 8
b0010111011011 ;
1=
1>
#15015
0&
0=
0>
#15020
b00000000000000000000010111011110 "
b00000000000000000000010111011110 $
1&
b0010111011011 8
b0010111011100 ;
1=
1>
#15025
0&
0=
0>
#15030
b00000000000000000000010111011111 "
b00000000000000000000010111011111 $
1&
b0010111011100 8
b0010111011101 ;
1=
1>
#15035
0&
0=
0>
#15040
b00000000000000000000010111100000 "
b00000000000000000000010111100000 $
1&
b0010111011101 8
b0010111011110 ;
1=
1>
#15045
0&
0=
0>
#15050
b00000000000000000000010111100001 "
b00000000000000000000010111100001 $
1&
b0010111011110 8
b0010111011111 ;
1=
1>
#15055
0&
0=
0>
#15060
b00000000000000000000010111100010 "
b00000000000000000000010111100010 $
1&
b0010111011111 8
b0010111100000 ;
1=
1>
#15065
0&
0=
0>
#15070
b00000000000000000000010111100011 "
b00000000000000000000010111100011 $
1&
b0010111100000 8
b0010111100001 ;
1=
1>
#15075
0&
0=
0>
#15080
b00000000000000000000010111100100 "
b00000000000000000000010111100100 $
1&
b0010111100001 8
b0010111100010 ;
1=
1>
#15085
0&
0=
0>
#15090
b00000000000000000000010111100101 "
b00000000000000000000010111100101 $
1&
b0010111100010 8
b0010111100011 ;
1=
1>
#15095
0&
0=
0>
#15100
b00000000000000000000010111100110 "
b00000000000000000000010111100110 $
1&
b0010111100011 8
b0010111100100 ;
1=
1>
#15105
0&
0=
0>
#15110
b00000000000000000000010111100111 "
b00000000000000000000010111100111 $
1&
b0010111100100 8
b0010111100101 ;
1=
1>
#15115
0&
0=
0>
#15120
b00000000000000000000010111101000 "
b00000000000000000000010111101000 $
1&
b0010111100101 8
b0010111100110 ;
1=
1>
#15125
0&
0=
0>
#15130
b00000000000000000000010111101001 "
b00000000000000000000010111101001 $
1&
b0010111100110 8
b0010111100111 ;
1=
1>
#15135
0&
0=
0>
#15140
b00000000000000000000010111101010 "
b00000000000000000000010111101010 $
1&
b0010111100111 8
b0010111101000 ;
1=
1>
#15145
0&
0=
0>
#15150
b00000000000000000000010111101011 "
b00000000000000000000010111101011 $
1&
b0010111101000 8
b0010111101001 ;
1=
1>
#15155
0&
0=
0>
#15160
b00000000000000000000010111101100 "
b00000000000000000000010111101100 $
1&
b0010111101001 8
b0010111101010 ;
1=
1>
#15165
0&
0=
0>
#15170
b00000000000000000000010111101101 "
b00000000000000000000010111101101 $
1&
b0010111101010 8
b0010111101011 ;
1=
1>
#15175
0&
0=
0>
#15180
b00000000000000000000010111101110 "
b00000000000000000000010111101110 $
1&
b0010111101011 8
b0010111101100 ;
1=
1>
#15185
0&
0=
0>
#15190
b00000000000000000000010111101111 "
b00000000000000000000010111101111 $
1&
b0010111101100 8
b0010111101101 ;
1=
1>
#15195
0&
0=
0>
#15200
b00000000000000000000010111110000 "
b00000000000000000000010111110000 $
1&
b0010111101101 8
b0010111101110 ;
1=
1>
#15205
0&
0=
0>
#15210
b00000000000000000000010111110001 "
b00000000000000000000010111110001 $
1&
b0010111101110 8
b0010111101111 ;
1=
1>
#15215
0&
0=
0>
#15220
b00000000000000000000010111110010 "
b00000000000000000000010111110010 $
1&
b0010111101111 8
b0010111110000 ;
1=
1>
#15225
0&
0=
0>
#15230
b00000000000000000000010111110011 "
b00000000000000000000010111110011 $
1&
b0010111110000 8
b0010111110001 ;
1=
1>
#15235
0&
0=
0>
#15240
b00000000000000000000010111110100 "
b00000000000000000000010111110100 $
1&
b0010111110001 8
b0010111110010 ;
1=
1>
#15245
0&
0=
0>
#15250
b00000000000000000000010111110101 "
b00000000000000000000010111110101 $
1&
b0010111110010 8
b0010111110011 ;
1=
1>
#15255
0&
0=
0>
#15260
b00000000000000000000010111110110 "
b00000000000000000000010111110110 $
1&
b0010111110011 8
b0010111110100 ;
1=
1>
#15265
0&
0=
0>
#15270
b00000000000000000000010111110111 "
b00000000000000000000010111110111 $
1&
b0010111110100 8
b0010111110101 ;
1=
1>
#15275
0&
0=
0>
#15280
b00000000000000000000010111111000 "
b00000000000000000000010111111000 $
1&
b0010111110101 8
b0010111110110 ;
1=
1>
#15285
0&
0=
0>
#15290
b00000000000000000000010111111001 "
b00000000000000000000010111111001 $
1&
b0010111110110 8
b0010111110111 ;
1=
1>
#15295
0&
0=
0>
#15300
b00000000000000000000010111111010 "
b00000000000000000000010111111010 $
1&
b0010111110111 8
b0010111111000 ;
1=
1>
#15305
0&
0=
0>
#15310
b00000000000000000000010111111011 "
b00000000000000000000010111111011 $
1&
b0010111111000 8
b0010111111001 ;
1=
1>
#15315
0&
0=
0>
#15320
b00000000000000000000010111111100 "
b00000000000000000000010111111100 $
1&
b0010111111001 8
b0010111111010 ;
1=
1>
#15325
0&
0=
0>
#15330
b00000000000000000000010111111101 "
b00000000000000000000010111111101 $
1&
b0010111111010 8
b0010111111011 ;
1=
1>
#15335
0&
0=
0>
#15340
b00000000000000000000010111111110 "
b00000000000000000000010111111110 $
1&
b0010111111011 8
b0010111111100 ;
1=
1>
#15345
0&
0=
0>
#15350
b00000000000000000000010111111111 "
b00000000000000000000010111111111 $
1&
b0010111111100 8
b0010111111101 ;
1=
1>
#15355
0&
0=
0>
#15360
b00000000000000000000011000000000 "
b00000000000000000000011000000000 $
1&
b0010111111101 8
b0010111111110 ;
1=
1>
#15365
0&
0=
0>
#15370
b00000000000000000000011000000001 "
b00000000000000000000011000000001 $
1&
b0010111111110 8
b0010111111111 ;
1=
1>
#15375
0&
0=
0>
#15380
b00000000000000000000011000000010 "
b00000000000000000000011000000010 $
1&
b0010111111111 8
b0011000000000 ;
1=
1>
#15385
0&
0=
0>
#15390
b00000000000000000000011000000011 "
b00000000000000000000011000000011 $
1&
b0011000000000 8
b0011000000001 ;
1=
1>
#15395
0&
0=
0>
#15400
b00000000000000000000011000000100 "
b00000000000000000000011000000100 $
1&
b0011000000001 8
b0011000000010 ;
1=
1>
#15405
0&
0=
0>
#15410
b00000000000000000000011000000101 "
b00000000000000000000011000000101 $
1&
b0011000000010 8
b0011000000011 ;
1=
1>
#15415
0&
0=
0>
#15420
b00000000000000000000011000000110 "
b00000000000000000000011000000110 $
1&
b0011000000011 8
b0011000000100 ;
1=
1>
#15425
0&
0=
0>
#15430
b00000000000000000000011000000111 "
b00000000000000000000011000000111 $
1&
b0011000000100 8
b0011000000101 ;
1=
1>
#15435
0&
0=
0>
#15440
b00000000000000000000011000001000 "
b00000000000000000000011000001000 $
1&
b0011000000101 8
b0011000000110 ;
1=
1>
#15445
0&
0=
0>
#15450
b00000000000000000000011000001001 "
b00000000000000000000011000001001 $
1&
b0011000000110 8
b0011000000111 ;
1=
1>
#15455
0&
0=
0>
#15460
b00000000000000000000011000001010 "
b00000000000000000000011000001010 $
1&
b0011000000111 8
b0011000001000 ;
1=
1>
#15465
0&
0=
0>
#15470
b00000000000000000000011000001011 "
b00000000000000000000011000001011 $
1&
b0011000001000 8
b0011000001001 ;
1=
1>
#15475
0&
0=
0>
#15480
b00000000000000000000011000001100 "
b00000000000000000000011000001100 $
1&
b0011000001001 8
b0011000001010 ;
1=
1>
#15485
0&
0=
0>
#15490
b00000000000000000000011000001101 "
b00000000000000000000011000001101 $
1&
b0011000001010 8
b0011000001011 ;
1=
1>
#15495
0&
0=
0>
#15500
b00000000000000000000011000001110 "
b00000000000000000000011000001110 $
1&
b0011000001011 8
b0011000001100 ;
1=
1>
#15505
0&
0=
0>
#15510
b00000000000000000000011000001111 "
b00000000000000000000011000001111 $
1&
b0011000001100 8
b0011000001101 ;
1=
1>
#15515
0&
0=
0>
#15520
b00000000000000000000011000010000 "
b00000000000000000000011000010000 $
1&
b0011000001101 8
b0011000001110 ;
1=
1>
#15525
0&
0=
0>
#15530
b00000000000000000000011000010001 "
b00000000000000000000011000010001 $
1&
b0011000001110 8
b0011000001111 ;
1=
1>
#15535
0&
0=
0>
#15540
b00000000000000000000011000010010 "
b00000000000000000000011000010010 $
1&
b0011000001111 8
b0011000010000 ;
1=
1>
#15545
0&
0=
0>
#15550
b00000000000000000000011000010011 "
b00000000000000000000011000010011 $
1&
b0011000010000 8
b0011000010001 ;
1=
1>
#15555
0&
0=
0>
#15560
b00000000000000000000011000010100 "
b00000000000000000000011000010100 $
1&
b0011000010001 8
b0011000010010 ;
1=
1>
#15565
0&
0=
0>
#15570
b00000000000000000000011000010101 "
b00000000000000000000011000010101 $
1&
b0011000010010 8
b0011000010011 ;
1=
1>
#15575
0&
0=
0>
#15580
b00000000000000000000011000010110 "
b00000000000000000000011000010110 $
1&
b0011000010011 8
b0011000010100 ;
1=
1>
#15585
0&
0=
0>
#15590
b00000000000000000000011000010111 "
b00000000000000000000011000010111 $
1&
b0011000010100 8
b0011000010101 ;
1=
1>
#15595
0&
0=
0>
#15600
b00000000000000000000011000011000 "
b00000000000000000000011000011000 $
1&
b0011000010101 8
b0011000010110 ;
1=
1>
#15605
0&
0=
0>
#15610
b00000000000000000000011000011001 "
b00000000000000000000011000011001 $
1&
b0011000010110 8
b0011000010111 ;
1=
1>
#15615
0&
0=
0>
#15620
b00000000000000000000011000011010 "
b00000000000000000000011000011010 $
1&
b0011000010111 8
b0011000011000 ;
1=
1>
#15625
0&
0=
0>
#15630
b00000000000000000000011000011011 "
b00000000000000000000011000011011 $
1&
b0011000011000 8
b0011000011001 ;
1=
1>
#15635
0&
0=
0>
#15640
b00000000000000000000011000011100 "
b00000000000000000000011000011100 $
1&
b0011000011001 8
b0011000011010 ;
1=
1>
#15645
0&
0=
0>
#15650
b00000000000000000000011000011101 "
b00000000000000000000011000011101 $
1&
b0011000011010 8
b0011000011011 ;
1=
1>
#15655
0&
0=
0>
#15660
b00000000000000000000011000011110 "
b00000000000000000000011000011110 $
1&
b0011000011011 8
b0011000011100 ;
1=
1>
#15665
0&
0=
0>
#15670
b00000000000000000000011000011111 "
b00000000000000000000011000011111 $
1&
b0011000011100 8
b0011000011101 ;
1=
1>
#15675
0&
0=
0>
#15680
b00000000000000000000011000100000 "
b00000000000000000000011000100000 $
1&
b0011000011101 8
b0011000011110 ;
1=
1>
#15685
0&
0=
0>
#15690
b00000000000000000000011000100001 "
b00000000000000000000011000100001 $
1&
b0011000011110 8
b0011000011111 ;
1=
1>
#15695
0&
0=
0>
#15700
b00000000000000000000011000100010 "
b00000000000000000000011000100010 $
1&
b0011000011111 8
b0011000100000 ;
1=
1>
#15705
0&
0=
0>
#15710
b00000000000000000000011000100011 "
b00000000000000000000011000100011 $
1&
b0011000100000 8
b0011000100001 ;
1=
1>
#15715
0&
0=
0>
#15720
b00000000000000000000011000100100 "
b00000000000000000000011000100100 $
1&
b0011000100001 8
b0011000100010 ;
1=
1>
#15725
0&
0=
0>
#15730
b00000000000000000000011000100101 "
b00000000000000000000011000100101 $
1&
b0011000100010 8
b0011000100011 ;
1=
1>
#15735
0&
0=
0>
#15740
b00000000000000000000011000100110 "
b00000000000000000000011000100110 $
1&
b0011000100011 8
b0011000100100 ;
1=
1>
#15745
0&
0=
0>
#15750
b00000000000000000000011000100111 "
b00000000000000000000011000100111 $
1&
b0011000100100 8
b0011000100101 ;
1=
1>
#15755
0&
0=
0>
#15760
b00000000000000000000011000101000 "
b00000000000000000000011000101000 $
1&
b0011000100101 8
b0011000100110 ;
1=
1>
#15765
0&
0=
0>
#15770
b00000000000000000000011000101001 "
b00000000000000000000011000101001 $
1&
b0011000100110 8
b0011000100111 ;
1=
1>
#15775
0&
0=
0>
#15780
b00000000000000000000011000101010 "
b00000000000000000000011000101010 $
1&
b0011000100111 8
b0011000101000 ;
1=
1>
#15785
0&
0=
0>
#15790
b00000000000000000000011000101011 "
b00000000000000000000011000101011 $
1&
b0011000101000 8
b0011000101001 ;
1=
1>
#15795
0&
0=
0>
#15800
b00000000000000000000011000101100 "
b00000000000000000000011000101100 $
1&
b0011000101001 8
b0011000101010 ;
1=
1>
#15805
0&
0=
0>
#15810
b00000000000000000000011000101101 "
b00000000000000000000011000101101 $
1&
b0011000101010 8
b0011000101011 ;
1=
1>
#15815
0&
0=
0>
#15820
b00000000000000000000011000101110 "
b00000000000000000000011000101110 $
1&
b0011000101011 8
b0011000101100 ;
1=
1>
#15825
0&
0=
0>
#15830
b00000000000000000000011000101111 "
b00000000000000000000011000101111 $
1&
b0011000101100 8
b0011000101101 ;
1=
1>
#15835
0&
0=
0>
#15840
b00000000000000000000011000110000 "
b00000000000000000000011000110000 $
1&
b0011000101101 8
b0011000101110 ;
1=
1>
#15845
0&
0=
0>
#15850
b00000000000000000000011000110001 "
b00000000000000000000011000110001 $
1&
b0011000101110 8
b0011000101111 ;
1=
1>
#15855
0&
0=
0>
#15860
b00000000000000000000011000110010 "
b00000000000000000000011000110010 $
1&
b0011000101111 8
b0011000110000 ;
1=
1>
#15865
0&
0=
0>
#15870
b00000000000000000000011000110011 "
b00000000000000000000011000110011 $
1&
b0011000110000 8
b0011000110001 ;
1=
1>
#15875
0&
0=
0>
#15880
b00000000000000000000011000110100 "
b00000000000000000000011000110100 $
1&
b0011000110001 8
b0011000110010 ;
1=
1>
#15885
0&
0=
0>
#15890
b00000000000000000000011000110101 "
b00000000000000000000011000110101 $
1&
b0011000110010 8
b0011000110011 ;
1=
1>
#15895
0&
0=
0>
#15900
b00000000000000000000011000110110 "
b00000000000000000000011000110110 $
1&
b0011000110011 8
b0011000110100 ;
1=
1>
#15905
0&
0=
0>
#15910
b00000000000000000000011000110111 "
b00000000000000000000011000110111 $
1&
b0011000110100 8
b0011000110101 ;
1=
1>
#15915
0&
0=
0>
#15920
b00000000000000000000011000111000 "
b00000000000000000000011000111000 $
1&
b0011000110101 8
b0011000110110 ;
1=
1>
#15925
0&
0=
0>
#15930
b00000000000000000000011000111001 "
b00000000000000000000011000111001 $
1&
b0011000110110 8
b0011000110111 ;
1=
1>
#15935
0&
0=
0>
#15940
b00000000000000000000011000111010 "
b00000000000000000000011000111010 $
1&
b0011000110111 8
b0011000111000 ;
1=
1>
#15945
0&
0=
0>
#15950
b00000000000000000000011000111011 "
b00000000000000000000011000111011 $
1&
b0011000111000 8
b0011000111001 ;
1=
1>
#15955
0&
0=
0>
#15960
b00000000000000000000011000111100 "
b00000000000000000000011000111100 $
1&
b0011000111001 8
b0011000111010 ;
1=
1>
#15965
0&
0=
0>
#15970
b00000000000000000000011000111101 "
b00000000000000000000011000111101 $
1&
b0011000111010 8
b0011000111011 ;
1=
1>
#15975
0&
0=
0>
#15980
b00000000000000000000011000111110 "
b00000000000000000000011000111110 $
1&
b0011000111011 8
b0011000111100 ;
1=
1>
#15985
0&
0=
0>
#15990
b00000000000000000000011000111111 "
b00000000000000000000011000111111 $
1&
b0011000111100 8
b0011000111101 ;
1=
1>
#15995
0&
0=
0>
#16000
b00000000000000000000011001000000 "
b00000000000000000000011001000000 $
1&
b0011000111101 8
b0011000111110 ;
1=
1>
#16005
0&
0=
0>
#16010
b00000000000000000000011001000001 "
b00000000000000000000011001000001 $
1&
b0011000111110 8
b0011000111111 ;
1=
1>
#16015
0&
0=
0>
#16020
b00000000000000000000011001000010 "
b00000000000000000000011001000010 $
1&
b0011000111111 8
b0011001000000 ;
1=
1>
#16025
0&
0=
0>
#16030
b00000000000000000000011001000011 "
b00000000000000000000011001000011 $
1&
b0011001000000 8
b0011001000001 ;
1=
1>
#16035
0&
0=
0>
#16040
b00000000000000000000011001000100 "
b00000000000000000000011001000100 $
1&
b0011001000001 8
b0011001000010 ;
1=
1>
#16045
0&
0=
0>
#16050
b00000000000000000000011001000101 "
b00000000000000000000011001000101 $
1&
b0011001000010 8
b0011001000011 ;
1=
1>
#16055
0&
0=
0>
#16060
b00000000000000000000011001000110 "
b00000000000000000000011001000110 $
1&
b0011001000011 8
b0011001000100 ;
1=
1>
#16065
0&
0=
0>
#16070
b00000000000000000000011001000111 "
b00000000000000000000011001000111 $
1&
b0011001000100 8
b0011001000101 ;
1=
1>
#16075
0&
0=
0>
#16080
b00000000000000000000011001001000 "
b00000000000000000000011001001000 $
1&
b0011001000101 8
b0011001000110 ;
1=
1>
#16085
0&
0=
0>
#16090
b00000000000000000000011001001001 "
b00000000000000000000011001001001 $
1&
b0011001000110 8
b0011001000111 ;
1=
1>
#16095
0&
0=
0>
#16100
b00000000000000000000011001001010 "
b00000000000000000000011001001010 $
1&
b0011001000111 8
b0011001001000 ;
1=
1>
#16105
0&
0=
0>
#16110
b00000000000000000000011001001011 "
b00000000000000000000011001001011 $
1&
b0011001001000 8
b0011001001001 ;
1=
1>
#16115
0&
0=
0>
#16120
b00000000000000000000011001001100 "
b00000000000000000000011001001100 $
1&
b0011001001001 8
b0011001001010 ;
1=
1>
#16125
0&
0=
0>
#16130
b00000000000000000000011001001101 "
b00000000000000000000011001001101 $
1&
b0011001001010 8
b0011001001011 ;
1=
1>
#16135
0&
0=
0>
#16140
b00000000000000000000011001001110 "
b00000000000000000000011001001110 $
1&
b0011001001011 8
b0011001001100 ;
1=
1>
#16145
0&
0=
0>
#16150
b00000000000000000000011001001111 "
b00000000000000000000011001001111 $
1&
b0011001001100 8
b0011001001101 ;
1=
1>
#16155
0&
0=
0>
#16160
b00000000000000000000011001010000 "
b00000000000000000000011001010000 $
1&
b0011001001101 8
b0011001001110 ;
1=
1>
#16165
0&
0=
0>
#16170
b00000000000000000000011001010001 "
b00000000000000000000011001010001 $
1&
b0011001001110 8
b0011001001111 ;
1=
1>
#16175
0&
0=
0>
#16180
b00000000000000000000011001010010 "
b00000000000000000000011001010010 $
1&
b0011001001111 8
b0011001010000 ;
1=
1>
#16185
0&
0=
0>
#16190
b00000000000000000000011001010011 "
b00000000000000000000011001010011 $
1&
b0011001010000 8
b0011001010001 ;
1=
1>
#16195
0&
0=
0>
#16200
b00000000000000000000011001010100 "
b00000000000000000000011001010100 $
1&
b0011001010001 8
b0011001010010 ;
1=
1>
#16205
0&
0=
0>
#16210
b00000000000000000000011001010101 "
b00000000000000000000011001010101 $
1&
b0011001010010 8
b0011001010011 ;
1=
1>
#16215
0&
0=
0>
#16220
b00000000000000000000011001010110 "
b00000000000000000000011001010110 $
1&
b0011001010011 8
b0011001010100 ;
1=
1>
#16225
0&
0=
0>
#16230
b00000000000000000000011001010111 "
b00000000000000000000011001010111 $
1&
b0011001010100 8
b0011001010101 ;
1=
1>
#16235
0&
0=
0>
#16240
b00000000000000000000011001011000 "
b00000000000000000000011001011000 $
1&
b0011001010101 8
b0011001010110 ;
1=
1>
#16245
0&
0=
0>
#16250
b00000000000000000000011001011001 "
b00000000000000000000011001011001 $
1&
b0011001010110 8
b0011001010111 ;
1=
1>
#16255
0&
0=
0>
#16260
b00000000000000000000011001011010 "
b00000000000000000000011001011010 $
1&
b0011001010111 8
b0011001011000 ;
1=
1>
#16265
0&
0=
0>
#16270
b00000000000000000000011001011011 "
b00000000000000000000011001011011 $
1&
b0011001011000 8
b0011001011001 ;
1=
1>
#16275
0&
0=
0>
#16280
b00000000000000000000011001011100 "
b00000000000000000000011001011100 $
1&
b0011001011001 8
b0011001011010 ;
1=
1>
#16285
0&
0=
0>
#16290
b00000000000000000000011001011101 "
b00000000000000000000011001011101 $
1&
b0011001011010 8
b0011001011011 ;
1=
1>
#16295
0&
0=
0>
#16300
b00000000000000000000011001011110 "
b00000000000000000000011001011110 $
1&
b0011001011011 8
b0011001011100 ;
1=
1>
#16305
0&
0=
0>
#16310
b00000000000000000000011001011111 "
b00000000000000000000011001011111 $
1&
b0011001011100 8
b0011001011101 ;
1=
1>
#16315
0&
0=
0>
#16320
b00000000000000000000011001100000 "
b00000000000000000000011001100000 $
1&
b0011001011101 8
b0011001011110 ;
1=
1>
#16325
0&
0=
0>
#16330
b00000000000000000000011001100001 "
b00000000000000000000011001100001 $
1&
b0011001011110 8
b0011001011111 ;
1=
1>
#16335
0&
0=
0>
#16340
b00000000000000000000011001100010 "
b00000000000000000000011001100010 $
1&
b0011001011111 8
b0011001100000 ;
1=
1>
#16345
0&
0=
0>
#16350
b00000000000000000000011001100011 "
b00000000000000000000011001100011 $
1&
b0011001100000 8
b0011001100001 ;
1=
1>
#16355
0&
0=
0>
#16360
b00000000000000000000011001100100 "
b00000000000000000000011001100100 $
1&
b0011001100001 8
b0011001100010 ;
1=
1>
#16365
0&
0=
0>
#16370
b00000000000000000000011001100101 "
b00000000000000000000011001100101 $
1&
b0011001100010 8
b0011001100011 ;
1=
1>
#16375
0&
0=
0>
#16380
b00000000000000000000011001100110 "
b00000000000000000000011001100110 $
1&
b0011001100011 8
b0011001100100 ;
1=
1>
#16385
0&
0=
0>
#16390
b00000000000000000000011001100111 "
b00000000000000000000011001100111 $
1&
b0011001100100 8
b0011001100101 ;
1=
1>
#16395
0&
0=
0>
#16400
b00000000000000000000011001101000 "
b00000000000000000000011001101000 $
1&
b0011001100101 8
b0011001100110 ;
1=
1>
#16405
0&
0=
0>
#16410
b00000000000000000000011001101001 "
b00000000000000000000011001101001 $
1&
b0011001100110 8
b0011001100111 ;
1=
1>
#16415
0&
0=
0>
#16420
b00000000000000000000011001101010 "
b00000000000000000000011001101010 $
1&
b0011001100111 8
b0011001101000 ;
1=
1>
#16425
0&
0=
0>
#16430
b00000000000000000000011001101011 "
b00000000000000000000011001101011 $
1&
b0011001101000 8
b0011001101001 ;
1=
1>
#16435
0&
0=
0>
#16440
b00000000000000000000011001101100 "
b00000000000000000000011001101100 $
1&
b0011001101001 8
b0011001101010 ;
1=
1>
#16445
0&
0=
0>
#16450
b00000000000000000000011001101101 "
b00000000000000000000011001101101 $
1&
b0011001101010 8
b0011001101011 ;
1=
1>
#16455
0&
0=
0>
#16460
b00000000000000000000011001101110 "
b00000000000000000000011001101110 $
1&
b0011001101011 8
b0011001101100 ;
1=
1>
#16465
0&
0=
0>
#16470
b00000000000000000000011001101111 "
b00000000000000000000011001101111 $
1&
b0011001101100 8
b0011001101101 ;
1=
1>
#16475
0&
0=
0>
#16480
b00000000000000000000011001110000 "
b00000000000000000000011001110000 $
1&
b0011001101101 8
b0011001101110 ;
1=
1>
#16485
0&
0=
0>
#16490
b00000000000000000000011001110001 "
b00000000000000000000011001110001 $
1&
b0011001101110 8
b0011001101111 ;
1=
1>
#16495
0&
0=
0>
#16500
b00000000000000000000011001110010 "
b00000000000000000000011001110010 $
1&
b0011001101111 8
b0011001110000 ;
1=
1>
#16505
0&
0=
0>
#16510
b00000000000000000000011001110011 "
b00000000000000000000011001110011 $
1&
b0011001110000 8
b0011001110001 ;
1=
1>
#16515
0&
0=
0>
#16520
b00000000000000000000011001110100 "
b00000000000000000000011001110100 $
1&
b0011001110001 8
b0011001110010 ;
1=
1>
#16525
0&
0=
0>
#16530
b00000000000000000000011001110101 "
b00000000000000000000011001110101 $
1&
b0011001110010 8
b0011001110011 ;
1=
1>
#16535
0&
0=
0>
#16540
b00000000000000000000011001110110 "
b00000000000000000000011001110110 $
1&
b0011001110011 8
b0011001110100 ;
1=
1>
#16545
0&
0=
0>
#16550
b00000000000000000000011001110111 "
b00000000000000000000011001110111 $
1&
b0011001110100 8
b0011001110101 ;
1=
1>
#16555
0&
0=
0>
#16560
b00000000000000000000011001111000 "
b00000000000000000000011001111000 $
1&
b0011001110101 8
b0011001110110 ;
1=
1>
#16565
0&
0=
0>
#16570
b00000000000000000000011001111001 "
b00000000000000000000011001111001 $
1&
b0011001110110 8
b0011001110111 ;
1=
1>
#16575
0&
0=
0>
#16580
b00000000000000000000011001111010 "
b00000000000000000000011001111010 $
1&
b0011001110111 8
b0011001111000 ;
1=
1>
#16585
0&
0=
0>
#16590
b00000000000000000000011001111011 "
b00000000000000000000011001111011 $
1&
b0011001111000 8
b0011001111001 ;
1=
1>
#16595
0&
0=
0>
#16600
b00000000000000000000011001111100 "
b00000000000000000000011001111100 $
1&
b0011001111001 8
b0011001111010 ;
1=
1>
#16605
0&
0=
0>
#16610
b00000000000000000000011001111101 "
b00000000000000000000011001111101 $
1&
b0011001111010 8
b0011001111011 ;
1=
1>
#16615
0&
0=
0>
#16620
b00000000000000000000011001111110 "
b00000000000000000000011001111110 $
1&
b0011001111011 8
b0011001111100 ;
1=
1>
#16625
0&
0=
0>
#16630
b00000000000000000000011001111111 "
b00000000000000000000011001111111 $
1&
b0011001111100 8
b0011001111101 ;
1=
1>
#16635
0&
0=
0>
#16640
b00000000000000000000011010000000 "
b00000000000000000000011010000000 $
1&
b0011001111101 8
b0011001111110 ;
1=
1>
#16645
0&
0=
0>
#16650
b00000000000000000000011010000001 "
b00000000000000000000011010000001 $
1&
b0011001111110 8
b0011001111111 ;
1=
1>
#16655
0&
0=
0>
#16660
b00000000000000000000011010000010 "
b00000000000000000000011010000010 $
1&
b0011001111111 8
b0011010000000 ;
1=
1>
#16665
0&
0=
0>
#16670
b00000000000000000000011010000011 "
b00000000000000000000011010000011 $
1&
b0011010000000 8
b0011010000001 ;
1=
1>
#16675
0&
0=
0>
#16680
b00000000000000000000011010000100 "
b00000000000000000000011010000100 $
1&
b0011010000001 8
b0011010000010 ;
1=
1>
#16685
0&
0=
0>
#16690
b00000000000000000000011010000101 "
b00000000000000000000011010000101 $
1&
b0011010000010 8
b0011010000011 ;
1=
1>
#16695
0&
0=
0>
#16700
b00000000000000000000011010000110 "
b00000000000000000000011010000110 $
1&
b0011010000011 8
b0011010000100 ;
1=
1>
#16705
0&
0=
0>
#16710
b00000000000000000000011010000111 "
b00000000000000000000011010000111 $
1&
b0011010000100 8
b0011010000101 ;
1=
1>
#16715
0&
0=
0>
#16720
b00000000000000000000011010001000 "
b00000000000000000000011010001000 $
1&
b0011010000101 8
b0011010000110 ;
1=
1>
#16725
0&
0=
0>
#16730
b00000000000000000000011010001001 "
b00000000000000000000011010001001 $
1&
b0011010000110 8
b0011010000111 ;
1=
1>
#16735
0&
0=
0>
#16740
b00000000000000000000011010001010 "
b00000000000000000000011010001010 $
1&
b0011010000111 8
b0011010001000 ;
1=
1>
#16745
0&
0=
0>
#16750
b00000000000000000000011010001011 "
b00000000000000000000011010001011 $
1&
b0011010001000 8
b0011010001001 ;
1=
1>
#16755
0&
0=
0>
#16760
b00000000000000000000011010001100 "
b00000000000000000000011010001100 $
1&
b0011010001001 8
b0011010001010 ;
1=
1>
#16765
0&
0=
0>
#16770
b00000000000000000000011010001101 "
b00000000000000000000011010001101 $
1&
b0011010001010 8
b0011010001011 ;
1=
1>
#16775
0&
0=
0>
#16780
b00000000000000000000011010001110 "
b00000000000000000000011010001110 $
1&
b0011010001011 8
b0011010001100 ;
1=
1>
#16785
0&
0=
0>
#16790
b00000000000000000000011010001111 "
b00000000000000000000011010001111 $
1&
b0011010001100 8
b0011010001101 ;
1=
1>
#16795
0&
0=
0>
#16800
b00000000000000000000011010010000 "
b00000000000000000000011010010000 $
1&
b0011010001101 8
b0011010001110 ;
1=
1>
#16805
0&
0=
0>
#16810
b00000000000000000000011010010001 "
b00000000000000000000011010010001 $
1&
b0011010001110 8
b0011010001111 ;
1=
1>
#16815
0&
0=
0>
#16820
b00000000000000000000011010010010 "
b00000000000000000000011010010010 $
1&
b0011010001111 8
b0011010010000 ;
1=
1>
#16825
0&
0=
0>
#16830
b00000000000000000000011010010011 "
b00000000000000000000011010010011 $
1&
b0011010010000 8
b0011010010001 ;
1=
1>
#16835
0&
0=
0>
#16840
b00000000000000000000011010010100 "
b00000000000000000000011010010100 $
1&
b0011010010001 8
b0011010010010 ;
1=
1>
#16845
0&
0=
0>
#16850
b00000000000000000000011010010101 "
b00000000000000000000011010010101 $
1&
b0011010010010 8
b0011010010011 ;
1=
1>
#16855
0&
0=
0>
#16860
b00000000000000000000011010010110 "
b00000000000000000000011010010110 $
1&
b0011010010011 8
b0011010010100 ;
1=
1>
#16865
0&
0=
0>
#16870
b00000000000000000000011010010111 "
b00000000000000000000011010010111 $
1&
b0011010010100 8
b0011010010101 ;
1=
1>
#16875
0&
0=
0>
#16880
b00000000000000000000011010011000 "
b00000000000000000000011010011000 $
1&
b0011010010101 8
b0011010010110 ;
1=
1>
#16885
0&
0=
0>
#16890
b00000000000000000000011010011001 "
b00000000000000000000011010011001 $
1&
b0011010010110 8
b0011010010111 ;
1=
1>
#16895
0&
0=
0>
#16900
b00000000000000000000011010011010 "
b00000000000000000000011010011010 $
1&
b0011010010111 8
b0011010011000 ;
1=
1>
#16905
0&
0=
0>
#16910
b00000000000000000000011010011011 "
b00000000000000000000011010011011 $
1&
b0011010011000 8
b0011010011001 ;
1=
1>
#16915
0&
0=
0>
#16920
b00000000000000000000011010011100 "
b00000000000000000000011010011100 $
1&
b0011010011001 8
b0011010011010 ;
1=
1>
#16925
0&
0=
0>
#16930
b00000000000000000000011010011101 "
b00000000000000000000011010011101 $
1&
b0011010011010 8
b0011010011011 ;
1=
1>
#16935
0&
0=
0>
#16940
b00000000000000000000011010011110 "
b00000000000000000000011010011110 $
1&
b0011010011011 8
b0011010011100 ;
1=
1>
#16945
0&
0=
0>
#16950
b00000000000000000000011010011111 "
b00000000000000000000011010011111 $
1&
b0011010011100 8
b0011010011101 ;
1=
1>
#16955
0&
0=
0>
#16960
b00000000000000000000011010100000 "
b00000000000000000000011010100000 $
1&
b0011010011101 8
b0011010011110 ;
1=
1>
#16965
0&
0=
0>
#16970
b00000000000000000000011010100001 "
b00000000000000000000011010100001 $
1&
b0011010011110 8
b0011010011111 ;
1=
1>
#16975
0&
0=
0>
#16980
b00000000000000000000011010100010 "
b00000000000000000000011010100010 $
1&
b0011010011111 8
b0011010100000 ;
1=
1>
#16985
0&
0=
0>
#16990
b00000000000000000000011010100011 "
b00000000000000000000011010100011 $
1&
b0011010100000 8
b0011010100001 ;
1=
1>
#16995
0&
0=
0>
#17000
b00000000000000000000011010100100 "
b00000000000000000000011010100100 $
1&
b0011010100001 8
b0011010100010 ;
1=
1>
#17005
0&
0=
0>
#17010
b00000000000000000000011010100101 "
b00000000000000000000011010100101 $
1&
b0011010100010 8
b0011010100011 ;
1=
1>
#17015
0&
0=
0>
#17020
b00000000000000000000011010100110 "
b00000000000000000000011010100110 $
1&
b0011010100011 8
b0011010100100 ;
1=
1>
#17025
0&
0=
0>
#17030
b00000000000000000000011010100111 "
b00000000000000000000011010100111 $
1&
b0011010100100 8
b0011010100101 ;
1=
1>
#17035
0&
0=
0>
#17040
b00000000000000000000011010101000 "
b00000000000000000000011010101000 $
1&
b0011010100101 8
b0011010100110 ;
1=
1>
#17045
0&
0=
0>
#17050
b00000000000000000000011010101001 "
b00000000000000000000011010101001 $
1&
b0011010100110 8
b0011010100111 ;
1=
1>
#17055
0&
0=
0>
#17060
b00000000000000000000011010101010 "
b00000000000000000000011010101010 $
1&
b0011010100111 8
b0011010101000 ;
1=
1>
#17065
0&
0=
0>
#17070
b00000000000000000000011010101011 "
b00000000000000000000011010101011 $
1&
b0011010101000 8
b0011010101001 ;
1=
1>
#17075
0&
0=
0>
#17080
b00000000000000000000011010101100 "
b00000000000000000000011010101100 $
1&
b0011010101001 8
b0011010101010 ;
1=
1>
#17085
0&
0=
0>
#17090
b00000000000000000000011010101101 "
b00000000000000000000011010101101 $
1&
b0011010101010 8
b0011010101011 ;
1=
1>
#17095
0&
0=
0>
#17100
b00000000000000000000011010101110 "
b00000000000000000000011010101110 $
1&
b0011010101011 8
b0011010101100 ;
1=
1>
#17105
0&
0=
0>
#17110
b00000000000000000000011010101111 "
b00000000000000000000011010101111 $
1&
b0011010101100 8
b0011010101101 ;
1=
1>
#17115
0&
0=
0>
#17120
b00000000000000000000011010110000 "
b00000000000000000000011010110000 $
1&
b0011010101101 8
b0011010101110 ;
1=
1>
#17125
0&
0=
0>
#17130
b00000000000000000000011010110001 "
b00000000000000000000011010110001 $
1&
b0011010101110 8
b0011010101111 ;
1=
1>
#17135
0&
0=
0>
#17140
b00000000000000000000011010110010 "
b00000000000000000000011010110010 $
1&
b0011010101111 8
b0011010110000 ;
1=
1>
#17145
0&
0=
0>
#17150
b00000000000000000000011010110011 "
b00000000000000000000011010110011 $
1&
b0011010110000 8
b0011010110001 ;
1=
1>
#17155
0&
0=
0>
#17160
b00000000000000000000011010110100 "
b00000000000000000000011010110100 $
1&
b0011010110001 8
b0011010110010 ;
1=
1>
#17165
0&
0=
0>
#17170
b00000000000000000000011010110101 "
b00000000000000000000011010110101 $
1&
b0011010110010 8
b0011010110011 ;
1=
1>
#17175
0&
0=
0>
#17180
b00000000000000000000011010110110 "
b00000000000000000000011010110110 $
1&
b0011010110011 8
b0011010110100 ;
1=
1>
#17185
0&
0=
0>
#17190
b00000000000000000000011010110111 "
b00000000000000000000011010110111 $
1&
b0011010110100 8
b0011010110101 ;
1=
1>
#17195
0&
0=
0>
#17200
b00000000000000000000011010111000 "
b00000000000000000000011010111000 $
1&
b0011010110101 8
b0011010110110 ;
1=
1>
#17205
0&
0=
0>
#17210
b00000000000000000000011010111001 "
b00000000000000000000011010111001 $
1&
b0011010110110 8
b0011010110111 ;
1=
1>
#17215
0&
0=
0>
#17220
b00000000000000000000011010111010 "
b00000000000000000000011010111010 $
1&
b0011010110111 8
b0011010111000 ;
1=
1>
#17225
0&
0=
0>
#17230
b00000000000000000000011010111011 "
b00000000000000000000011010111011 $
1&
b0011010111000 8
b0011010111001 ;
1=
1>
#17235
0&
0=
0>
#17240
b00000000000000000000011010111100 "
b00000000000000000000011010111100 $
1&
b0011010111001 8
b0011010111010 ;
1=
1>
#17245
0&
0=
0>
#17250
b00000000000000000000011010111101 "
b00000000000000000000011010111101 $
1&
b0011010111010 8
b0011010111011 ;
1=
1>
#17255
0&
0=
0>
#17260
b00000000000000000000011010111110 "
b00000000000000000000011010111110 $
1&
b0011010111011 8
b0011010111100 ;
1=
1>
#17265
0&
0=
0>
#17270
b00000000000000000000011010111111 "
b00000000000000000000011010111111 $
1&
b0011010111100 8
b0011010111101 ;
1=
1>
#17275
0&
0=
0>
#17280
b00000000000000000000011011000000 "
b00000000000000000000011011000000 $
1&
b0011010111101 8
b0011010111110 ;
1=
1>
#17285
0&
0=
0>
#17290
b00000000000000000000011011000001 "
b00000000000000000000011011000001 $
1&
b0011010111110 8
b0011010111111 ;
1=
1>
#17295
0&
0=
0>
#17300
b00000000000000000000011011000010 "
b00000000000000000000011011000010 $
1&
b0011010111111 8
b0011011000000 ;
1=
1>
#17305
0&
0=
0>
#17310
b00000000000000000000011011000011 "
b00000000000000000000011011000011 $
1&
b0011011000000 8
b0011011000001 ;
1=
1>
#17315
0&
0=
0>
#17320
b00000000000000000000011011000100 "
b00000000000000000000011011000100 $
1&
b0011011000001 8
b0011011000010 ;
1=
1>
#17325
0&
0=
0>
#17330
b00000000000000000000011011000101 "
b00000000000000000000011011000101 $
1&
b0011011000010 8
b0011011000011 ;
1=
1>
#17335
0&
0=
0>
#17340
b00000000000000000000011011000110 "
b00000000000000000000011011000110 $
1&
b0011011000011 8
b0011011000100 ;
1=
1>
#17345
0&
0=
0>
#17350
b00000000000000000000011011000111 "
b00000000000000000000011011000111 $
1&
b0011011000100 8
b0011011000101 ;
1=
1>
#17355
0&
0=
0>
#17360
b00000000000000000000011011001000 "
b00000000000000000000011011001000 $
1&
b0011011000101 8
b0011011000110 ;
1=
1>
#17365
0&
0=
0>
#17370
b00000000000000000000011011001001 "
b00000000000000000000011011001001 $
1&
b0011011000110 8
b0011011000111 ;
1=
1>
#17375
0&
0=
0>
#17380
b00000000000000000000011011001010 "
b00000000000000000000011011001010 $
1&
b0011011000111 8
b0011011001000 ;
1=
1>
#17385
0&
0=
0>
#17390
b00000000000000000000011011001011 "
b00000000000000000000011011001011 $
1&
b0011011001000 8
b0011011001001 ;
1=
1>
#17395
0&
0=
0>
#17400
b00000000000000000000011011001100 "
b00000000000000000000011011001100 $
1&
b0011011001001 8
b0011011001010 ;
1=
1>
#17405
0&
0=
0>
#17410
b00000000000000000000011011001101 "
b00000000000000000000011011001101 $
1&
b0011011001010 8
b0011011001011 ;
1=
1>
#17415
0&
0=
0>
#17420
b00000000000000000000011011001110 "
b00000000000000000000011011001110 $
1&
b0011011001011 8
b0011011001100 ;
1=
1>
#17425
0&
0=
0>
#17430
b00000000000000000000011011001111 "
b00000000000000000000011011001111 $
1&
b0011011001100 8
b0011011001101 ;
1=
1>
#17435
0&
0=
0>
#17440
b00000000000000000000011011010000 "
b00000000000000000000011011010000 $
1&
b0011011001101 8
b0011011001110 ;
1=
1>
#17445
0&
0=
0>
#17450
b00000000000000000000011011010001 "
b00000000000000000000011011010001 $
1&
b0011011001110 8
b0011011001111 ;
1=
1>
#17455
0&
0=
0>
#17460
b00000000000000000000011011010010 "
b00000000000000000000011011010010 $
1&
b0011011001111 8
b0011011010000 ;
1=
1>
#17465
0&
0=
0>
#17470
b00000000000000000000011011010011 "
b00000000000000000000011011010011 $
1&
b0011011010000 8
b0011011010001 ;
1=
1>
#17475
0&
0=
0>
#17480
b00000000000000000000011011010100 "
b00000000000000000000011011010100 $
1&
b0011011010001 8
b0011011010010 ;
1=
1>
#17485
0&
0=
0>
#17490
b00000000000000000000011011010101 "
b00000000000000000000011011010101 $
1&
b0011011010010 8
b0011011010011 ;
1=
1>
#17495
0&
0=
0>
#17500
b00000000000000000000011011010110 "
b00000000000000000000011011010110 $
1&
b0011011010011 8
b0011011010100 ;
1=
1>
#17505
0&
0=
0>
#17510
b00000000000000000000011011010111 "
b00000000000000000000011011010111 $
1&
b0011011010100 8
b0011011010101 ;
1=
1>
#17515
0&
0=
0>
#17520
b00000000000000000000011011011000 "
b00000000000000000000011011011000 $
1&
b0011011010101 8
b0011011010110 ;
1=
1>
#17525
0&
0=
0>
#17530
b00000000000000000000011011011001 "
b00000000000000000000011011011001 $
1&
b0011011010110 8
b0011011010111 ;
1=
1>
#17535
0&
0=
0>
#17540
b00000000000000000000011011011010 "
b00000000000000000000011011011010 $
1&
b0011011010111 8
b0011011011000 ;
1=
1>
#17545
0&
0=
0>
#17550
b00000000000000000000011011011011 "
b00000000000000000000011011011011 $
1&
b0011011011000 8
b0011011011001 ;
1=
1>
#17555
0&
0=
0>
#17560
b00000000000000000000011011011100 "
b00000000000000000000011011011100 $
1&
b0011011011001 8
b0011011011010 ;
1=
1>
#17565
0&
0=
0>
#17570
b00000000000000000000011011011101 "
b00000000000000000000011011011101 $
1&
b0011011011010 8
b0011011011011 ;
1=
1>
#17575
0&
0=
0>
#17580
b00000000000000000000011011011110 "
b00000000000000000000011011011110 $
1&
b0011011011011 8
b0011011011100 ;
1=
1>
#17585
0&
0=
0>
#17590
b00000000000000000000011011011111 "
b00000000000000000000011011011111 $
1&
b0011011011100 8
b0011011011101 ;
1=
1>
#17595
0&
0=
0>
#17600
b00000000000000000000011011100000 "
b00000000000000000000011011100000 $
1&
b0011011011101 8
b0011011011110 ;
1=
1>
#17605
0&
0=
0>
#17610
b00000000000000000000011011100001 "
b00000000000000000000011011100001 $
1&
b0011011011110 8
b0011011011111 ;
1=
1>
#17615
0&
0=
0>
#17620
b00000000000000000000011011100010 "
b00000000000000000000011011100010 $
1&
b0011011011111 8
b0011011100000 ;
1=
1>
#17625
0&
0=
0>
#17630
b00000000000000000000011011100011 "
b00000000000000000000011011100011 $
1&
b0011011100000 8
b0011011100001 ;
1=
1>
#17635
0&
0=
0>
#17640
b00000000000000000000011011100100 "
b00000000000000000000011011100100 $
1&
b0011011100001 8
b0011011100010 ;
1=
1>
#17645
0&
0=
0>
#17650
b00000000000000000000011011100101 "
b00000000000000000000011011100101 $
1&
b0011011100010 8
b0011011100011 ;
1=
1>
#17655
0&
0=
0>
#17660
b00000000000000000000011011100110 "
b00000000000000000000011011100110 $
1&
b0011011100011 8
b0011011100100 ;
1=
1>
#17665
0&
0=
0>
#17670
b00000000000000000000011011100111 "
b00000000000000000000011011100111 $
1&
b0011011100100 8
b0011011100101 ;
1=
1>
#17675
0&
0=
0>
#17680
b00000000000000000000011011101000 "
b00000000000000000000011011101000 $
1&
b0011011100101 8
b0011011100110 ;
1=
1>
#17685
0&
0=
0>
#17690
b00000000000000000000011011101001 "
b00000000000000000000011011101001 $
1&
b0011011100110 8
b0011011100111 ;
1=
1>
#17695
0&
0=
0>
#17700
b00000000000000000000011011101010 "
b00000000000000000000011011101010 $
1&
b0011011100111 8
b0011011101000 ;
1=
1>
#17705
0&
0=
0>
#17710
b00000000000000000000011011101011 "
b00000000000000000000011011101011 $
1&
b0011011101000 8
b0011011101001 ;
1=
1>
#17715
0&
0=
0>
#17720
b00000000000000000000011011101100 "
b00000000000000000000011011101100 $
1&
b0011011101001 8
b0011011101010 ;
1=
1>
#17725
0&
0=
0>
#17730
b00000000000000000000011011101101 "
b00000000000000000000011011101101 $
1&
b0011011101010 8
b0011011101011 ;
1=
1>
#17735
0&
0=
0>
#17740
b00000000000000000000011011101110 "
b00000000000000000000011011101110 $
1&
b0011011101011 8
b0011011101100 ;
1=
1>
#17745
0&
0=
0>
#17750
b00000000000000000000011011101111 "
b00000000000000000000011011101111 $
1&
b0011011101100 8
b0011011101101 ;
1=
1>
#17755
0&
0=
0>
#17760
b00000000000000000000011011110000 "
b00000000000000000000011011110000 $
1&
b0011011101101 8
b0011011101110 ;
1=
1>
#17765
0&
0=
0>
#17770
b00000000000000000000011011110001 "
b00000000000000000000011011110001 $
1&
b0011011101110 8
b0011011101111 ;
1=
1>
#17775
0&
0=
0>
#17780
b00000000000000000000011011110010 "
b00000000000000000000011011110010 $
1&
b0011011101111 8
b0011011110000 ;
1=
1>
#17785
0&
0=
0>
#17790
b00000000000000000000011011110011 "
b00000000000000000000011011110011 $
1&
b0011011110000 8
b0011011110001 ;
1=
1>
#17795
0&
0=
0>
#17800
b00000000000000000000011011110100 "
b00000000000000000000011011110100 $
1&
b0011011110001 8
b0011011110010 ;
1=
1>
#17805
0&
0=
0>
#17810
b00000000000000000000011011110101 "
b00000000000000000000011011110101 $
1&
b0011011110010 8
b0011011110011 ;
1=
1>
#17815
0&
0=
0>
#17820
b00000000000000000000011011110110 "
b00000000000000000000011011110110 $
1&
b0011011110011 8
b0011011110100 ;
1=
1>
#17825
0&
0=
0>
#17830
b00000000000000000000011011110111 "
b00000000000000000000011011110111 $
1&
b0011011110100 8
b0011011110101 ;
1=
1>
#17835
0&
0=
0>
#17840
b00000000000000000000011011111000 "
b00000000000000000000011011111000 $
1&
b0011011110101 8
b0011011110110 ;
1=
1>
#17845
0&
0=
0>
#17850
b00000000000000000000011011111001 "
b00000000000000000000011011111001 $
1&
b0011011110110 8
b0011011110111 ;
1=
1>
#17855
0&
0=
0>
#17860
b00000000000000000000011011111010 "
b00000000000000000000011011111010 $
1&
b0011011110111 8
b0011011111000 ;
1=
1>
#17865
0&
0=
0>
#17870
b00000000000000000000011011111011 "
b00000000000000000000011011111011 $
1&
b0011011111000 8
b0011011111001 ;
1=
1>
#17875
0&
0=
0>
#17880
b00000000000000000000011011111100 "
b00000000000000000000011011111100 $
1&
b0011011111001 8
b0011011111010 ;
1=
1>
#17885
0&
0=
0>
#17890
b00000000000000000000011011111101 "
b00000000000000000000011011111101 $
1&
b0011011111010 8
b0011011111011 ;
1=
1>
#17895
0&
0=
0>
#17900
b00000000000000000000011011111110 "
b00000000000000000000011011111110 $
1&
b0011011111011 8
b0011011111100 ;
1=
1>
#17905
0&
0=
0>
#17910
b00000000000000000000011011111111 "
b00000000000000000000011011111111 $
1&
b0011011111100 8
b0011011111101 ;
1=
1>
#17915
0&
0=
0>
#17920
b00000000000000000000011100000000 "
b00000000000000000000011100000000 $
1&
b0011011111101 8
b0011011111110 ;
1=
1>
#17925
0&
0=
0>
#17930
b00000000000000000000011100000001 "
b00000000000000000000011100000001 $
1&
b0011011111110 8
b0011011111111 ;
1=
1>
#17935
0&
0=
0>
#17940
b00000000000000000000011100000010 "
b00000000000000000000011100000010 $
1&
b0011011111111 8
b0011100000000 ;
1=
1>
#17945
0&
0=
0>
#17950
b00000000000000000000011100000011 "
b00000000000000000000011100000011 $
1&
b0011100000000 8
b0011100000001 ;
1=
1>
#17955
0&
0=
0>
#17960
b00000000000000000000011100000100 "
b00000000000000000000011100000100 $
1&
b0011100000001 8
b0011100000010 ;
1=
1>
#17965
0&
0=
0>
#17970
b00000000000000000000011100000101 "
b00000000000000000000011100000101 $
1&
b0011100000010 8
b0011100000011 ;
1=
1>
#17975
0&
0=
0>
#17980
b00000000000000000000011100000110 "
b00000000000000000000011100000110 $
1&
b0011100000011 8
b0011100000100 ;
1=
1>
#17985
0&
0=
0>
#17990
b00000000000000000000011100000111 "
b00000000000000000000011100000111 $
1&
b0011100000100 8
b0011100000101 ;
1=
1>
#17995
0&
0=
0>
#18000
b00000000000000000000011100001000 "
b00000000000000000000011100001000 $
1&
b0011100000101 8
b0011100000110 ;
1=
1>
#18005
0&
0=
0>
#18010
b00000000000000000000011100001001 "
b00000000000000000000011100001001 $
1&
b0011100000110 8
b0011100000111 ;
1=
1>
#18015
0&
0=
0>
#18020
b00000000000000000000011100001010 "
b00000000000000000000011100001010 $
1&
b0011100000111 8
b0011100001000 ;
1=
1>
#18025
0&
0=
0>
#18030
b00000000000000000000011100001011 "
b00000000000000000000011100001011 $
1&
b0011100001000 8
b0011100001001 ;
1=
1>
#18035
0&
0=
0>
#18040
b00000000000000000000011100001100 "
b00000000000000000000011100001100 $
1&
b0011100001001 8
b0011100001010 ;
1=
1>
#18045
0&
0=
0>
#18050
b00000000000000000000011100001101 "
b00000000000000000000011100001101 $
1&
b0011100001010 8
b0011100001011 ;
1=
1>
#18055
0&
0=
0>
#18060
b00000000000000000000011100001110 "
b00000000000000000000011100001110 $
1&
b0011100001011 8
b0011100001100 ;
1=
1>
#18065
0&
0=
0>
#18070
b00000000000000000000011100001111 "
b00000000000000000000011100001111 $
1&
b0011100001100 8
b0011100001101 ;
1=
1>
#18075
0&
0=
0>
#18080
b00000000000000000000011100010000 "
b00000000000000000000011100010000 $
1&
b0011100001101 8
b0011100001110 ;
1=
1>
#18085
0&
0=
0>
#18090
b00000000000000000000011100010001 "
b00000000000000000000011100010001 $
1&
b0011100001110 8
b0011100001111 ;
1=
1>
#18095
0&
0=
0>
#18100
b00000000000000000000011100010010 "
b00000000000000000000011100010010 $
1&
b0011100001111 8
b0011100010000 ;
1=
1>
#18105
0&
0=
0>
#18110
b00000000000000000000011100010011 "
b00000000000000000000011100010011 $
1&
b0011100010000 8
b0011100010001 ;
1=
1>
#18115
0&
0=
0>
#18120
b00000000000000000000011100010100 "
b00000000000000000000011100010100 $
1&
b0011100010001 8
b0011100010010 ;
1=
1>
#18125
0&
0=
0>
#18130
b00000000000000000000011100010101 "
b00000000000000000000011100010101 $
1&
b0011100010010 8
b0011100010011 ;
1=
1>
#18135
0&
0=
0>
#18140
b00000000000000000000011100010110 "
b00000000000000000000011100010110 $
1&
b0011100010011 8
b0011100010100 ;
1=
1>
#18145
0&
0=
0>
#18150
b00000000000000000000011100010111 "
b00000000000000000000011100010111 $
1&
b0011100010100 8
b0011100010101 ;
1=
1>
#18155
0&
0=
0>
#18160
b00000000000000000000011100011000 "
b00000000000000000000011100011000 $
1&
b0011100010101 8
b0011100010110 ;
1=
1>
#18165
0&
0=
0>
#18170
b00000000000000000000011100011001 "
b00000000000000000000011100011001 $
1&
b0011100010110 8
b0011100010111 ;
1=
1>
#18175
0&
0=
0>
#18180
b00000000000000000000011100011010 "
b00000000000000000000011100011010 $
1&
b0011100010111 8
b0011100011000 ;
1=
1>
#18185
0&
0=
0>
#18190
b00000000000000000000011100011011 "
b00000000000000000000011100011011 $
1&
b0011100011000 8
b0011100011001 ;
1=
1>
#18195
0&
0=
0>
#18200
b00000000000000000000011100011100 "
b00000000000000000000011100011100 $
1&
b0011100011001 8
b0011100011010 ;
1=
1>
#18205
0&
0=
0>
#18210
b00000000000000000000011100011101 "
b00000000000000000000011100011101 $
1&
b0011100011010 8
b0011100011011 ;
1=
1>
#18215
0&
0=
0>
#18220
b00000000000000000000011100011110 "
b00000000000000000000011100011110 $
1&
b0011100011011 8
b0011100011100 ;
1=
1>
#18225
0&
0=
0>
#18230
b00000000000000000000011100011111 "
b00000000000000000000011100011111 $
1&
b0011100011100 8
b0011100011101 ;
1=
1>
#18235
0&
0=
0>
#18240
b00000000000000000000011100100000 "
b00000000000000000000011100100000 $
1&
b0011100011101 8
b0011100011110 ;
1=
1>
#18245
0&
0=
0>
#18250
b00000000000000000000011100100001 "
b00000000000000000000011100100001 $
1&
b0011100011110 8
b0011100011111 ;
1=
1>
#18255
0&
0=
0>
#18260
b00000000000000000000011100100010 "
b00000000000000000000011100100010 $
1&
b0011100011111 8
b0011100100000 ;
1=
1>
#18265
0&
0=
0>
#18270
b00000000000000000000011100100011 "
b00000000000000000000011100100011 $
1&
b0011100100000 8
b0011100100001 ;
1=
1>
#18275
0&
0=
0>
#18280
b00000000000000000000011100100100 "
b00000000000000000000011100100100 $
1&
b0011100100001 8
b0011100100010 ;
1=
1>
#18285
0&
0=
0>
#18290
b00000000000000000000011100100101 "
b00000000000000000000011100100101 $
1&
b0011100100010 8
b0011100100011 ;
1=
1>
#18295
0&
0=
0>
#18300
b00000000000000000000011100100110 "
b00000000000000000000011100100110 $
1&
b0011100100011 8
b0011100100100 ;
1=
1>
#18305
0&
0=
0>
#18310
b00000000000000000000011100100111 "
b00000000000000000000011100100111 $
1&
b0011100100100 8
b0011100100101 ;
1=
1>
#18315
0&
0=
0>
#18320
b00000000000000000000011100101000 "
b00000000000000000000011100101000 $
1&
b0011100100101 8
b0011100100110 ;
1=
1>
#18325
0&
0=
0>
#18330
b00000000000000000000011100101001 "
b00000000000000000000011100101001 $
1&
b0011100100110 8
b0011100100111 ;
1=
1>
#18335
0&
0=
0>
#18340
b00000000000000000000011100101010 "
b00000000000000000000011100101010 $
1&
b0011100100111 8
b0011100101000 ;
1=
1>
#18345
0&
0=
0>
#18350
b00000000000000000000011100101011 "
b00000000000000000000011100101011 $
1&
b0011100101000 8
b0011100101001 ;
1=
1>
#18355
0&
0=
0>
#18360
b00000000000000000000011100101100 "
b00000000000000000000011100101100 $
1&
b0011100101001 8
b0011100101010 ;
1=
1>
#18365
0&
0=
0>
#18370
b00000000000000000000011100101101 "
b00000000000000000000011100101101 $
1&
b0011100101010 8
b0011100101011 ;
1=
1>
#18375
0&
0=
0>
#18380
b00000000000000000000011100101110 "
b00000000000000000000011100101110 $
1&
b0011100101011 8
b0011100101100 ;
1=
1>
#18385
0&
0=
0>
#18390
b00000000000000000000011100101111 "
b00000000000000000000011100101111 $
1&
b0011100101100 8
b0011100101101 ;
1=
1>
#18395
0&
0=
0>
#18400
b00000000000000000000011100110000 "
b00000000000000000000011100110000 $
1&
b0011100101101 8
b0011100101110 ;
1=
1>
#18405
0&
0=
0>
#18410
b00000000000000000000011100110001 "
b00000000000000000000011100110001 $
1&
b0011100101110 8
b0011100101111 ;
1=
1>
#18415
0&
0=
0>
#18420
b00000000000000000000011100110010 "
b00000000000000000000011100110010 $
1&
b0011100101111 8
b0011100110000 ;
1=
1>
#18425
0&
0=
0>
#18430
b00000000000000000000011100110011 "
b00000000000000000000011100110011 $
1&
b0011100110000 8
b0011100110001 ;
1=
1>
#18435
0&
0=
0>
#18440
b00000000000000000000011100110100 "
b00000000000000000000011100110100 $
1&
b0011100110001 8
b0011100110010 ;
1=
1>
#18445
0&
0=
0>
#18450
b00000000000000000000011100110101 "
b00000000000000000000011100110101 $
1&
b0011100110010 8
b0011100110011 ;
1=
1>
#18455
0&
0=
0>
#18460
b00000000000000000000011100110110 "
b00000000000000000000011100110110 $
1&
b0011100110011 8
b0011100110100 ;
1=
1>
#18465
0&
0=
0>
#18470
b00000000000000000000011100110111 "
b00000000000000000000011100110111 $
1&
b0011100110100 8
b0011100110101 ;
1=
1>
#18475
0&
0=
0>
#18480
b00000000000000000000011100111000 "
b00000000000000000000011100111000 $
1&
b0011100110101 8
b0011100110110 ;
1=
1>
#18485
0&
0=
0>
#18490
b00000000000000000000011100111001 "
b00000000000000000000011100111001 $
1&
b0011100110110 8
b0011100110111 ;
1=
1>
#18495
0&
0=
0>
#18500
b00000000000000000000011100111010 "
b00000000000000000000011100111010 $
1&
b0011100110111 8
b0011100111000 ;
1=
1>
#18505
0&
0=
0>
#18510
b00000000000000000000011100111011 "
b00000000000000000000011100111011 $
1&
b0011100111000 8
b0011100111001 ;
1=
1>
#18515
0&
0=
0>
#18520
b00000000000000000000011100111100 "
b00000000000000000000011100111100 $
1&
b0011100111001 8
b0011100111010 ;
1=
1>
#18525
0&
0=
0>
#18530
b00000000000000000000011100111101 "
b00000000000000000000011100111101 $
1&
b0011100111010 8
b0011100111011 ;
1=
1>
#18535
0&
0=
0>
#18540
b00000000000000000000011100111110 "
b00000000000000000000011100111110 $
1&
b0011100111011 8
b0011100111100 ;
1=
1>
#18545
0&
0=
0>
#18550
b00000000000000000000011100111111 "
b00000000000000000000011100111111 $
1&
b0011100111100 8
b0011100111101 ;
1=
1>
#18555
0&
0=
0>
#18560
b00000000000000000000011101000000 "
b00000000000000000000011101000000 $
1&
b0011100111101 8
b0011100111110 ;
1=
1>
#18565
0&
0=
0>
#18570
b00000000000000000000011101000001 "
b00000000000000000000011101000001 $
1&
b0011100111110 8
b0011100111111 ;
1=
1>
#18575
0&
0=
0>
#18580
b00000000000000000000011101000010 "
b00000000000000000000011101000010 $
1&
b0011100111111 8
b0011101000000 ;
1=
1>
#18585
0&
0=
0>
#18590
b00000000000000000000011101000011 "
b00000000000000000000011101000011 $
1&
b0011101000000 8
b0011101000001 ;
1=
1>
#18595
0&
0=
0>
#18600
b00000000000000000000011101000100 "
b00000000000000000000011101000100 $
1&
b0011101000001 8
b0011101000010 ;
1=
1>
#18605
0&
0=
0>
#18610
b00000000000000000000011101000101 "
b00000000000000000000011101000101 $
1&
b0011101000010 8
b0011101000011 ;
1=
1>
#18615
0&
0=
0>
#18620
b00000000000000000000011101000110 "
b00000000000000000000011101000110 $
1&
b0011101000011 8
b0011101000100 ;
1=
1>
#18625
0&
0=
0>
#18630
b00000000000000000000011101000111 "
b00000000000000000000011101000111 $
1&
b0011101000100 8
b0011101000101 ;
1=
1>
#18635
0&
0=
0>
#18640
b00000000000000000000011101001000 "
b00000000000000000000011101001000 $
1&
b0011101000101 8
b0011101000110 ;
1=
1>
#18645
0&
0=
0>
#18650
b00000000000000000000011101001001 "
b00000000000000000000011101001001 $
1&
b0011101000110 8
b0011101000111 ;
1=
1>
#18655
0&
0=
0>
#18660
b00000000000000000000011101001010 "
b00000000000000000000011101001010 $
1&
b0011101000111 8
b0011101001000 ;
1=
1>
#18665
0&
0=
0>
#18670
b00000000000000000000011101001011 "
b00000000000000000000011101001011 $
1&
b0011101001000 8
b0011101001001 ;
1=
1>
#18675
0&
0=
0>
#18680
b00000000000000000000011101001100 "
b00000000000000000000011101001100 $
1&
b0011101001001 8
b0011101001010 ;
1=
1>
#18685
0&
0=
0>
#18690
b00000000000000000000011101001101 "
b00000000000000000000011101001101 $
1&
b0011101001010 8
b0011101001011 ;
1=
1>
#18695
0&
0=
0>
#18700
b00000000000000000000011101001110 "
b00000000000000000000011101001110 $
1&
b0011101001011 8
b0011101001100 ;
1=
1>
#18705
0&
0=
0>
#18710
b00000000000000000000011101001111 "
b00000000000000000000011101001111 $
1&
b0011101001100 8
b0011101001101 ;
1=
1>
#18715
0&
0=
0>
#18720
b00000000000000000000011101010000 "
b00000000000000000000011101010000 $
1&
b0011101001101 8
b0011101001110 ;
1=
1>
#18725
0&
0=
0>
#18730
b00000000000000000000011101010001 "
b00000000000000000000011101010001 $
1&
b0011101001110 8
b0011101001111 ;
1=
1>
#18735
0&
0=
0>
#18740
b00000000000000000000011101010010 "
b00000000000000000000011101010010 $
1&
b0011101001111 8
b0011101010000 ;
1=
1>
#18745
0&
0=
0>
#18750
b00000000000000000000011101010011 "
b00000000000000000000011101010011 $
1&
b0011101010000 8
b0011101010001 ;
1=
1>
#18755
0&
0=
0>
#18760
b00000000000000000000011101010100 "
b00000000000000000000011101010100 $
1&
b0011101010001 8
b0011101010010 ;
1=
1>
#18765
0&
0=
0>
#18770
b00000000000000000000011101010101 "
b00000000000000000000011101010101 $
1&
b0011101010010 8
b0011101010011 ;
1=
1>
#18775
0&
0=
0>
#18780
b00000000000000000000011101010110 "
b00000000000000000000011101010110 $
1&
b0011101010011 8
b0011101010100 ;
1=
1>
#18785
0&
0=
0>
#18790
b00000000000000000000011101010111 "
b00000000000000000000011101010111 $
1&
b0011101010100 8
b0011101010101 ;
1=
1>
#18795
0&
0=
0>
#18800
b00000000000000000000011101011000 "
b00000000000000000000011101011000 $
1&
b0011101010101 8
b0011101010110 ;
1=
1>
#18805
0&
0=
0>
#18810
b00000000000000000000011101011001 "
b00000000000000000000011101011001 $
1&
b0011101010110 8
b0011101010111 ;
1=
1>
#18815
0&
0=
0>
#18820
b00000000000000000000011101011010 "
b00000000000000000000011101011010 $
1&
b0011101010111 8
b0011101011000 ;
1=
1>
#18825
0&
0=
0>
#18830
b00000000000000000000011101011011 "
b00000000000000000000011101011011 $
1&
b0011101011000 8
b0011101011001 ;
1=
1>
#18835
0&
0=
0>
#18840
b00000000000000000000011101011100 "
b00000000000000000000011101011100 $
1&
b0011101011001 8
b0011101011010 ;
1=
1>
#18845
0&
0=
0>
#18850
b00000000000000000000011101011101 "
b00000000000000000000011101011101 $
1&
b0011101011010 8
b0011101011011 ;
1=
1>
#18855
0&
0=
0>
#18860
b00000000000000000000011101011110 "
b00000000000000000000011101011110 $
1&
b0011101011011 8
b0011101011100 ;
1=
1>
#18865
0&
0=
0>
#18870
b00000000000000000000011101011111 "
b00000000000000000000011101011111 $
1&
b0011101011100 8
b0011101011101 ;
1=
1>
#18875
0&
0=
0>
#18880
b00000000000000000000011101100000 "
b00000000000000000000011101100000 $
1&
b0011101011101 8
b0011101011110 ;
1=
1>
#18885
0&
0=
0>
#18890
b00000000000000000000011101100001 "
b00000000000000000000011101100001 $
1&
b0011101011110 8
b0011101011111 ;
1=
1>
#18895
0&
0=
0>
#18900
b00000000000000000000011101100010 "
b00000000000000000000011101100010 $
1&
b0011101011111 8
b0011101100000 ;
1=
1>
#18905
0&
0=
0>
#18910
b00000000000000000000011101100011 "
b00000000000000000000011101100011 $
1&
b0011101100000 8
b0011101100001 ;
1=
1>
#18915
0&
0=
0>
#18920
b00000000000000000000011101100100 "
b00000000000000000000011101100100 $
1&
b0011101100001 8
b0011101100010 ;
1=
1>
#18925
0&
0=
0>
#18930
b00000000000000000000011101100101 "
b00000000000000000000011101100101 $
1&
b0011101100010 8
b0011101100011 ;
1=
1>
#18935
0&
0=
0>
#18940
b00000000000000000000011101100110 "
b00000000000000000000011101100110 $
1&
b0011101100011 8
b0011101100100 ;
1=
1>
#18945
0&
0=
0>
#18950
b00000000000000000000011101100111 "
b00000000000000000000011101100111 $
1&
b0011101100100 8
b0011101100101 ;
1=
1>
#18955
0&
0=
0>
#18960
b00000000000000000000011101101000 "
b00000000000000000000011101101000 $
1&
b0011101100101 8
b0011101100110 ;
1=
1>
#18965
0&
0=
0>
#18970
b00000000000000000000011101101001 "
b00000000000000000000011101101001 $
1&
b0011101100110 8
b0011101100111 ;
1=
1>
#18975
0&
0=
0>
#18980
b00000000000000000000011101101010 "
b00000000000000000000011101101010 $
1&
b0011101100111 8
b0011101101000 ;
1=
1>
#18985
0&
0=
0>
#18990
b00000000000000000000011101101011 "
b00000000000000000000011101101011 $
1&
b0011101101000 8
b0011101101001 ;
1=
1>
#18995
0&
0=
0>
#19000
b00000000000000000000011101101100 "
b00000000000000000000011101101100 $
1&
b0011101101001 8
b0011101101010 ;
1=
1>
#19005
0&
0=
0>
#19010
b00000000000000000000011101101101 "
b00000000000000000000011101101101 $
1&
b0011101101010 8
b0011101101011 ;
1=
1>
#19015
0&
0=
0>
#19020
b00000000000000000000011101101110 "
b00000000000000000000011101101110 $
1&
b0011101101011 8
b0011101101100 ;
1=
1>
#19025
0&
0=
0>
#19030
b00000000000000000000011101101111 "
b00000000000000000000011101101111 $
1&
b0011101101100 8
b0011101101101 ;
1=
1>
#19035
0&
0=
0>
#19040
b00000000000000000000011101110000 "
b00000000000000000000011101110000 $
1&
b0011101101101 8
b0011101101110 ;
1=
1>
#19045
0&
0=
0>
#19050
b00000000000000000000011101110001 "
b00000000000000000000011101110001 $
1&
b0011101101110 8
b0011101101111 ;
1=
1>
#19055
0&
0=
0>
#19060
b00000000000000000000011101110010 "
b00000000000000000000011101110010 $
1&
b0011101101111 8
b0011101110000 ;
1=
1>
#19065
0&
0=
0>
#19070
b00000000000000000000011101110011 "
b00000000000000000000011101110011 $
1&
b0011101110000 8
b0011101110001 ;
1=
1>
#19075
0&
0=
0>
#19080
b00000000000000000000011101110100 "
b00000000000000000000011101110100 $
1&
b0011101110001 8
b0011101110010 ;
1=
1>
#19085
0&
0=
0>
#19090
b00000000000000000000011101110101 "
b00000000000000000000011101110101 $
1&
b0011101110010 8
b0011101110011 ;
1=
1>
#19095
0&
0=
0>
#19100
b00000000000000000000011101110110 "
b00000000000000000000011101110110 $
1&
b0011101110011 8
b0011101110100 ;
1=
1>
#19105
0&
0=
0>
#19110
b00000000000000000000011101110111 "
b00000000000000000000011101110111 $
1&
b0011101110100 8
b0011101110101 ;
1=
1>
#19115
0&
0=
0>
#19120
b00000000000000000000011101111000 "
b00000000000000000000011101111000 $
1&
b0011101110101 8
b0011101110110 ;
1=
1>
#19125
0&
0=
0>
#19130
b00000000000000000000011101111001 "
b00000000000000000000011101111001 $
1&
b0011101110110 8
b0011101110111 ;
1=
1>
#19135
0&
0=
0>
#19140
b00000000000000000000011101111010 "
b00000000000000000000011101111010 $
1&
b0011101110111 8
b0011101111000 ;
1=
1>
#19145
0&
0=
0>
#19150
b00000000000000000000011101111011 "
b00000000000000000000011101111011 $
1&
b0011101111000 8
b0011101111001 ;
1=
1>
#19155
0&
0=
0>
#19160
b00000000000000000000011101111100 "
b00000000000000000000011101111100 $
1&
b0011101111001 8
b0011101111010 ;
1=
1>
#19165
0&
0=
0>
#19170
b00000000000000000000011101111101 "
b00000000000000000000011101111101 $
1&
b0011101111010 8
b0011101111011 ;
1=
1>
#19175
0&
0=
0>
#19180
b00000000000000000000011101111110 "
b00000000000000000000011101111110 $
1&
b0011101111011 8
b0011101111100 ;
1=
1>
#19185
0&
0=
0>
#19190
b00000000000000000000011101111111 "
b00000000000000000000011101111111 $
1&
b0011101111100 8
b0011101111101 ;
1=
1>
#19195
0&
0=
0>
#19200
b00000000000000000000011110000000 "
b00000000000000000000011110000000 $
1&
b0011101111101 8
b0011101111110 ;
1=
1>
#19205
0&
0=
0>
#19210
b00000000000000000000011110000001 "
b00000000000000000000011110000001 $
1&
b0011101111110 8
b0011101111111 ;
1=
1>
#19215
0&
0=
0>
#19220
b00000000000000000000011110000010 "
b00000000000000000000011110000010 $
1&
b0011101111111 8
b0011110000000 ;
1=
1>
#19225
0&
0=
0>
#19230
b00000000000000000000011110000011 "
b00000000000000000000011110000011 $
1&
b0011110000000 8
b0011110000001 ;
1=
1>
#19235
0&
0=
0>
#19240
b00000000000000000000011110000100 "
b00000000000000000000011110000100 $
1&
b0011110000001 8
b0011110000010 ;
1=
1>
#19245
0&
0=
0>
#19250
b00000000000000000000011110000101 "
b00000000000000000000011110000101 $
1&
b0011110000010 8
b0011110000011 ;
1=
1>
#19255
0&
0=
0>
#19260
b00000000000000000000011110000110 "
b00000000000000000000011110000110 $
1&
b0011110000011 8
b0011110000100 ;
1=
1>
#19265
0&
0=
0>
#19270
b00000000000000000000011110000111 "
b00000000000000000000011110000111 $
1&
b0011110000100 8
b0011110000101 ;
1=
1>
#19275
0&
0=
0>
#19280
b00000000000000000000011110001000 "
b00000000000000000000011110001000 $
1&
b0011110000101 8
b0011110000110 ;
1=
1>
#19285
0&
0=
0>
#19290
b00000000000000000000011110001001 "
b00000000000000000000011110001001 $
1&
b0011110000110 8
b0011110000111 ;
1=
1>
#19295
0&
0=
0>
#19300
b00000000000000000000011110001010 "
b00000000000000000000011110001010 $
1&
b0011110000111 8
b0011110001000 ;
1=
1>
#19305
0&
0=
0>
#19310
b00000000000000000000011110001011 "
b00000000000000000000011110001011 $
1&
b0011110001000 8
b0011110001001 ;
1=
1>
#19315
0&
0=
0>
#19320
b00000000000000000000011110001100 "
b00000000000000000000011110001100 $
1&
b0011110001001 8
b0011110001010 ;
1=
1>
#19325
0&
0=
0>
#19330
b00000000000000000000011110001101 "
b00000000000000000000011110001101 $
1&
b0011110001010 8
b0011110001011 ;
1=
1>
#19335
0&
0=
0>
#19340
b00000000000000000000011110001110 "
b00000000000000000000011110001110 $
1&
b0011110001011 8
b0011110001100 ;
1=
1>
#19345
0&
0=
0>
#19350
b00000000000000000000011110001111 "
b00000000000000000000011110001111 $
1&
b0011110001100 8
b0011110001101 ;
1=
1>
#19355
0&
0=
0>
#19360
b00000000000000000000011110010000 "
b00000000000000000000011110010000 $
1&
b0011110001101 8
b0011110001110 ;
1=
1>
#19365
0&
0=
0>
#19370
b00000000000000000000011110010001 "
b00000000000000000000011110010001 $
1&
b0011110001110 8
b0011110001111 ;
1=
1>
#19375
0&
0=
0>
#19380
b00000000000000000000011110010010 "
b00000000000000000000011110010010 $
1&
b0011110001111 8
b0011110010000 ;
1=
1>
#19385
0&
0=
0>
#19390
b00000000000000000000011110010011 "
b00000000000000000000011110010011 $
1&
b0011110010000 8
b0011110010001 ;
1=
1>
#19395
0&
0=
0>
#19400
b00000000000000000000011110010100 "
b00000000000000000000011110010100 $
1&
b0011110010001 8
b0011110010010 ;
1=
1>
#19405
0&
0=
0>
#19410
b00000000000000000000011110010101 "
b00000000000000000000011110010101 $
1&
b0011110010010 8
b0011110010011 ;
1=
1>
#19415
0&
0=
0>
#19420
b00000000000000000000011110010110 "
b00000000000000000000011110010110 $
1&
b0011110010011 8
b0011110010100 ;
1=
1>
#19425
0&
0=
0>
#19430
b00000000000000000000011110010111 "
b00000000000000000000011110010111 $
1&
b0011110010100 8
b0011110010101 ;
1=
1>
#19435
0&
0=
0>
#19440
b00000000000000000000011110011000 "
b00000000000000000000011110011000 $
1&
b0011110010101 8
b0011110010110 ;
1=
1>
#19445
0&
0=
0>
#19450
b00000000000000000000011110011001 "
b00000000000000000000011110011001 $
1&
b0011110010110 8
b0011110010111 ;
1=
1>
#19455
0&
0=
0>
#19460
b00000000000000000000011110011010 "
b00000000000000000000011110011010 $
1&
b0011110010111 8
b0011110011000 ;
1=
1>
#19465
0&
0=
0>
#19470
b00000000000000000000011110011011 "
b00000000000000000000011110011011 $
1&
b0011110011000 8
b0011110011001 ;
1=
1>
#19475
0&
0=
0>
#19480
b00000000000000000000011110011100 "
b00000000000000000000011110011100 $
1&
b0011110011001 8
b0011110011010 ;
1=
1>
#19485
0&
0=
0>
#19490
b00000000000000000000011110011101 "
b00000000000000000000011110011101 $
1&
b0011110011010 8
b0011110011011 ;
1=
1>
#19495
0&
0=
0>
#19500
b00000000000000000000011110011110 "
b00000000000000000000011110011110 $
1&
b0011110011011 8
b0011110011100 ;
1=
1>
#19505
0&
0=
0>
#19510
b00000000000000000000011110011111 "
b00000000000000000000011110011111 $
1&
b0011110011100 8
b0011110011101 ;
1=
1>
#19515
0&
0=
0>
#19520
b00000000000000000000011110100000 "
b00000000000000000000011110100000 $
1&
b0011110011101 8
b0011110011110 ;
1=
1>
#19525
0&
0=
0>
#19530
b00000000000000000000011110100001 "
b00000000000000000000011110100001 $
1&
b0011110011110 8
b0011110011111 ;
1=
1>
#19535
0&
0=
0>
#19540
b00000000000000000000011110100010 "
b00000000000000000000011110100010 $
1&
b0011110011111 8
b0011110100000 ;
1=
1>
#19545
0&
0=
0>
#19550
b00000000000000000000011110100011 "
b00000000000000000000011110100011 $
1&
b0011110100000 8
b0011110100001 ;
1=
1>
#19555
0&
0=
0>
#19560
b00000000000000000000011110100100 "
b00000000000000000000011110100100 $
1&
b0011110100001 8
b0011110100010 ;
1=
1>
#19565
0&
0=
0>
#19570
b00000000000000000000011110100101 "
b00000000000000000000011110100101 $
1&
b0011110100010 8
b0011110100011 ;
1=
1>
#19575
0&
0=
0>
#19580
b00000000000000000000011110100110 "
b00000000000000000000011110100110 $
1&
b0011110100011 8
b0011110100100 ;
1=
1>
#19585
0&
0=
0>
#19590
b00000000000000000000011110100111 "
b00000000000000000000011110100111 $
1&
b0011110100100 8
b0011110100101 ;
1=
1>
#19595
0&
0=
0>
#19600
b00000000000000000000011110101000 "
b00000000000000000000011110101000 $
1&
b0011110100101 8
b0011110100110 ;
1=
1>
#19605
0&
0=
0>
#19610
b00000000000000000000011110101001 "
b00000000000000000000011110101001 $
1&
b0011110100110 8
b0011110100111 ;
1=
1>
#19615
0&
0=
0>
#19620
b00000000000000000000011110101010 "
b00000000000000000000011110101010 $
1&
b0011110100111 8
b0011110101000 ;
1=
1>
#19625
0&
0=
0>
#19630
b00000000000000000000011110101011 "
b00000000000000000000011110101011 $
1&
b0011110101000 8
b0011110101001 ;
1=
1>
#19635
0&
0=
0>
#19640
b00000000000000000000011110101100 "
b00000000000000000000011110101100 $
1&
b0011110101001 8
b0011110101010 ;
1=
1>
#19645
0&
0=
0>
#19650
b00000000000000000000011110101101 "
b00000000000000000000011110101101 $
1&
b0011110101010 8
b0011110101011 ;
1=
1>
#19655
0&
0=
0>
#19660
b00000000000000000000011110101110 "
b00000000000000000000011110101110 $
1&
b0011110101011 8
b0011110101100 ;
1=
1>
#19665
0&
0=
0>
#19670
b00000000000000000000011110101111 "
b00000000000000000000011110101111 $
1&
b0011110101100 8
b0011110101101 ;
1=
1>
#19675
0&
0=
0>
#19680
b00000000000000000000011110110000 "
b00000000000000000000011110110000 $
1&
b0011110101101 8
b0011110101110 ;
1=
1>
#19685
0&
0=
0>
#19690
b00000000000000000000011110110001 "
b00000000000000000000011110110001 $
1&
b0011110101110 8
b0011110101111 ;
1=
1>
#19695
0&
0=
0>
#19700
b00000000000000000000011110110010 "
b00000000000000000000011110110010 $
1&
b0011110101111 8
b0011110110000 ;
1=
1>
#19705
0&
0=
0>
#19710
b00000000000000000000011110110011 "
b00000000000000000000011110110011 $
1&
b0011110110000 8
b0011110110001 ;
1=
1>
#19715
0&
0=
0>
#19720
b00000000000000000000011110110100 "
b00000000000000000000011110110100 $
1&
b0011110110001 8
b0011110110010 ;
1=
1>
#19725
0&
0=
0>
#19730
b00000000000000000000011110110101 "
b00000000000000000000011110110101 $
1&
b0011110110010 8
b0011110110011 ;
1=
1>
#19735
0&
0=
0>
#19740
b00000000000000000000011110110110 "
b00000000000000000000011110110110 $
1&
b0011110110011 8
b0011110110100 ;
1=
1>
#19745
0&
0=
0>
#19750
b00000000000000000000011110110111 "
b00000000000000000000011110110111 $
1&
b0011110110100 8
b0011110110101 ;
1=
1>
#19755
0&
0=
0>
#19760
b00000000000000000000011110111000 "
b00000000000000000000011110111000 $
1&
b0011110110101 8
b0011110110110 ;
1=
1>
#19765
0&
0=
0>
#19770
b00000000000000000000011110111001 "
b00000000000000000000011110111001 $
1&
b0011110110110 8
b0011110110111 ;
1=
1>
#19775
0&
0=
0>
#19780
b00000000000000000000011110111010 "
b00000000000000000000011110111010 $
1&
b0011110110111 8
b0011110111000 ;
1=
1>
#19785
0&
0=
0>
#19790
b00000000000000000000011110111011 "
b00000000000000000000011110111011 $
1&
b0011110111000 8
b0011110111001 ;
1=
1>
#19795
0&
0=
0>
#19800
b00000000000000000000011110111100 "
b00000000000000000000011110111100 $
1&
b0011110111001 8
b0011110111010 ;
1=
1>
#19805
0&
0=
0>
#19810
b00000000000000000000011110111101 "
b00000000000000000000011110111101 $
1&
b0011110111010 8
b0011110111011 ;
1=
1>
#19815
0&
0=
0>
#19820
b00000000000000000000011110111110 "
b00000000000000000000011110111110 $
1&
b0011110111011 8
b0011110111100 ;
1=
1>
#19825
0&
0=
0>
#19830
b00000000000000000000011110111111 "
b00000000000000000000011110111111 $
1&
b0011110111100 8
b0011110111101 ;
1=
1>
#19835
0&
0=
0>
#19840
b00000000000000000000011111000000 "
b00000000000000000000011111000000 $
1&
b0011110111101 8
b0011110111110 ;
1=
1>
#19845
0&
0=
0>
#19850
b00000000000000000000011111000001 "
b00000000000000000000011111000001 $
1&
b0011110111110 8
b0011110111111 ;
1=
1>
#19855
0&
0=
0>
#19860
b00000000000000000000011111000010 "
b00000000000000000000011111000010 $
1&
b0011110111111 8
b0011111000000 ;
1=
1>
#19865
0&
0=
0>
#19870
b00000000000000000000011111000011 "
b00000000000000000000011111000011 $
1&
b0011111000000 8
b0011111000001 ;
1=
1>
#19875
0&
0=
0>
#19880
b00000000000000000000011111000100 "
b00000000000000000000011111000100 $
1&
b0011111000001 8
b0011111000010 ;
1=
1>
#19885
0&
0=
0>
#19890
b00000000000000000000011111000101 "
b00000000000000000000011111000101 $
1&
b0011111000010 8
b0011111000011 ;
1=
1>
#19895
0&
0=
0>
#19900
b00000000000000000000011111000110 "
b00000000000000000000011111000110 $
1&
b0011111000011 8
b0011111000100 ;
1=
1>
#19905
0&
0=
0>
#19910
b00000000000000000000011111000111 "
b00000000000000000000011111000111 $
1&
b0011111000100 8
b0011111000101 ;
1=
1>
#19915
0&
0=
0>
#19920
b00000000000000000000011111001000 "
b00000000000000000000011111001000 $
1&
b0011111000101 8
b0011111000110 ;
1=
1>
#19925
0&
0=
0>
#19930
b00000000000000000000011111001001 "
b00000000000000000000011111001001 $
1&
b0011111000110 8
b0011111000111 ;
1=
1>
#19935
0&
0=
0>
#19940
b00000000000000000000011111001010 "
b00000000000000000000011111001010 $
1&
b0011111000111 8
b0011111001000 ;
1=
1>
#19945
0&
0=
0>
#19950
b00000000000000000000011111001011 "
b00000000000000000000011111001011 $
1&
b0011111001000 8
b0011111001001 ;
1=
1>
#19955
0&
0=
0>
#19960
b00000000000000000000011111001100 "
b00000000000000000000011111001100 $
1&
b0011111001001 8
b0011111001010 ;
1=
1>
#19965
0&
0=
0>
#19970
b00000000000000000000011111001101 "
b00000000000000000000011111001101 $
1&
b0011111001010 8
b0011111001011 ;
1=
1>
#19975
0&
0=
0>
#19980
b00000000000000000000011111001110 "
b00000000000000000000011111001110 $
1&
b0011111001011 8
b0011111001100 ;
1=
1>
#19985
0&
0=
0>
#19990
b00000000000000000000011111001111 "
b00000000000000000000011111001111 $
1&
b0011111001100 8
b0011111001101 ;
1=
1>
#19995
0&
0=
0>
#20000
b00000000000000000000011111010000 "
b00000000000000000000011111010000 $
1&
b0011111001101 8
b0011111001110 ;
1=
1>
#20005
0&
0=
0>
#20010
b00000000000000000000011111010001 "
b00000000000000000000011111010001 $
1&
b0011111001110 8
b0011111001111 ;
1=
1>
#20015
0&
0=
0>
#20020
b00000000000000000000011111010010 "
b00000000000000000000011111010010 $
1&
b0011111001111 8
b0011111010000 ;
1=
1>
#20025
0&
0=
0>
#20030
b00000000000000000000011111010011 "
b00000000000000000000011111010011 $
1&
b0011111010000 8
b0011111010001 ;
1=
1>
#20035
0&
0=
0>
#20040
b00000000000000000000011111010100 "
b00000000000000000000011111010100 $
1&
b0011111010001 8
b0011111010010 ;
1=
1>
#20045
0&
0=
0>
#20050
b00000000000000000000011111010101 "
b00000000000000000000011111010101 $
1&
b0011111010010 8
b0011111010011 ;
1=
1>
#20055
0&
0=
0>
#20060
b00000000000000000000011111010110 "
b00000000000000000000011111010110 $
1&
b0011111010011 8
b0011111010100 ;
1=
1>
#20065
0&
0=
0>
#20070
b00000000000000000000011111010111 "
b00000000000000000000011111010111 $
1&
b0011111010100 8
b0011111010101 ;
1=
1>
#20075
0&
0=
0>
#20080
b00000000000000000000011111011000 "
b00000000000000000000011111011000 $
1&
b0011111010101 8
b0011111010110 ;
1=
1>
#20085
0&
0=
0>
#20090
b00000000000000000000011111011001 "
b00000000000000000000011111011001 $
1&
b0011111010110 8
b0011111010111 ;
1=
1>
#20095
0&
0=
0>
#20100
b00000000000000000000011111011010 "
b00000000000000000000011111011010 $
1&
b0011111010111 8
b0011111011000 ;
1=
1>
#20105
0&
0=
0>
#20110
b00000000000000000000011111011011 "
b00000000000000000000011111011011 $
1&
b0011111011000 8
b0011111011001 ;
1=
1>
#20115
0&
0=
0>
#20120
b00000000000000000000011111011100 "
b00000000000000000000011111011100 $
1&
b0011111011001 8
b0011111011010 ;
1=
1>
#20125
0&
0=
0>
#20130
b00000000000000000000011111011101 "
b00000000000000000000011111011101 $
1&
b0011111011010 8
b0011111011011 ;
1=
1>
#20135
0&
0=
0>
#20140
b00000000000000000000011111011110 "
b00000000000000000000011111011110 $
1&
b0011111011011 8
b0011111011100 ;
1=
1>
#20145
0&
0=
0>
#20150
b00000000000000000000011111011111 "
b00000000000000000000011111011111 $
1&
b0011111011100 8
b0011111011101 ;
1=
1>
#20155
0&
0=
0>
#20160
b00000000000000000000011111100000 "
b00000000000000000000011111100000 $
1&
b0011111011101 8
b0011111011110 ;
1=
1>
#20165
0&
0=
0>
#20170
b00000000000000000000011111100001 "
b00000000000000000000011111100001 $
1&
b0011111011110 8
b0011111011111 ;
1=
1>
#20175
0&
0=
0>
#20180
b00000000000000000000011111100010 "
b00000000000000000000011111100010 $
1&
b0011111011111 8
b0011111100000 ;
1=
1>
#20185
0&
0=
0>
#20190
b00000000000000000000011111100011 "
b00000000000000000000011111100011 $
1&
b0011111100000 8
b0011111100001 ;
1=
1>
#20195
0&
0=
0>
#20200
b00000000000000000000011111100100 "
b00000000000000000000011111100100 $
1&
b0011111100001 8
b0011111100010 ;
1=
1>
#20205
0&
0=
0>
#20210
b00000000000000000000011111100101 "
b00000000000000000000011111100101 $
1&
b0011111100010 8
b0011111100011 ;
1=
1>
#20215
0&
0=
0>
#20220
b00000000000000000000011111100110 "
b00000000000000000000011111100110 $
1&
b0011111100011 8
b0011111100100 ;
1=
1>
#20225
0&
0=
0>
#20230
b00000000000000000000011111100111 "
b00000000000000000000011111100111 $
1&
b0011111100100 8
b0011111100101 ;
1=
1>
#20235
0&
0=
0>
#20240
b00000000000000000000011111101000 "
b00000000000000000000011111101000 $
1&
b0011111100101 8
b0011111100110 ;
1=
1>
#20245
0&
0=
0>
#20250
b00000000000000000000011111101001 "
b00000000000000000000011111101001 $
1&
b0011111100110 8
b0011111100111 ;
1=
1>
#20255
0&
0=
0>
#20260
b00000000000000000000011111101010 "
b00000000000000000000011111101010 $
1&
b0011111100111 8
b0011111101000 ;
1=
1>
#20265
0&
0=
0>
#20270
b00000000000000000000011111101011 "
b00000000000000000000011111101011 $
1&
b0011111101000 8
b0011111101001 ;
1=
1>
#20275
0&
0=
0>
#20280
b00000000000000000000011111101100 "
b00000000000000000000011111101100 $
1&
b0011111101001 8
b0011111101010 ;
1=
1>
#20285
0&
0=
0>
#20290
b00000000000000000000011111101101 "
b00000000000000000000011111101101 $
1&
b0011111101010 8
b0011111101011 ;
1=
1>
#20295
0&
0=
0>
#20300
b00000000000000000000011111101110 "
b00000000000000000000011111101110 $
1&
b0011111101011 8
b0011111101100 ;
1=
1>
#20305
0&
0=
0>
#20310
b00000000000000000000011111101111 "
b00000000000000000000011111101111 $
1&
b0011111101100 8
b0011111101101 ;
1=
1>
#20315
0&
0=
0>
#20320
b00000000000000000000011111110000 "
b00000000000000000000011111110000 $
1&
b0011111101101 8
b0011111101110 ;
1=
1>
#20325
0&
0=
0>
#20330
b00000000000000000000011111110001 "
b00000000000000000000011111110001 $
1&
b0011111101110 8
b0011111101111 ;
1=
1>
#20335
0&
0=
0>
#20340
b00000000000000000000011111110010 "
b00000000000000000000011111110010 $
1&
b0011111101111 8
b0011111110000 ;
1=
1>
#20345
0&
0=
0>
#20350
b00000000000000000000011111110011 "
b00000000000000000000011111110011 $
1&
b0011111110000 8
b0011111110001 ;
1=
1>
#20355
0&
0=
0>
#20360
b00000000000000000000011111110100 "
b00000000000000000000011111110100 $
1&
b0011111110001 8
b0011111110010 ;
1=
1>
#20365
0&
0=
0>
#20370
b00000000000000000000011111110101 "
b00000000000000000000011111110101 $
1&
b0011111110010 8
b0011111110011 ;
1=
1>
#20375
0&
0=
0>
#20380
b00000000000000000000011111110110 "
b00000000000000000000011111110110 $
1&
b0011111110011 8
b0011111110100 ;
1=
1>
#20385
0&
0=
0>
#20390
b00000000000000000000011111110111 "
b00000000000000000000011111110111 $
1&
b0011111110100 8
b0011111110101 ;
1=
1>
#20395
0&
0=
0>
#20400
b00000000000000000000011111111000 "
b00000000000000000000011111111000 $
1&
b0011111110101 8
b0011111110110 ;
1=
1>
#20405
0&
0=
0>
#20410
b00000000000000000000011111111001 "
b00000000000000000000011111111001 $
1&
b0011111110110 8
b0011111110111 ;
1=
1>
#20415
0&
0=
0>
#20420
b00000000000000000000011111111010 "
b00000000000000000000011111111010 $
1&
b0011111110111 8
b0011111111000 ;
1=
1>
#20425
0&
0=
0>
#20430
b00000000000000000000011111111011 "
b00000000000000000000011111111011 $
1&
b0011111111000 8
b0011111111001 ;
1=
1>
#20435
0&
0=
0>
#20440
b00000000000000000000011111111100 "
b00000000000000000000011111111100 $
1&
b0011111111001 8
b0011111111010 ;
1=
1>
#20445
0&
0=
0>
#20450
b00000000000000000000011111111101 "
b00000000000000000000011111111101 $
1&
b0011111111010 8
b0011111111011 ;
1=
1>
#20455
0&
0=
0>
#20460
b00000000000000000000011111111110 "
b00000000000000000000011111111110 $
1&
b0011111111011 8
b0011111111100 ;
1=
1>
#20465
0&
0=
0>
#20470
b00000000000000000000011111111111 "
b00000000000000000000011111111111 $
1&
b0011111111100 8
b0011111111101 ;
1=
1>
#20475
0&
0=
0>
#20480
b00000000000000000000100000000000 "
b00000000000000000000100000000000 $
1&
b0011111111101 8
b0011111111110 ;
1=
1>
#20485
0&
0=
0>
#20490
b00000000000000000000100000000001 "
b00000000000000000000100000000001 $
1&
b0011111111110 8
b0011111111111 ;
1=
1>
#20495
0&
0=
0>
#20500
b00000000000000000000100000000010 "
b00000000000000000000100000000010 $
1&
b0011111111111 8
b0100000000000 ;
1=
1>
#20505
0&
0=
0>
#20510
b00000000000000000000100000000011 "
b00000000000000000000100000000011 $
1&
b0100000000000 8
b0100000000001 ;
1=
1>
#20515
0&
0=
0>
#20520
b00000000000000000000100000000100 "
b00000000000000000000100000000100 $
1&
b0100000000001 8
b0100000000010 ;
1=
1>
#20525
0&
0=
0>
#20530
b00000000000000000000100000000101 "
b00000000000000000000100000000101 $
1&
b0100000000010 8
b0100000000011 ;
1=
1>
#20535
0&
0=
0>
#20540
b00000000000000000000100000000110 "
b00000000000000000000100000000110 $
1&
b0100000000011 8
b0100000000100 ;
1=
1>
#20545
0&
0=
0>
#20550
b00000000000000000000100000000111 "
b00000000000000000000100000000111 $
1&
b0100000000100 8
b0100000000101 ;
1=
1>
#20555
0&
0=
0>
#20560
b00000000000000000000100000001000 "
b00000000000000000000100000001000 $
1&
b0100000000101 8
b0100000000110 ;
1=
1>
#20565
0&
0=
0>
#20570
b00000000000000000000100000001001 "
b00000000000000000000100000001001 $
1&
b0100000000110 8
b0100000000111 ;
1=
1>
#20575
0&
0=
0>
#20580
b00000000000000000000100000001010 "
b00000000000000000000100000001010 $
1&
b0100000000111 8
b0100000001000 ;
1=
1>
#20585
0&
0=
0>
#20590
b00000000000000000000100000001011 "
b00000000000000000000100000001011 $
1&
b0100000001000 8
b0100000001001 ;
1=
1>
#20595
0&
0=
0>
#20600
b00000000000000000000100000001100 "
b00000000000000000000100000001100 $
1&
b0100000001001 8
b0100000001010 ;
1=
1>
#20605
0&
0=
0>
#20610
b00000000000000000000100000001101 "
b00000000000000000000100000001101 $
1&
b0100000001010 8
b0100000001011 ;
1=
1>
#20615
0&
0=
0>
#20620
b00000000000000000000100000001110 "
b00000000000000000000100000001110 $
1&
b0100000001011 8
b0100000001100 ;
1=
1>
#20625
0&
0=
0>
#20630
b00000000000000000000100000001111 "
b00000000000000000000100000001111 $
1&
b0100000001100 8
b0100000001101 ;
1=
1>
#20635
0&
0=
0>
#20640
b00000000000000000000100000010000 "
b00000000000000000000100000010000 $
1&
b0100000001101 8
b0100000001110 ;
1=
1>
#20645
0&
0=
0>
#20650
b00000000000000000000100000010001 "
b00000000000000000000100000010001 $
1&
b0100000001110 8
b0100000001111 ;
1=
1>
#20655
0&
0=
0>
#20660
b00000000000000000000100000010010 "
b00000000000000000000100000010010 $
1&
b0100000001111 8
b0100000010000 ;
1=
1>
#20665
0&
0=
0>
#20670
b00000000000000000000100000010011 "
b00000000000000000000100000010011 $
1&
b0100000010000 8
b0100000010001 ;
1=
1>
#20675
0&
0=
0>
#20680
b00000000000000000000100000010100 "
b00000000000000000000100000010100 $
1&
b0100000010001 8
b0100000010010 ;
1=
1>
#20685
0&
0=
0>
#20690
b00000000000000000000100000010101 "
b00000000000000000000100000010101 $
1&
b0100000010010 8
b0100000010011 ;
1=
1>
#20695
0&
0=
0>
#20700
b00000000000000000000100000010110 "
b00000000000000000000100000010110 $
1&
b0100000010011 8
b0100000010100 ;
1=
1>
#20705
0&
0=
0>
#20710
b00000000000000000000100000010111 "
b00000000000000000000100000010111 $
1&
b0100000010100 8
b0100000010101 ;
1=
1>
#20715
0&
0=
0>
#20720
b00000000000000000000100000011000 "
b00000000000000000000100000011000 $
1&
b0100000010101 8
b0100000010110 ;
1=
1>
#20725
0&
0=
0>
#20730
b00000000000000000000100000011001 "
b00000000000000000000100000011001 $
1&
b0100000010110 8
b0100000010111 ;
1=
1>
#20735
0&
0=
0>
#20740
b00000000000000000000100000011010 "
b00000000000000000000100000011010 $
1&
b0100000010111 8
b0100000011000 ;
1=
1>
#20745
0&
0=
0>
#20750
b00000000000000000000100000011011 "
b00000000000000000000100000011011 $
1&
b0100000011000 8
b0100000011001 ;
1=
1>
#20755
0&
0=
0>
#20760
b00000000000000000000100000011100 "
b00000000000000000000100000011100 $
1&
b0100000011001 8
b0100000011010 ;
1=
1>
#20765
0&
0=
0>
#20770
b00000000000000000000100000011101 "
b00000000000000000000100000011101 $
1&
b0100000011010 8
b0100000011011 ;
1=
1>
#20775
0&
0=
0>
#20780
b00000000000000000000100000011110 "
b00000000000000000000100000011110 $
1&
b0100000011011 8
b0100000011100 ;
1=
1>
#20785
0&
0=
0>
#20790
b00000000000000000000100000011111 "
b00000000000000000000100000011111 $
1&
b0100000011100 8
b0100000011101 ;
1=
1>
#20795
0&
0=
0>
#20800
b00000000000000000000100000100000 "
b00000000000000000000100000100000 $
1&
b0100000011101 8
b0100000011110 ;
1=
1>
#20805
0&
0=
0>
#20810
b00000000000000000000100000100001 "
b00000000000000000000100000100001 $
1&
b0100000011110 8
b0100000011111 ;
1=
1>
#20815
0&
0=
0>
#20820
b00000000000000000000100000100010 "
b00000000000000000000100000100010 $
1&
b0100000011111 8
b0100000100000 ;
1=
1>
#20825
0&
0=
0>
#20830
b00000000000000000000100000100011 "
b00000000000000000000100000100011 $
1&
b0100000100000 8
b0100000100001 ;
1=
1>
#20835
0&
0=
0>
#20840
b00000000000000000000100000100100 "
b00000000000000000000100000100100 $
1&
b0100000100001 8
b0100000100010 ;
1=
1>
#20845
0&
0=
0>
#20850
b00000000000000000000100000100101 "
b00000000000000000000100000100101 $
1&
b0100000100010 8
b0100000100011 ;
1=
1>
#20855
0&
0=
0>
#20860
b00000000000000000000100000100110 "
b00000000000000000000100000100110 $
1&
b0100000100011 8
b0100000100100 ;
1=
1>
#20865
0&
0=
0>
#20870
b00000000000000000000100000100111 "
b00000000000000000000100000100111 $
1&
b0100000100100 8
b0100000100101 ;
1=
1>
#20875
0&
0=
0>
#20880
b00000000000000000000100000101000 "
b00000000000000000000100000101000 $
1&
b0100000100101 8
b0100000100110 ;
1=
1>
#20885
0&
0=
0>
#20890
b00000000000000000000100000101001 "
b00000000000000000000100000101001 $
1&
b0100000100110 8
b0100000100111 ;
1=
1>
#20895
0&
0=
0>
#20900
b00000000000000000000100000101010 "
b00000000000000000000100000101010 $
1&
b0100000100111 8
b0100000101000 ;
1=
1>
#20905
0&
0=
0>
#20910
b00000000000000000000100000101011 "
b00000000000000000000100000101011 $
1&
b0100000101000 8
b0100000101001 ;
1=
1>
#20915
0&
0=
0>
#20920
b00000000000000000000100000101100 "
b00000000000000000000100000101100 $
1&
b0100000101001 8
b0100000101010 ;
1=
1>
#20925
0&
0=
0>
#20930
b00000000000000000000100000101101 "
b00000000000000000000100000101101 $
1&
b0100000101010 8
b0100000101011 ;
1=
1>
#20935
0&
0=
0>
#20940
b00000000000000000000100000101110 "
b00000000000000000000100000101110 $
1&
b0100000101011 8
b0100000101100 ;
1=
1>
#20945
0&
0=
0>
#20950
b00000000000000000000100000101111 "
b00000000000000000000100000101111 $
1&
b0100000101100 8
b0100000101101 ;
1=
1>
#20955
0&
0=
0>
#20960
b00000000000000000000100000110000 "
b00000000000000000000100000110000 $
1&
b0100000101101 8
b0100000101110 ;
1=
1>
#20965
0&
0=
0>
#20970
b00000000000000000000100000110001 "
b00000000000000000000100000110001 $
1&
b0100000101110 8
b0100000101111 ;
1=
1>
#20975
0&
0=
0>
#20980
b00000000000000000000100000110010 "
b00000000000000000000100000110010 $
1&
b0100000101111 8
b0100000110000 ;
1=
1>
#20985
0&
0=
0>
#20990
b00000000000000000000100000110011 "
b00000000000000000000100000110011 $
1&
b0100000110000 8
b0100000110001 ;
1=
1>
#20995
0&
0=
0>
#21000
b00000000000000000000100000110100 "
b00000000000000000000100000110100 $
1&
b0100000110001 8
b0100000110010 ;
1=
1>
#21005
0&
0=
0>
#21010
b00000000000000000000100000110101 "
b00000000000000000000100000110101 $
1&
b0100000110010 8
b0100000110011 ;
1=
1>
#21015
0&
0=
0>
#21020
b00000000000000000000100000110110 "
b00000000000000000000100000110110 $
1&
b0100000110011 8
b0100000110100 ;
1=
1>
#21025
0&
0=
0>
#21030
b00000000000000000000100000110111 "
b00000000000000000000100000110111 $
1&
b0100000110100 8
b0100000110101 ;
1=
1>
#21035
0&
0=
0>
#21040
b00000000000000000000100000111000 "
b00000000000000000000100000111000 $
1&
b0100000110101 8
b0100000110110 ;
1=
1>
#21045
0&
0=
0>
#21050
b00000000000000000000100000111001 "
b00000000000000000000100000111001 $
1&
b0100000110110 8
b0100000110111 ;
1=
1>
#21055
0&
0=
0>
#21060
b00000000000000000000100000111010 "
b00000000000000000000100000111010 $
1&
b0100000110111 8
b0100000111000 ;
1=
1>
#21065
0&
0=
0>
#21070
b00000000000000000000100000111011 "
b00000000000000000000100000111011 $
1&
b0100000111000 8
b0100000111001 ;
1=
1>
#21075
0&
0=
0>
#21080
b00000000000000000000100000111100 "
b00000000000000000000100000111100 $
1&
b0100000111001 8
b0100000111010 ;
1=
1>
#21085
0&
0=
0>
#21090
b00000000000000000000100000111101 "
b00000000000000000000100000111101 $
1&
b0100000111010 8
b0100000111011 ;
1=
1>
#21095
0&
0=
0>
#21100
b00000000000000000000100000111110 "
b00000000000000000000100000111110 $
1&
b0100000111011 8
b0100000111100 ;
1=
1>
#21105
0&
0=
0>
#21110
b00000000000000000000100000111111 "
b00000000000000000000100000111111 $
1&
b0100000111100 8
b0100000111101 ;
1=
1>
#21115
0&
0=
0>
#21120
b00000000000000000000100001000000 "
b00000000000000000000100001000000 $
1&
b0100000111101 8
b0100000111110 ;
1=
1>
#21125
0&
0=
0>
#21130
b00000000000000000000100001000001 "
b00000000000000000000100001000001 $
1&
b0100000111110 8
b0100000111111 ;
1=
1>
#21135
0&
0=
0>
#21140
b00000000000000000000100001000010 "
b00000000000000000000100001000010 $
1&
b0100000111111 8
b0100001000000 ;
1=
1>
#21145
0&
0=
0>
#21150
b00000000000000000000100001000011 "
b00000000000000000000100001000011 $
1&
b0100001000000 8
b0100001000001 ;
1=
1>
#21155
0&
0=
0>
#21160
b00000000000000000000100001000100 "
b00000000000000000000100001000100 $
1&
b0100001000001 8
b0100001000010 ;
1=
1>
#21165
0&
0=
0>
#21170
b00000000000000000000100001000101 "
b00000000000000000000100001000101 $
1&
b0100001000010 8
b0100001000011 ;
1=
1>
#21175
0&
0=
0>
#21180
b00000000000000000000100001000110 "
b00000000000000000000100001000110 $
1&
b0100001000011 8
b0100001000100 ;
1=
1>
#21185
0&
0=
0>
#21190
b00000000000000000000100001000111 "
b00000000000000000000100001000111 $
1&
b0100001000100 8
b0100001000101 ;
1=
1>
#21195
0&
0=
0>
#21200
b00000000000000000000100001001000 "
b00000000000000000000100001001000 $
1&
b0100001000101 8
b0100001000110 ;
1=
1>
#21205
0&
0=
0>
#21210
b00000000000000000000100001001001 "
b00000000000000000000100001001001 $
1&
b0100001000110 8
b0100001000111 ;
1=
1>
#21215
0&
0=
0>
#21220
b00000000000000000000100001001010 "
b00000000000000000000100001001010 $
1&
b0100001000111 8
b0100001001000 ;
1=
1>
#21225
0&
0=
0>
#21230
b00000000000000000000100001001011 "
b00000000000000000000100001001011 $
1&
b0100001001000 8
b0100001001001 ;
1=
1>
#21235
0&
0=
0>
#21240
b00000000000000000000100001001100 "
b00000000000000000000100001001100 $
1&
b0100001001001 8
b0100001001010 ;
1=
1>
#21245
0&
0=
0>
#21250
b00000000000000000000100001001101 "
b00000000000000000000100001001101 $
1&
b0100001001010 8
b0100001001011 ;
1=
1>
#21255
0&
0=
0>
#21260
b00000000000000000000100001001110 "
b00000000000000000000100001001110 $
1&
b0100001001011 8
b0100001001100 ;
1=
1>
#21265
0&
0=
0>
#21270
b00000000000000000000100001001111 "
b00000000000000000000100001001111 $
1&
b0100001001100 8
b0100001001101 ;
1=
1>
#21275
0&
0=
0>
#21280
b00000000000000000000100001010000 "
b00000000000000000000100001010000 $
1&
b0100001001101 8
b0100001001110 ;
1=
1>
#21285
0&
0=
0>
#21290
b00000000000000000000100001010001 "
b00000000000000000000100001010001 $
1&
b0100001001110 8
b0100001001111 ;
1=
1>
#21295
0&
0=
0>
#21300
b00000000000000000000100001010010 "
b00000000000000000000100001010010 $
1&
b0100001001111 8
b0100001010000 ;
1=
1>
#21305
0&
0=
0>
#21310
b00000000000000000000100001010011 "
b00000000000000000000100001010011 $
1&
b0100001010000 8
b0100001010001 ;
1=
1>
#21315
0&
0=
0>
#21320
b00000000000000000000100001010100 "
b00000000000000000000100001010100 $
1&
b0100001010001 8
b0100001010010 ;
1=
1>
#21325
0&
0=
0>
#21330
b00000000000000000000100001010101 "
b00000000000000000000100001010101 $
1&
b0100001010010 8
b0100001010011 ;
1=
1>
#21335
0&
0=
0>
#21340
b00000000000000000000100001010110 "
b00000000000000000000100001010110 $
1&
b0100001010011 8
b0100001010100 ;
1=
1>
#21345
0&
0=
0>
#21350
b00000000000000000000100001010111 "
b00000000000000000000100001010111 $
1&
b0100001010100 8
b0100001010101 ;
1=
1>
#21355
0&
0=
0>
#21360
b00000000000000000000100001011000 "
b00000000000000000000100001011000 $
1&
b0100001010101 8
b0100001010110 ;
1=
1>
#21365
0&
0=
0>
#21370
b00000000000000000000100001011001 "
b00000000000000000000100001011001 $
1&
b0100001010110 8
b0100001010111 ;
1=
1>
#21375
0&
0=
0>
#21380
b00000000000000000000100001011010 "
b00000000000000000000100001011010 $
1&
b0100001010111 8
b0100001011000 ;
1=
1>
#21385
0&
0=
0>
#21390
b00000000000000000000100001011011 "
b00000000000000000000100001011011 $
1&
b0100001011000 8
b0100001011001 ;
1=
1>
#21395
0&
0=
0>
#21400
b00000000000000000000100001011100 "
b00000000000000000000100001011100 $
1&
b0100001011001 8
b0100001011010 ;
1=
1>
#21405
0&
0=
0>
#21410
b00000000000000000000100001011101 "
b00000000000000000000100001011101 $
1&
b0100001011010 8
b0100001011011 ;
1=
1>
#21415
0&
0=
0>
#21420
b00000000000000000000100001011110 "
b00000000000000000000100001011110 $
1&
b0100001011011 8
b0100001011100 ;
1=
1>
#21425
0&
0=
0>
#21430
b00000000000000000000100001011111 "
b00000000000000000000100001011111 $
1&
b0100001011100 8
b0100001011101 ;
1=
1>
#21435
0&
0=
0>
#21440
b00000000000000000000100001100000 "
b00000000000000000000100001100000 $
1&
b0100001011101 8
b0100001011110 ;
1=
1>
#21445
0&
0=
0>
#21450
b00000000000000000000100001100001 "
b00000000000000000000100001100001 $
1&
b0100001011110 8
b0100001011111 ;
1=
1>
#21455
0&
0=
0>
#21460
b00000000000000000000100001100010 "
b00000000000000000000100001100010 $
1&
b0100001011111 8
b0100001100000 ;
1=
1>
#21465
0&
0=
0>
#21470
b00000000000000000000100001100011 "
b00000000000000000000100001100011 $
1&
b0100001100000 8
b0100001100001 ;
1=
1>
#21475
0&
0=
0>
#21480
b00000000000000000000100001100100 "
b00000000000000000000100001100100 $
1&
b0100001100001 8
b0100001100010 ;
1=
1>
#21485
0&
0=
0>
#21490
b00000000000000000000100001100101 "
b00000000000000000000100001100101 $
1&
b0100001100010 8
b0100001100011 ;
1=
1>
#21495
0&
0=
0>
#21500
b00000000000000000000100001100110 "
b00000000000000000000100001100110 $
1&
b0100001100011 8
b0100001100100 ;
1=
1>
#21505
0&
0=
0>
#21510
b00000000000000000000100001100111 "
b00000000000000000000100001100111 $
1&
b0100001100100 8
b0100001100101 ;
1=
1>
#21515
0&
0=
0>
#21520
b00000000000000000000100001101000 "
b00000000000000000000100001101000 $
1&
b0100001100101 8
b0100001100110 ;
1=
1>
#21525
0&
0=
0>
#21530
b00000000000000000000100001101001 "
b00000000000000000000100001101001 $
1&
b0100001100110 8
b0100001100111 ;
1=
1>
#21535
0&
0=
0>
#21540
b00000000000000000000100001101010 "
b00000000000000000000100001101010 $
1&
b0100001100111 8
b0100001101000 ;
1=
1>
#21545
0&
0=
0>
#21550
b00000000000000000000100001101011 "
b00000000000000000000100001101011 $
1&
b0100001101000 8
b0100001101001 ;
1=
1>
#21555
0&
0=
0>
#21560
b00000000000000000000100001101100 "
b00000000000000000000100001101100 $
1&
b0100001101001 8
b0100001101010 ;
1=
1>
#21565
0&
0=
0>
#21570
b00000000000000000000100001101101 "
b00000000000000000000100001101101 $
1&
b0100001101010 8
b0100001101011 ;
1=
1>
#21575
0&
0=
0>
#21580
b00000000000000000000100001101110 "
b00000000000000000000100001101110 $
1&
b0100001101011 8
b0100001101100 ;
1=
1>
#21585
0&
0=
0>
#21590
b00000000000000000000100001101111 "
b00000000000000000000100001101111 $
1&
b0100001101100 8
b0100001101101 ;
1=
1>
#21595
0&
0=
0>
#21600
b00000000000000000000100001110000 "
b00000000000000000000100001110000 $
1&
b0100001101101 8
b0100001101110 ;
1=
1>
#21605
0&
0=
0>
#21610
b00000000000000000000100001110001 "
b00000000000000000000100001110001 $
1&
b0100001101110 8
b0100001101111 ;
1=
1>
#21615
0&
0=
0>
#21620
b00000000000000000000100001110010 "
b00000000000000000000100001110010 $
1&
b0100001101111 8
b0100001110000 ;
1=
1>
#21625
0&
0=
0>
#21630
b00000000000000000000100001110011 "
b00000000000000000000100001110011 $
1&
b0100001110000 8
b0100001110001 ;
1=
1>
#21635
0&
0=
0>
#21640
b00000000000000000000100001110100 "
b00000000000000000000100001110100 $
1&
b0100001110001 8
b0100001110010 ;
1=
1>
#21645
0&
0=
0>
#21650
b00000000000000000000100001110101 "
b00000000000000000000100001110101 $
1&
b0100001110010 8
b0100001110011 ;
1=
1>
#21655
0&
0=
0>
#21660
b00000000000000000000100001110110 "
b00000000000000000000100001110110 $
1&
b0100001110011 8
b0100001110100 ;
1=
1>
#21665
0&
0=
0>
#21670
b00000000000000000000100001110111 "
b00000000000000000000100001110111 $
1&
b0100001110100 8
b0100001110101 ;
1=
1>
#21675
0&
0=
0>
#21680
b00000000000000000000100001111000 "
b00000000000000000000100001111000 $
1&
b0100001110101 8
b0100001110110 ;
1=
1>
#21685
0&
0=
0>
#21690
b00000000000000000000100001111001 "
b00000000000000000000100001111001 $
1&
b0100001110110 8
b0100001110111 ;
1=
1>
#21695
0&
0=
0>
#21700
b00000000000000000000100001111010 "
b00000000000000000000100001111010 $
1&
b0100001110111 8
b0100001111000 ;
1=
1>
#21705
0&
0=
0>
#21710
b00000000000000000000100001111011 "
b00000000000000000000100001111011 $
1&
b0100001111000 8
b0100001111001 ;
1=
1>
#21715
0&
0=
0>
#21720
b00000000000000000000100001111100 "
b00000000000000000000100001111100 $
1&
b0100001111001 8
b0100001111010 ;
1=
1>
#21725
0&
0=
0>
#21730
b00000000000000000000100001111101 "
b00000000000000000000100001111101 $
1&
b0100001111010 8
b0100001111011 ;
1=
1>
#21735
0&
0=
0>
#21740
b00000000000000000000100001111110 "
b00000000000000000000100001111110 $
1&
b0100001111011 8
b0100001111100 ;
1=
1>
#21745
0&
0=
0>
#21750
b00000000000000000000100001111111 "
b00000000000000000000100001111111 $
1&
b0100001111100 8
b0100001111101 ;
1=
1>
#21755
0&
0=
0>
#21760
b00000000000000000000100010000000 "
b00000000000000000000100010000000 $
1&
b0100001111101 8
b0100001111110 ;
1=
1>
#21765
0&
0=
0>
#21770
b00000000000000000000100010000001 "
b00000000000000000000100010000001 $
1&
b0100001111110 8
b0100001111111 ;
1=
1>
#21775
0&
0=
0>
#21780
b00000000000000000000100010000010 "
b00000000000000000000100010000010 $
1&
b0100001111111 8
b0100010000000 ;
1=
1>
#21785
0&
0=
0>
#21790
b00000000000000000000100010000011 "
b00000000000000000000100010000011 $
1&
b0100010000000 8
b0100010000001 ;
1=
1>
#21795
0&
0=
0>
#21800
b00000000000000000000100010000100 "
b00000000000000000000100010000100 $
1&
b0100010000001 8
b0100010000010 ;
1=
1>
#21805
0&
0=
0>
#21810
b00000000000000000000100010000101 "
b00000000000000000000100010000101 $
1&
b0100010000010 8
b0100010000011 ;
1=
1>
#21815
0&
0=
0>
#21820
b00000000000000000000100010000110 "
b00000000000000000000100010000110 $
1&
b0100010000011 8
b0100010000100 ;
1=
1>
#21825
0&
0=
0>
#21830
b00000000000000000000100010000111 "
b00000000000000000000100010000111 $
1&
b0100010000100 8
b0100010000101 ;
1=
1>
#21835
0&
0=
0>
#21840
b00000000000000000000100010001000 "
b00000000000000000000100010001000 $
1&
b0100010000101 8
b0100010000110 ;
1=
1>
#21845
0&
0=
0>
#21850
b00000000000000000000100010001001 "
b00000000000000000000100010001001 $
1&
b0100010000110 8
b0100010000111 ;
1=
1>
#21855
0&
0=
0>
#21860
b00000000000000000000100010001010 "
b00000000000000000000100010001010 $
1&
b0100010000111 8
b0100010001000 ;
1=
1>
#21865
0&
0=
0>
#21870
b00000000000000000000100010001011 "
b00000000000000000000100010001011 $
1&
b0100010001000 8
b0100010001001 ;
1=
1>
#21875
0&
0=
0>
#21880
b00000000000000000000100010001100 "
b00000000000000000000100010001100 $
1&
b0100010001001 8
b0100010001010 ;
1=
1>
#21885
0&
0=
0>
#21890
b00000000000000000000100010001101 "
b00000000000000000000100010001101 $
1&
b0100010001010 8
b0100010001011 ;
1=
1>
#21895
0&
0=
0>
#21900
b00000000000000000000100010001110 "
b00000000000000000000100010001110 $
1&
b0100010001011 8
b0100010001100 ;
1=
1>
#21905
0&
0=
0>
#21910
b00000000000000000000100010001111 "
b00000000000000000000100010001111 $
1&
b0100010001100 8
b0100010001101 ;
1=
1>
#21915
0&
0=
0>
#21920
b00000000000000000000100010010000 "
b00000000000000000000100010010000 $
1&
b0100010001101 8
b0100010001110 ;
1=
1>
#21925
0&
0=
0>
#21930
b00000000000000000000100010010001 "
b00000000000000000000100010010001 $
1&
b0100010001110 8
b0100010001111 ;
1=
1>
#21935
0&
0=
0>
#21940
b00000000000000000000100010010010 "
b00000000000000000000100010010010 $
1&
b0100010001111 8
b0100010010000 ;
1=
1>
#21945
0&
0=
0>
#21950
b00000000000000000000100010010011 "
b00000000000000000000100010010011 $
1&
b0100010010000 8
b0100010010001 ;
1=
1>
#21955
0&
0=
0>
#21960
b00000000000000000000100010010100 "
b00000000000000000000100010010100 $
1&
b0100010010001 8
b0100010010010 ;
1=
1>
#21965
0&
0=
0>
#21970
b00000000000000000000100010010101 "
b00000000000000000000100010010101 $
1&
b0100010010010 8
b0100010010011 ;
1=
1>
#21975
0&
0=
0>
#21980
b00000000000000000000100010010110 "
b00000000000000000000100010010110 $
1&
b0100010010011 8
b0100010010100 ;
1=
1>
#21985
0&
0=
0>
#21990
b00000000000000000000100010010111 "
b00000000000000000000100010010111 $
1&
b0100010010100 8
b0100010010101 ;
1=
1>
#21995
0&
0=
0>
#22000
b00000000000000000000100010011000 "
b00000000000000000000100010011000 $
1&
b0100010010101 8
b0100010010110 ;
1=
1>
#22005
0&
0=
0>
#22010
b00000000000000000000100010011001 "
b00000000000000000000100010011001 $
1&
b0100010010110 8
b0100010010111 ;
1=
1>
#22015
0&
0=
0>
#22020
b00000000000000000000100010011010 "
b00000000000000000000100010011010 $
1&
b0100010010111 8
b0100010011000 ;
1=
1>
#22025
0&
0=
0>
#22030
b00000000000000000000100010011011 "
b00000000000000000000100010011011 $
1&
b0100010011000 8
b0100010011001 ;
1=
1>
#22035
0&
0=
0>
#22040
b00000000000000000000100010011100 "
b00000000000000000000100010011100 $
1&
b0100010011001 8
b0100010011010 ;
1=
1>
#22045
0&
0=
0>
#22050
b00000000000000000000100010011101 "
b00000000000000000000100010011101 $
1&
b0100010011010 8
b0100010011011 ;
1=
1>
#22055
0&
0=
0>
#22060
b00000000000000000000100010011110 "
b00000000000000000000100010011110 $
1&
b0100010011011 8
b0100010011100 ;
1=
1>
#22065
0&
0=
0>
#22070
b00000000000000000000100010011111 "
b00000000000000000000100010011111 $
1&
b0100010011100 8
b0100010011101 ;
1=
1>
#22075
0&
0=
0>
#22080
b00000000000000000000100010100000 "
b00000000000000000000100010100000 $
1&
b0100010011101 8
b0100010011110 ;
1=
1>
#22085
0&
0=
0>
#22090
b00000000000000000000100010100001 "
b00000000000000000000100010100001 $
1&
b0100010011110 8
b0100010011111 ;
1=
1>
#22095
0&
0=
0>
#22100
b00000000000000000000100010100010 "
b00000000000000000000100010100010 $
1&
b0100010011111 8
b0100010100000 ;
1=
1>
#22105
0&
0=
0>
#22110
b00000000000000000000100010100011 "
b00000000000000000000100010100011 $
1&
b0100010100000 8
b0100010100001 ;
1=
1>
#22115
0&
0=
0>
#22120
b00000000000000000000100010100100 "
b00000000000000000000100010100100 $
1&
b0100010100001 8
b0100010100010 ;
1=
1>
#22125
0&
0=
0>
#22130
b00000000000000000000100010100101 "
b00000000000000000000100010100101 $
1&
b0100010100010 8
b0100010100011 ;
1=
1>
#22135
0&
0=
0>
#22140
b00000000000000000000100010100110 "
b00000000000000000000100010100110 $
1&
b0100010100011 8
b0100010100100 ;
1=
1>
#22145
0&
0=
0>
#22150
b00000000000000000000100010100111 "
b00000000000000000000100010100111 $
1&
b0100010100100 8
b0100010100101 ;
1=
1>
#22155
0&
0=
0>
#22160
b00000000000000000000100010101000 "
b00000000000000000000100010101000 $
1&
b0100010100101 8
b0100010100110 ;
1=
1>
#22165
0&
0=
0>
#22170
b00000000000000000000100010101001 "
b00000000000000000000100010101001 $
1&
b0100010100110 8
b0100010100111 ;
1=
1>
#22175
0&
0=
0>
#22180
b00000000000000000000100010101010 "
b00000000000000000000100010101010 $
1&
b0100010100111 8
b0100010101000 ;
1=
1>
#22185
0&
0=
0>
#22190
b00000000000000000000100010101011 "
b00000000000000000000100010101011 $
1&
b0100010101000 8
b0100010101001 ;
1=
1>
#22195
0&
0=
0>
#22200
b00000000000000000000100010101100 "
b00000000000000000000100010101100 $
1&
b0100010101001 8
b0100010101010 ;
1=
1>
#22205
0&
0=
0>
#22210
b00000000000000000000100010101101 "
b00000000000000000000100010101101 $
1&
b0100010101010 8
b0100010101011 ;
1=
1>
#22215
0&
0=
0>
#22220
b00000000000000000000100010101110 "
b00000000000000000000100010101110 $
1&
b0100010101011 8
b0100010101100 ;
1=
1>
#22225
0&
0=
0>
#22230
b00000000000000000000100010101111 "
b00000000000000000000100010101111 $
1&
b0100010101100 8
b0100010101101 ;
1=
1>
#22235
0&
0=
0>
#22240
b00000000000000000000100010110000 "
b00000000000000000000100010110000 $
1&
b0100010101101 8
b0100010101110 ;
1=
1>
#22245
0&
0=
0>
#22250
b00000000000000000000100010110001 "
b00000000000000000000100010110001 $
1&
b0100010101110 8
b0100010101111 ;
1=
1>
#22255
0&
0=
0>
#22260
b00000000000000000000100010110010 "
b00000000000000000000100010110010 $
1&
b0100010101111 8
b0100010110000 ;
1=
1>
#22265
0&
0=
0>
#22270
b00000000000000000000100010110011 "
b00000000000000000000100010110011 $
1&
b0100010110000 8
b0100010110001 ;
1=
1>
#22275
0&
0=
0>
#22280
b00000000000000000000100010110100 "
b00000000000000000000100010110100 $
1&
b0100010110001 8
b0100010110010 ;
1=
1>
#22285
0&
0=
0>
#22290
b00000000000000000000100010110101 "
b00000000000000000000100010110101 $
1&
b0100010110010 8
b0100010110011 ;
1=
1>
#22295
0&
0=
0>
#22300
b00000000000000000000100010110110 "
b00000000000000000000100010110110 $
1&
b0100010110011 8
b0100010110100 ;
1=
1>
#22305
0&
0=
0>
#22310
b00000000000000000000100010110111 "
b00000000000000000000100010110111 $
1&
b0100010110100 8
b0100010110101 ;
1=
1>
#22315
0&
0=
0>
#22320
b00000000000000000000100010111000 "
b00000000000000000000100010111000 $
1&
b0100010110101 8
b0100010110110 ;
1=
1>
#22325
0&
0=
0>
#22330
b00000000000000000000100010111001 "
b00000000000000000000100010111001 $
1&
b0100010110110 8
b0100010110111 ;
1=
1>
#22335
0&
0=
0>
#22340
b00000000000000000000100010111010 "
b00000000000000000000100010111010 $
1&
b0100010110111 8
b0100010111000 ;
1=
1>
#22345
0&
0=
0>
#22350
b00000000000000000000100010111011 "
b00000000000000000000100010111011 $
1&
b0100010111000 8
b0100010111001 ;
1=
1>
#22355
0&
0=
0>
#22360
b00000000000000000000100010111100 "
b00000000000000000000100010111100 $
1&
b0100010111001 8
b0100010111010 ;
1=
1>
#22365
0&
0=
0>
#22370
b00000000000000000000100010111101 "
b00000000000000000000100010111101 $
1&
b0100010111010 8
b0100010111011 ;
1=
1>
#22375
0&
0=
0>
#22380
b00000000000000000000100010111110 "
b00000000000000000000100010111110 $
1&
b0100010111011 8
b0100010111100 ;
1=
1>
#22385
0&
0=
0>
#22390
b00000000000000000000100010111111 "
b00000000000000000000100010111111 $
1&
b0100010111100 8
b0100010111101 ;
1=
1>
#22395
0&
0=
0>
#22400
b00000000000000000000100011000000 "
b00000000000000000000100011000000 $
1&
b0100010111101 8
b0100010111110 ;
1=
1>
#22405
0&
0=
0>
#22410
b00000000000000000000100011000001 "
b00000000000000000000100011000001 $
1&
b0100010111110 8
b0100010111111 ;
1=
1>
#22415
0&
0=
0>
#22420
b00000000000000000000100011000010 "
b00000000000000000000100011000010 $
1&
b0100010111111 8
b0100011000000 ;
1=
1>
#22425
0&
0=
0>
#22430
b00000000000000000000100011000011 "
b00000000000000000000100011000011 $
1&
b0100011000000 8
b0100011000001 ;
1=
1>
#22435
0&
0=
0>
#22440
b00000000000000000000100011000100 "
b00000000000000000000100011000100 $
1&
b0100011000001 8
b0100011000010 ;
1=
1>
#22445
0&
0=
0>
#22450
b00000000000000000000100011000101 "
b00000000000000000000100011000101 $
1&
b0100011000010 8
b0100011000011 ;
1=
1>
#22455
0&
0=
0>
#22460
b00000000000000000000100011000110 "
b00000000000000000000100011000110 $
1&
b0100011000011 8
b0100011000100 ;
1=
1>
#22465
0&
0=
0>
#22470
b00000000000000000000100011000111 "
b00000000000000000000100011000111 $
1&
b0100011000100 8
b0100011000101 ;
1=
1>
#22475
0&
0=
0>
#22480
b00000000000000000000100011001000 "
b00000000000000000000100011001000 $
1&
b0100011000101 8
b0100011000110 ;
1=
1>
#22485
0&
0=
0>
#22490
b00000000000000000000100011001001 "
b00000000000000000000100011001001 $
1&
b0100011000110 8
b0100011000111 ;
1=
1>
#22495
0&
0=
0>
#22500
b00000000000000000000100011001010 "
b00000000000000000000100011001010 $
1&
b0100011000111 8
b0100011001000 ;
1=
1>
#22505
0&
0=
0>
#22510
b00000000000000000000100011001011 "
b00000000000000000000100011001011 $
1&
b0100011001000 8
b0100011001001 ;
1=
1>
#22515
0&
0=
0>
#22520
b00000000000000000000100011001100 "
b00000000000000000000100011001100 $
1&
b0100011001001 8
b0100011001010 ;
1=
1>
#22525
0&
0=
0>
#22530
b00000000000000000000100011001101 "
b00000000000000000000100011001101 $
1&
b0100011001010 8
b0100011001011 ;
1=
1>
#22535
0&
0=
0>
#22540
b00000000000000000000100011001110 "
b00000000000000000000100011001110 $
1&
b0100011001011 8
b0100011001100 ;
1=
1>
#22545
0&
0=
0>
#22550
b00000000000000000000100011001111 "
b00000000000000000000100011001111 $
1&
b0100011001100 8
b0100011001101 ;
1=
1>
#22555
0&
0=
0>
#22560
b00000000000000000000100011010000 "
b00000000000000000000100011010000 $
1&
b0100011001101 8
b0100011001110 ;
1=
1>
#22565
0&
0=
0>
#22570
b00000000000000000000100011010001 "
b00000000000000000000100011010001 $
1&
b0100011001110 8
b0100011001111 ;
1=
1>
#22575
0&
0=
0>
#22580
b00000000000000000000100011010010 "
b00000000000000000000100011010010 $
1&
b0100011001111 8
b0100011010000 ;
1=
1>
#22585
0&
0=
0>
#22590
b00000000000000000000100011010011 "
b00000000000000000000100011010011 $
1&
b0100011010000 8
b0100011010001 ;
1=
1>
#22595
0&
0=
0>
#22600
b00000000000000000000100011010100 "
b00000000000000000000100011010100 $
1&
b0100011010001 8
b0100011010010 ;
1=
1>
#22605
0&
0=
0>
#22610
b00000000000000000000100011010101 "
b00000000000000000000100011010101 $
1&
b0100011010010 8
b0100011010011 ;
1=
1>
#22615
0&
0=
0>
#22620
b00000000000000000000100011010110 "
b00000000000000000000100011010110 $
1&
b0100011010011 8
b0100011010100 ;
1=
1>
#22625
0&
0=
0>
#22630
b00000000000000000000100011010111 "
b00000000000000000000100011010111 $
1&
b0100011010100 8
b0100011010101 ;
1=
1>
#22635
0&
0=
0>
#22640
b00000000000000000000100011011000 "
b00000000000000000000100011011000 $
1&
b0100011010101 8
b0100011010110 ;
1=
1>
#22645
0&
0=
0>
#22650
b00000000000000000000100011011001 "
b00000000000000000000100011011001 $
1&
b0100011010110 8
b0100011010111 ;
1=
1>
#22655
0&
0=
0>
#22660
b00000000000000000000100011011010 "
b00000000000000000000100011011010 $
1&
b0100011010111 8
b0100011011000 ;
1=
1>
#22665
0&
0=
0>
#22670
b00000000000000000000100011011011 "
b00000000000000000000100011011011 $
1&
b0100011011000 8
b0100011011001 ;
1=
1>
#22675
0&
0=
0>
#22680
b00000000000000000000100011011100 "
b00000000000000000000100011011100 $
1&
b0100011011001 8
b0100011011010 ;
1=
1>
#22685
0&
0=
0>
#22690
b00000000000000000000100011011101 "
b00000000000000000000100011011101 $
1&
b0100011011010 8
b0100011011011 ;
1=
1>
#22695
0&
0=
0>
#22700
b00000000000000000000100011011110 "
b00000000000000000000100011011110 $
1&
b0100011011011 8
b0100011011100 ;
1=
1>
#22705
0&
0=
0>
#22710
b00000000000000000000100011011111 "
b00000000000000000000100011011111 $
1&
b0100011011100 8
b0100011011101 ;
1=
1>
#22715
0&
0=
0>
#22720
b00000000000000000000100011100000 "
b00000000000000000000100011100000 $
1&
b0100011011101 8
b0100011011110 ;
1=
1>
#22725
0&
0=
0>
#22730
b00000000000000000000100011100001 "
b00000000000000000000100011100001 $
1&
b0100011011110 8
b0100011011111 ;
1=
1>
#22735
0&
0=
0>
#22740
b00000000000000000000100011100010 "
b00000000000000000000100011100010 $
1&
b0100011011111 8
b0100011100000 ;
1=
1>
#22745
0&
0=
0>
#22750
b00000000000000000000100011100011 "
b00000000000000000000100011100011 $
1&
b0100011100000 8
b0100011100001 ;
1=
1>
#22755
0&
0=
0>
#22760
b00000000000000000000100011100100 "
b00000000000000000000100011100100 $
1&
b0100011100001 8
b0100011100010 ;
1=
1>
#22765
0&
0=
0>
#22770
b00000000000000000000100011100101 "
b00000000000000000000100011100101 $
1&
b0100011100010 8
b0100011100011 ;
1=
1>
#22775
0&
0=
0>
#22780
b00000000000000000000100011100110 "
b00000000000000000000100011100110 $
1&
b0100011100011 8
b0100011100100 ;
1=
1>
#22785
0&
0=
0>
#22790
b00000000000000000000100011100111 "
b00000000000000000000100011100111 $
1&
b0100011100100 8
b0100011100101 ;
1=
1>
#22795
0&
0=
0>
#22800
b00000000000000000000100011101000 "
b00000000000000000000100011101000 $
1&
b0100011100101 8
b0100011100110 ;
1=
1>
#22805
0&
0=
0>
#22810
b00000000000000000000100011101001 "
b00000000000000000000100011101001 $
1&
b0100011100110 8
b0100011100111 ;
1=
1>
#22815
0&
0=
0>
#22820
b00000000000000000000100011101010 "
b00000000000000000000100011101010 $
1&
b0100011100111 8
b0100011101000 ;
1=
1>
#22825
0&
0=
0>
#22830
b00000000000000000000100011101011 "
b00000000000000000000100011101011 $
1&
b0100011101000 8
b0100011101001 ;
1=
1>
#22835
0&
0=
0>
#22840
b00000000000000000000100011101100 "
b00000000000000000000100011101100 $
1&
b0100011101001 8
b0100011101010 ;
1=
1>
#22845
0&
0=
0>
#22850
b00000000000000000000100011101101 "
b00000000000000000000100011101101 $
1&
b0100011101010 8
b0100011101011 ;
1=
1>
#22855
0&
0=
0>
#22860
b00000000000000000000100011101110 "
b00000000000000000000100011101110 $
1&
b0100011101011 8
b0100011101100 ;
1=
1>
#22865
0&
0=
0>
#22870
b00000000000000000000100011101111 "
b00000000000000000000100011101111 $
1&
b0100011101100 8
b0100011101101 ;
1=
1>
#22875
0&
0=
0>
#22880
b00000000000000000000100011110000 "
b00000000000000000000100011110000 $
1&
b0100011101101 8
b0100011101110 ;
1=
1>
#22885
0&
0=
0>
#22890
b00000000000000000000100011110001 "
b00000000000000000000100011110001 $
1&
b0100011101110 8
b0100011101111 ;
1=
1>
#22895
0&
0=
0>
#22900
b00000000000000000000100011110010 "
b00000000000000000000100011110010 $
1&
b0100011101111 8
b0100011110000 ;
1=
1>
#22905
0&
0=
0>
#22910
b00000000000000000000100011110011 "
b00000000000000000000100011110011 $
1&
b0100011110000 8
b0100011110001 ;
1=
1>
#22915
0&
0=
0>
#22920
b00000000000000000000100011110100 "
b00000000000000000000100011110100 $
1&
b0100011110001 8
b0100011110010 ;
1=
1>
#22925
0&
0=
0>
#22930
b00000000000000000000100011110101 "
b00000000000000000000100011110101 $
1&
b0100011110010 8
b0100011110011 ;
1=
1>
#22935
0&
0=
0>
#22940
b00000000000000000000100011110110 "
b00000000000000000000100011110110 $
1&
b0100011110011 8
b0100011110100 ;
1=
1>
#22945
0&
0=
0>
#22950
b00000000000000000000100011110111 "
b00000000000000000000100011110111 $
1&
b0100011110100 8
b0100011110101 ;
1=
1>
#22955
0&
0=
0>
#22960
b00000000000000000000100011111000 "
b00000000000000000000100011111000 $
1&
b0100011110101 8
b0100011110110 ;
1=
1>
#22965
0&
0=
0>
#22970
b00000000000000000000100011111001 "
b00000000000000000000100011111001 $
1&
b0100011110110 8
b0100011110111 ;
1=
1>
#22975
0&
0=
0>
#22980
b00000000000000000000100011111010 "
b00000000000000000000100011111010 $
1&
b0100011110111 8
b0100011111000 ;
1=
1>
#22985
0&
0=
0>
#22990
b00000000000000000000100011111011 "
b00000000000000000000100011111011 $
1&
b0100011111000 8
b0100011111001 ;
1=
1>
#22995
0&
0=
0>
#23000
b00000000000000000000100011111100 "
b00000000000000000000100011111100 $
1&
b0100011111001 8
b0100011111010 ;
1=
1>
#23005
0&
0=
0>
#23010
b00000000000000000000100011111101 "
b00000000000000000000100011111101 $
1&
b0100011111010 8
b0100011111011 ;
1=
1>
#23015
0&
0=
0>
#23020
b00000000000000000000100011111110 "
b00000000000000000000100011111110 $
1&
b0100011111011 8
b0100011111100 ;
1=
1>
#23025
0&
0=
0>
#23030
b00000000000000000000100011111111 "
b00000000000000000000100011111111 $
1&
b0100011111100 8
b0100011111101 ;
1=
1>
#23035
0&
0=
0>
#23040
b00000000000000000000100100000000 "
b00000000000000000000100100000000 $
1&
b0100011111101 8
b0100011111110 ;
1=
1>
#23045
0&
0=
0>
#23050
b00000000000000000000100100000001 "
b00000000000000000000100100000001 $
1&
b0100011111110 8
b0100011111111 ;
1=
1>
#23055
0&
0=
0>
#23060
b00000000000000000000100100000010 "
b00000000000000000000100100000010 $
1&
b0100011111111 8
b0100100000000 ;
1=
1>
#23065
0&
0=
0>
#23070
b00000000000000000000100100000011 "
b00000000000000000000100100000011 $
1&
b0100100000000 8
b0100100000001 ;
1=
1>
#23075
0&
0=
0>
#23080
b00000000000000000000100100000100 "
b00000000000000000000100100000100 $
1&
b0100100000001 8
b0100100000010 ;
1=
1>
#23085
0&
0=
0>
#23090
b00000000000000000000100100000101 "
b00000000000000000000100100000101 $
1&
b0100100000010 8
b0100100000011 ;
1=
1>
#23095
0&
0=
0>
#23100
b00000000000000000000100100000110 "
b00000000000000000000100100000110 $
1&
b0100100000011 8
b0100100000100 ;
1=
1>
#23105
0&
0=
0>
#23110
b00000000000000000000100100000111 "
b00000000000000000000100100000111 $
1&
b0100100000100 8
b0100100000101 ;
1=
1>
#23115
0&
0=
0>
#23120
b00000000000000000000100100001000 "
b00000000000000000000100100001000 $
1&
b0100100000101 8
b0100100000110 ;
1=
1>
#23125
0&
0=
0>
#23130
b00000000000000000000100100001001 "
b00000000000000000000100100001001 $
1&
b0100100000110 8
b0100100000111 ;
1=
1>
#23135
0&
0=
0>
#23140
b00000000000000000000100100001010 "
b00000000000000000000100100001010 $
1&
b0100100000111 8
b0100100001000 ;
1=
1>
#23145
0&
0=
0>
#23150
b00000000000000000000100100001011 "
b00000000000000000000100100001011 $
1&
b0100100001000 8
b0100100001001 ;
1=
1>
#23155
0&
0=
0>
#23160
b00000000000000000000100100001100 "
b00000000000000000000100100001100 $
1&
b0100100001001 8
b0100100001010 ;
1=
1>
#23165
0&
0=
0>
#23170
b00000000000000000000100100001101 "
b00000000000000000000100100001101 $
1&
b0100100001010 8
b0100100001011 ;
1=
1>
#23175
0&
0=
0>
#23180
b00000000000000000000100100001110 "
b00000000000000000000100100001110 $
1&
b0100100001011 8
b0100100001100 ;
1=
1>
#23185
0&
0=
0>
#23190
b00000000000000000000100100001111 "
b00000000000000000000100100001111 $
1&
b0100100001100 8
b0100100001101 ;
1=
1>
#23195
0&
0=
0>
#23200
b00000000000000000000100100010000 "
b00000000000000000000100100010000 $
1&
b0100100001101 8
b0100100001110 ;
1=
1>
#23205
0&
0=
0>
#23210
b00000000000000000000100100010001 "
b00000000000000000000100100010001 $
1&
b0100100001110 8
b0100100001111 ;
1=
1>
#23215
0&
0=
0>
#23220
b00000000000000000000100100010010 "
b00000000000000000000100100010010 $
1&
b0100100001111 8
b0100100010000 ;
1=
1>
#23225
0&
0=
0>
#23230
b00000000000000000000100100010011 "
b00000000000000000000100100010011 $
1&
b0100100010000 8
b0100100010001 ;
1=
1>
#23235
0&
0=
0>
#23240
b00000000000000000000100100010100 "
b00000000000000000000100100010100 $
1&
b0100100010001 8
b0100100010010 ;
1=
1>
#23245
0&
0=
0>
#23250
b00000000000000000000100100010101 "
b00000000000000000000100100010101 $
1&
b0100100010010 8
b0100100010011 ;
1=
1>
#23255
0&
0=
0>
#23260
b00000000000000000000100100010110 "
b00000000000000000000100100010110 $
1&
b0100100010011 8
b0100100010100 ;
1=
1>
#23265
0&
0=
0>
#23270
b00000000000000000000100100010111 "
b00000000000000000000100100010111 $
1&
b0100100010100 8
b0100100010101 ;
1=
1>
#23275
0&
0=
0>
#23280
b00000000000000000000100100011000 "
b00000000000000000000100100011000 $
1&
b0100100010101 8
b0100100010110 ;
1=
1>
#23285
0&
0=
0>
#23290
b00000000000000000000100100011001 "
b00000000000000000000100100011001 $
1&
b0100100010110 8
b0100100010111 ;
1=
1>
#23295
0&
0=
0>
#23300
b00000000000000000000100100011010 "
b00000000000000000000100100011010 $
1&
b0100100010111 8
b0100100011000 ;
1=
1>
#23305
0&
0=
0>
#23310
b00000000000000000000100100011011 "
b00000000000000000000100100011011 $
1&
b0100100011000 8
b0100100011001 ;
1=
1>
#23315
0&
0=
0>
#23320
b00000000000000000000100100011100 "
b00000000000000000000100100011100 $
1&
b0100100011001 8
b0100100011010 ;
1=
1>
#23325
0&
0=
0>
#23330
b00000000000000000000100100011101 "
b00000000000000000000100100011101 $
1&
b0100100011010 8
b0100100011011 ;
1=
1>
#23335
0&
0=
0>
#23340
b00000000000000000000100100011110 "
b00000000000000000000100100011110 $
1&
b0100100011011 8
b0100100011100 ;
1=
1>
#23345
0&
0=
0>
#23350
b00000000000000000000100100011111 "
b00000000000000000000100100011111 $
1&
b0100100011100 8
b0100100011101 ;
1=
1>
#23355
0&
0=
0>
#23360
b00000000000000000000100100100000 "
b00000000000000000000100100100000 $
1&
b0100100011101 8
b0100100011110 ;
1=
1>
#23365
0&
0=
0>
#23370
b00000000000000000000100100100001 "
b00000000000000000000100100100001 $
1&
b0100100011110 8
b0100100011111 ;
1=
1>
#23375
0&
0=
0>
#23380
b00000000000000000000100100100010 "
b00000000000000000000100100100010 $
1&
b0100100011111 8
b0100100100000 ;
1=
1>
#23385
0&
0=
0>
#23390
b00000000000000000000100100100011 "
b00000000000000000000100100100011 $
1&
b0100100100000 8
b0100100100001 ;
1=
1>
#23395
0&
0=
0>
#23400
b00000000000000000000100100100100 "
b00000000000000000000100100100100 $
1&
b0100100100001 8
b0100100100010 ;
1=
1>
#23405
0&
0=
0>
#23410
b00000000000000000000100100100101 "
b00000000000000000000100100100101 $
1&
b0100100100010 8
b0100100100011 ;
1=
1>
#23415
0&
0=
0>
#23420
b00000000000000000000100100100110 "
b00000000000000000000100100100110 $
1&
b0100100100011 8
b0100100100100 ;
1=
1>
#23425
0&
0=
0>
#23430
b00000000000000000000100100100111 "
b00000000000000000000100100100111 $
1&
b0100100100100 8
b0100100100101 ;
1=
1>
#23435
0&
0=
0>
#23440
b00000000000000000000100100101000 "
b00000000000000000000100100101000 $
1&
b0100100100101 8
b0100100100110 ;
1=
1>
#23445
0&
0=
0>
#23450
b00000000000000000000100100101001 "
b00000000000000000000100100101001 $
1&
b0100100100110 8
b0100100100111 ;
1=
1>
#23455
0&
0=
0>
#23460
b00000000000000000000100100101010 "
b00000000000000000000100100101010 $
1&
b0100100100111 8
b0100100101000 ;
1=
1>
#23465
0&
0=
0>
#23470
b00000000000000000000100100101011 "
b00000000000000000000100100101011 $
1&
b0100100101000 8
b0100100101001 ;
1=
1>
#23475
0&
0=
0>
#23480
b00000000000000000000100100101100 "
b00000000000000000000100100101100 $
1&
b0100100101001 8
b0100100101010 ;
1=
1>
#23485
0&
0=
0>
#23490
b00000000000000000000100100101101 "
b00000000000000000000100100101101 $
1&
b0100100101010 8
b0100100101011 ;
1=
1>
#23495
0&
0=
0>
#23500
b00000000000000000000100100101110 "
b00000000000000000000100100101110 $
1&
b0100100101011 8
b0100100101100 ;
1=
1>
#23505
0&
0=
0>
#23510
b00000000000000000000100100101111 "
b00000000000000000000100100101111 $
1&
b0100100101100 8
b0100100101101 ;
1=
1>
#23515
0&
0=
0>
#23520
b00000000000000000000100100110000 "
b00000000000000000000100100110000 $
1&
b0100100101101 8
b0100100101110 ;
1=
1>
#23525
0&
0=
0>
#23530
b00000000000000000000100100110001 "
b00000000000000000000100100110001 $
1&
b0100100101110 8
b0100100101111 ;
1=
1>
#23535
0&
0=
0>
#23540
b00000000000000000000100100110010 "
b00000000000000000000100100110010 $
1&
b0100100101111 8
b0100100110000 ;
1=
1>
#23545
0&
0=
0>
#23550
b00000000000000000000100100110011 "
b00000000000000000000100100110011 $
1&
b0100100110000 8
b0100100110001 ;
1=
1>
#23555
0&
0=
0>
#23560
b00000000000000000000100100110100 "
b00000000000000000000100100110100 $
1&
b0100100110001 8
b0100100110010 ;
1=
1>
#23565
0&
0=
0>
#23570
b00000000000000000000100100110101 "
b00000000000000000000100100110101 $
1&
b0100100110010 8
b0100100110011 ;
1=
1>
#23575
0&
0=
0>
#23580
b00000000000000000000100100110110 "
b00000000000000000000100100110110 $
1&
b0100100110011 8
b0100100110100 ;
1=
1>
#23585
0&
0=
0>
#23590
b00000000000000000000100100110111 "
b00000000000000000000100100110111 $
1&
b0100100110100 8
b0100100110101 ;
1=
1>
#23595
0&
0=
0>
#23600
b00000000000000000000100100111000 "
b00000000000000000000100100111000 $
1&
b0100100110101 8
b0100100110110 ;
1=
1>
#23605
0&
0=
0>
#23610
b00000000000000000000100100111001 "
b00000000000000000000100100111001 $
1&
b0100100110110 8
b0100100110111 ;
1=
1>
#23615
0&
0=
0>
#23620
b00000000000000000000100100111010 "
b00000000000000000000100100111010 $
1&
b0100100110111 8
b0100100111000 ;
1=
1>
#23625
0&
0=
0>
#23630
b00000000000000000000100100111011 "
b00000000000000000000100100111011 $
1&
b0100100111000 8
b0100100111001 ;
1=
1>
#23635
0&
0=
0>
#23640
b00000000000000000000100100111100 "
b00000000000000000000100100111100 $
1&
b0100100111001 8
b0100100111010 ;
1=
1>
#23645
0&
0=
0>
#23650
b00000000000000000000100100111101 "
b00000000000000000000100100111101 $
1&
b0100100111010 8
b0100100111011 ;
1=
1>
#23655
0&
0=
0>
#23660
b00000000000000000000100100111110 "
b00000000000000000000100100111110 $
1&
b0100100111011 8
b0100100111100 ;
1=
1>
#23665
0&
0=
0>
#23670
b00000000000000000000100100111111 "
b00000000000000000000100100111111 $
1&
b0100100111100 8
b0100100111101 ;
1=
1>
#23675
0&
0=
0>
#23680
b00000000000000000000100101000000 "
b00000000000000000000100101000000 $
1&
b0100100111101 8
b0100100111110 ;
1=
1>
#23685
0&
0=
0>
#23690
b00000000000000000000100101000001 "
b00000000000000000000100101000001 $
1&
b0100100111110 8
b0100100111111 ;
1=
1>
#23695
0&
0=
0>
#23700
b00000000000000000000100101000010 "
b00000000000000000000100101000010 $
1&
b0100100111111 8
b0100101000000 ;
1=
1>
#23705
0&
0=
0>
#23710
b00000000000000000000100101000011 "
b00000000000000000000100101000011 $
1&
b0100101000000 8
b0100101000001 ;
1=
1>
#23715
0&
0=
0>
#23720
b00000000000000000000100101000100 "
b00000000000000000000100101000100 $
1&
b0100101000001 8
b0100101000010 ;
1=
1>
#23725
0&
0=
0>
#23730
b00000000000000000000100101000101 "
b00000000000000000000100101000101 $
1&
b0100101000010 8
b0100101000011 ;
1=
1>
#23735
0&
0=
0>
#23740
b00000000000000000000100101000110 "
b00000000000000000000100101000110 $
1&
b0100101000011 8
b0100101000100 ;
1=
1>
#23745
0&
0=
0>
#23750
b00000000000000000000100101000111 "
b00000000000000000000100101000111 $
1&
b0100101000100 8
b0100101000101 ;
1=
1>
#23755
0&
0=
0>
#23760
b00000000000000000000100101001000 "
b00000000000000000000100101001000 $
1&
b0100101000101 8
b0100101000110 ;
1=
1>
#23765
0&
0=
0>
#23770
b00000000000000000000100101001001 "
b00000000000000000000100101001001 $
1&
b0100101000110 8
b0100101000111 ;
1=
1>
#23775
0&
0=
0>
#23780
b00000000000000000000100101001010 "
b00000000000000000000100101001010 $
1&
b0100101000111 8
b0100101001000 ;
1=
1>
#23785
0&
0=
0>
#23790
b00000000000000000000100101001011 "
b00000000000000000000100101001011 $
1&
b0100101001000 8
b0100101001001 ;
1=
1>
#23795
0&
0=
0>
#23800
b00000000000000000000100101001100 "
b00000000000000000000100101001100 $
1&
b0100101001001 8
b0100101001010 ;
1=
1>
#23805
0&
0=
0>
#23810
b00000000000000000000100101001101 "
b00000000000000000000100101001101 $
1&
b0100101001010 8
b0100101001011 ;
1=
1>
#23815
0&
0=
0>
#23820
b00000000000000000000100101001110 "
b00000000000000000000100101001110 $
1&
b0100101001011 8
b0100101001100 ;
1=
1>
#23825
0&
0=
0>
#23830
b00000000000000000000100101001111 "
b00000000000000000000100101001111 $
1&
b0100101001100 8
b0100101001101 ;
1=
1>
#23835
0&
0=
0>
#23840
b00000000000000000000100101010000 "
b00000000000000000000100101010000 $
1&
b0100101001101 8
b0100101001110 ;
1=
1>
#23845
0&
0=
0>
#23850
b00000000000000000000100101010001 "
b00000000000000000000100101010001 $
1&
b0100101001110 8
b0100101001111 ;
1=
1>
#23855
0&
0=
0>
#23860
b00000000000000000000100101010010 "
b00000000000000000000100101010010 $
1&
b0100101001111 8
b0100101010000 ;
1=
1>
#23865
0&
0=
0>
#23870
b00000000000000000000100101010011 "
b00000000000000000000100101010011 $
1&
b0100101010000 8
b0100101010001 ;
1=
1>
#23875
0&
0=
0>
#23880
b00000000000000000000100101010100 "
b00000000000000000000100101010100 $
1&
b0100101010001 8
b0100101010010 ;
1=
1>
#23885
0&
0=
0>
#23890
b00000000000000000000100101010101 "
b00000000000000000000100101010101 $
1&
b0100101010010 8
b0100101010011 ;
1=
1>
#23895
0&
0=
0>
#23900
b00000000000000000000100101010110 "
b00000000000000000000100101010110 $
1&
b0100101010011 8
b0100101010100 ;
1=
1>
#23905
0&
0=
0>
#23910
b00000000000000000000100101010111 "
b00000000000000000000100101010111 $
1&
b0100101010100 8
b0100101010101 ;
1=
1>
#23915
0&
0=
0>
#23920
b00000000000000000000100101011000 "
b00000000000000000000100101011000 $
1&
b0100101010101 8
b0100101010110 ;
1=
1>
#23925
0&
0=
0>
#23930
b00000000000000000000100101011001 "
b00000000000000000000100101011001 $
1&
b0100101010110 8
b0100101010111 ;
1=
1>
#23935
0&
0=
0>
#23940
b00000000000000000000100101011010 "
b00000000000000000000100101011010 $
1&
b0100101010111 8
b0100101011000 ;
1=
1>
#23945
0&
0=
0>
#23950
b00000000000000000000100101011011 "
b00000000000000000000100101011011 $
1&
b0100101011000 8
b0100101011001 ;
1=
1>
#23955
0&
0=
0>
#23960
b00000000000000000000100101011100 "
b00000000000000000000100101011100 $
1&
b0100101011001 8
b0100101011010 ;
1=
1>
#23965
0&
0=
0>
#23970
b00000000000000000000100101011101 "
b00000000000000000000100101011101 $
1&
b0100101011010 8
b0100101011011 ;
1=
1>
#23975
0&
0=
0>
#23980
b00000000000000000000100101011110 "
b00000000000000000000100101011110 $
1&
b0100101011011 8
b0100101011100 ;
1=
1>
#23985
0&
0=
0>
#23990
b00000000000000000000100101011111 "
b00000000000000000000100101011111 $
1&
b0100101011100 8
b0100101011101 ;
1=
1>
#23995
0&
0=
0>
#24000
b00000000000000000000100101100000 "
b00000000000000000000100101100000 $
1&
b0100101011101 8
b0100101011110 ;
1=
1>
#24005
0&
0=
0>
#24010
b00000000000000000000100101100001 "
b00000000000000000000100101100001 $
1&
b0100101011110 8
b0100101011111 ;
1=
1>
#24015
0&
0=
0>
#24020
b00000000000000000000100101100010 "
b00000000000000000000100101100010 $
1&
b0100101011111 8
b0100101100000 ;
1=
1>
#24025
0&
0=
0>
#24030
b00000000000000000000100101100011 "
b00000000000000000000100101100011 $
1&
b0100101100000 8
b0100101100001 ;
1=
1>
#24035
0&
0=
0>
#24040
b00000000000000000000100101100100 "
b00000000000000000000100101100100 $
1&
b0100101100001 8
b0100101100010 ;
1=
1>
#24045
0&
0=
0>
#24050
b00000000000000000000100101100101 "
b00000000000000000000100101100101 $
1&
b0100101100010 8
b0100101100011 ;
1=
1>
#24055
0&
0=
0>
#24060
b00000000000000000000100101100110 "
b00000000000000000000100101100110 $
1&
b0100101100011 8
b0100101100100 ;
1=
1>
#24065
0&
0=
0>
#24070
b00000000000000000000100101100111 "
b00000000000000000000100101100111 $
1&
b0100101100100 8
b0100101100101 ;
1=
1>
#24075
0&
0=
0>
#24080
b00000000000000000000100101101000 "
b00000000000000000000100101101000 $
1&
b0100101100101 8
b0100101100110 ;
1=
1>
#24085
0&
0=
0>
#24090
b00000000000000000000100101101001 "
b00000000000000000000100101101001 $
1&
b0100101100110 8
b0100101100111 ;
1=
1>
#24095
0&
0=
0>
#24100
b00000000000000000000100101101010 "
b00000000000000000000100101101010 $
1&
b0100101100111 8
b0100101101000 ;
1=
1>
#24105
0&
0=
0>
#24110
b00000000000000000000100101101011 "
b00000000000000000000100101101011 $
1&
b0100101101000 8
b0100101101001 ;
1=
1>
#24115
0&
0=
0>
#24120
b00000000000000000000100101101100 "
b00000000000000000000100101101100 $
1&
b0100101101001 8
b0100101101010 ;
1=
1>
#24125
0&
0=
0>
#24130
b00000000000000000000100101101101 "
b00000000000000000000100101101101 $
1&
b0100101101010 8
b0100101101011 ;
1=
1>
#24135
0&
0=
0>
#24140
b00000000000000000000100101101110 "
b00000000000000000000100101101110 $
1&
b0100101101011 8
b0100101101100 ;
1=
1>
#24145
0&
0=
0>
#24150
b00000000000000000000100101101111 "
b00000000000000000000100101101111 $
1&
b0100101101100 8
b0100101101101 ;
1=
1>
#24155
0&
0=
0>
#24160
b00000000000000000000100101110000 "
b00000000000000000000100101110000 $
1&
b0100101101101 8
b0100101101110 ;
1=
1>
#24165
0&
0=
0>
#24170
b00000000000000000000100101110001 "
b00000000000000000000100101110001 $
1&
b0100101101110 8
b0100101101111 ;
1=
1>
#24175
0&
0=
0>
#24180
b00000000000000000000100101110010 "
b00000000000000000000100101110010 $
1&
b0100101101111 8
b0100101110000 ;
1=
1>
#24185
0&
0=
0>
#24190
b00000000000000000000100101110011 "
b00000000000000000000100101110011 $
1&
b0100101110000 8
b0100101110001 ;
1=
1>
#24195
0&
0=
0>
#24200
b00000000000000000000100101110100 "
b00000000000000000000100101110100 $
1&
b0100101110001 8
b0100101110010 ;
1=
1>
#24205
0&
0=
0>
#24210
b00000000000000000000100101110101 "
b00000000000000000000100101110101 $
1&
b0100101110010 8
b0100101110011 ;
1=
1>
#24215
0&
0=
0>
#24220
b00000000000000000000100101110110 "
b00000000000000000000100101110110 $
1&
b0100101110011 8
b0100101110100 ;
1=
1>
#24225
0&
0=
0>
#24230
b00000000000000000000100101110111 "
b00000000000000000000100101110111 $
1&
b0100101110100 8
b0100101110101 ;
1=
1>
#24235
0&
0=
0>
#24240
b00000000000000000000100101111000 "
b00000000000000000000100101111000 $
1&
b0100101110101 8
b0100101110110 ;
1=
1>
#24245
0&
0=
0>
#24250
b00000000000000000000100101111001 "
b00000000000000000000100101111001 $
1&
b0100101110110 8
b0100101110111 ;
1=
1>
#24255
0&
0=
0>
#24260
b00000000000000000000100101111010 "
b00000000000000000000100101111010 $
1&
b0100101110111 8
b0100101111000 ;
1=
1>
#24265
0&
0=
0>
#24270
b00000000000000000000100101111011 "
b00000000000000000000100101111011 $
1&
b0100101111000 8
b0100101111001 ;
1=
1>
#24275
0&
0=
0>
#24280
b00000000000000000000100101111100 "
b00000000000000000000100101111100 $
1&
b0100101111001 8
b0100101111010 ;
1=
1>
#24285
0&
0=
0>
#24290
b00000000000000000000100101111101 "
b00000000000000000000100101111101 $
1&
b0100101111010 8
b0100101111011 ;
1=
1>
#24295
0&
0=
0>
#24300
b00000000000000000000100101111110 "
b00000000000000000000100101111110 $
1&
b0100101111011 8
b0100101111100 ;
1=
1>
#24305
0&
0=
0>
#24310
b00000000000000000000100101111111 "
b00000000000000000000100101111111 $
1&
b0100101111100 8
b0100101111101 ;
1=
1>
#24315
0&
0=
0>
#24320
b00000000000000000000100110000000 "
b00000000000000000000100110000000 $
1&
b0100101111101 8
b0100101111110 ;
1=
1>
#24325
0&
0=
0>
#24330
b00000000000000000000100110000001 "
b00000000000000000000100110000001 $
1&
b0100101111110 8
b0100101111111 ;
1=
1>
#24335
0&
0=
0>
#24340
b00000000000000000000100110000010 "
b00000000000000000000100110000010 $
1&
b0100101111111 8
b0100110000000 ;
1=
1>
#24345
0&
0=
0>
#24350
b00000000000000000000100110000011 "
b00000000000000000000100110000011 $
1&
b0100110000000 8
b0100110000001 ;
1=
1>
#24355
0&
0=
0>
#24360
b00000000000000000000100110000100 "
b00000000000000000000100110000100 $
1&
b0100110000001 8
b0100110000010 ;
1=
1>
#24365
0&
0=
0>
#24370
b00000000000000000000100110000101 "
b00000000000000000000100110000101 $
1&
b0100110000010 8
b0100110000011 ;
1=
1>
#24375
0&
0=
0>
#24380
b00000000000000000000100110000110 "
b00000000000000000000100110000110 $
1&
b0100110000011 8
b0100110000100 ;
1=
1>
#24385
0&
0=
0>
#24390
b00000000000000000000100110000111 "
b00000000000000000000100110000111 $
1&
b0100110000100 8
b0100110000101 ;
1=
1>
#24395
0&
0=
0>
#24400
b00000000000000000000100110001000 "
b00000000000000000000100110001000 $
1&
b0100110000101 8
b0100110000110 ;
1=
1>
#24405
0&
0=
0>
#24410
b00000000000000000000100110001001 "
b00000000000000000000100110001001 $
1&
b0100110000110 8
b0100110000111 ;
1=
1>
#24415
0&
0=
0>
#24420
b00000000000000000000100110001010 "
b00000000000000000000100110001010 $
1&
b0100110000111 8
b0100110001000 ;
1=
1>
#24425
0&
0=
0>
#24430
b00000000000000000000100110001011 "
b00000000000000000000100110001011 $
1&
b0100110001000 8
b0100110001001 ;
1=
1>
#24435
0&
0=
0>
#24440
b00000000000000000000100110001100 "
b00000000000000000000100110001100 $
1&
b0100110001001 8
b0100110001010 ;
1=
1>
#24445
0&
0=
0>
#24450
b00000000000000000000100110001101 "
b00000000000000000000100110001101 $
1&
b0100110001010 8
b0100110001011 ;
1=
1>
#24455
0&
0=
0>
#24460
b00000000000000000000100110001110 "
b00000000000000000000100110001110 $
1&
b0100110001011 8
b0100110001100 ;
1=
1>
#24465
0&
0=
0>
#24470
b00000000000000000000100110001111 "
b00000000000000000000100110001111 $
1&
b0100110001100 8
b0100110001101 ;
1=
1>
#24475
0&
0=
0>
#24480
b00000000000000000000100110010000 "
b00000000000000000000100110010000 $
1&
b0100110001101 8
b0100110001110 ;
1=
1>
#24485
0&
0=
0>
#24490
b00000000000000000000100110010001 "
b00000000000000000000100110010001 $
1&
b0100110001110 8
b0100110001111 ;
1=
1>
#24495
0&
0=
0>
#24500
b00000000000000000000100110010010 "
b00000000000000000000100110010010 $
1&
b0100110001111 8
b0100110010000 ;
1=
1>
#24505
0&
0=
0>
#24510
b00000000000000000000100110010011 "
b00000000000000000000100110010011 $
1&
b0100110010000 8
b0100110010001 ;
1=
1>
#24515
0&
0=
0>
#24520
b00000000000000000000100110010100 "
b00000000000000000000100110010100 $
1&
b0100110010001 8
b0100110010010 ;
1=
1>
#24525
0&
0=
0>
#24530
b00000000000000000000100110010101 "
b00000000000000000000100110010101 $
1&
b0100110010010 8
b0100110010011 ;
1=
1>
#24535
0&
0=
0>
#24540
b00000000000000000000100110010110 "
b00000000000000000000100110010110 $
1&
b0100110010011 8
b0100110010100 ;
1=
1>
#24545
0&
0=
0>
#24550
b00000000000000000000100110010111 "
b00000000000000000000100110010111 $
1&
b0100110010100 8
b0100110010101 ;
1=
1>
#24555
0&
0=
0>
#24560
b00000000000000000000100110011000 "
b00000000000000000000100110011000 $
1&
b0100110010101 8
b0100110010110 ;
1=
1>
#24565
0&
0=
0>
#24570
b00000000000000000000100110011001 "
b00000000000000000000100110011001 $
1&
b0100110010110 8
b0100110010111 ;
1=
1>
#24575
0&
0=
0>
#24580
b00000000000000000000100110011010 "
b00000000000000000000100110011010 $
1&
b0100110010111 8
b0100110011000 ;
1=
1>
#24585
0&
0=
0>
#24590
b00000000000000000000100110011011 "
b00000000000000000000100110011011 $
1&
b0100110011000 8
b0100110011001 ;
1=
1>
#24595
0&
0=
0>
#24600
b00000000000000000000100110011100 "
b00000000000000000000100110011100 $
1&
b0100110011001 8
b0100110011010 ;
1=
1>
#24605
0&
0=
0>
#24610
b00000000000000000000100110011101 "
b00000000000000000000100110011101 $
1&
b0100110011010 8
b0100110011011 ;
1=
1>
#24615
0&
0=
0>
#24620
b00000000000000000000100110011110 "
b00000000000000000000100110011110 $
1&
b0100110011011 8
b0100110011100 ;
1=
1>
#24625
0&
0=
0>
#24630
b00000000000000000000100110011111 "
b00000000000000000000100110011111 $
1&
b0100110011100 8
b0100110011101 ;
1=
1>
#24635
0&
0=
0>
#24640
b00000000000000000000100110100000 "
b00000000000000000000100110100000 $
1&
b0100110011101 8
b0100110011110 ;
1=
1>
#24645
0&
0=
0>
#24650
b00000000000000000000100110100001 "
b00000000000000000000100110100001 $
1&
b0100110011110 8
b0100110011111 ;
1=
1>
#24655
0&
0=
0>
#24660
b00000000000000000000100110100010 "
b00000000000000000000100110100010 $
1&
b0100110011111 8
b0100110100000 ;
1=
1>
#24665
0&
0=
0>
#24670
b00000000000000000000100110100011 "
b00000000000000000000100110100011 $
1&
b0100110100000 8
b0100110100001 ;
1=
1>
#24675
0&
0=
0>
#24680
b00000000000000000000100110100100 "
b00000000000000000000100110100100 $
1&
b0100110100001 8
b0100110100010 ;
1=
1>
#24685
0&
0=
0>
#24690
b00000000000000000000100110100101 "
b00000000000000000000100110100101 $
1&
b0100110100010 8
b0100110100011 ;
1=
1>
#24695
0&
0=
0>
#24700
b00000000000000000000100110100110 "
b00000000000000000000100110100110 $
1&
b0100110100011 8
b0100110100100 ;
1=
1>
#24705
0&
0=
0>
#24710
b00000000000000000000100110100111 "
b00000000000000000000100110100111 $
1&
b0100110100100 8
b0100110100101 ;
1=
1>
#24715
0&
0=
0>
#24720
b00000000000000000000100110101000 "
b00000000000000000000100110101000 $
1&
b0100110100101 8
b0100110100110 ;
1=
1>
#24725
0&
0=
0>
#24730
b00000000000000000000100110101001 "
b00000000000000000000100110101001 $
1&
b0100110100110 8
b0100110100111 ;
1=
1>
#24735
0&
0=
0>
#24740
b00000000000000000000100110101010 "
b00000000000000000000100110101010 $
1&
b0100110100111 8
b0100110101000 ;
1=
1>
#24745
0&
0=
0>
#24750
b00000000000000000000100110101011 "
b00000000000000000000100110101011 $
1&
b0100110101000 8
b0100110101001 ;
1=
1>
#24755
0&
0=
0>
#24760
b00000000000000000000100110101100 "
b00000000000000000000100110101100 $
1&
b0100110101001 8
b0100110101010 ;
1=
1>
#24765
0&
0=
0>
#24770
b00000000000000000000100110101101 "
b00000000000000000000100110101101 $
1&
b0100110101010 8
b0100110101011 ;
1=
1>
#24775
0&
0=
0>
#24780
b00000000000000000000100110101110 "
b00000000000000000000100110101110 $
1&
b0100110101011 8
b0100110101100 ;
1=
1>
#24785
0&
0=
0>
#24790
b00000000000000000000100110101111 "
b00000000000000000000100110101111 $
1&
b0100110101100 8
b0100110101101 ;
1=
1>
#24795
0&
0=
0>
#24800
b00000000000000000000100110110000 "
b00000000000000000000100110110000 $
1&
b0100110101101 8
b0100110101110 ;
1=
1>
#24805
0&
0=
0>
#24810
b00000000000000000000100110110001 "
b00000000000000000000100110110001 $
1&
b0100110101110 8
b0100110101111 ;
1=
1>
#24815
0&
0=
0>
#24820
b00000000000000000000100110110010 "
b00000000000000000000100110110010 $
1&
b0100110101111 8
b0100110110000 ;
1=
1>
#24825
0&
0=
0>
#24830
b00000000000000000000100110110011 "
b00000000000000000000100110110011 $
1&
b0100110110000 8
b0100110110001 ;
1=
1>
#24835
0&
0=
0>
#24840
b00000000000000000000100110110100 "
b00000000000000000000100110110100 $
1&
b0100110110001 8
b0100110110010 ;
1=
1>
#24845
0&
0=
0>
#24850
b00000000000000000000100110110101 "
b00000000000000000000100110110101 $
1&
b0100110110010 8
b0100110110011 ;
1=
1>
#24855
0&
0=
0>
#24860
b00000000000000000000100110110110 "
b00000000000000000000100110110110 $
1&
b0100110110011 8
b0100110110100 ;
1=
1>
#24865
0&
0=
0>
#24870
b00000000000000000000100110110111 "
b00000000000000000000100110110111 $
1&
b0100110110100 8
b0100110110101 ;
1=
1>
#24875
0&
0=
0>
#24880
b00000000000000000000100110111000 "
b00000000000000000000100110111000 $
1&
b0100110110101 8
b0100110110110 ;
1=
1>
#24885
0&
0=
0>
#24890
b00000000000000000000100110111001 "
b00000000000000000000100110111001 $
1&
b0100110110110 8
b0100110110111 ;
1=
1>
#24895
0&
0=
0>
#24900
b00000000000000000000100110111010 "
b00000000000000000000100110111010 $
1&
b0100110110111 8
b0100110111000 ;
1=
1>
#24905
0&
0=
0>
#24910
b00000000000000000000100110111011 "
b00000000000000000000100110111011 $
1&
b0100110111000 8
b0100110111001 ;
1=
1>
#24915
0&
0=
0>
#24920
b00000000000000000000100110111100 "
b00000000000000000000100110111100 $
1&
b0100110111001 8
b0100110111010 ;
1=
1>
#24925
0&
0=
0>
#24930
b00000000000000000000100110111101 "
b00000000000000000000100110111101 $
1&
b0100110111010 8
b0100110111011 ;
1=
1>
#24935
0&
0=
0>
#24940
b00000000000000000000100110111110 "
b00000000000000000000100110111110 $
1&
b0100110111011 8
b0100110111100 ;
1=
1>
#24945
0&
0=
0>
#24950
b00000000000000000000100110111111 "
b00000000000000000000100110111111 $
1&
b0100110111100 8
b0100110111101 ;
1=
1>
#24955
0&
0=
0>
#24960
b00000000000000000000100111000000 "
b00000000000000000000100111000000 $
1&
b0100110111101 8
b0100110111110 ;
1=
1>
#24965
0&
0=
0>
#24970
b00000000000000000000100111000001 "
b00000000000000000000100111000001 $
1&
b0100110111110 8
b0100110111111 ;
1=
1>
#24975
0&
0=
0>
#24980
b00000000000000000000100111000010 "
b00000000000000000000100111000010 $
1&
b0100110111111 8
b0100111000000 ;
1=
1>
#24985
0&
0=
0>
#24990
b00000000000000000000100111000011 "
b00000000000000000000100111000011 $
1&
b0100111000000 8
b0100111000001 ;
1=
1>
#24995
0&
0=
0>
#25000
b00000000000000000000100111000100 "
b00000000000000000000100111000100 $
1&
b0100111000001 8
b0100111000010 ;
1=
1>
#25005
0&
0=
0>
#25010
b00000000000000000000100111000101 "
b00000000000000000000100111000101 $
1&
b0100111000010 8
b0100111000011 ;
1=
1>
#25015
0&
0=
0>
#25020
b00000000000000000000100111000110 "
b00000000000000000000100111000110 $
1&
b0100111000011 8
b0100111000100 ;
1=
1>
#25025
0&
0=
0>
#25030
b00000000000000000000100111000111 "
b00000000000000000000100111000111 $
1&
b0100111000100 8
b0100111000101 ;
1=
1>
#25035
0&
0=
0>
#25040
b00000000000000000000100111001000 "
b00000000000000000000100111001000 $
1&
b0100111000101 8
b0100111000110 ;
1=
1>
#25045
0&
0=
0>
#25050
b00000000000000000000100111001001 "
b00000000000000000000100111001001 $
1&
b0100111000110 8
b0100111000111 ;
1=
1>
#25055
0&
0=
0>
#25060
b00000000000000000000100111001010 "
b00000000000000000000100111001010 $
1&
b0100111000111 8
b0100111001000 ;
1=
1>
#25065
0&
0=
0>
#25070
b00000000000000000000100111001011 "
b00000000000000000000100111001011 $
1&
b0100111001000 8
b0100111001001 ;
1=
1>
#25075
0&
0=
0>
#25080
b00000000000000000000100111001100 "
b00000000000000000000100111001100 $
1&
b0100111001001 8
b0100111001010 ;
1=
1>
#25085
0&
0=
0>
#25090
b00000000000000000000100111001101 "
b00000000000000000000100111001101 $
1&
b0100111001010 8
b0100111001011 ;
1=
1>
#25095
0&
0=
0>
#25100
b00000000000000000000100111001110 "
b00000000000000000000100111001110 $
1&
b0100111001011 8
b0100111001100 ;
1=
1>
#25105
0&
0=
0>
#25110
b00000000000000000000100111001111 "
b00000000000000000000100111001111 $
1&
b0100111001100 8
b0100111001101 ;
1=
1>
#25115
0&
0=
0>
#25120
b00000000000000000000100111010000 "
b00000000000000000000100111010000 $
1&
b0100111001101 8
b0100111001110 ;
1=
1>
#25125
0&
0=
0>
#25130
b00000000000000000000100111010001 "
b00000000000000000000100111010001 $
1&
b0100111001110 8
b0100111001111 ;
1=
1>
#25135
0&
0=
0>
#25140
b00000000000000000000100111010010 "
b00000000000000000000100111010010 $
1&
b0100111001111 8
b0100111010000 ;
1=
1>
#25145
0&
0=
0>
#25150
b00000000000000000000100111010011 "
b00000000000000000000100111010011 $
1&
b0100111010000 8
b0100111010001 ;
1=
1>
#25155
0&
0=
0>
#25160
b00000000000000000000100111010100 "
b00000000000000000000100111010100 $
1&
b0100111010001 8
b0100111010010 ;
1=
1>
#25165
0&
0=
0>
#25170
b00000000000000000000100111010101 "
b00000000000000000000100111010101 $
1&
b0100111010010 8
b0100111010011 ;
1=
1>
#25175
0&
0=
0>
#25180
b00000000000000000000100111010110 "
b00000000000000000000100111010110 $
1&
b0100111010011 8
b0100111010100 ;
1=
1>
#25185
0&
0=
0>
#25190
b00000000000000000000100111010111 "
b00000000000000000000100111010111 $
1&
b0100111010100 8
b0100111010101 ;
1=
1>
#25195
0&
0=
0>
#25200
b00000000000000000000100111011000 "
b00000000000000000000100111011000 $
1&
b0100111010101 8
b0100111010110 ;
1=
1>
#25205
0&
0=
0>
#25210
b00000000000000000000100111011001 "
b00000000000000000000100111011001 $
1&
b0100111010110 8
b0100111010111 ;
1=
1>
#25215
0&
0=
0>
#25220
b00000000000000000000100111011010 "
b00000000000000000000100111011010 $
1&
b0100111010111 8
b0100111011000 ;
1=
1>
#25225
0&
0=
0>
#25230
b00000000000000000000100111011011 "
b00000000000000000000100111011011 $
1&
b0100111011000 8
b0100111011001 ;
1=
1>
#25235
0&
0=
0>
#25240
b00000000000000000000100111011100 "
b00000000000000000000100111011100 $
1&
b0100111011001 8
b0100111011010 ;
1=
1>
#25245
0&
0=
0>
#25250
b00000000000000000000100111011101 "
b00000000000000000000100111011101 $
1&
b0100111011010 8
b0100111011011 ;
1=
1>
#25255
0&
0=
0>
#25260
b00000000000000000000100111011110 "
b00000000000000000000100111011110 $
1&
b0100111011011 8
b0100111011100 ;
1=
1>
#25265
0&
0=
0>
#25270
b00000000000000000000100111011111 "
b00000000000000000000100111011111 $
1&
b0100111011100 8
b0100111011101 ;
1=
1>
#25275
0&
0=
0>
#25280
b00000000000000000000100111100000 "
b00000000000000000000100111100000 $
1&
b0100111011101 8
b0100111011110 ;
1=
1>
#25285
0&
0=
0>
#25290
b00000000000000000000100111100001 "
b00000000000000000000100111100001 $
1&
b0100111011110 8
b0100111011111 ;
1=
1>
#25295
0&
0=
0>
#25300
b00000000000000000000100111100010 "
b00000000000000000000100111100010 $
1&
b0100111011111 8
b0100111100000 ;
1=
1>
#25305
0&
0=
0>
#25310
b00000000000000000000100111100011 "
b00000000000000000000100111100011 $
1&
b0100111100000 8
b0100111100001 ;
1=
1>
#25315
0&
0=
0>
#25320
b00000000000000000000100111100100 "
b00000000000000000000100111100100 $
1&
b0100111100001 8
b0100111100010 ;
1=
1>
#25325
0&
0=
0>
#25330
b00000000000000000000100111100101 "
b00000000000000000000100111100101 $
1&
b0100111100010 8
b0100111100011 ;
1=
1>
#25335
0&
0=
0>
#25340
b00000000000000000000100111100110 "
b00000000000000000000100111100110 $
1&
b0100111100011 8
b0100111100100 ;
1=
1>
#25345
0&
0=
0>
#25350
b00000000000000000000100111100111 "
b00000000000000000000100111100111 $
1&
b0100111100100 8
b0100111100101 ;
1=
1>
#25355
0&
0=
0>
#25360
b00000000000000000000100111101000 "
b00000000000000000000100111101000 $
1&
b0100111100101 8
b0100111100110 ;
1=
1>
#25365
0&
0=
0>
#25370
b00000000000000000000100111101001 "
b00000000000000000000100111101001 $
1&
b0100111100110 8
b0100111100111 ;
1=
1>
#25375
0&
0=
0>
#25380
b00000000000000000000100111101010 "
b00000000000000000000100111101010 $
1&
b0100111100111 8
b0100111101000 ;
1=
1>
#25385
0&
0=
0>
#25390
b00000000000000000000100111101011 "
b00000000000000000000100111101011 $
1&
b0100111101000 8
b0100111101001 ;
1=
1>
#25395
0&
0=
0>
#25400
b00000000000000000000100111101100 "
b00000000000000000000100111101100 $
1&
b0100111101001 8
b0100111101010 ;
1=
1>
#25405
0&
0=
0>
#25410
b00000000000000000000100111101101 "
b00000000000000000000100111101101 $
1&
b0100111101010 8
b0100111101011 ;
1=
1>
#25415
0&
0=
0>
#25420
b00000000000000000000100111101110 "
b00000000000000000000100111101110 $
1&
b0100111101011 8
b0100111101100 ;
1=
1>
#25425
0&
0=
0>
#25430
b00000000000000000000100111101111 "
b00000000000000000000100111101111 $
1&
b0100111101100 8
b0100111101101 ;
1=
1>
#25435
0&
0=
0>
#25440
b00000000000000000000100111110000 "
b00000000000000000000100111110000 $
1&
b0100111101101 8
b0100111101110 ;
1=
1>
#25445
0&
0=
0>
#25450
b00000000000000000000100111110001 "
b00000000000000000000100111110001 $
1&
b0100111101110 8
b0100111101111 ;
1=
1>
#25455
0&
0=
0>
#25460
b00000000000000000000100111110010 "
b00000000000000000000100111110010 $
1&
b0100111101111 8
b0100111110000 ;
1=
1>
#25465
0&
0=
0>
#25470
b00000000000000000000100111110011 "
b00000000000000000000100111110011 $
1&
b0100111110000 8
b0100111110001 ;
1=
1>
#25475
0&
0=
0>
#25480
b00000000000000000000100111110100 "
b00000000000000000000100111110100 $
1&
b0100111110001 8
b0100111110010 ;
1=
1>
#25485
0&
0=
0>
#25490
b00000000000000000000100111110101 "
b00000000000000000000100111110101 $
1&
b0100111110010 8
b0100111110011 ;
1=
1>
#25495
0&
0=
0>
#25500
b00000000000000000000100111110110 "
b00000000000000000000100111110110 $
1&
b0100111110011 8
b0100111110100 ;
1=
1>
#25505
0&
0=
0>
#25510
b00000000000000000000100111110111 "
b00000000000000000000100111110111 $
1&
b0100111110100 8
b0100111110101 ;
1=
1>
#25515
0&
0=
0>
#25520
b00000000000000000000100111111000 "
b00000000000000000000100111111000 $
1&
b0100111110101 8
b0100111110110 ;
1=
1>
#25525
0&
0=
0>
#25530
b00000000000000000000100111111001 "
b00000000000000000000100111111001 $
1&
b0100111110110 8
b0100111110111 ;
1=
1>
#25535
0&
0=
0>
#25540
b00000000000000000000100111111010 "
b00000000000000000000100111111010 $
1&
b0100111110111 8
b0100111111000 ;
1=
1>
#25545
0&
0=
0>
#25550
b00000000000000000000100111111011 "
b00000000000000000000100111111011 $
1&
b0100111111000 8
b0100111111001 ;
1=
1>
#25555
0&
0=
0>
#25560
b00000000000000000000100111111100 "
b00000000000000000000100111111100 $
1&
b0100111111001 8
b0100111111010 ;
1=
1>
#25565
0&
0=
0>
#25570
b00000000000000000000100111111101 "
b00000000000000000000100111111101 $
1&
b0100111111010 8
b0100111111011 ;
1=
1>
#25575
0&
0=
0>
#25580
b00000000000000000000100111111110 "
b00000000000000000000100111111110 $
1&
b0100111111011 8
b0100111111100 ;
1=
1>
#25585
0&
0=
0>
#25590
b00000000000000000000100111111111 "
b00000000000000000000100111111111 $
1&
b0100111111100 8
b0100111111101 ;
1=
1>
#25595
0&
0=
0>
#25600
b00000000000000000000101000000000 "
b00000000000000000000101000000000 $
1&
b0100111111101 8
b0100111111110 ;
1=
1>
#25605
0&
0=
0>
#25610
b00000000000000000000101000000001 "
b00000000000000000000101000000001 $
1&
b0100111111110 8
b0100111111111 ;
1=
1>
#25615
0&
0=
0>
#25620
b00000000000000000000101000000010 "
b00000000000000000000101000000010 $
1&
b0100111111111 8
b0101000000000 ;
1=
1>
#25625
0&
0=
0>
#25630
b00000000000000000000101000000011 "
b00000000000000000000101000000011 $
1&
b0101000000000 8
b0101000000001 ;
1=
1>
#25635
0&
0=
0>
#25640
b00000000000000000000101000000100 "
b00000000000000000000101000000100 $
1&
b0101000000001 8
b0101000000010 ;
1=
1>
#25645
0&
0=
0>
#25650
b00000000000000000000101000000101 "
b00000000000000000000101000000101 $
1&
b0101000000010 8
b0101000000011 ;
1=
1>
#25655
0&
0=
0>
#25660
b00000000000000000000101000000110 "
b00000000000000000000101000000110 $
1&
b0101000000011 8
b0101000000100 ;
1=
1>
#25665
0&
0=
0>
#25670
b00000000000000000000101000000111 "
b00000000000000000000101000000111 $
1&
b0101000000100 8
b0101000000101 ;
1=
1>
#25675
0&
0=
0>
#25680
b00000000000000000000101000001000 "
b00000000000000000000101000001000 $
1&
b0101000000101 8
b0101000000110 ;
1=
1>
#25685
0&
0=
0>
#25690
b00000000000000000000101000001001 "
b00000000000000000000101000001001 $
1&
b0101000000110 8
b0101000000111 ;
1=
1>
#25695
0&
0=
0>
#25700
b00000000000000000000101000001010 "
b00000000000000000000101000001010 $
1&
b0101000000111 8
b0101000001000 ;
1=
1>
#25705
0&
0=
0>
#25710
b00000000000000000000101000001011 "
b00000000000000000000101000001011 $
1&
b0101000001000 8
b0101000001001 ;
1=
1>
#25715
0&
0=
0>
#25720
b00000000000000000000101000001100 "
b00000000000000000000101000001100 $
1&
b0101000001001 8
b0101000001010 ;
1=
1>
#25725
0&
0=
0>
#25730
b00000000000000000000101000001101 "
b00000000000000000000101000001101 $
1&
b0101000001010 8
b0101000001011 ;
1=
1>
#25735
0&
0=
0>
#25740
b00000000000000000000101000001110 "
b00000000000000000000101000001110 $
1&
b0101000001011 8
b0101000001100 ;
1=
1>
#25745
0&
0=
0>
#25750
b00000000000000000000101000001111 "
b00000000000000000000101000001111 $
1&
b0101000001100 8
b0101000001101 ;
1=
1>
#25755
0&
0=
0>
#25760
b00000000000000000000101000010000 "
b00000000000000000000101000010000 $
1&
b0101000001101 8
b0101000001110 ;
1=
1>
#25765
0&
0=
0>
#25770
b00000000000000000000101000010001 "
b00000000000000000000101000010001 $
1&
b0101000001110 8
b0101000001111 ;
1=
1>
#25775
0&
0=
0>
#25780
b00000000000000000000101000010010 "
b00000000000000000000101000010010 $
1&
b0101000001111 8
b0101000010000 ;
1=
1>
#25785
0&
0=
0>
#25790
b00000000000000000000101000010011 "
b00000000000000000000101000010011 $
1&
b0101000010000 8
b0101000010001 ;
1=
1>
#25795
0&
0=
0>
#25800
b00000000000000000000101000010100 "
b00000000000000000000101000010100 $
1&
b0101000010001 8
b0101000010010 ;
1=
1>
#25805
0&
0=
0>
#25810
b00000000000000000000101000010101 "
b00000000000000000000101000010101 $
1&
b0101000010010 8
b0101000010011 ;
1=
1>
#25815
0&
0=
0>
#25820
b00000000000000000000101000010110 "
b00000000000000000000101000010110 $
1&
b0101000010011 8
b0101000010100 ;
1=
1>
#25825
0&
0=
0>
#25830
b00000000000000000000101000010111 "
b00000000000000000000101000010111 $
1&
b0101000010100 8
b0101000010101 ;
1=
1>
#25835
0&
0=
0>
#25840
b00000000000000000000101000011000 "
b00000000000000000000101000011000 $
1&
b0101000010101 8
b0101000010110 ;
1=
1>
#25845
0&
0=
0>
#25850
b00000000000000000000101000011001 "
b00000000000000000000101000011001 $
1&
b0101000010110 8
b0101000010111 ;
1=
1>
#25855
0&
0=
0>
#25860
b00000000000000000000101000011010 "
b00000000000000000000101000011010 $
1&
b0101000010111 8
b0101000011000 ;
1=
1>
#25865
0&
0=
0>
#25870
b00000000000000000000101000011011 "
b00000000000000000000101000011011 $
1&
b0101000011000 8
b0101000011001 ;
1=
1>
#25875
0&
0=
0>
#25880
b00000000000000000000101000011100 "
b00000000000000000000101000011100 $
1&
b0101000011001 8
b0101000011010 ;
1=
1>
#25885
0&
0=
0>
#25890
b00000000000000000000101000011101 "
b00000000000000000000101000011101 $
1&
b0101000011010 8
b0101000011011 ;
1=
1>
#25895
0&
0=
0>
#25900
b00000000000000000000101000011110 "
b00000000000000000000101000011110 $
1&
b0101000011011 8
b0101000011100 ;
1=
1>
#25905
0&
0=
0>
#25910
b00000000000000000000101000011111 "
b00000000000000000000101000011111 $
1&
b0101000011100 8
b0101000011101 ;
1=
1>
#25915
0&
0=
0>
#25920
b00000000000000000000101000100000 "
b00000000000000000000101000100000 $
1&
b0101000011101 8
b0101000011110 ;
1=
1>
#25925
0&
0=
0>
#25930
b00000000000000000000101000100001 "
b00000000000000000000101000100001 $
1&
b0101000011110 8
b0101000011111 ;
1=
1>
#25935
0&
0=
0>
#25940
b00000000000000000000101000100010 "
b00000000000000000000101000100010 $
1&
b0101000011111 8
b0101000100000 ;
1=
1>
#25945
0&
0=
0>
#25950
b00000000000000000000101000100011 "
b00000000000000000000101000100011 $
1&
b0101000100000 8
b0101000100001 ;
1=
1>
#25955
0&
0=
0>
#25960
b00000000000000000000101000100100 "
b00000000000000000000101000100100 $
1&
b0101000100001 8
b0101000100010 ;
1=
1>
#25965
0&
0=
0>
#25970
b00000000000000000000101000100101 "
b00000000000000000000101000100101 $
1&
b0101000100010 8
b0101000100011 ;
1=
1>
#25975
0&
0=
0>
#25980
b00000000000000000000101000100110 "
b00000000000000000000101000100110 $
1&
b0101000100011 8
b0101000100100 ;
1=
1>
#25985
0&
0=
0>
#25990
b00000000000000000000101000100111 "
b00000000000000000000101000100111 $
1&
b0101000100100 8
b0101000100101 ;
1=
1>
#25995
0&
0=
0>
#26000
b00000000000000000000101000101000 "
b00000000000000000000101000101000 $
1&
b0101000100101 8
b0101000100110 ;
1=
1>
#26005
0&
0=
0>
#26010
b00000000000000000000101000101001 "
b00000000000000000000101000101001 $
1&
b0101000100110 8
b0101000100111 ;
1=
1>
#26015
0&
0=
0>
#26020
b00000000000000000000101000101010 "
b00000000000000000000101000101010 $
1&
b0101000100111 8
b0101000101000 ;
1=
1>
#26025
0&
0=
0>
#26030
b00000000000000000000101000101011 "
b00000000000000000000101000101011 $
1&
b0101000101000 8
b0101000101001 ;
1=
1>
#26035
0&
0=
0>
#26040
b00000000000000000000101000101100 "
b00000000000000000000101000101100 $
1&
b0101000101001 8
b0101000101010 ;
1=
1>
#26045
0&
0=
0>
#26050
b00000000000000000000101000101101 "
b00000000000000000000101000101101 $
1&
b0101000101010 8
b0101000101011 ;
1=
1>
#26055
0&
0=
0>
#26060
b00000000000000000000101000101110 "
b00000000000000000000101000101110 $
1&
b0101000101011 8
b0101000101100 ;
1=
1>
#26065
0&
0=
0>
#26070
b00000000000000000000101000101111 "
b00000000000000000000101000101111 $
1&
b0101000101100 8
b0101000101101 ;
1=
1>
#26075
0&
0=
0>
#26080
b00000000000000000000101000110000 "
b00000000000000000000101000110000 $
1&
b0101000101101 8
b0101000101110 ;
1=
1>
#26085
0&
0=
0>
#26090
b00000000000000000000101000110001 "
b00000000000000000000101000110001 $
1&
b0101000101110 8
b0101000101111 ;
1=
1>
#26095
0&
0=
0>
#26100
b00000000000000000000101000110010 "
b00000000000000000000101000110010 $
1&
b0101000101111 8
b0101000110000 ;
1=
1>
#26105
0&
0=
0>
#26110
b00000000000000000000101000110011 "
b00000000000000000000101000110011 $
1&
b0101000110000 8
b0101000110001 ;
1=
1>
#26115
0&
0=
0>
#26120
b00000000000000000000101000110100 "
b00000000000000000000101000110100 $
1&
b0101000110001 8
b0101000110010 ;
1=
1>
#26125
0&
0=
0>
#26130
b00000000000000000000101000110101 "
b00000000000000000000101000110101 $
1&
b0101000110010 8
b0101000110011 ;
1=
1>
#26135
0&
0=
0>
#26140
b00000000000000000000101000110110 "
b00000000000000000000101000110110 $
1&
b0101000110011 8
b0101000110100 ;
1=
1>
#26145
0&
0=
0>
#26150
b00000000000000000000101000110111 "
b00000000000000000000101000110111 $
1&
b0101000110100 8
b0101000110101 ;
1=
1>
#26155
0&
0=
0>
#26160
b00000000000000000000101000111000 "
b00000000000000000000101000111000 $
1&
b0101000110101 8
b0101000110110 ;
1=
1>
#26165
0&
0=
0>
#26170
b00000000000000000000101000111001 "
b00000000000000000000101000111001 $
1&
b0101000110110 8
b0101000110111 ;
1=
1>
#26175
0&
0=
0>
#26180
b00000000000000000000101000111010 "
b00000000000000000000101000111010 $
1&
b0101000110111 8
b0101000111000 ;
1=
1>
#26185
0&
0=
0>
#26190
b00000000000000000000101000111011 "
b00000000000000000000101000111011 $
1&
b0101000111000 8
b0101000111001 ;
1=
1>
#26195
0&
0=
0>
#26200
b00000000000000000000101000111100 "
b00000000000000000000101000111100 $
1&
b0101000111001 8
b0101000111010 ;
1=
1>
#26205
0&
0=
0>
#26210
b00000000000000000000101000111101 "
b00000000000000000000101000111101 $
1&
b0101000111010 8
b0101000111011 ;
1=
1>
#26215
0&
0=
0>
#26220
b00000000000000000000101000111110 "
b00000000000000000000101000111110 $
1&
b0101000111011 8
b0101000111100 ;
1=
1>
#26225
0&
0=
0>
#26230
b00000000000000000000101000111111 "
b00000000000000000000101000111111 $
1&
b0101000111100 8
b0101000111101 ;
1=
1>
#26235
0&
0=
0>
#26240
b00000000000000000000101001000000 "
b00000000000000000000101001000000 $
1&
b0101000111101 8
b0101000111110 ;
1=
1>
#26245
0&
0=
0>
#26250
b00000000000000000000101001000001 "
b00000000000000000000101001000001 $
1&
b0101000111110 8
b0101000111111 ;
1=
1>
#26255
0&
0=
0>
#26260
b00000000000000000000101001000010 "
b00000000000000000000101001000010 $
1&
b0101000111111 8
b0101001000000 ;
1=
1>
#26265
0&
0=
0>
#26270
b00000000000000000000101001000011 "
b00000000000000000000101001000011 $
1&
b0101001000000 8
b0101001000001 ;
1=
1>
#26275
0&
0=
0>
#26280
b00000000000000000000101001000100 "
b00000000000000000000101001000100 $
1&
b0101001000001 8
b0101001000010 ;
1=
1>
#26285
0&
0=
0>
#26290
b00000000000000000000101001000101 "
b00000000000000000000101001000101 $
1&
b0101001000010 8
b0101001000011 ;
1=
1>
#26295
0&
0=
0>
#26300
b00000000000000000000101001000110 "
b00000000000000000000101001000110 $
1&
b0101001000011 8
b0101001000100 ;
1=
1>
#26305
0&
0=
0>
#26310
b00000000000000000000101001000111 "
b00000000000000000000101001000111 $
1&
b0101001000100 8
b0101001000101 ;
1=
1>
#26315
0&
0=
0>
#26320
b00000000000000000000101001001000 "
b00000000000000000000101001001000 $
1&
b0101001000101 8
b0101001000110 ;
1=
1>
#26325
0&
0=
0>
#26330
b00000000000000000000101001001001 "
b00000000000000000000101001001001 $
1&
b0101001000110 8
b0101001000111 ;
1=
1>
#26335
0&
0=
0>
#26340
b00000000000000000000101001001010 "
b00000000000000000000101001001010 $
1&
b0101001000111 8
b0101001001000 ;
1=
1>
#26345
0&
0=
0>
#26350
b00000000000000000000101001001011 "
b00000000000000000000101001001011 $
1&
b0101001001000 8
b0101001001001 ;
1=
1>
#26355
0&
0=
0>
#26360
b00000000000000000000101001001100 "
b00000000000000000000101001001100 $
1&
b0101001001001 8
b0101001001010 ;
1=
1>
#26365
0&
0=
0>
#26370
b00000000000000000000101001001101 "
b00000000000000000000101001001101 $
1&
b0101001001010 8
b0101001001011 ;
1=
1>
#26375
0&
0=
0>
#26380
b00000000000000000000101001001110 "
b00000000000000000000101001001110 $
1&
b0101001001011 8
b0101001001100 ;
1=
1>
#26385
0&
0=
0>
#26390
b00000000000000000000101001001111 "
b00000000000000000000101001001111 $
1&
b0101001001100 8
b0101001001101 ;
1=
1>
#26395
0&
0=
0>
#26400
b00000000000000000000101001010000 "
b00000000000000000000101001010000 $
1&
b0101001001101 8
b0101001001110 ;
1=
1>
#26405
0&
0=
0>
#26410
b00000000000000000000101001010001 "
b00000000000000000000101001010001 $
1&
b0101001001110 8
b0101001001111 ;
1=
1>
#26415
0&
0=
0>
#26420
b00000000000000000000101001010010 "
b00000000000000000000101001010010 $
1&
b0101001001111 8
b0101001010000 ;
1=
1>
#26425
0&
0=
0>
#26430
b00000000000000000000101001010011 "
b00000000000000000000101001010011 $
1&
b0101001010000 8
b0101001010001 ;
1=
1>
#26435
0&
0=
0>
#26440
b00000000000000000000101001010100 "
b00000000000000000000101001010100 $
1&
b0101001010001 8
b0101001010010 ;
1=
1>
#26445
0&
0=
0>
#26450
b00000000000000000000101001010101 "
b00000000000000000000101001010101 $
1&
b0101001010010 8
b0101001010011 ;
1=
1>
#26455
0&
0=
0>
#26460
b00000000000000000000101001010110 "
b00000000000000000000101001010110 $
1&
b0101001010011 8
b0101001010100 ;
1=
1>
#26465
0&
0=
0>
#26470
b00000000000000000000101001010111 "
b00000000000000000000101001010111 $
1&
b0101001010100 8
b0101001010101 ;
1=
1>
#26475
0&
0=
0>
#26480
b00000000000000000000101001011000 "
b00000000000000000000101001011000 $
1&
b0101001010101 8
b0101001010110 ;
1=
1>
#26485
0&
0=
0>
#26490
b00000000000000000000101001011001 "
b00000000000000000000101001011001 $
1&
b0101001010110 8
b0101001010111 ;
1=
1>
#26495
0&
0=
0>
#26500
b00000000000000000000101001011010 "
b00000000000000000000101001011010 $
1&
b0101001010111 8
b0101001011000 ;
1=
1>
#26505
0&
0=
0>
#26510
b00000000000000000000101001011011 "
b00000000000000000000101001011011 $
1&
b0101001011000 8
b0101001011001 ;
1=
1>
#26515
0&
0=
0>
#26520
b00000000000000000000101001011100 "
b00000000000000000000101001011100 $
1&
b0101001011001 8
b0101001011010 ;
1=
1>
#26525
0&
0=
0>
#26530
b00000000000000000000101001011101 "
b00000000000000000000101001011101 $
1&
b0101001011010 8
b0101001011011 ;
1=
1>
#26535
0&
0=
0>
#26540
b00000000000000000000101001011110 "
b00000000000000000000101001011110 $
1&
b0101001011011 8
b0101001011100 ;
1=
1>
#26545
0&
0=
0>
#26550
b00000000000000000000101001011111 "
b00000000000000000000101001011111 $
1&
b0101001011100 8
b0101001011101 ;
1=
1>
#26555
0&
0=
0>
#26560
b00000000000000000000101001100000 "
b00000000000000000000101001100000 $
1&
b0101001011101 8
b0101001011110 ;
1=
1>
#26565
0&
0=
0>
#26570
b00000000000000000000101001100001 "
b00000000000000000000101001100001 $
1&
b0101001011110 8
b0101001011111 ;
1=
1>
#26575
0&
0=
0>
#26580
b00000000000000000000101001100010 "
b00000000000000000000101001100010 $
1&
b0101001011111 8
b0101001100000 ;
1=
1>
#26585
0&
0=
0>
#26590
b00000000000000000000101001100011 "
b00000000000000000000101001100011 $
1&
b0101001100000 8
b0101001100001 ;
1=
1>
#26595
0&
0=
0>
#26600
b00000000000000000000101001100100 "
b00000000000000000000101001100100 $
1&
b0101001100001 8
b0101001100010 ;
1=
1>
#26605
0&
0=
0>
#26610
b00000000000000000000101001100101 "
b00000000000000000000101001100101 $
1&
b0101001100010 8
b0101001100011 ;
1=
1>
#26615
0&
0=
0>
#26620
b00000000000000000000101001100110 "
b00000000000000000000101001100110 $
1&
b0101001100011 8
b0101001100100 ;
1=
1>
#26625
0&
0=
0>
#26630
b00000000000000000000101001100111 "
b00000000000000000000101001100111 $
1&
b0101001100100 8
b0101001100101 ;
1=
1>
#26635
0&
0=
0>
#26640
b00000000000000000000101001101000 "
b00000000000000000000101001101000 $
1&
b0101001100101 8
b0101001100110 ;
1=
1>
#26645
0&
0=
0>
#26650
b00000000000000000000101001101001 "
b00000000000000000000101001101001 $
1&
b0101001100110 8
b0101001100111 ;
1=
1>
#26655
0&
0=
0>
#26660
b00000000000000000000101001101010 "
b00000000000000000000101001101010 $
1&
b0101001100111 8
b0101001101000 ;
1=
1>
#26665
0&
0=
0>
#26670
b00000000000000000000101001101011 "
b00000000000000000000101001101011 $
1&
b0101001101000 8
b0101001101001 ;
1=
1>
#26675
0&
0=
0>
#26680
b00000000000000000000101001101100 "
b00000000000000000000101001101100 $
1&
b0101001101001 8
b0101001101010 ;
1=
1>
#26685
0&
0=
0>
#26690
b00000000000000000000101001101101 "
b00000000000000000000101001101101 $
1&
b0101001101010 8
b0101001101011 ;
1=
1>
#26695
0&
0=
0>
#26700
b00000000000000000000101001101110 "
b00000000000000000000101001101110 $
1&
b0101001101011 8
b0101001101100 ;
1=
1>
#26705
0&
0=
0>
#26710
b00000000000000000000101001101111 "
b00000000000000000000101001101111 $
1&
b0101001101100 8
b0101001101101 ;
1=
1>
#26715
0&
0=
0>
#26720
b00000000000000000000101001110000 "
b00000000000000000000101001110000 $
1&
b0101001101101 8
b0101001101110 ;
1=
1>
#26725
0&
0=
0>
#26730
b00000000000000000000101001110001 "
b00000000000000000000101001110001 $
1&
b0101001101110 8
b0101001101111 ;
1=
1>
#26735
0&
0=
0>
#26740
b00000000000000000000101001110010 "
b00000000000000000000101001110010 $
1&
b0101001101111 8
b0101001110000 ;
1=
1>
#26745
0&
0=
0>
#26750
b00000000000000000000101001110011 "
b00000000000000000000101001110011 $
1&
b0101001110000 8
b0101001110001 ;
1=
1>
#26755
0&
0=
0>
#26760
b00000000000000000000101001110100 "
b00000000000000000000101001110100 $
1&
b0101001110001 8
b0101001110010 ;
1=
1>
#26765
0&
0=
0>
#26770
b00000000000000000000101001110101 "
b00000000000000000000101001110101 $
1&
b0101001110010 8
b0101001110011 ;
1=
1>
#26775
0&
0=
0>
#26780
b00000000000000000000101001110110 "
b00000000000000000000101001110110 $
1&
b0101001110011 8
b0101001110100 ;
1=
1>
#26785
0&
0=
0>
#26790
b00000000000000000000101001110111 "
b00000000000000000000101001110111 $
1&
b0101001110100 8
b0101001110101 ;
1=
1>
#26795
0&
0=
0>
#26800
b00000000000000000000101001111000 "
b00000000000000000000101001111000 $
1&
b0101001110101 8
b0101001110110 ;
1=
1>
#26805
0&
0=
0>
#26810
b00000000000000000000101001111001 "
b00000000000000000000101001111001 $
1&
b0101001110110 8
b0101001110111 ;
1=
1>
#26815
0&
0=
0>
#26820
b00000000000000000000101001111010 "
b00000000000000000000101001111010 $
1&
b0101001110111 8
b0101001111000 ;
1=
1>
#26825
0&
0=
0>
#26830
b00000000000000000000101001111011 "
b00000000000000000000101001111011 $
1&
b0101001111000 8
b0101001111001 ;
1=
1>
#26835
0&
0=
0>
#26840
b00000000000000000000101001111100 "
b00000000000000000000101001111100 $
1&
b0101001111001 8
b0101001111010 ;
1=
1>
#26845
0&
0=
0>
#26850
b00000000000000000000101001111101 "
b00000000000000000000101001111101 $
1&
b0101001111010 8
b0101001111011 ;
1=
1>
#26855
0&
0=
0>
#26860
b00000000000000000000101001111110 "
b00000000000000000000101001111110 $
1&
b0101001111011 8
b0101001111100 ;
1=
1>
#26865
0&
0=
0>
#26870
b00000000000000000000101001111111 "
b00000000000000000000101001111111 $
1&
b0101001111100 8
b0101001111101 ;
1=
1>
#26875
0&
0=
0>
#26880
b00000000000000000000101010000000 "
b00000000000000000000101010000000 $
1&
b0101001111101 8
b0101001111110 ;
1=
1>
#26885
0&
0=
0>
#26890
b00000000000000000000101010000001 "
b00000000000000000000101010000001 $
1&
b0101001111110 8
b0101001111111 ;
1=
1>
#26895
0&
0=
0>
#26900
b00000000000000000000101010000010 "
b00000000000000000000101010000010 $
1&
b0101001111111 8
b0101010000000 ;
1=
1>
#26905
0&
0=
0>
#26910
b00000000000000000000101010000011 "
b00000000000000000000101010000011 $
1&
b0101010000000 8
b0101010000001 ;
1=
1>
#26915
0&
0=
0>
#26920
b00000000000000000000101010000100 "
b00000000000000000000101010000100 $
1&
b0101010000001 8
b0101010000010 ;
1=
1>
#26925
0&
0=
0>
#26930
b00000000000000000000101010000101 "
b00000000000000000000101010000101 $
1&
b0101010000010 8
b0101010000011 ;
1=
1>
#26935
0&
0=
0>
#26940
b00000000000000000000101010000110 "
b00000000000000000000101010000110 $
1&
b0101010000011 8
b0101010000100 ;
1=
1>
#26945
0&
0=
0>
#26950
b00000000000000000000101010000111 "
b00000000000000000000101010000111 $
1&
b0101010000100 8
b0101010000101 ;
1=
1>
#26955
0&
0=
0>
#26960
b00000000000000000000101010001000 "
b00000000000000000000101010001000 $
1&
b0101010000101 8
b0101010000110 ;
1=
1>
#26965
0&
0=
0>
#26970
b00000000000000000000101010001001 "
b00000000000000000000101010001001 $
1&
b0101010000110 8
b0101010000111 ;
1=
1>
#26975
0&
0=
0>
#26980
b00000000000000000000101010001010 "
b00000000000000000000101010001010 $
1&
b0101010000111 8
b0101010001000 ;
1=
1>
#26985
0&
0=
0>
#26990
b00000000000000000000101010001011 "
b00000000000000000000101010001011 $
1&
b0101010001000 8
b0101010001001 ;
1=
1>
#26995
0&
0=
0>
#27000
b00000000000000000000101010001100 "
b00000000000000000000101010001100 $
1&
b0101010001001 8
b0101010001010 ;
1=
1>
#27005
0&
0=
0>
#27010
b00000000000000000000101010001101 "
b00000000000000000000101010001101 $
1&
b0101010001010 8
b0101010001011 ;
1=
1>
#27015
0&
0=
0>
#27020
b00000000000000000000101010001110 "
b00000000000000000000101010001110 $
1&
b0101010001011 8
b0101010001100 ;
1=
1>
#27025
0&
0=
0>
#27030
b00000000000000000000101010001111 "
b00000000000000000000101010001111 $
1&
b0101010001100 8
b0101010001101 ;
1=
1>
#27035
0&
0=
0>
#27040
b00000000000000000000101010010000 "
b00000000000000000000101010010000 $
1&
b0101010001101 8
b0101010001110 ;
1=
1>
#27045
0&
0=
0>
#27050
b00000000000000000000101010010001 "
b00000000000000000000101010010001 $
1&
b0101010001110 8
b0101010001111 ;
1=
1>
#27055
0&
0=
0>
#27060
b00000000000000000000101010010010 "
b00000000000000000000101010010010 $
1&
b0101010001111 8
b0101010010000 ;
1=
1>
#27065
0&
0=
0>
#27070
b00000000000000000000101010010011 "
b00000000000000000000101010010011 $
1&
b0101010010000 8
b0101010010001 ;
1=
1>
#27075
0&
0=
0>
#27080
b00000000000000000000101010010100 "
b00000000000000000000101010010100 $
1&
b0101010010001 8
b0101010010010 ;
1=
1>
#27085
0&
0=
0>
#27090
b00000000000000000000101010010101 "
b00000000000000000000101010010101 $
1&
b0101010010010 8
b0101010010011 ;
1=
1>
#27095
0&
0=
0>
#27100
b00000000000000000000101010010110 "
b00000000000000000000101010010110 $
1&
b0101010010011 8
b0101010010100 ;
1=
1>
#27105
0&
0=
0>
#27110
b00000000000000000000101010010111 "
b00000000000000000000101010010111 $
1&
b0101010010100 8
b0101010010101 ;
1=
1>
#27115
0&
0=
0>
#27120
b00000000000000000000101010011000 "
b00000000000000000000101010011000 $
1&
b0101010010101 8
b0101010010110 ;
1=
1>
#27125
0&
0=
0>
#27130
b00000000000000000000101010011001 "
b00000000000000000000101010011001 $
1&
b0101010010110 8
b0101010010111 ;
1=
1>
#27135
0&
0=
0>
#27140
b00000000000000000000101010011010 "
b00000000000000000000101010011010 $
1&
b0101010010111 8
b0101010011000 ;
1=
1>
#27145
0&
0=
0>
#27150
b00000000000000000000101010011011 "
b00000000000000000000101010011011 $
1&
b0101010011000 8
b0101010011001 ;
1=
1>
#27155
0&
0=
0>
#27160
b00000000000000000000101010011100 "
b00000000000000000000101010011100 $
1&
b0101010011001 8
b0101010011010 ;
1=
1>
#27165
0&
0=
0>
#27170
b00000000000000000000101010011101 "
b00000000000000000000101010011101 $
1&
b0101010011010 8
b0101010011011 ;
1=
1>
#27175
0&
0=
0>
#27180
b00000000000000000000101010011110 "
b00000000000000000000101010011110 $
1&
b0101010011011 8
b0101010011100 ;
1=
1>
#27185
0&
0=
0>
#27190
b00000000000000000000101010011111 "
b00000000000000000000101010011111 $
1&
b0101010011100 8
b0101010011101 ;
1=
1>
#27195
0&
0=
0>
#27200
b00000000000000000000101010100000 "
b00000000000000000000101010100000 $
1&
b0101010011101 8
b0101010011110 ;
1=
1>
#27205
0&
0=
0>
#27210
b00000000000000000000101010100001 "
b00000000000000000000101010100001 $
1&
b0101010011110 8
b0101010011111 ;
1=
1>
#27215
0&
0=
0>
#27220
b00000000000000000000101010100010 "
b00000000000000000000101010100010 $
1&
b0101010011111 8
b0101010100000 ;
1=
1>
#27225
0&
0=
0>
#27230
b00000000000000000000101010100011 "
b00000000000000000000101010100011 $
1&
b0101010100000 8
b0101010100001 ;
1=
1>
#27235
0&
0=
0>
#27240
b00000000000000000000101010100100 "
b00000000000000000000101010100100 $
1&
b0101010100001 8
b0101010100010 ;
1=
1>
#27245
0&
0=
0>
#27250
b00000000000000000000101010100101 "
b00000000000000000000101010100101 $
1&
b0101010100010 8
b0101010100011 ;
1=
1>
#27255
0&
0=
0>
#27260
b00000000000000000000101010100110 "
b00000000000000000000101010100110 $
1&
b0101010100011 8
b0101010100100 ;
1=
1>
#27265
0&
0=
0>
#27270
b00000000000000000000101010100111 "
b00000000000000000000101010100111 $
1&
b0101010100100 8
b0101010100101 ;
1=
1>
#27275
0&
0=
0>
#27280
b00000000000000000000101010101000 "
b00000000000000000000101010101000 $
1&
b0101010100101 8
b0101010100110 ;
1=
1>
#27285
0&
0=
0>
#27290
b00000000000000000000101010101001 "
b00000000000000000000101010101001 $
1&
b0101010100110 8
b0101010100111 ;
1=
1>
#27295
0&
0=
0>
#27300
b00000000000000000000101010101010 "
b00000000000000000000101010101010 $
1&
b0101010100111 8
b0101010101000 ;
1=
1>
#27305
0&
0=
0>
#27310
b00000000000000000000101010101011 "
b00000000000000000000101010101011 $
1&
b0101010101000 8
b0101010101001 ;
1=
1>
#27315
0&
0=
0>
#27320
b00000000000000000000101010101100 "
b00000000000000000000101010101100 $
1&
b0101010101001 8
b0101010101010 ;
1=
1>
#27325
0&
0=
0>
#27330
b00000000000000000000101010101101 "
b00000000000000000000101010101101 $
1&
b0101010101010 8
b0101010101011 ;
1=
1>
#27335
0&
0=
0>
#27340
b00000000000000000000101010101110 "
b00000000000000000000101010101110 $
1&
b0101010101011 8
b0101010101100 ;
1=
1>
#27345
0&
0=
0>
#27350
b00000000000000000000101010101111 "
b00000000000000000000101010101111 $
1&
b0101010101100 8
b0101010101101 ;
1=
1>
#27355
0&
0=
0>
#27360
b00000000000000000000101010110000 "
b00000000000000000000101010110000 $
1&
b0101010101101 8
b0101010101110 ;
1=
1>
#27365
0&
0=
0>
#27370
b00000000000000000000101010110001 "
b00000000000000000000101010110001 $
1&
b0101010101110 8
b0101010101111 ;
1=
1>
#27375
0&
0=
0>
#27380
b00000000000000000000101010110010 "
b00000000000000000000101010110010 $
1&
b0101010101111 8
b0101010110000 ;
1=
1>
#27385
0&
0=
0>
#27390
b00000000000000000000101010110011 "
b00000000000000000000101010110011 $
1&
b0101010110000 8
b0101010110001 ;
1=
1>
#27395
0&
0=
0>
#27400
b00000000000000000000101010110100 "
b00000000000000000000101010110100 $
1&
b0101010110001 8
b0101010110010 ;
1=
1>
#27405
0&
0=
0>
#27410
b00000000000000000000101010110101 "
b00000000000000000000101010110101 $
1&
b0101010110010 8
b0101010110011 ;
1=
1>
#27415
0&
0=
0>
#27420
b00000000000000000000101010110110 "
b00000000000000000000101010110110 $
1&
b0101010110011 8
b0101010110100 ;
1=
1>
#27425
0&
0=
0>
#27430
b00000000000000000000101010110111 "
b00000000000000000000101010110111 $
1&
b0101010110100 8
b0101010110101 ;
1=
1>
#27435
0&
0=
0>
#27440
b00000000000000000000101010111000 "
b00000000000000000000101010111000 $
1&
b0101010110101 8
b0101010110110 ;
1=
1>
#27445
0&
0=
0>
#27450
b00000000000000000000101010111001 "
b00000000000000000000101010111001 $
1&
b0101010110110 8
b0101010110111 ;
1=
1>
#27455
0&
0=
0>
#27460
b00000000000000000000101010111010 "
b00000000000000000000101010111010 $
1&
b0101010110111 8
b0101010111000 ;
1=
1>
#27465
0&
0=
0>
#27470
b00000000000000000000101010111011 "
b00000000000000000000101010111011 $
1&
b0101010111000 8
b0101010111001 ;
1=
1>
#27475
0&
0=
0>
#27480
b00000000000000000000101010111100 "
b00000000000000000000101010111100 $
1&
b0101010111001 8
b0101010111010 ;
1=
1>
#27485
0&
0=
0>
#27490
b00000000000000000000101010111101 "
b00000000000000000000101010111101 $
1&
b0101010111010 8
b0101010111011 ;
1=
1>
#27495
0&
0=
0>
#27500
b00000000000000000000101010111110 "
b00000000000000000000101010111110 $
1&
b0101010111011 8
b0101010111100 ;
1=
1>
#27505
0&
0=
0>
#27510
b00000000000000000000101010111111 "
b00000000000000000000101010111111 $
1&
b0101010111100 8
b0101010111101 ;
1=
1>
#27515
0&
0=
0>
#27520
b00000000000000000000101011000000 "
b00000000000000000000101011000000 $
1&
b0101010111101 8
b0101010111110 ;
1=
1>
#27525
0&
0=
0>
#27530
b00000000000000000000101011000001 "
b00000000000000000000101011000001 $
1&
b0101010111110 8
b0101010111111 ;
1=
1>
#27535
0&
0=
0>
#27540
b00000000000000000000101011000010 "
b00000000000000000000101011000010 $
1&
b0101010111111 8
b0101011000000 ;
1=
1>
#27545
0&
0=
0>
#27550
b00000000000000000000101011000011 "
b00000000000000000000101011000011 $
1&
b0101011000000 8
b0101011000001 ;
1=
1>
#27555
0&
0=
0>
#27560
b00000000000000000000101011000100 "
b00000000000000000000101011000100 $
1&
b0101011000001 8
b0101011000010 ;
1=
1>
#27565
0&
0=
0>
#27570
b00000000000000000000101011000101 "
b00000000000000000000101011000101 $
1&
b0101011000010 8
b0101011000011 ;
1=
1>
#27575
0&
0=
0>
#27580
b00000000000000000000101011000110 "
b00000000000000000000101011000110 $
1&
b0101011000011 8
b0101011000100 ;
1=
1>
#27585
0&
0=
0>
#27590
b00000000000000000000101011000111 "
b00000000000000000000101011000111 $
1&
b0101011000100 8
b0101011000101 ;
1=
1>
#27595
0&
0=
0>
#27600
b00000000000000000000101011001000 "
b00000000000000000000101011001000 $
1&
b0101011000101 8
b0101011000110 ;
1=
1>
#27605
0&
0=
0>
#27610
b00000000000000000000101011001001 "
b00000000000000000000101011001001 $
1&
b0101011000110 8
b0101011000111 ;
1=
1>
#27615
0&
0=
0>
#27620
b00000000000000000000101011001010 "
b00000000000000000000101011001010 $
1&
b0101011000111 8
b0101011001000 ;
1=
1>
#27625
0&
0=
0>
#27630
b00000000000000000000101011001011 "
b00000000000000000000101011001011 $
1&
b0101011001000 8
b0101011001001 ;
1=
1>
#27635
0&
0=
0>
#27640
b00000000000000000000101011001100 "
b00000000000000000000101011001100 $
1&
b0101011001001 8
b0101011001010 ;
1=
1>
#27645
0&
0=
0>
#27650
b00000000000000000000101011001101 "
b00000000000000000000101011001101 $
1&
b0101011001010 8
b0101011001011 ;
1=
1>
#27655
0&
0=
0>
#27660
b00000000000000000000101011001110 "
b00000000000000000000101011001110 $
1&
b0101011001011 8
b0101011001100 ;
1=
1>
#27665
0&
0=
0>
#27670
b00000000000000000000101011001111 "
b00000000000000000000101011001111 $
1&
b0101011001100 8
b0101011001101 ;
1=
1>
#27675
0&
0=
0>
#27680
b00000000000000000000101011010000 "
b00000000000000000000101011010000 $
1&
b0101011001101 8
b0101011001110 ;
1=
1>
#27685
0&
0=
0>
#27690
b00000000000000000000101011010001 "
b00000000000000000000101011010001 $
1&
b0101011001110 8
b0101011001111 ;
1=
1>
#27695
0&
0=
0>
#27700
b00000000000000000000101011010010 "
b00000000000000000000101011010010 $
1&
b0101011001111 8
b0101011010000 ;
1=
1>
#27705
0&
0=
0>
#27710
b00000000000000000000101011010011 "
b00000000000000000000101011010011 $
1&
b0101011010000 8
b0101011010001 ;
1=
1>
#27715
0&
0=
0>
#27720
b00000000000000000000101011010100 "
b00000000000000000000101011010100 $
1&
b0101011010001 8
b0101011010010 ;
1=
1>
#27725
0&
0=
0>
#27730
b00000000000000000000101011010101 "
b00000000000000000000101011010101 $
1&
b0101011010010 8
b0101011010011 ;
1=
1>
#27735
0&
0=
0>
#27740
b00000000000000000000101011010110 "
b00000000000000000000101011010110 $
1&
b0101011010011 8
b0101011010100 ;
1=
1>
#27745
0&
0=
0>
#27750
b00000000000000000000101011010111 "
b00000000000000000000101011010111 $
1&
b0101011010100 8
b0101011010101 ;
1=
1>
#27755
0&
0=
0>
#27760
b00000000000000000000101011011000 "
b00000000000000000000101011011000 $
1&
b0101011010101 8
b0101011010110 ;
1=
1>
#27765
0&
0=
0>
#27770
b00000000000000000000101011011001 "
b00000000000000000000101011011001 $
1&
b0101011010110 8
b0101011010111 ;
1=
1>
#27775
0&
0=
0>
#27780
b00000000000000000000101011011010 "
b00000000000000000000101011011010 $
1&
b0101011010111 8
b0101011011000 ;
1=
1>
#27785
0&
0=
0>
#27790
b00000000000000000000101011011011 "
b00000000000000000000101011011011 $
1&
b0101011011000 8
b0101011011001 ;
1=
1>
#27795
0&
0=
0>
#27800
b00000000000000000000101011011100 "
b00000000000000000000101011011100 $
1&
b0101011011001 8
b0101011011010 ;
1=
1>
#27805
0&
0=
0>
#27810
b00000000000000000000101011011101 "
b00000000000000000000101011011101 $
1&
b0101011011010 8
b0101011011011 ;
1=
1>
#27815
0&
0=
0>
#27820
b00000000000000000000101011011110 "
b00000000000000000000101011011110 $
1&
b0101011011011 8
b0101011011100 ;
1=
1>
#27825
0&
0=
0>
#27830
b00000000000000000000101011011111 "
b00000000000000000000101011011111 $
1&
b0101011011100 8
b0101011011101 ;
1=
1>
#27835
0&
0=
0>
#27840
b00000000000000000000101011100000 "
b00000000000000000000101011100000 $
1&
b0101011011101 8
b0101011011110 ;
1=
1>
#27845
0&
0=
0>
#27850
b00000000000000000000101011100001 "
b00000000000000000000101011100001 $
1&
b0101011011110 8
b0101011011111 ;
1=
1>
#27855
0&
0=
0>
#27860
b00000000000000000000101011100010 "
b00000000000000000000101011100010 $
1&
b0101011011111 8
b0101011100000 ;
1=
1>
#27865
0&
0=
0>
#27870
b00000000000000000000101011100011 "
b00000000000000000000101011100011 $
1&
b0101011100000 8
b0101011100001 ;
1=
1>
#27875
0&
0=
0>
#27880
b00000000000000000000101011100100 "
b00000000000000000000101011100100 $
1&
b0101011100001 8
b0101011100010 ;
1=
1>
#27885
0&
0=
0>
#27890
b00000000000000000000101011100101 "
b00000000000000000000101011100101 $
1&
b0101011100010 8
b0101011100011 ;
1=
1>
#27895
0&
0=
0>
#27900
b00000000000000000000101011100110 "
b00000000000000000000101011100110 $
1&
b0101011100011 8
b0101011100100 ;
1=
1>
#27905
0&
0=
0>
#27910
b00000000000000000000101011100111 "
b00000000000000000000101011100111 $
1&
b0101011100100 8
b0101011100101 ;
1=
1>
#27915
0&
0=
0>
#27920
b00000000000000000000101011101000 "
b00000000000000000000101011101000 $
1&
b0101011100101 8
b0101011100110 ;
1=
1>
#27925
0&
0=
0>
#27930
b00000000000000000000101011101001 "
b00000000000000000000101011101001 $
1&
b0101011100110 8
b0101011100111 ;
1=
1>
#27935
0&
0=
0>
#27940
b00000000000000000000101011101010 "
b00000000000000000000101011101010 $
1&
b0101011100111 8
b0101011101000 ;
1=
1>
#27945
0&
0=
0>
#27950
b00000000000000000000101011101011 "
b00000000000000000000101011101011 $
1&
b0101011101000 8
b0101011101001 ;
1=
1>
#27955
0&
0=
0>
#27960
b00000000000000000000101011101100 "
b00000000000000000000101011101100 $
1&
b0101011101001 8
b0101011101010 ;
1=
1>
#27965
0&
0=
0>
#27970
b00000000000000000000101011101101 "
b00000000000000000000101011101101 $
1&
b0101011101010 8
b0101011101011 ;
1=
1>
#27975
0&
0=
0>
#27980
b00000000000000000000101011101110 "
b00000000000000000000101011101110 $
1&
b0101011101011 8
b0101011101100 ;
1=
1>
#27985
0&
0=
0>
#27990
b00000000000000000000101011101111 "
b00000000000000000000101011101111 $
1&
b0101011101100 8
b0101011101101 ;
1=
1>
#27995
0&
0=
0>
#28000
b00000000000000000000101011110000 "
b00000000000000000000101011110000 $
1&
b0101011101101 8
b0101011101110 ;
1=
1>
#28005
0&
0=
0>
#28010
b00000000000000000000101011110001 "
b00000000000000000000101011110001 $
1&
b0101011101110 8
b0101011101111 ;
1=
1>
#28015
0&
0=
0>
#28020
b00000000000000000000101011110010 "
b00000000000000000000101011110010 $
1&
b0101011101111 8
b0101011110000 ;
1=
1>
#28025
0&
0=
0>
#28030
b00000000000000000000101011110011 "
b00000000000000000000101011110011 $
1&
b0101011110000 8
b0101011110001 ;
1=
1>
#28035
0&
0=
0>
#28040
b00000000000000000000101011110100 "
b00000000000000000000101011110100 $
1&
b0101011110001 8
b0101011110010 ;
1=
1>
#28045
0&
0=
0>
#28050
b00000000000000000000101011110101 "
b00000000000000000000101011110101 $
1&
b0101011110010 8
b0101011110011 ;
1=
1>
#28055
0&
0=
0>
#28060
b00000000000000000000101011110110 "
b00000000000000000000101011110110 $
1&
b0101011110011 8
b0101011110100 ;
1=
1>
#28065
0&
0=
0>
#28070
b00000000000000000000101011110111 "
b00000000000000000000101011110111 $
1&
b0101011110100 8
b0101011110101 ;
1=
1>
#28075
0&
0=
0>
#28080
b00000000000000000000101011111000 "
b00000000000000000000101011111000 $
1&
b0101011110101 8
b0101011110110 ;
1=
1>
#28085
0&
0=
0>
#28090
b00000000000000000000101011111001 "
b00000000000000000000101011111001 $
1&
b0101011110110 8
b0101011110111 ;
1=
1>
#28095
0&
0=
0>
#28100
b00000000000000000000101011111010 "
b00000000000000000000101011111010 $
1&
b0101011110111 8
b0101011111000 ;
1=
1>
#28105
0&
0=
0>
#28110
b00000000000000000000101011111011 "
b00000000000000000000101011111011 $
1&
b0101011111000 8
b0101011111001 ;
1=
1>
#28115
0&
0=
0>
#28120
b00000000000000000000101011111100 "
b00000000000000000000101011111100 $
1&
b0101011111001 8
b0101011111010 ;
1=
1>
#28125
0&
0=
0>
#28130
b00000000000000000000101011111101 "
b00000000000000000000101011111101 $
1&
b0101011111010 8
b0101011111011 ;
1=
1>
#28135
0&
0=
0>
#28140
b00000000000000000000101011111110 "
b00000000000000000000101011111110 $
1&
b0101011111011 8
b0101011111100 ;
1=
1>
#28145
0&
0=
0>
#28150
b00000000000000000000101011111111 "
b00000000000000000000101011111111 $
1&
b0101011111100 8
b0101011111101 ;
1=
1>
#28155
0&
0=
0>
#28160
b00000000000000000000101100000000 "
b00000000000000000000101100000000 $
1&
b0101011111101 8
b0101011111110 ;
1=
1>
#28165
0&
0=
0>
#28170
b00000000000000000000101100000001 "
b00000000000000000000101100000001 $
1&
b0101011111110 8
b0101011111111 ;
1=
1>
#28175
0&
0=
0>
#28180
b00000000000000000000101100000010 "
b00000000000000000000101100000010 $
1&
b0101011111111 8
b0101100000000 ;
1=
1>
#28185
0&
0=
0>
#28190
b00000000000000000000101100000011 "
b00000000000000000000101100000011 $
1&
b0101100000000 8
b0101100000001 ;
1=
1>
#28195
0&
0=
0>
#28200
b00000000000000000000101100000100 "
b00000000000000000000101100000100 $
1&
b0101100000001 8
b0101100000010 ;
1=
1>
#28205
0&
0=
0>
#28210
b00000000000000000000101100000101 "
b00000000000000000000101100000101 $
1&
b0101100000010 8
b0101100000011 ;
1=
1>
#28215
0&
0=
0>
#28220
b00000000000000000000101100000110 "
b00000000000000000000101100000110 $
1&
b0101100000011 8
b0101100000100 ;
1=
1>
#28225
0&
0=
0>
#28230
b00000000000000000000101100000111 "
b00000000000000000000101100000111 $
1&
b0101100000100 8
b0101100000101 ;
1=
1>
#28235
0&
0=
0>
#28240
b00000000000000000000101100001000 "
b00000000000000000000101100001000 $
1&
b0101100000101 8
b0101100000110 ;
1=
1>
#28245
0&
0=
0>
#28250
b00000000000000000000101100001001 "
b00000000000000000000101100001001 $
1&
b0101100000110 8
b0101100000111 ;
1=
1>
#28255
0&
0=
0>
#28260
b00000000000000000000101100001010 "
b00000000000000000000101100001010 $
1&
b0101100000111 8
b0101100001000 ;
1=
1>
#28265
0&
0=
0>
#28270
b00000000000000000000101100001011 "
b00000000000000000000101100001011 $
1&
b0101100001000 8
b0101100001001 ;
1=
1>
#28275
0&
0=
0>
#28280
b00000000000000000000101100001100 "
b00000000000000000000101100001100 $
1&
b0101100001001 8
b0101100001010 ;
1=
1>
#28285
0&
0=
0>
#28290
b00000000000000000000101100001101 "
b00000000000000000000101100001101 $
1&
b0101100001010 8
b0101100001011 ;
1=
1>
#28295
0&
0=
0>
#28300
b00000000000000000000101100001110 "
b00000000000000000000101100001110 $
1&
b0101100001011 8
b0101100001100 ;
1=
1>
#28305
0&
0=
0>
#28310
b00000000000000000000101100001111 "
b00000000000000000000101100001111 $
1&
b0101100001100 8
b0101100001101 ;
1=
1>
#28315
0&
0=
0>
#28320
b00000000000000000000101100010000 "
b00000000000000000000101100010000 $
1&
b0101100001101 8
b0101100001110 ;
1=
1>
#28325
0&
0=
0>
#28330
b00000000000000000000101100010001 "
b00000000000000000000101100010001 $
1&
b0101100001110 8
b0101100001111 ;
1=
1>
#28335
0&
0=
0>
#28340
b00000000000000000000101100010010 "
b00000000000000000000101100010010 $
1&
b0101100001111 8
b0101100010000 ;
1=
1>
#28345
0&
0=
0>
#28350
b00000000000000000000101100010011 "
b00000000000000000000101100010011 $
1&
b0101100010000 8
b0101100010001 ;
1=
1>
#28355
0&
0=
0>
#28360
b00000000000000000000101100010100 "
b00000000000000000000101100010100 $
1&
b0101100010001 8
b0101100010010 ;
1=
1>
#28365
0&
0=
0>
#28370
b00000000000000000000101100010101 "
b00000000000000000000101100010101 $
1&
b0101100010010 8
b0101100010011 ;
1=
1>
#28375
0&
0=
0>
#28380
b00000000000000000000101100010110 "
b00000000000000000000101100010110 $
1&
b0101100010011 8
b0101100010100 ;
1=
1>
#28385
0&
0=
0>
#28390
b00000000000000000000101100010111 "
b00000000000000000000101100010111 $
1&
b0101100010100 8
b0101100010101 ;
1=
1>
#28395
0&
0=
0>
#28400
b00000000000000000000101100011000 "
b00000000000000000000101100011000 $
1&
b0101100010101 8
b0101100010110 ;
1=
1>
#28405
0&
0=
0>
#28410
b00000000000000000000101100011001 "
b00000000000000000000101100011001 $
1&
b0101100010110 8
b0101100010111 ;
1=
1>
#28415
0&
0=
0>
#28420
b00000000000000000000101100011010 "
b00000000000000000000101100011010 $
1&
b0101100010111 8
b0101100011000 ;
1=
1>
#28425
0&
0=
0>
#28430
b00000000000000000000101100011011 "
b00000000000000000000101100011011 $
1&
b0101100011000 8
b0101100011001 ;
1=
1>
#28435
0&
0=
0>
#28440
b00000000000000000000101100011100 "
b00000000000000000000101100011100 $
1&
b0101100011001 8
b0101100011010 ;
1=
1>
#28445
0&
0=
0>
#28450
b00000000000000000000101100011101 "
b00000000000000000000101100011101 $
1&
b0101100011010 8
b0101100011011 ;
1=
1>
#28455
0&
0=
0>
#28460
b00000000000000000000101100011110 "
b00000000000000000000101100011110 $
1&
b0101100011011 8
b0101100011100 ;
1=
1>
#28465
0&
0=
0>
#28470
b00000000000000000000101100011111 "
b00000000000000000000101100011111 $
1&
b0101100011100 8
b0101100011101 ;
1=
1>
#28475
0&
0=
0>
#28480
b00000000000000000000101100100000 "
b00000000000000000000101100100000 $
1&
b0101100011101 8
b0101100011110 ;
1=
1>
#28485
0&
0=
0>
#28490
b00000000000000000000101100100001 "
b00000000000000000000101100100001 $
1&
b0101100011110 8
b0101100011111 ;
1=
1>
#28495
0&
0=
0>
#28500
b00000000000000000000101100100010 "
b00000000000000000000101100100010 $
1&
b0101100011111 8
b0101100100000 ;
1=
1>
#28505
0&
0=
0>
#28510
b00000000000000000000101100100011 "
b00000000000000000000101100100011 $
1&
b0101100100000 8
b0101100100001 ;
1=
1>
#28515
0&
0=
0>
#28520
b00000000000000000000101100100100 "
b00000000000000000000101100100100 $
1&
b0101100100001 8
b0101100100010 ;
1=
1>
#28525
0&
0=
0>
#28530
b00000000000000000000101100100101 "
b00000000000000000000101100100101 $
1&
b0101100100010 8
b0101100100011 ;
1=
1>
#28535
0&
0=
0>
#28540
b00000000000000000000101100100110 "
b00000000000000000000101100100110 $
1&
b0101100100011 8
b0101100100100 ;
1=
1>
#28545
0&
0=
0>
#28550
b00000000000000000000101100100111 "
b00000000000000000000101100100111 $
1&
b0101100100100 8
b0101100100101 ;
1=
1>
#28555
0&
0=
0>
#28560
b00000000000000000000101100101000 "
b00000000000000000000101100101000 $
1&
b0101100100101 8
b0101100100110 ;
1=
1>
#28565
0&
0=
0>
#28570
b00000000000000000000101100101001 "
b00000000000000000000101100101001 $
1&
b0101100100110 8
b0101100100111 ;
1=
1>
#28575
0&
0=
0>
#28580
b00000000000000000000101100101010 "
b00000000000000000000101100101010 $
1&
b0101100100111 8
b0101100101000 ;
1=
1>
#28585
0&
0=
0>
#28590
b00000000000000000000101100101011 "
b00000000000000000000101100101011 $
1&
b0101100101000 8
b0101100101001 ;
1=
1>
#28595
0&
0=
0>
#28600
b00000000000000000000101100101100 "
b00000000000000000000101100101100 $
1&
b0101100101001 8
b0101100101010 ;
1=
1>
#28605
0&
0=
0>
#28610
b00000000000000000000101100101101 "
b00000000000000000000101100101101 $
1&
b0101100101010 8
b0101100101011 ;
1=
1>
#28615
0&
0=
0>
#28620
b00000000000000000000101100101110 "
b00000000000000000000101100101110 $
1&
b0101100101011 8
b0101100101100 ;
1=
1>
#28625
0&
0=
0>
#28630
b00000000000000000000101100101111 "
b00000000000000000000101100101111 $
1&
b0101100101100 8
b0101100101101 ;
1=
1>
#28635
0&
0=
0>
#28640
b00000000000000000000101100110000 "
b00000000000000000000101100110000 $
1&
b0101100101101 8
b0101100101110 ;
1=
1>
#28645
0&
0=
0>
#28650
b00000000000000000000101100110001 "
b00000000000000000000101100110001 $
1&
b0101100101110 8
b0101100101111 ;
1=
1>
#28655
0&
0=
0>
#28660
b00000000000000000000101100110010 "
b00000000000000000000101100110010 $
1&
b0101100101111 8
b0101100110000 ;
1=
1>
#28665
0&
0=
0>
#28670
b00000000000000000000101100110011 "
b00000000000000000000101100110011 $
1&
b0101100110000 8
b0101100110001 ;
1=
1>
#28675
0&
0=
0>
#28680
b00000000000000000000101100110100 "
b00000000000000000000101100110100 $
1&
b0101100110001 8
b0101100110010 ;
1=
1>
#28685
0&
0=
0>
#28690
b00000000000000000000101100110101 "
b00000000000000000000101100110101 $
1&
b0101100110010 8
b0101100110011 ;
1=
1>
#28695
0&
0=
0>
#28700
b00000000000000000000101100110110 "
b00000000000000000000101100110110 $
1&
b0101100110011 8
b0101100110100 ;
1=
1>
#28705
0&
0=
0>
#28710
b00000000000000000000101100110111 "
b00000000000000000000101100110111 $
1&
b0101100110100 8
b0101100110101 ;
1=
1>
#28715
0&
0=
0>
#28720
b00000000000000000000101100111000 "
b00000000000000000000101100111000 $
1&
b0101100110101 8
b0101100110110 ;
1=
1>
#28725
0&
0=
0>
#28730
b00000000000000000000101100111001 "
b00000000000000000000101100111001 $
1&
b0101100110110 8
b0101100110111 ;
1=
1>
#28735
0&
0=
0>
#28740
b00000000000000000000101100111010 "
b00000000000000000000101100111010 $
1&
b0101100110111 8
b0101100111000 ;
1=
1>
#28745
0&
0=
0>
#28750
b00000000000000000000101100111011 "
b00000000000000000000101100111011 $
1&
b0101100111000 8
b0101100111001 ;
1=
1>
#28755
0&
0=
0>
#28760
b00000000000000000000101100111100 "
b00000000000000000000101100111100 $
1&
b0101100111001 8
b0101100111010 ;
1=
1>
#28765
0&
0=
0>
#28770
b00000000000000000000101100111101 "
b00000000000000000000101100111101 $
1&
b0101100111010 8
b0101100111011 ;
1=
1>
#28775
0&
0=
0>
#28780
b00000000000000000000101100111110 "
b00000000000000000000101100111110 $
1&
b0101100111011 8
b0101100111100 ;
1=
1>
#28785
0&
0=
0>
#28790
b00000000000000000000101100111111 "
b00000000000000000000101100111111 $
1&
b0101100111100 8
b0101100111101 ;
1=
1>
#28795
0&
0=
0>
#28800
b00000000000000000000101101000000 "
b00000000000000000000101101000000 $
1&
b0101100111101 8
b0101100111110 ;
1=
1>
#28805
0&
0=
0>
#28810
b00000000000000000000101101000001 "
b00000000000000000000101101000001 $
1&
b0101100111110 8
b0101100111111 ;
1=
1>
#28815
0&
0=
0>
#28820
b00000000000000000000101101000010 "
b00000000000000000000101101000010 $
1&
b0101100111111 8
b0101101000000 ;
1=
1>
#28825
0&
0=
0>
#28830
b00000000000000000000101101000011 "
b00000000000000000000101101000011 $
1&
b0101101000000 8
b0101101000001 ;
1=
1>
#28835
0&
0=
0>
#28840
b00000000000000000000101101000100 "
b00000000000000000000101101000100 $
1&
b0101101000001 8
b0101101000010 ;
1=
1>
#28845
0&
0=
0>
#28850
b00000000000000000000101101000101 "
b00000000000000000000101101000101 $
1&
b0101101000010 8
b0101101000011 ;
1=
1>
#28855
0&
0=
0>
#28860
b00000000000000000000101101000110 "
b00000000000000000000101101000110 $
1&
b0101101000011 8
b0101101000100 ;
1=
1>
#28865
0&
0=
0>
#28870
b00000000000000000000101101000111 "
b00000000000000000000101101000111 $
1&
b0101101000100 8
b0101101000101 ;
1=
1>
#28875
0&
0=
0>
#28880
b00000000000000000000101101001000 "
b00000000000000000000101101001000 $
1&
b0101101000101 8
b0101101000110 ;
1=
1>
#28885
0&
0=
0>
#28890
b00000000000000000000101101001001 "
b00000000000000000000101101001001 $
1&
b0101101000110 8
b0101101000111 ;
1=
1>
#28895
0&
0=
0>
#28900
b00000000000000000000101101001010 "
b00000000000000000000101101001010 $
1&
b0101101000111 8
b0101101001000 ;
1=
1>
#28905
0&
0=
0>
#28910
b00000000000000000000101101001011 "
b00000000000000000000101101001011 $
1&
b0101101001000 8
b0101101001001 ;
1=
1>
#28915
0&
0=
0>
#28920
b00000000000000000000101101001100 "
b00000000000000000000101101001100 $
1&
b0101101001001 8
b0101101001010 ;
1=
1>
#28925
0&
0=
0>
#28930
b00000000000000000000101101001101 "
b00000000000000000000101101001101 $
1&
b0101101001010 8
b0101101001011 ;
1=
1>
#28935
0&
0=
0>
#28940
b00000000000000000000101101001110 "
b00000000000000000000101101001110 $
1&
b0101101001011 8
b0101101001100 ;
1=
1>
#28945
0&
0=
0>
#28950
b00000000000000000000101101001111 "
b00000000000000000000101101001111 $
1&
b0101101001100 8
b0101101001101 ;
1=
1>
#28955
0&
0=
0>
#28960
b00000000000000000000101101010000 "
b00000000000000000000101101010000 $
1&
b0101101001101 8
b0101101001110 ;
1=
1>
#28965
0&
0=
0>
#28970
b00000000000000000000101101010001 "
b00000000000000000000101101010001 $
1&
b0101101001110 8
b0101101001111 ;
1=
1>
#28975
0&
0=
0>
#28980
b00000000000000000000101101010010 "
b00000000000000000000101101010010 $
1&
b0101101001111 8
b0101101010000 ;
1=
1>
#28985
0&
0=
0>
#28990
b00000000000000000000101101010011 "
b00000000000000000000101101010011 $
1&
b0101101010000 8
b0101101010001 ;
1=
1>
#28995
0&
0=
0>
#29000
b00000000000000000000101101010100 "
b00000000000000000000101101010100 $
1&
b0101101010001 8
b0101101010010 ;
1=
1>
#29005
0&
0=
0>
#29010
b00000000000000000000101101010101 "
b00000000000000000000101101010101 $
1&
b0101101010010 8
b0101101010011 ;
1=
1>
#29015
0&
0=
0>
#29020
b00000000000000000000101101010110 "
b00000000000000000000101101010110 $
1&
b0101101010011 8
b0101101010100 ;
1=
1>
#29025
0&
0=
0>
#29030
b00000000000000000000101101010111 "
b00000000000000000000101101010111 $
1&
b0101101010100 8
b0101101010101 ;
1=
1>
#29035
0&
0=
0>
#29040
b00000000000000000000101101011000 "
b00000000000000000000101101011000 $
1&
b0101101010101 8
b0101101010110 ;
1=
1>
#29045
0&
0=
0>
#29050
b00000000000000000000101101011001 "
b00000000000000000000101101011001 $
1&
b0101101010110 8
b0101101010111 ;
1=
1>
#29055
0&
0=
0>
#29060
b00000000000000000000101101011010 "
b00000000000000000000101101011010 $
1&
b0101101010111 8
b0101101011000 ;
1=
1>
#29065
0&
0=
0>
#29070
b00000000000000000000101101011011 "
b00000000000000000000101101011011 $
1&
b0101101011000 8
b0101101011001 ;
1=
1>
#29075
0&
0=
0>
#29080
b00000000000000000000101101011100 "
b00000000000000000000101101011100 $
1&
b0101101011001 8
b0101101011010 ;
1=
1>
#29085
0&
0=
0>
#29090
b00000000000000000000101101011101 "
b00000000000000000000101101011101 $
1&
b0101101011010 8
b0101101011011 ;
1=
1>
#29095
0&
0=
0>
#29100
b00000000000000000000101101011110 "
b00000000000000000000101101011110 $
1&
b0101101011011 8
b0101101011100 ;
1=
1>
#29105
0&
0=
0>
#29110
b00000000000000000000101101011111 "
b00000000000000000000101101011111 $
1&
b0101101011100 8
b0101101011101 ;
1=
1>
#29115
0&
0=
0>
#29120
b00000000000000000000101101100000 "
b00000000000000000000101101100000 $
1&
b0101101011101 8
b0101101011110 ;
1=
1>
#29125
0&
0=
0>
#29130
b00000000000000000000101101100001 "
b00000000000000000000101101100001 $
1&
b0101101011110 8
b0101101011111 ;
1=
1>
#29135
0&
0=
0>
#29140
b00000000000000000000101101100010 "
b00000000000000000000101101100010 $
1&
b0101101011111 8
b0101101100000 ;
1=
1>
#29145
0&
0=
0>
#29150
b00000000000000000000101101100011 "
b00000000000000000000101101100011 $
1&
b0101101100000 8
b0101101100001 ;
1=
1>
#29155
0&
0=
0>
#29160
b00000000000000000000101101100100 "
b00000000000000000000101101100100 $
1&
b0101101100001 8
b0101101100010 ;
1=
1>
#29165
0&
0=
0>
#29170
b00000000000000000000101101100101 "
b00000000000000000000101101100101 $
1&
b0101101100010 8
b0101101100011 ;
1=
1>
#29175
0&
0=
0>
#29180
b00000000000000000000101101100110 "
b00000000000000000000101101100110 $
1&
b0101101100011 8
b0101101100100 ;
1=
1>
#29185
0&
0=
0>
#29190
b00000000000000000000101101100111 "
b00000000000000000000101101100111 $
1&
b0101101100100 8
b0101101100101 ;
1=
1>
#29195
0&
0=
0>
#29200
b00000000000000000000101101101000 "
b00000000000000000000101101101000 $
1&
b0101101100101 8
b0101101100110 ;
1=
1>
#29205
0&
0=
0>
#29210
b00000000000000000000101101101001 "
b00000000000000000000101101101001 $
1&
b0101101100110 8
b0101101100111 ;
1=
1>
#29215
0&
0=
0>
#29220
b00000000000000000000101101101010 "
b00000000000000000000101101101010 $
1&
b0101101100111 8
b0101101101000 ;
1=
1>
#29225
0&
0=
0>
#29230
b00000000000000000000101101101011 "
b00000000000000000000101101101011 $
1&
b0101101101000 8
b0101101101001 ;
1=
1>
#29235
0&
0=
0>
#29240
b00000000000000000000101101101100 "
b00000000000000000000101101101100 $
1&
b0101101101001 8
b0101101101010 ;
1=
1>
#29245
0&
0=
0>
#29250
b00000000000000000000101101101101 "
b00000000000000000000101101101101 $
1&
b0101101101010 8
b0101101101011 ;
1=
1>
#29255
0&
0=
0>
#29260
b00000000000000000000101101101110 "
b00000000000000000000101101101110 $
1&
b0101101101011 8
b0101101101100 ;
1=
1>
#29265
0&
0=
0>
#29270
b00000000000000000000101101101111 "
b00000000000000000000101101101111 $
1&
b0101101101100 8
b0101101101101 ;
1=
1>
#29275
0&
0=
0>
#29280
b00000000000000000000101101110000 "
b00000000000000000000101101110000 $
1&
b0101101101101 8
b0101101101110 ;
1=
1>
#29285
0&
0=
0>
#29290
b00000000000000000000101101110001 "
b00000000000000000000101101110001 $
1&
b0101101101110 8
b0101101101111 ;
1=
1>
#29295
0&
0=
0>
#29300
b00000000000000000000101101110010 "
b00000000000000000000101101110010 $
1&
b0101101101111 8
b0101101110000 ;
1=
1>
#29305
0&
0=
0>
#29310
b00000000000000000000101101110011 "
b00000000000000000000101101110011 $
1&
b0101101110000 8
b0101101110001 ;
1=
1>
#29315
0&
0=
0>
#29320
b00000000000000000000101101110100 "
b00000000000000000000101101110100 $
1&
b0101101110001 8
b0101101110010 ;
1=
1>
#29325
0&
0=
0>
#29330
b00000000000000000000101101110101 "
b00000000000000000000101101110101 $
1&
b0101101110010 8
b0101101110011 ;
1=
1>
#29335
0&
0=
0>
#29340
b00000000000000000000101101110110 "
b00000000000000000000101101110110 $
1&
b0101101110011 8
b0101101110100 ;
1=
1>
#29345
0&
0=
0>
#29350
b00000000000000000000101101110111 "
b00000000000000000000101101110111 $
1&
b0101101110100 8
b0101101110101 ;
1=
1>
#29355
0&
0=
0>
#29360
b00000000000000000000101101111000 "
b00000000000000000000101101111000 $
1&
b0101101110101 8
b0101101110110 ;
1=
1>
#29365
0&
0=
0>
#29370
b00000000000000000000101101111001 "
b00000000000000000000101101111001 $
1&
b0101101110110 8
b0101101110111 ;
1=
1>
#29375
0&
0=
0>
#29380
b00000000000000000000101101111010 "
b00000000000000000000101101111010 $
1&
b0101101110111 8
b0101101111000 ;
1=
1>
#29385
0&
0=
0>
#29390
b00000000000000000000101101111011 "
b00000000000000000000101101111011 $
1&
b0101101111000 8
b0101101111001 ;
1=
1>
#29395
0&
0=
0>
#29400
b00000000000000000000101101111100 "
b00000000000000000000101101111100 $
1&
b0101101111001 8
b0101101111010 ;
1=
1>
#29405
0&
0=
0>
#29410
b00000000000000000000101101111101 "
b00000000000000000000101101111101 $
1&
b0101101111010 8
b0101101111011 ;
1=
1>
#29415
0&
0=
0>
#29420
b00000000000000000000101101111110 "
b00000000000000000000101101111110 $
1&
b0101101111011 8
b0101101111100 ;
1=
1>
#29425
0&
0=
0>
#29430
b00000000000000000000101101111111 "
b00000000000000000000101101111111 $
1&
b0101101111100 8
b0101101111101 ;
1=
1>
#29435
0&
0=
0>
#29440
b00000000000000000000101110000000 "
b00000000000000000000101110000000 $
1&
b0101101111101 8
b0101101111110 ;
1=
1>
#29445
0&
0=
0>
#29450
b00000000000000000000101110000001 "
b00000000000000000000101110000001 $
1&
b0101101111110 8
b0101101111111 ;
1=
1>
#29455
0&
0=
0>
#29460
b00000000000000000000101110000010 "
b00000000000000000000101110000010 $
1&
b0101101111111 8
b0101110000000 ;
1=
1>
#29465
0&
0=
0>
#29470
b00000000000000000000101110000011 "
b00000000000000000000101110000011 $
1&
b0101110000000 8
b0101110000001 ;
1=
1>
#29475
0&
0=
0>
#29480
b00000000000000000000101110000100 "
b00000000000000000000101110000100 $
1&
b0101110000001 8
b0101110000010 ;
1=
1>
#29485
0&
0=
0>
#29490
b00000000000000000000101110000101 "
b00000000000000000000101110000101 $
1&
b0101110000010 8
b0101110000011 ;
1=
1>
#29495
0&
0=
0>
#29500
b00000000000000000000101110000110 "
b00000000000000000000101110000110 $
1&
b0101110000011 8
b0101110000100 ;
1=
1>
#29505
0&
0=
0>
#29510
b00000000000000000000101110000111 "
b00000000000000000000101110000111 $
1&
b0101110000100 8
b0101110000101 ;
1=
1>
#29515
0&
0=
0>
#29520
b00000000000000000000101110001000 "
b00000000000000000000101110001000 $
1&
b0101110000101 8
b0101110000110 ;
1=
1>
#29525
0&
0=
0>
#29530
b00000000000000000000101110001001 "
b00000000000000000000101110001001 $
1&
b0101110000110 8
b0101110000111 ;
1=
1>
#29535
0&
0=
0>
#29540
b00000000000000000000101110001010 "
b00000000000000000000101110001010 $
1&
b0101110000111 8
b0101110001000 ;
1=
1>
#29545
0&
0=
0>
#29550
b00000000000000000000101110001011 "
b00000000000000000000101110001011 $
1&
b0101110001000 8
b0101110001001 ;
1=
1>
#29555
0&
0=
0>
#29560
b00000000000000000000101110001100 "
b00000000000000000000101110001100 $
1&
b0101110001001 8
b0101110001010 ;
1=
1>
#29565
0&
0=
0>
#29570
b00000000000000000000101110001101 "
b00000000000000000000101110001101 $
1&
b0101110001010 8
b0101110001011 ;
1=
1>
#29575
0&
0=
0>
#29580
b00000000000000000000101110001110 "
b00000000000000000000101110001110 $
1&
b0101110001011 8
b0101110001100 ;
1=
1>
#29585
0&
0=
0>
#29590
b00000000000000000000101110001111 "
b00000000000000000000101110001111 $
1&
b0101110001100 8
b0101110001101 ;
1=
1>
#29595
0&
0=
0>
#29600
b00000000000000000000101110010000 "
b00000000000000000000101110010000 $
1&
b0101110001101 8
b0101110001110 ;
1=
1>
#29605
0&
0=
0>
#29610
b00000000000000000000101110010001 "
b00000000000000000000101110010001 $
1&
b0101110001110 8
b0101110001111 ;
1=
1>
#29615
0&
0=
0>
#29620
b00000000000000000000101110010010 "
b00000000000000000000101110010010 $
1&
b0101110001111 8
b0101110010000 ;
1=
1>
#29625
0&
0=
0>
#29630
b00000000000000000000101110010011 "
b00000000000000000000101110010011 $
1&
b0101110010000 8
b0101110010001 ;
1=
1>
#29635
0&
0=
0>
#29640
b00000000000000000000101110010100 "
b00000000000000000000101110010100 $
1&
b0101110010001 8
b0101110010010 ;
1=
1>
#29645
0&
0=
0>
#29650
b00000000000000000000101110010101 "
b00000000000000000000101110010101 $
1&
b0101110010010 8
b0101110010011 ;
1=
1>
#29655
0&
0=
0>
#29660
b00000000000000000000101110010110 "
b00000000000000000000101110010110 $
1&
b0101110010011 8
b0101110010100 ;
1=
1>
#29665
0&
0=
0>
#29670
b00000000000000000000101110010111 "
b00000000000000000000101110010111 $
1&
b0101110010100 8
b0101110010101 ;
1=
1>
#29675
0&
0=
0>
#29680
b00000000000000000000101110011000 "
b00000000000000000000101110011000 $
1&
b0101110010101 8
b0101110010110 ;
1=
1>
#29685
0&
0=
0>
#29690
b00000000000000000000101110011001 "
b00000000000000000000101110011001 $
1&
b0101110010110 8
b0101110010111 ;
1=
1>
#29695
0&
0=
0>
#29700
b00000000000000000000101110011010 "
b00000000000000000000101110011010 $
1&
b0101110010111 8
b0101110011000 ;
1=
1>
#29705
0&
0=
0>
#29710
b00000000000000000000101110011011 "
b00000000000000000000101110011011 $
1&
b0101110011000 8
b0101110011001 ;
1=
1>
#29715
0&
0=
0>
#29720
b00000000000000000000101110011100 "
b00000000000000000000101110011100 $
1&
b0101110011001 8
b0101110011010 ;
1=
1>
#29725
0&
0=
0>
#29730
b00000000000000000000101110011101 "
b00000000000000000000101110011101 $
1&
b0101110011010 8
b0101110011011 ;
1=
1>
#29735
0&
0=
0>
#29740
b00000000000000000000101110011110 "
b00000000000000000000101110011110 $
1&
b0101110011011 8
b0101110011100 ;
1=
1>
#29745
0&
0=
0>
#29750
b00000000000000000000101110011111 "
b00000000000000000000101110011111 $
1&
b0101110011100 8
b0101110011101 ;
1=
1>
#29755
0&
0=
0>
#29760
b00000000000000000000101110100000 "
b00000000000000000000101110100000 $
1&
b0101110011101 8
b0101110011110 ;
1=
1>
#29765
0&
0=
0>
#29770
b00000000000000000000101110100001 "
b00000000000000000000101110100001 $
1&
b0101110011110 8
b0101110011111 ;
1=
1>
#29775
0&
0=
0>
#29780
b00000000000000000000101110100010 "
b00000000000000000000101110100010 $
1&
b0101110011111 8
b0101110100000 ;
1=
1>
#29785
0&
0=
0>
#29790
b00000000000000000000101110100011 "
b00000000000000000000101110100011 $
1&
b0101110100000 8
b0101110100001 ;
1=
1>
#29795
0&
0=
0>
#29800
b00000000000000000000101110100100 "
b00000000000000000000101110100100 $
1&
b0101110100001 8
b0101110100010 ;
1=
1>
#29805
0&
0=
0>
#29810
b00000000000000000000101110100101 "
b00000000000000000000101110100101 $
1&
b0101110100010 8
b0101110100011 ;
1=
1>
#29815
0&
0=
0>
#29820
b00000000000000000000101110100110 "
b00000000000000000000101110100110 $
1&
b0101110100011 8
b0101110100100 ;
1=
1>
#29825
0&
0=
0>
#29830
b00000000000000000000101110100111 "
b00000000000000000000101110100111 $
1&
b0101110100100 8
b0101110100101 ;
1=
1>
#29835
0&
0=
0>
#29840
b00000000000000000000101110101000 "
b00000000000000000000101110101000 $
1&
b0101110100101 8
b0101110100110 ;
1=
1>
#29845
0&
0=
0>
#29850
b00000000000000000000101110101001 "
b00000000000000000000101110101001 $
1&
b0101110100110 8
b0101110100111 ;
1=
1>
#29855
0&
0=
0>
#29860
b00000000000000000000101110101010 "
b00000000000000000000101110101010 $
1&
b0101110100111 8
b0101110101000 ;
1=
1>
#29865
0&
0=
0>
#29870
b00000000000000000000101110101011 "
b00000000000000000000101110101011 $
1&
b0101110101000 8
b0101110101001 ;
1=
1>
#29875
0&
0=
0>
#29880
b00000000000000000000101110101100 "
b00000000000000000000101110101100 $
1&
b0101110101001 8
b0101110101010 ;
1=
1>
#29885
0&
0=
0>
#29890
b00000000000000000000101110101101 "
b00000000000000000000101110101101 $
1&
b0101110101010 8
b0101110101011 ;
1=
1>
#29895
0&
0=
0>
#29900
b00000000000000000000101110101110 "
b00000000000000000000101110101110 $
1&
b0101110101011 8
b0101110101100 ;
1=
1>
#29905
0&
0=
0>
#29910
b00000000000000000000101110101111 "
b00000000000000000000101110101111 $
1&
b0101110101100 8
b0101110101101 ;
1=
1>
#29915
0&
0=
0>
#29920
b00000000000000000000101110110000 "
b00000000000000000000101110110000 $
1&
b0101110101101 8
b0101110101110 ;
1=
1>
#29925
0&
0=
0>
#29930
b00000000000000000000101110110001 "
b00000000000000000000101110110001 $
1&
b0101110101110 8
b0101110101111 ;
1=
1>
#29935
0&
0=
0>
#29940
b00000000000000000000101110110010 "
b00000000000000000000101110110010 $
1&
b0101110101111 8
b0101110110000 ;
1=
1>
#29945
0&
0=
0>
#29950
b00000000000000000000101110110011 "
b00000000000000000000101110110011 $
1&
b0101110110000 8
b0101110110001 ;
1=
1>
#29955
0&
0=
0>
#29960
b00000000000000000000101110110100 "
b00000000000000000000101110110100 $
1&
b0101110110001 8
b0101110110010 ;
1=
1>
#29965
0&
0=
0>
#29970
b00000000000000000000101110110101 "
b00000000000000000000101110110101 $
1&
b0101110110010 8
b0101110110011 ;
1=
1>
#29975
0&
0=
0>
#29980
b00000000000000000000101110110110 "
b00000000000000000000101110110110 $
1&
b0101110110011 8
b0101110110100 ;
1=
1>
#29985
0&
0=
0>
#29990
b00000000000000000000101110110111 "
b00000000000000000000101110110111 $
1&
b0101110110100 8
b0101110110101 ;
1=
1>
#29995
0&
0=
0>
#30000
b00000000000000000000101110111000 "
b00000000000000000000101110111000 $
1&
b0101110110101 8
b0101110110110 ;
1=
1>
#30005
0&
0=
0>
#30010
b00000000000000000000101110111001 "
b00000000000000000000101110111001 $
1&
b0101110110110 8
b0101110110111 ;
1=
1>
#30015
0&
0=
0>
#30020
b00000000000000000000101110111010 "
b00000000000000000000101110111010 $
1&
b0101110110111 8
b0101110111000 ;
1=
1>
#30025
0&
0=
0>
#30030
b00000000000000000000101110111011 "
b00000000000000000000101110111011 $
1&
b0101110111000 8
b0101110111001 ;
1=
1>
#30035
0&
0=
0>
#30040
b00000000000000000000101110111100 "
b00000000000000000000101110111100 $
1&
b0101110111001 8
b0101110111010 ;
1=
1>
#30045
0&
0=
0>
#30050
b00000000000000000000101110111101 "
b00000000000000000000101110111101 $
1&
b0101110111010 8
b0101110111011 ;
1=
1>
#30055
0&
0=
0>
#30060
b00000000000000000000101110111110 "
b00000000000000000000101110111110 $
1&
b0101110111011 8
b0101110111100 ;
1=
1>
#30065
0&
0=
0>
#30070
b00000000000000000000101110111111 "
b00000000000000000000101110111111 $
1&
b0101110111100 8
b0101110111101 ;
1=
1>
#30075
0&
0=
0>
#30080
b00000000000000000000101111000000 "
b00000000000000000000101111000000 $
1&
b0101110111101 8
b0101110111110 ;
1=
1>
#30085
0&
0=
0>
#30090
b00000000000000000000101111000001 "
b00000000000000000000101111000001 $
1&
b0101110111110 8
b0101110111111 ;
1=
1>
#30095
0&
0=
0>
#30100
b00000000000000000000101111000010 "
b00000000000000000000101111000010 $
1&
b0101110111111 8
b0101111000000 ;
1=
1>
#30105
0&
0=
0>
#30110
b00000000000000000000101111000011 "
b00000000000000000000101111000011 $
1&
b0101111000000 8
b0101111000001 ;
1=
1>
#30115
0&
0=
0>
#30120
b00000000000000000000101111000100 "
b00000000000000000000101111000100 $
1&
b0101111000001 8
b0101111000010 ;
1=
1>
#30125
0&
0=
0>
#30130
b00000000000000000000101111000101 "
b00000000000000000000101111000101 $
1&
b0101111000010 8
b0101111000011 ;
1=
1>
#30135
0&
0=
0>
#30140
b00000000000000000000101111000110 "
b00000000000000000000101111000110 $
1&
b0101111000011 8
b0101111000100 ;
1=
1>
#30145
0&
0=
0>
#30150
b00000000000000000000101111000111 "
b00000000000000000000101111000111 $
1&
b0101111000100 8
b0101111000101 ;
1=
1>
#30155
0&
0=
0>
#30160
b00000000000000000000101111001000 "
b00000000000000000000101111001000 $
1&
b0101111000101 8
b0101111000110 ;
1=
1>
#30165
0&
0=
0>
#30170
b00000000000000000000101111001001 "
b00000000000000000000101111001001 $
1&
b0101111000110 8
b0101111000111 ;
1=
1>
#30175
0&
0=
0>
#30180
b00000000000000000000101111001010 "
b00000000000000000000101111001010 $
1&
b0101111000111 8
b0101111001000 ;
1=
1>
#30185
0&
0=
0>
#30190
b00000000000000000000101111001011 "
b00000000000000000000101111001011 $
1&
b0101111001000 8
b0101111001001 ;
1=
1>
#30195
0&
0=
0>
#30200
b00000000000000000000101111001100 "
b00000000000000000000101111001100 $
1&
b0101111001001 8
b0101111001010 ;
1=
1>
#30205
0&
0=
0>
#30210
b00000000000000000000101111001101 "
b00000000000000000000101111001101 $
1&
b0101111001010 8
b0101111001011 ;
1=
1>
#30215
0&
0=
0>
#30220
b00000000000000000000101111001110 "
b00000000000000000000101111001110 $
1&
b0101111001011 8
b0101111001100 ;
1=
1>
#30225
0&
0=
0>
#30230
b00000000000000000000101111001111 "
b00000000000000000000101111001111 $
1&
b0101111001100 8
b0101111001101 ;
1=
1>
#30235
0&
0=
0>
#30240
b00000000000000000000101111010000 "
b00000000000000000000101111010000 $
1&
b0101111001101 8
b0101111001110 ;
1=
1>
#30245
0&
0=
0>
#30250
b00000000000000000000101111010001 "
b00000000000000000000101111010001 $
1&
b0101111001110 8
b0101111001111 ;
1=
1>
#30255
0&
0=
0>
#30260
b00000000000000000000101111010010 "
b00000000000000000000101111010010 $
1&
b0101111001111 8
b0101111010000 ;
1=
1>
#30265
0&
0=
0>
#30270
b00000000000000000000101111010011 "
b00000000000000000000101111010011 $
1&
b0101111010000 8
b0101111010001 ;
1=
1>
#30275
0&
0=
0>
#30280
b00000000000000000000101111010100 "
b00000000000000000000101111010100 $
1&
b0101111010001 8
b0101111010010 ;
1=
1>
#30285
0&
0=
0>
#30290
b00000000000000000000101111010101 "
b00000000000000000000101111010101 $
1&
b0101111010010 8
b0101111010011 ;
1=
1>
#30295
0&
0=
0>
#30300
b00000000000000000000101111010110 "
b00000000000000000000101111010110 $
1&
b0101111010011 8
b0101111010100 ;
1=
1>
#30305
0&
0=
0>
#30310
b00000000000000000000101111010111 "
b00000000000000000000101111010111 $
1&
b0101111010100 8
b0101111010101 ;
1=
1>
#30315
0&
0=
0>
#30320
b00000000000000000000101111011000 "
b00000000000000000000101111011000 $
1&
b0101111010101 8
b0101111010110 ;
1=
1>
#30325
0&
0=
0>
#30330
b00000000000000000000101111011001 "
b00000000000000000000101111011001 $
1&
b0101111010110 8
b0101111010111 ;
1=
1>
#30335
0&
0=
0>
#30340
b00000000000000000000101111011010 "
b00000000000000000000101111011010 $
1&
b0101111010111 8
b0101111011000 ;
1=
1>
#30345
0&
0=
0>
#30350
b00000000000000000000101111011011 "
b00000000000000000000101111011011 $
1&
b0101111011000 8
b0101111011001 ;
1=
1>
#30355
0&
0=
0>
#30360
b00000000000000000000101111011100 "
b00000000000000000000101111011100 $
1&
b0101111011001 8
b0101111011010 ;
1=
1>
#30365
0&
0=
0>
#30370
b00000000000000000000101111011101 "
b00000000000000000000101111011101 $
1&
b0101111011010 8
b0101111011011 ;
1=
1>
#30375
0&
0=
0>
#30380
b00000000000000000000101111011110 "
b00000000000000000000101111011110 $
1&
b0101111011011 8
b0101111011100 ;
1=
1>
#30385
0&
0=
0>
#30390
b00000000000000000000101111011111 "
b00000000000000000000101111011111 $
1&
b0101111011100 8
b0101111011101 ;
1=
1>
#30395
0&
0=
0>
#30400
b00000000000000000000101111100000 "
b00000000000000000000101111100000 $
1&
b0101111011101 8
b0101111011110 ;
1=
1>
#30405
0&
0=
0>
#30410
b00000000000000000000101111100001 "
b00000000000000000000101111100001 $
1&
b0101111011110 8
b0101111011111 ;
1=
1>
#30415
0&
0=
0>
#30420
b00000000000000000000101111100010 "
b00000000000000000000101111100010 $
1&
b0101111011111 8
b0101111100000 ;
1=
1>
#30425
0&
0=
0>
#30430
b00000000000000000000101111100011 "
b00000000000000000000101111100011 $
1&
b0101111100000 8
b0101111100001 ;
1=
1>
#30435
0&
0=
0>
#30440
b00000000000000000000101111100100 "
b00000000000000000000101111100100 $
1&
b0101111100001 8
b0101111100010 ;
1=
1>
#30445
0&
0=
0>
#30450
b00000000000000000000101111100101 "
b00000000000000000000101111100101 $
1&
b0101111100010 8
b0101111100011 ;
1=
1>
#30455
0&
0=
0>
#30460
b00000000000000000000101111100110 "
b00000000000000000000101111100110 $
1&
b0101111100011 8
b0101111100100 ;
1=
1>
#30465
0&
0=
0>
#30470
b00000000000000000000101111100111 "
b00000000000000000000101111100111 $
1&
b0101111100100 8
b0101111100101 ;
1=
1>
#30475
0&
0=
0>
#30480
b00000000000000000000101111101000 "
b00000000000000000000101111101000 $
1&
b0101111100101 8
b0101111100110 ;
1=
1>
#30485
0&
0=
0>
#30490
b00000000000000000000101111101001 "
b00000000000000000000101111101001 $
1&
b0101111100110 8
b0101111100111 ;
1=
1>
#30495
0&
0=
0>
#30500
b00000000000000000000101111101010 "
b00000000000000000000101111101010 $
1&
b0101111100111 8
b0101111101000 ;
1=
1>
#30505
0&
0=
0>
#30510
b00000000000000000000101111101011 "
b00000000000000000000101111101011 $
1&
b0101111101000 8
b0101111101001 ;
1=
1>
#30515
0&
0=
0>
#30520
b00000000000000000000101111101100 "
b00000000000000000000101111101100 $
1&
b0101111101001 8
b0101111101010 ;
1=
1>
#30525
0&
0=
0>
#30530
b00000000000000000000101111101101 "
b00000000000000000000101111101101 $
1&
b0101111101010 8
b0101111101011 ;
1=
1>
#30535
0&
0=
0>
#30540
b00000000000000000000101111101110 "
b00000000000000000000101111101110 $
1&
b0101111101011 8
b0101111101100 ;
1=
1>
#30545
0&
0=
0>
#30550
b00000000000000000000101111101111 "
b00000000000000000000101111101111 $
1&
b0101111101100 8
b0101111101101 ;
1=
1>
#30555
0&
0=
0>
#30560
b00000000000000000000101111110000 "
b00000000000000000000101111110000 $
1&
b0101111101101 8
b0101111101110 ;
1=
1>
#30565
0&
0=
0>
#30570
b00000000000000000000101111110001 "
b00000000000000000000101111110001 $
1&
b0101111101110 8
b0101111101111 ;
1=
1>
#30575
0&
0=
0>
#30580
b00000000000000000000101111110010 "
b00000000000000000000101111110010 $
1&
b0101111101111 8
b0101111110000 ;
1=
1>
#30585
0&
0=
0>
#30590
b00000000000000000000101111110011 "
b00000000000000000000101111110011 $
1&
b0101111110000 8
b0101111110001 ;
1=
1>
#30595
0&
0=
0>
#30600
b00000000000000000000101111110100 "
b00000000000000000000101111110100 $
1&
b0101111110001 8
b0101111110010 ;
1=
1>
#30605
0&
0=
0>
#30610
b00000000000000000000101111110101 "
b00000000000000000000101111110101 $
1&
b0101111110010 8
b0101111110011 ;
1=
1>
#30615
0&
0=
0>
#30620
b00000000000000000000101111110110 "
b00000000000000000000101111110110 $
1&
b0101111110011 8
b0101111110100 ;
1=
1>
#30625
0&
0=
0>
#30630
b00000000000000000000101111110111 "
b00000000000000000000101111110111 $
1&
b0101111110100 8
b0101111110101 ;
1=
1>
#30635
0&
0=
0>
#30640
b00000000000000000000101111111000 "
b00000000000000000000101111111000 $
1&
b0101111110101 8
b0101111110110 ;
1=
1>
#30645
0&
0=
0>
#30650
b00000000000000000000101111111001 "
b00000000000000000000101111111001 $
1&
b0101111110110 8
b0101111110111 ;
1=
1>
#30655
0&
0=
0>
#30660
b00000000000000000000101111111010 "
b00000000000000000000101111111010 $
1&
b0101111110111 8
b0101111111000 ;
1=
1>
#30665
0&
0=
0>
#30670
b00000000000000000000101111111011 "
b00000000000000000000101111111011 $
1&
b0101111111000 8
b0101111111001 ;
1=
1>
#30675
0&
0=
0>
#30680
b00000000000000000000101111111100 "
b00000000000000000000101111111100 $
1&
b0101111111001 8
b0101111111010 ;
1=
1>
#30685
0&
0=
0>
#30690
b00000000000000000000101111111101 "
b00000000000000000000101111111101 $
1&
b0101111111010 8
b0101111111011 ;
1=
1>
#30695
0&
0=
0>
#30700
b00000000000000000000101111111110 "
b00000000000000000000101111111110 $
1&
b0101111111011 8
b0101111111100 ;
1=
1>
#30705
0&
0=
0>
#30710
b00000000000000000000101111111111 "
b00000000000000000000101111111111 $
1&
b0101111111100 8
b0101111111101 ;
1=
1>
#30715
0&
0=
0>
#30720
b00000000000000000000110000000000 "
b00000000000000000000110000000000 $
1&
b0101111111101 8
b0101111111110 ;
1=
1>
#30725
0&
0=
0>
#30730
b00000000000000000000110000000001 "
b00000000000000000000110000000001 $
1&
b0101111111110 8
b0101111111111 ;
1=
1>
#30735
0&
0=
0>
#30740
b00000000000000000000110000000010 "
b00000000000000000000110000000010 $
1&
b0101111111111 8
b0110000000000 ;
1=
1>
#30745
0&
0=
0>
#30750
b00000000000000000000110000000011 "
b00000000000000000000110000000011 $
1&
b0110000000000 8
b0110000000001 ;
1=
1>
#30755
0&
0=
0>
#30760
b00000000000000000000110000000100 "
b00000000000000000000110000000100 $
1&
b0110000000001 8
b0110000000010 ;
1=
1>
#30765
0&
0=
0>
#30770
b00000000000000000000110000000101 "
b00000000000000000000110000000101 $
1&
b0110000000010 8
b0110000000011 ;
1=
1>
#30775
0&
0=
0>
#30780
b00000000000000000000110000000110 "
b00000000000000000000110000000110 $
1&
b0110000000011 8
b0110000000100 ;
1=
1>
#30785
0&
0=
0>
#30790
b00000000000000000000110000000111 "
b00000000000000000000110000000111 $
1&
b0110000000100 8
b0110000000101 ;
1=
1>
#30795
0&
0=
0>
#30800
b00000000000000000000110000001000 "
b00000000000000000000110000001000 $
1&
b0110000000101 8
b0110000000110 ;
1=
1>
#30805
0&
0=
0>
#30810
b00000000000000000000110000001001 "
b00000000000000000000110000001001 $
1&
b0110000000110 8
b0110000000111 ;
1=
1>
#30815
0&
0=
0>
#30820
b00000000000000000000110000001010 "
b00000000000000000000110000001010 $
1&
b0110000000111 8
b0110000001000 ;
1=
1>
#30825
0&
0=
0>
#30830
b00000000000000000000110000001011 "
b00000000000000000000110000001011 $
1&
b0110000001000 8
b0110000001001 ;
1=
1>
#30835
0&
0=
0>
#30840
b00000000000000000000110000001100 "
b00000000000000000000110000001100 $
1&
b0110000001001 8
b0110000001010 ;
1=
1>
#30845
0&
0=
0>
#30850
b00000000000000000000110000001101 "
b00000000000000000000110000001101 $
1&
b0110000001010 8
b0110000001011 ;
1=
1>
#30855
0&
0=
0>
#30860
b00000000000000000000110000001110 "
b00000000000000000000110000001110 $
1&
b0110000001011 8
b0110000001100 ;
1=
1>
#30865
0&
0=
0>
#30870
b00000000000000000000110000001111 "
b00000000000000000000110000001111 $
1&
b0110000001100 8
b0110000001101 ;
1=
1>
#30875
0&
0=
0>
#30880
b00000000000000000000110000010000 "
b00000000000000000000110000010000 $
1&
b0110000001101 8
b0110000001110 ;
1=
1>
#30885
0&
0=
0>
#30890
b00000000000000000000110000010001 "
b00000000000000000000110000010001 $
1&
b0110000001110 8
b0110000001111 ;
1=
1>
#30895
0&
0=
0>
#30900
b00000000000000000000110000010010 "
b00000000000000000000110000010010 $
1&
b0110000001111 8
b0110000010000 ;
1=
1>
#30905
0&
0=
0>
#30910
b00000000000000000000110000010011 "
b00000000000000000000110000010011 $
1&
b0110000010000 8
b0110000010001 ;
1=
1>
#30915
0&
0=
0>
#30920
b00000000000000000000110000010100 "
b00000000000000000000110000010100 $
1&
b0110000010001 8
b0110000010010 ;
1=
1>
#30925
0&
0=
0>
#30930
b00000000000000000000110000010101 "
b00000000000000000000110000010101 $
1&
b0110000010010 8
b0110000010011 ;
1=
1>
#30935
0&
0=
0>
#30940
b00000000000000000000110000010110 "
b00000000000000000000110000010110 $
1&
b0110000010011 8
b0110000010100 ;
1=
1>
#30945
0&
0=
0>
#30950
b00000000000000000000110000010111 "
b00000000000000000000110000010111 $
1&
b0110000010100 8
b0110000010101 ;
1=
1>
#30955
0&
0=
0>
#30960
b00000000000000000000110000011000 "
b00000000000000000000110000011000 $
1&
b0110000010101 8
b0110000010110 ;
1=
1>
#30965
0&
0=
0>
#30970
b00000000000000000000110000011001 "
b00000000000000000000110000011001 $
1&
b0110000010110 8
b0110000010111 ;
1=
1>
#30975
0&
0=
0>
#30980
b00000000000000000000110000011010 "
b00000000000000000000110000011010 $
1&
b0110000010111 8
b0110000011000 ;
1=
1>
#30985
0&
0=
0>
#30990
b00000000000000000000110000011011 "
b00000000000000000000110000011011 $
1&
b0110000011000 8
b0110000011001 ;
1=
1>
#30995
0&
0=
0>
#31000
b00000000000000000000110000011100 "
b00000000000000000000110000011100 $
1&
b0110000011001 8
b0110000011010 ;
1=
1>
#31005
0&
0=
0>
#31010
b00000000000000000000110000011101 "
b00000000000000000000110000011101 $
1&
b0110000011010 8
b0110000011011 ;
1=
1>
#31015
0&
0=
0>
#31020
b00000000000000000000110000011110 "
b00000000000000000000110000011110 $
1&
b0110000011011 8
b0110000011100 ;
1=
1>
#31025
0&
0=
0>
#31030
b00000000000000000000110000011111 "
b00000000000000000000110000011111 $
1&
b0110000011100 8
b0110000011101 ;
1=
1>
#31035
0&
0=
0>
#31040
b00000000000000000000110000100000 "
b00000000000000000000110000100000 $
1&
b0110000011101 8
b0110000011110 ;
1=
1>
#31045
0&
0=
0>
#31050
b00000000000000000000110000100001 "
b00000000000000000000110000100001 $
1&
b0110000011110 8
b0110000011111 ;
1=
1>
#31055
0&
0=
0>
#31060
b00000000000000000000110000100010 "
b00000000000000000000110000100010 $
1&
b0110000011111 8
b0110000100000 ;
1=
1>
#31065
0&
0=
0>
#31070
b00000000000000000000110000100011 "
b00000000000000000000110000100011 $
1&
b0110000100000 8
b0110000100001 ;
1=
1>
#31075
0&
0=
0>
#31080
b00000000000000000000110000100100 "
b00000000000000000000110000100100 $
1&
b0110000100001 8
b0110000100010 ;
1=
1>
#31085
0&
0=
0>
#31090
b00000000000000000000110000100101 "
b00000000000000000000110000100101 $
1&
b0110000100010 8
b0110000100011 ;
1=
1>
#31095
0&
0=
0>
#31100
b00000000000000000000110000100110 "
b00000000000000000000110000100110 $
1&
b0110000100011 8
b0110000100100 ;
1=
1>
#31105
0&
0=
0>
#31110
b00000000000000000000110000100111 "
b00000000000000000000110000100111 $
1&
b0110000100100 8
b0110000100101 ;
1=
1>
#31115
0&
0=
0>
#31120
b00000000000000000000110000101000 "
b00000000000000000000110000101000 $
1&
b0110000100101 8
b0110000100110 ;
1=
1>
#31125
0&
0=
0>
#31130
b00000000000000000000110000101001 "
b00000000000000000000110000101001 $
1&
b0110000100110 8
b0110000100111 ;
1=
1>
#31135
0&
0=
0>
#31140
b00000000000000000000110000101010 "
b00000000000000000000110000101010 $
1&
b0110000100111 8
b0110000101000 ;
1=
1>
#31145
0&
0=
0>
#31150
b00000000000000000000110000101011 "
b00000000000000000000110000101011 $
1&
b0110000101000 8
b0110000101001 ;
1=
1>
#31155
0&
0=
0>
#31160
b00000000000000000000110000101100 "
b00000000000000000000110000101100 $
1&
b0110000101001 8
b0110000101010 ;
1=
1>
#31165
0&
0=
0>
#31170
b00000000000000000000110000101101 "
b00000000000000000000110000101101 $
1&
b0110000101010 8
b0110000101011 ;
1=
1>
#31175
0&
0=
0>
#31180
b00000000000000000000110000101110 "
b00000000000000000000110000101110 $
1&
b0110000101011 8
b0110000101100 ;
1=
1>
#31185
0&
0=
0>
#31190
b00000000000000000000110000101111 "
b00000000000000000000110000101111 $
1&
b0110000101100 8
b0110000101101 ;
1=
1>
#31195
0&
0=
0>
#31200
b00000000000000000000110000110000 "
b00000000000000000000110000110000 $
1&
b0110000101101 8
b0110000101110 ;
1=
1>
#31205
0&
0=
0>
#31210
b00000000000000000000110000110001 "
b00000000000000000000110000110001 $
1&
b0110000101110 8
b0110000101111 ;
1=
1>
#31215
0&
0=
0>
#31220
b00000000000000000000110000110010 "
b00000000000000000000110000110010 $
1&
b0110000101111 8
b0110000110000 ;
1=
1>
#31225
0&
0=
0>
#31230
b00000000000000000000110000110011 "
b00000000000000000000110000110011 $
1&
b0110000110000 8
b0110000110001 ;
1=
1>
#31235
0&
0=
0>
#31240
b00000000000000000000110000110100 "
b00000000000000000000110000110100 $
1&
b0110000110001 8
b0110000110010 ;
1=
1>
#31245
0&
0=
0>
#31250
b00000000000000000000110000110101 "
b00000000000000000000110000110101 $
1&
b0110000110010 8
b0110000110011 ;
1=
1>
#31255
0&
0=
0>
#31260
b00000000000000000000110000110110 "
b00000000000000000000110000110110 $
1&
b0110000110011 8
b0110000110100 ;
1=
1>
#31265
0&
0=
0>
#31270
b00000000000000000000110000110111 "
b00000000000000000000110000110111 $
1&
b0110000110100 8
b0110000110101 ;
1=
1>
#31275
0&
0=
0>
#31280
b00000000000000000000110000111000 "
b00000000000000000000110000111000 $
1&
b0110000110101 8
b0110000110110 ;
1=
1>
#31285
0&
0=
0>
#31290
b00000000000000000000110000111001 "
b00000000000000000000110000111001 $
1&
b0110000110110 8
b0110000110111 ;
1=
1>
#31295
0&
0=
0>
#31300
b00000000000000000000110000111010 "
b00000000000000000000110000111010 $
1&
b0110000110111 8
b0110000111000 ;
1=
1>
#31305
0&
0=
0>
#31310
b00000000000000000000110000111011 "
b00000000000000000000110000111011 $
1&
b0110000111000 8
b0110000111001 ;
1=
1>
#31315
0&
0=
0>
#31320
b00000000000000000000110000111100 "
b00000000000000000000110000111100 $
1&
b0110000111001 8
b0110000111010 ;
1=
1>
#31325
0&
0=
0>
#31330
b00000000000000000000110000111101 "
b00000000000000000000110000111101 $
1&
b0110000111010 8
b0110000111011 ;
1=
1>
#31335
0&
0=
0>
#31340
b00000000000000000000110000111110 "
b00000000000000000000110000111110 $
1&
b0110000111011 8
b0110000111100 ;
1=
1>
#31345
0&
0=
0>
#31350
b00000000000000000000110000111111 "
b00000000000000000000110000111111 $
1&
b0110000111100 8
b0110000111101 ;
1=
1>
#31355
0&
0=
0>
#31360
b00000000000000000000110001000000 "
b00000000000000000000110001000000 $
1&
b0110000111101 8
b0110000111110 ;
1=
1>
#31365
0&
0=
0>
#31370
b00000000000000000000110001000001 "
b00000000000000000000110001000001 $
1&
b0110000111110 8
b0110000111111 ;
1=
1>
#31375
0&
0=
0>
#31380
b00000000000000000000110001000010 "
b00000000000000000000110001000010 $
1&
b0110000111111 8
b0110001000000 ;
1=
1>
#31385
0&
0=
0>
#31390
b00000000000000000000110001000011 "
b00000000000000000000110001000011 $
1&
b0110001000000 8
b0110001000001 ;
1=
1>
#31395
0&
0=
0>
#31400
b00000000000000000000110001000100 "
b00000000000000000000110001000100 $
1&
b0110001000001 8
b0110001000010 ;
1=
1>
#31405
0&
0=
0>
#31410
b00000000000000000000110001000101 "
b00000000000000000000110001000101 $
1&
b0110001000010 8
b0110001000011 ;
1=
1>
#31415
0&
0=
0>
#31420
b00000000000000000000110001000110 "
b00000000000000000000110001000110 $
1&
b0110001000011 8
b0110001000100 ;
1=
1>
#31425
0&
0=
0>
#31430
b00000000000000000000110001000111 "
b00000000000000000000110001000111 $
1&
b0110001000100 8
b0110001000101 ;
1=
1>
#31435
0&
0=
0>
#31440
b00000000000000000000110001001000 "
b00000000000000000000110001001000 $
1&
b0110001000101 8
b0110001000110 ;
1=
1>
#31445
0&
0=
0>
#31450
b00000000000000000000110001001001 "
b00000000000000000000110001001001 $
1&
b0110001000110 8
b0110001000111 ;
1=
1>
#31455
0&
0=
0>
#31460
b00000000000000000000110001001010 "
b00000000000000000000110001001010 $
1&
b0110001000111 8
b0110001001000 ;
1=
1>
#31465
0&
0=
0>
#31470
b00000000000000000000110001001011 "
b00000000000000000000110001001011 $
1&
b0110001001000 8
b0110001001001 ;
1=
1>
#31475
0&
0=
0>
#31480
b00000000000000000000110001001100 "
b00000000000000000000110001001100 $
1&
b0110001001001 8
b0110001001010 ;
1=
1>
#31485
0&
0=
0>
#31490
b00000000000000000000110001001101 "
b00000000000000000000110001001101 $
1&
b0110001001010 8
b0110001001011 ;
1=
1>
#31495
0&
0=
0>
#31500
b00000000000000000000110001001110 "
b00000000000000000000110001001110 $
1&
b0110001001011 8
b0110001001100 ;
1=
1>
#31505
0&
0=
0>
#31510
b00000000000000000000110001001111 "
b00000000000000000000110001001111 $
1&
b0110001001100 8
b0110001001101 ;
1=
1>
#31515
0&
0=
0>
#31520
b00000000000000000000110001010000 "
b00000000000000000000110001010000 $
1&
b0110001001101 8
b0110001001110 ;
1=
1>
#31525
0&
0=
0>
#31530
b00000000000000000000110001010001 "
b00000000000000000000110001010001 $
1&
b0110001001110 8
b0110001001111 ;
1=
1>
#31535
0&
0=
0>
#31540
b00000000000000000000110001010010 "
b00000000000000000000110001010010 $
1&
b0110001001111 8
b0110001010000 ;
1=
1>
#31545
0&
0=
0>
#31550
b00000000000000000000110001010011 "
b00000000000000000000110001010011 $
1&
b0110001010000 8
b0110001010001 ;
1=
1>
#31555
0&
0=
0>
#31560
b00000000000000000000110001010100 "
b00000000000000000000110001010100 $
1&
b0110001010001 8
b0110001010010 ;
1=
1>
#31565
0&
0=
0>
#31570
b00000000000000000000110001010101 "
b00000000000000000000110001010101 $
1&
b0110001010010 8
b0110001010011 ;
1=
1>
#31575
0&
0=
0>
#31580
b00000000000000000000110001010110 "
b00000000000000000000110001010110 $
1&
b0110001010011 8
b0110001010100 ;
1=
1>
#31585
0&
0=
0>
#31590
b00000000000000000000110001010111 "
b00000000000000000000110001010111 $
1&
b0110001010100 8
b0110001010101 ;
1=
1>
#31595
0&
0=
0>
#31600
b00000000000000000000110001011000 "
b00000000000000000000110001011000 $
1&
b0110001010101 8
b0110001010110 ;
1=
1>
#31605
0&
0=
0>
#31610
b00000000000000000000110001011001 "
b00000000000000000000110001011001 $
1&
b0110001010110 8
b0110001010111 ;
1=
1>
#31615
0&
0=
0>
#31620
b00000000000000000000110001011010 "
b00000000000000000000110001011010 $
1&
b0110001010111 8
b0110001011000 ;
1=
1>
#31625
0&
0=
0>
#31630
b00000000000000000000110001011011 "
b00000000000000000000110001011011 $
1&
b0110001011000 8
b0110001011001 ;
1=
1>
#31635
0&
0=
0>
#31640
b00000000000000000000110001011100 "
b00000000000000000000110001011100 $
1&
b0110001011001 8
b0110001011010 ;
1=
1>
#31645
0&
0=
0>
#31650
b00000000000000000000110001011101 "
b00000000000000000000110001011101 $
1&
b0110001011010 8
b0110001011011 ;
1=
1>
#31655
0&
0=
0>
#31660
b00000000000000000000110001011110 "
b00000000000000000000110001011110 $
1&
b0110001011011 8
b0110001011100 ;
1=
1>
#31665
0&
0=
0>
#31670
b00000000000000000000110001011111 "
b00000000000000000000110001011111 $
1&
b0110001011100 8
b0110001011101 ;
1=
1>
#31675
0&
0=
0>
#31680
b00000000000000000000110001100000 "
b00000000000000000000110001100000 $
1&
b0110001011101 8
b0110001011110 ;
1=
1>
#31685
0&
0=
0>
#31690
b00000000000000000000110001100001 "
b00000000000000000000110001100001 $
1&
b0110001011110 8
b0110001011111 ;
1=
1>
#31695
0&
0=
0>
#31700
b00000000000000000000110001100010 "
b00000000000000000000110001100010 $
1&
b0110001011111 8
b0110001100000 ;
1=
1>
#31705
0&
0=
0>
#31710
b00000000000000000000110001100011 "
b00000000000000000000110001100011 $
1&
b0110001100000 8
b0110001100001 ;
1=
1>
#31715
0&
0=
0>
#31720
b00000000000000000000110001100100 "
b00000000000000000000110001100100 $
1&
b0110001100001 8
b0110001100010 ;
1=
1>
#31725
0&
0=
0>
#31730
b00000000000000000000110001100101 "
b00000000000000000000110001100101 $
1&
b0110001100010 8
b0110001100011 ;
1=
1>
#31735
0&
0=
0>
#31740
b00000000000000000000110001100110 "
b00000000000000000000110001100110 $
1&
b0110001100011 8
b0110001100100 ;
1=
1>
#31745
0&
0=
0>
#31750
b00000000000000000000110001100111 "
b00000000000000000000110001100111 $
1&
b0110001100100 8
b0110001100101 ;
1=
1>
#31755
0&
0=
0>
#31760
b00000000000000000000110001101000 "
b00000000000000000000110001101000 $
1&
b0110001100101 8
b0110001100110 ;
1=
1>
#31765
0&
0=
0>
#31770
b00000000000000000000110001101001 "
b00000000000000000000110001101001 $
1&
b0110001100110 8
b0110001100111 ;
1=
1>
#31775
0&
0=
0>
#31780
b00000000000000000000110001101010 "
b00000000000000000000110001101010 $
1&
b0110001100111 8
b0110001101000 ;
1=
1>
#31785
0&
0=
0>
#31790
b00000000000000000000110001101011 "
b00000000000000000000110001101011 $
1&
b0110001101000 8
b0110001101001 ;
1=
1>
#31795
0&
0=
0>
#31800
b00000000000000000000110001101100 "
b00000000000000000000110001101100 $
1&
b0110001101001 8
b0110001101010 ;
1=
1>
#31805
0&
0=
0>
#31810
b00000000000000000000110001101101 "
b00000000000000000000110001101101 $
1&
b0110001101010 8
b0110001101011 ;
1=
1>
#31815
0&
0=
0>
#31820
b00000000000000000000110001101110 "
b00000000000000000000110001101110 $
1&
b0110001101011 8
b0110001101100 ;
1=
1>
#31825
0&
0=
0>
#31830
b00000000000000000000110001101111 "
b00000000000000000000110001101111 $
1&
b0110001101100 8
b0110001101101 ;
1=
1>
#31835
0&
0=
0>
#31840
b00000000000000000000110001110000 "
b00000000000000000000110001110000 $
1&
b0110001101101 8
b0110001101110 ;
1=
1>
#31845
0&
0=
0>
#31850
b00000000000000000000110001110001 "
b00000000000000000000110001110001 $
1&
b0110001101110 8
b0110001101111 ;
1=
1>
#31855
0&
0=
0>
#31860
b00000000000000000000110001110010 "
b00000000000000000000110001110010 $
1&
b0110001101111 8
b0110001110000 ;
1=
1>
#31865
0&
0=
0>
#31870
b00000000000000000000110001110011 "
b00000000000000000000110001110011 $
1&
b0110001110000 8
b0110001110001 ;
1=
1>
#31875
0&
0=
0>
#31880
b00000000000000000000110001110100 "
b00000000000000000000110001110100 $
1&
b0110001110001 8
b0110001110010 ;
1=
1>
#31885
0&
0=
0>
#31890
b00000000000000000000110001110101 "
b00000000000000000000110001110101 $
1&
b0110001110010 8
b0110001110011 ;
1=
1>
#31895
0&
0=
0>
#31900
b00000000000000000000110001110110 "
b00000000000000000000110001110110 $
1&
b0110001110011 8
b0110001110100 ;
1=
1>
#31905
0&
0=
0>
#31910
b00000000000000000000110001110111 "
b00000000000000000000110001110111 $
1&
b0110001110100 8
b0110001110101 ;
1=
1>
#31915
0&
0=
0>
#31920
b00000000000000000000110001111000 "
b00000000000000000000110001111000 $
1&
b0110001110101 8
b0110001110110 ;
1=
1>
#31925
0&
0=
0>
#31930
b00000000000000000000110001111001 "
b00000000000000000000110001111001 $
1&
b0110001110110 8
b0110001110111 ;
1=
1>
#31935
0&
0=
0>
#31940
b00000000000000000000110001111010 "
b00000000000000000000110001111010 $
1&
b0110001110111 8
b0110001111000 ;
1=
1>
#31945
0&
0=
0>
#31950
b00000000000000000000110001111011 "
b00000000000000000000110001111011 $
1&
b0110001111000 8
b0110001111001 ;
1=
1>
#31955
0&
0=
0>
#31960
b00000000000000000000110001111100 "
b00000000000000000000110001111100 $
1&
b0110001111001 8
b0110001111010 ;
1=
1>
#31965
0&
0=
0>
#31970
b00000000000000000000110001111101 "
b00000000000000000000110001111101 $
1&
b0110001111010 8
b0110001111011 ;
1=
1>
#31975
0&
0=
0>
#31980
b00000000000000000000110001111110 "
b00000000000000000000110001111110 $
1&
b0110001111011 8
b0110001111100 ;
1=
1>
#31985
0&
0=
0>
#31990
b00000000000000000000110001111111 "
b00000000000000000000110001111111 $
1&
b0110001111100 8
b0110001111101 ;
1=
1>
#31995
0&
0=
0>
#32000
b00000000000000000000110010000000 "
b00000000000000000000110010000000 $
1&
b0110001111101 8
b0110001111110 ;
1=
1>
#32005
0&
0=
0>
#32010
b00000000000000000000110010000001 "
b00000000000000000000110010000001 $
1&
b0110001111110 8
b0110001111111 ;
1=
1>
#32015
0&
0=
0>
#32020
b00000000000000000000110010000010 "
b00000000000000000000110010000010 $
1&
b0110001111111 8
b0110010000000 ;
1=
1>
#32025
0&
0=
0>
#32030
b00000000000000000000110010000011 "
b00000000000000000000110010000011 $
1&
b0110010000000 8
b0110010000001 ;
1=
1>
#32035
0&
0=
0>
#32040
b00000000000000000000110010000100 "
b00000000000000000000110010000100 $
1&
b0110010000001 8
b0110010000010 ;
1=
1>
#32045
0&
0=
0>
#32050
b00000000000000000000110010000101 "
b00000000000000000000110010000101 $
1&
b0110010000010 8
b0110010000011 ;
1=
1>
#32055
0&
0=
0>
#32060
b00000000000000000000110010000110 "
b00000000000000000000110010000110 $
1&
b0110010000011 8
b0110010000100 ;
1=
1>
#32065
0&
0=
0>
#32070
b00000000000000000000110010000111 "
b00000000000000000000110010000111 $
1&
b0110010000100 8
b0110010000101 ;
1=
1>
#32075
0&
0=
0>
#32080
b00000000000000000000110010001000 "
b00000000000000000000110010001000 $
1&
b0110010000101 8
b0110010000110 ;
1=
1>
#32085
0&
0=
0>
#32090
b00000000000000000000110010001001 "
b00000000000000000000110010001001 $
1&
b0110010000110 8
b0110010000111 ;
1=
1>
#32095
0&
0=
0>
#32100
b00000000000000000000110010001010 "
b00000000000000000000110010001010 $
1&
b0110010000111 8
b0110010001000 ;
1=
1>
#32105
0&
0=
0>
#32110
b00000000000000000000110010001011 "
b00000000000000000000110010001011 $
1&
b0110010001000 8
b0110010001001 ;
1=
1>
#32115
0&
0=
0>
#32120
b00000000000000000000110010001100 "
b00000000000000000000110010001100 $
1&
b0110010001001 8
b0110010001010 ;
1=
1>
#32125
0&
0=
0>
#32130
b00000000000000000000110010001101 "
b00000000000000000000110010001101 $
1&
b0110010001010 8
b0110010001011 ;
1=
1>
#32135
0&
0=
0>
#32140
b00000000000000000000110010001110 "
b00000000000000000000110010001110 $
1&
b0110010001011 8
b0110010001100 ;
1=
1>
#32145
0&
0=
0>
#32150
b00000000000000000000110010001111 "
b00000000000000000000110010001111 $
1&
b0110010001100 8
b0110010001101 ;
1=
1>
#32155
0&
0=
0>
#32160
b00000000000000000000110010010000 "
b00000000000000000000110010010000 $
1&
b0110010001101 8
b0110010001110 ;
1=
1>
#32165
0&
0=
0>
#32170
b00000000000000000000110010010001 "
b00000000000000000000110010010001 $
1&
b0110010001110 8
b0110010001111 ;
1=
1>
#32175
0&
0=
0>
#32180
b00000000000000000000110010010010 "
b00000000000000000000110010010010 $
1&
b0110010001111 8
b0110010010000 ;
1=
1>
#32185
0&
0=
0>
#32190
b00000000000000000000110010010011 "
b00000000000000000000110010010011 $
1&
b0110010010000 8
b0110010010001 ;
1=
1>
#32195
0&
0=
0>
#32200
b00000000000000000000110010010100 "
b00000000000000000000110010010100 $
1&
b0110010010001 8
b0110010010010 ;
1=
1>
#32205
0&
0=
0>
#32210
b00000000000000000000110010010101 "
b00000000000000000000110010010101 $
1&
b0110010010010 8
b0110010010011 ;
1=
1>
#32215
0&
0=
0>
#32220
b00000000000000000000110010010110 "
b00000000000000000000110010010110 $
1&
b0110010010011 8
b0110010010100 ;
1=
1>
#32225
0&
0=
0>
#32230
b00000000000000000000110010010111 "
b00000000000000000000110010010111 $
1&
b0110010010100 8
b0110010010101 ;
1=
1>
#32235
0&
0=
0>
#32240
b00000000000000000000110010011000 "
b00000000000000000000110010011000 $
1&
b0110010010101 8
b0110010010110 ;
1=
1>
#32245
0&
0=
0>
#32250
b00000000000000000000110010011001 "
b00000000000000000000110010011001 $
1&
b0110010010110 8
b0110010010111 ;
1=
1>
#32255
0&
0=
0>
#32260
b00000000000000000000110010011010 "
b00000000000000000000110010011010 $
1&
b0110010010111 8
b0110010011000 ;
1=
1>
#32265
0&
0=
0>
#32270
b00000000000000000000110010011011 "
b00000000000000000000110010011011 $
1&
b0110010011000 8
b0110010011001 ;
1=
1>
#32275
0&
0=
0>
#32280
b00000000000000000000110010011100 "
b00000000000000000000110010011100 $
1&
b0110010011001 8
b0110010011010 ;
1=
1>
#32285
0&
0=
0>
#32290
b00000000000000000000110010011101 "
b00000000000000000000110010011101 $
1&
b0110010011010 8
b0110010011011 ;
1=
1>
#32295
0&
0=
0>
#32300
b00000000000000000000110010011110 "
b00000000000000000000110010011110 $
1&
b0110010011011 8
b0110010011100 ;
1=
1>
#32305
0&
0=
0>
#32310
b00000000000000000000110010011111 "
b00000000000000000000110010011111 $
1&
b0110010011100 8
b0110010011101 ;
1=
1>
#32315
0&
0=
0>
#32320
b00000000000000000000110010100000 "
b00000000000000000000110010100000 $
1&
b0110010011101 8
b0110010011110 ;
1=
1>
#32325
0&
0=
0>
#32330
b00000000000000000000110010100001 "
b00000000000000000000110010100001 $
1&
b0110010011110 8
b0110010011111 ;
1=
1>
#32335
0&
0=
0>
#32340
b00000000000000000000110010100010 "
b00000000000000000000110010100010 $
1&
b0110010011111 8
b0110010100000 ;
1=
1>
#32345
0&
0=
0>
#32350
b00000000000000000000110010100011 "
b00000000000000000000110010100011 $
1&
b0110010100000 8
b0110010100001 ;
1=
1>
#32355
0&
0=
0>
#32360
b00000000000000000000110010100100 "
b00000000000000000000110010100100 $
1&
b0110010100001 8
b0110010100010 ;
1=
1>
#32365
0&
0=
0>
#32370
b00000000000000000000110010100101 "
b00000000000000000000110010100101 $
1&
b0110010100010 8
b0110010100011 ;
1=
1>
#32375
0&
0=
0>
#32380
b00000000000000000000110010100110 "
b00000000000000000000110010100110 $
1&
b0110010100011 8
b0110010100100 ;
1=
1>
#32385
0&
0=
0>
#32390
b00000000000000000000110010100111 "
b00000000000000000000110010100111 $
1&
b0110010100100 8
b0110010100101 ;
1=
1>
#32395
0&
0=
0>
#32400
b00000000000000000000110010101000 "
b00000000000000000000110010101000 $
1&
b0110010100101 8
b0110010100110 ;
1=
1>
#32405
0&
0=
0>
#32410
b00000000000000000000110010101001 "
b00000000000000000000110010101001 $
1&
b0110010100110 8
b0110010100111 ;
1=
1>
#32415
0&
0=
0>
#32420
b00000000000000000000110010101010 "
b00000000000000000000110010101010 $
1&
b0110010100111 8
b0110010101000 ;
1=
1>
#32425
0&
0=
0>
#32430
b00000000000000000000110010101011 "
b00000000000000000000110010101011 $
1&
b0110010101000 8
b0110010101001 ;
1=
1>
#32435
0&
0=
0>
#32440
b00000000000000000000110010101100 "
b00000000000000000000110010101100 $
1&
b0110010101001 8
b0110010101010 ;
1=
1>
#32445
0&
0=
0>
#32450
b00000000000000000000110010101101 "
b00000000000000000000110010101101 $
1&
b0110010101010 8
b0110010101011 ;
1=
1>
#32455
0&
0=
0>
#32460
b00000000000000000000110010101110 "
b00000000000000000000110010101110 $
1&
b0110010101011 8
b0110010101100 ;
1=
1>
#32465
0&
0=
0>
#32470
b00000000000000000000110010101111 "
b00000000000000000000110010101111 $
1&
b0110010101100 8
b0110010101101 ;
1=
1>
#32475
0&
0=
0>
#32480
b00000000000000000000110010110000 "
b00000000000000000000110010110000 $
1&
b0110010101101 8
b0110010101110 ;
1=
1>
#32485
0&
0=
0>
#32490
b00000000000000000000110010110001 "
b00000000000000000000110010110001 $
1&
b0110010101110 8
b0110010101111 ;
1=
1>
#32495
0&
0=
0>
#32500
b00000000000000000000110010110010 "
b00000000000000000000110010110010 $
1&
b0110010101111 8
b0110010110000 ;
1=
1>
#32505
0&
0=
0>
#32510
b00000000000000000000110010110011 "
b00000000000000000000110010110011 $
1&
b0110010110000 8
b0110010110001 ;
1=
1>
#32515
0&
0=
0>
#32520
b00000000000000000000110010110100 "
b00000000000000000000110010110100 $
1&
b0110010110001 8
b0110010110010 ;
1=
1>
#32525
0&
0=
0>
#32530
b00000000000000000000110010110101 "
b00000000000000000000110010110101 $
1&
b0110010110010 8
b0110010110011 ;
1=
1>
#32535
0&
0=
0>
#32540
b00000000000000000000110010110110 "
b00000000000000000000110010110110 $
1&
b0110010110011 8
b0110010110100 ;
1=
1>
#32545
0&
0=
0>
#32550
b00000000000000000000110010110111 "
b00000000000000000000110010110111 $
1&
b0110010110100 8
b0110010110101 ;
1=
1>
#32555
0&
0=
0>
#32560
b00000000000000000000110010111000 "
b00000000000000000000110010111000 $
1&
b0110010110101 8
b0110010110110 ;
1=
1>
#32565
0&
0=
0>
#32570
b00000000000000000000110010111001 "
b00000000000000000000110010111001 $
1&
b0110010110110 8
b0110010110111 ;
1=
1>
#32575
0&
0=
0>
#32580
b00000000000000000000110010111010 "
b00000000000000000000110010111010 $
1&
b0110010110111 8
b0110010111000 ;
1=
1>
#32585
0&
0=
0>
#32590
b00000000000000000000110010111011 "
b00000000000000000000110010111011 $
1&
b0110010111000 8
b0110010111001 ;
1=
1>
#32595
0&
0=
0>
#32600
b00000000000000000000110010111100 "
b00000000000000000000110010111100 $
1&
b0110010111001 8
b0110010111010 ;
1=
1>
#32605
0&
0=
0>
#32610
b00000000000000000000110010111101 "
b00000000000000000000110010111101 $
1&
b0110010111010 8
b0110010111011 ;
1=
1>
#32615
0&
0=
0>
#32620
b00000000000000000000110010111110 "
b00000000000000000000110010111110 $
1&
b0110010111011 8
b0110010111100 ;
1=
1>
#32625
0&
0=
0>
#32630
b00000000000000000000110010111111 "
b00000000000000000000110010111111 $
1&
b0110010111100 8
b0110010111101 ;
1=
1>
#32635
0&
0=
0>
#32640
b00000000000000000000110011000000 "
b00000000000000000000110011000000 $
1&
b0110010111101 8
b0110010111110 ;
1=
1>
#32645
0&
0=
0>
#32650
b00000000000000000000110011000001 "
b00000000000000000000110011000001 $
1&
b0110010111110 8
b0110010111111 ;
1=
1>
#32655
0&
0=
0>
#32660
b00000000000000000000110011000010 "
b00000000000000000000110011000010 $
1&
b0110010111111 8
b0110011000000 ;
1=
1>
#32665
0&
0=
0>
#32670
b00000000000000000000110011000011 "
b00000000000000000000110011000011 $
1&
b0110011000000 8
b0110011000001 ;
1=
1>
#32675
0&
0=
0>
#32680
b00000000000000000000110011000100 "
b00000000000000000000110011000100 $
1&
b0110011000001 8
b0110011000010 ;
1=
1>
#32685
0&
0=
0>
#32690
b00000000000000000000110011000101 "
b00000000000000000000110011000101 $
1&
b0110011000010 8
b0110011000011 ;
1=
1>
#32695
0&
0=
0>
#32700
b00000000000000000000110011000110 "
b00000000000000000000110011000110 $
1&
b0110011000011 8
b0110011000100 ;
1=
1>
#32705
0&
0=
0>
#32710
b00000000000000000000110011000111 "
b00000000000000000000110011000111 $
1&
b0110011000100 8
b0110011000101 ;
1=
1>
#32715
0&
0=
0>
#32720
b00000000000000000000110011001000 "
b00000000000000000000110011001000 $
1&
b0110011000101 8
b0110011000110 ;
1=
1>
#32725
0&
0=
0>
#32730
b00000000000000000000110011001001 "
b00000000000000000000110011001001 $
1&
b0110011000110 8
b0110011000111 ;
1=
1>
#32735
0&
0=
0>
#32740
b00000000000000000000110011001010 "
b00000000000000000000110011001010 $
1&
b0110011000111 8
b0110011001000 ;
1=
1>
#32745
0&
0=
0>
#32750
b00000000000000000000110011001011 "
b00000000000000000000110011001011 $
1&
b0110011001000 8
b0110011001001 ;
1=
1>
#32755
0&
0=
0>
#32760
b00000000000000000000110011001100 "
b00000000000000000000110011001100 $
1&
b0110011001001 8
b0110011001010 ;
1=
1>
#32765
0&
0=
0>
#32770
b00000000000000000000110011001101 "
b00000000000000000000110011001101 $
1&
b0110011001010 8
b0110011001011 ;
1=
1>
#32775
0&
0=
0>
#32780
b00000000000000000000110011001110 "
b00000000000000000000110011001110 $
1&
b0110011001011 8
b0110011001100 ;
1=
1>
#32785
0&
0=
0>
#32790
b00000000000000000000110011001111 "
b00000000000000000000110011001111 $
1&
b0110011001100 8
b0110011001101 ;
1=
1>
#32795
0&
0=
0>
#32800
b00000000000000000000110011010000 "
b00000000000000000000110011010000 $
1&
b0110011001101 8
b0110011001110 ;
1=
1>
#32805
0&
0=
0>
#32810
b00000000000000000000110011010001 "
b00000000000000000000110011010001 $
1&
b0110011001110 8
b0110011001111 ;
1=
1>
#32815
0&
0=
0>
#32820
b00000000000000000000110011010010 "
b00000000000000000000110011010010 $
1&
b0110011001111 8
b0110011010000 ;
1=
1>
#32825
0&
0=
0>
#32830
b00000000000000000000110011010011 "
b00000000000000000000110011010011 $
1&
b0110011010000 8
b0110011010001 ;
1=
1>
#32835
0&
0=
0>
#32840
b00000000000000000000110011010100 "
b00000000000000000000110011010100 $
1&
b0110011010001 8
b0110011010010 ;
1=
1>
#32845
0&
0=
0>
#32850
b00000000000000000000110011010101 "
b00000000000000000000110011010101 $
1&
b0110011010010 8
b0110011010011 ;
1=
1>
#32855
0&
0=
0>
#32860
b00000000000000000000110011010110 "
b00000000000000000000110011010110 $
1&
b0110011010011 8
b0110011010100 ;
1=
1>
#32865
0&
0=
0>
#32870
b00000000000000000000110011010111 "
b00000000000000000000110011010111 $
1&
b0110011010100 8
b0110011010101 ;
1=
1>
#32875
0&
0=
0>
#32880
b00000000000000000000110011011000 "
b00000000000000000000110011011000 $
1&
b0110011010101 8
b0110011010110 ;
1=
1>
#32885
0&
0=
0>
#32890
b00000000000000000000110011011001 "
b00000000000000000000110011011001 $
1&
b0110011010110 8
b0110011010111 ;
1=
1>
#32895
0&
0=
0>
#32900
b00000000000000000000110011011010 "
b00000000000000000000110011011010 $
1&
b0110011010111 8
b0110011011000 ;
1=
1>
#32905
0&
0=
0>
#32910
b00000000000000000000110011011011 "
b00000000000000000000110011011011 $
1&
b0110011011000 8
b0110011011001 ;
1=
1>
#32915
0&
0=
0>
#32920
b00000000000000000000110011011100 "
b00000000000000000000110011011100 $
1&
b0110011011001 8
b0110011011010 ;
1=
1>
#32925
0&
0=
0>
#32930
b00000000000000000000110011011101 "
b00000000000000000000110011011101 $
1&
b0110011011010 8
b0110011011011 ;
1=
1>
#32935
0&
0=
0>
#32940
b00000000000000000000110011011110 "
b00000000000000000000110011011110 $
1&
b0110011011011 8
b0110011011100 ;
1=
1>
#32945
0&
0=
0>
#32950
b00000000000000000000110011011111 "
b00000000000000000000110011011111 $
1&
b0110011011100 8
b0110011011101 ;
1=
1>
#32955
0&
0=
0>
#32960
b00000000000000000000110011100000 "
b00000000000000000000110011100000 $
1&
b0110011011101 8
b0110011011110 ;
1=
1>
#32965
0&
0=
0>
#32970
b00000000000000000000110011100001 "
b00000000000000000000110011100001 $
1&
b0110011011110 8
b0110011011111 ;
1=
1>
#32975
0&
0=
0>
#32980
b00000000000000000000110011100010 "
b00000000000000000000110011100010 $
1&
b0110011011111 8
b0110011100000 ;
1=
1>
#32985
0&
0=
0>
#32990
b00000000000000000000110011100011 "
b00000000000000000000110011100011 $
1&
b0110011100000 8
b0110011100001 ;
1=
1>
#32995
0&
0=
0>
#33000
b00000000000000000000110011100100 "
b00000000000000000000110011100100 $
1&
b0110011100001 8
b0110011100010 ;
1=
1>
#33005
0&
0=
0>
#33010
b00000000000000000000110011100101 "
b00000000000000000000110011100101 $
1&
b0110011100010 8
b0110011100011 ;
1=
1>
#33015
0&
0=
0>
#33020
b00000000000000000000110011100110 "
b00000000000000000000110011100110 $
1&
b0110011100011 8
b0110011100100 ;
1=
1>
#33025
0&
0=
0>
#33030
b00000000000000000000110011100111 "
b00000000000000000000110011100111 $
1&
b0110011100100 8
b0110011100101 ;
1=
1>
#33035
0&
0=
0>
#33040
b00000000000000000000110011101000 "
b00000000000000000000110011101000 $
1&
b0110011100101 8
b0110011100110 ;
1=
1>
#33045
0&
0=
0>
#33050
b00000000000000000000110011101001 "
b00000000000000000000110011101001 $
1&
b0110011100110 8
b0110011100111 ;
1=
1>
#33055
0&
0=
0>
#33060
b00000000000000000000110011101010 "
b00000000000000000000110011101010 $
1&
b0110011100111 8
b0110011101000 ;
1=
1>
#33065
0&
0=
0>
#33070
b00000000000000000000110011101011 "
b00000000000000000000110011101011 $
1&
b0110011101000 8
b0110011101001 ;
1=
1>
#33075
0&
0=
0>
#33080
b00000000000000000000110011101100 "
b00000000000000000000110011101100 $
1&
b0110011101001 8
b0110011101010 ;
1=
1>
#33085
0&
0=
0>
#33090
b00000000000000000000110011101101 "
b00000000000000000000110011101101 $
1&
b0110011101010 8
b0110011101011 ;
1=
1>
#33095
0&
0=
0>
#33100
b00000000000000000000110011101110 "
b00000000000000000000110011101110 $
1&
b0110011101011 8
b0110011101100 ;
1=
1>
#33105
0&
0=
0>
#33110
b00000000000000000000110011101111 "
b00000000000000000000110011101111 $
1&
b0110011101100 8
b0110011101101 ;
1=
1>
#33115
0&
0=
0>
#33120
b00000000000000000000110011110000 "
b00000000000000000000110011110000 $
1&
b0110011101101 8
b0110011101110 ;
1=
1>
#33125
0&
0=
0>
#33130
b00000000000000000000110011110001 "
b00000000000000000000110011110001 $
1&
b0110011101110 8
b0110011101111 ;
1=
1>
#33135
0&
0=
0>
#33140
b00000000000000000000110011110010 "
b00000000000000000000110011110010 $
1&
b0110011101111 8
b0110011110000 ;
1=
1>
#33145
0&
0=
0>
#33150
b00000000000000000000110011110011 "
b00000000000000000000110011110011 $
1&
b0110011110000 8
b0110011110001 ;
1=
1>
#33155
0&
0=
0>
#33160
b00000000000000000000110011110100 "
b00000000000000000000110011110100 $
1&
b0110011110001 8
b0110011110010 ;
1=
1>
#33165
0&
0=
0>
#33170
b00000000000000000000110011110101 "
b00000000000000000000110011110101 $
1&
b0110011110010 8
b0110011110011 ;
1=
1>
#33175
0&
0=
0>
#33180
b00000000000000000000110011110110 "
b00000000000000000000110011110110 $
1&
b0110011110011 8
b0110011110100 ;
1=
1>
#33185
0&
0=
0>
#33190
b00000000000000000000110011110111 "
b00000000000000000000110011110111 $
1&
b0110011110100 8
b0110011110101 ;
1=
1>
#33195
0&
0=
0>
#33200
b00000000000000000000110011111000 "
b00000000000000000000110011111000 $
1&
b0110011110101 8
b0110011110110 ;
1=
1>
#33205
0&
0=
0>
#33210
b00000000000000000000110011111001 "
b00000000000000000000110011111001 $
1&
b0110011110110 8
b0110011110111 ;
1=
1>
#33215
0&
0=
0>
#33220
b00000000000000000000110011111010 "
b00000000000000000000110011111010 $
1&
b0110011110111 8
b0110011111000 ;
1=
1>
#33225
0&
0=
0>
#33230
b00000000000000000000110011111011 "
b00000000000000000000110011111011 $
1&
b0110011111000 8
b0110011111001 ;
1=
1>
#33235
0&
0=
0>
#33240
b00000000000000000000110011111100 "
b00000000000000000000110011111100 $
1&
b0110011111001 8
b0110011111010 ;
1=
1>
#33245
0&
0=
0>
#33250
b00000000000000000000110011111101 "
b00000000000000000000110011111101 $
1&
b0110011111010 8
b0110011111011 ;
1=
1>
#33255
0&
0=
0>
#33260
b00000000000000000000110011111110 "
b00000000000000000000110011111110 $
1&
b0110011111011 8
b0110011111100 ;
1=
1>
#33265
0&
0=
0>
#33270
b00000000000000000000110011111111 "
b00000000000000000000110011111111 $
1&
b0110011111100 8
b0110011111101 ;
1=
1>
#33275
0&
0=
0>
#33280
b00000000000000000000110100000000 "
b00000000000000000000110100000000 $
1&
b0110011111101 8
b0110011111110 ;
1=
1>
#33285
0&
0=
0>
#33290
b00000000000000000000110100000001 "
b00000000000000000000110100000001 $
1&
b0110011111110 8
b0110011111111 ;
1=
1>
#33295
0&
0=
0>
#33300
b00000000000000000000110100000010 "
b00000000000000000000110100000010 $
1&
b0110011111111 8
b0110100000000 ;
1=
1>
#33305
0&
0=
0>
#33310
b00000000000000000000110100000011 "
b00000000000000000000110100000011 $
1&
b0110100000000 8
b0110100000001 ;
1=
1>
#33315
0&
0=
0>
#33320
b00000000000000000000110100000100 "
b00000000000000000000110100000100 $
1&
b0110100000001 8
b0110100000010 ;
1=
1>
#33325
0&
0=
0>
#33330
b00000000000000000000110100000101 "
b00000000000000000000110100000101 $
1&
b0110100000010 8
b0110100000011 ;
1=
1>
#33335
0&
0=
0>
#33340
b00000000000000000000110100000110 "
b00000000000000000000110100000110 $
1&
b0110100000011 8
b0110100000100 ;
1=
1>
#33345
0&
0=
0>
#33350
b00000000000000000000110100000111 "
b00000000000000000000110100000111 $
1&
b0110100000100 8
b0110100000101 ;
1=
1>
#33355
0&
0=
0>
#33360
b00000000000000000000110100001000 "
b00000000000000000000110100001000 $
1&
b0110100000101 8
b0110100000110 ;
1=
1>
#33365
0&
0=
0>
#33370
b00000000000000000000110100001001 "
b00000000000000000000110100001001 $
1&
b0110100000110 8
b0110100000111 ;
1=
1>
#33375
0&
0=
0>
#33380
b00000000000000000000110100001010 "
b00000000000000000000110100001010 $
1&
b0110100000111 8
b0110100001000 ;
1=
1>
#33385
0&
0=
0>
#33390
b00000000000000000000110100001011 "
b00000000000000000000110100001011 $
1&
b0110100001000 8
b0110100001001 ;
1=
1>
#33395
0&
0=
0>
#33400
b00000000000000000000110100001100 "
b00000000000000000000110100001100 $
1&
b0110100001001 8
b0110100001010 ;
1=
1>
#33405
0&
0=
0>
#33410
b00000000000000000000110100001101 "
b00000000000000000000110100001101 $
1&
b0110100001010 8
b0110100001011 ;
1=
1>
#33415
0&
0=
0>
#33420
b00000000000000000000110100001110 "
b00000000000000000000110100001110 $
1&
b0110100001011 8
b0110100001100 ;
1=
1>
#33425
0&
0=
0>
#33430
b00000000000000000000110100001111 "
b00000000000000000000110100001111 $
1&
b0110100001100 8
b0110100001101 ;
1=
1>
#33435
0&
0=
0>
#33440
b00000000000000000000110100010000 "
b00000000000000000000110100010000 $
1&
b0110100001101 8
b0110100001110 ;
1=
1>
#33445
0&
0=
0>
#33450
b00000000000000000000110100010001 "
b00000000000000000000110100010001 $
1&
b0110100001110 8
b0110100001111 ;
1=
1>
#33455
0&
0=
0>
#33460
b00000000000000000000110100010010 "
b00000000000000000000110100010010 $
1&
b0110100001111 8
b0110100010000 ;
1=
1>
#33465
0&
0=
0>
#33470
b00000000000000000000110100010011 "
b00000000000000000000110100010011 $
1&
b0110100010000 8
b0110100010001 ;
1=
1>
#33475
0&
0=
0>
#33480
b00000000000000000000110100010100 "
b00000000000000000000110100010100 $
1&
b0110100010001 8
b0110100010010 ;
1=
1>
#33485
0&
0=
0>
#33490
b00000000000000000000110100010101 "
b00000000000000000000110100010101 $
1&
b0110100010010 8
b0110100010011 ;
1=
1>
#33495
0&
0=
0>
#33500
b00000000000000000000110100010110 "
b00000000000000000000110100010110 $
1&
b0110100010011 8
b0110100010100 ;
1=
1>
#33505
0&
0=
0>
#33510
b00000000000000000000110100010111 "
b00000000000000000000110100010111 $
1&
b0110100010100 8
b0110100010101 ;
1=
1>
#33515
0&
0=
0>
#33520
b00000000000000000000110100011000 "
b00000000000000000000110100011000 $
1&
b0110100010101 8
b0110100010110 ;
1=
1>
#33525
0&
0=
0>
#33530
b00000000000000000000110100011001 "
b00000000000000000000110100011001 $
1&
b0110100010110 8
b0110100010111 ;
1=
1>
#33535
0&
0=
0>
#33540
b00000000000000000000110100011010 "
b00000000000000000000110100011010 $
1&
b0110100010111 8
b0110100011000 ;
1=
1>
#33545
0&
0=
0>
#33550
b00000000000000000000110100011011 "
b00000000000000000000110100011011 $
1&
b0110100011000 8
b0110100011001 ;
1=
1>
#33555
0&
0=
0>
#33560
b00000000000000000000110100011100 "
b00000000000000000000110100011100 $
1&
b0110100011001 8
b0110100011010 ;
1=
1>
#33565
0&
0=
0>
#33570
b00000000000000000000110100011101 "
b00000000000000000000110100011101 $
1&
b0110100011010 8
b0110100011011 ;
1=
1>
#33575
0&
0=
0>
#33580
b00000000000000000000110100011110 "
b00000000000000000000110100011110 $
1&
b0110100011011 8
b0110100011100 ;
1=
1>
#33585
0&
0=
0>
#33590
b00000000000000000000110100011111 "
b00000000000000000000110100011111 $
1&
b0110100011100 8
b0110100011101 ;
1=
1>
#33595
0&
0=
0>
#33600
b00000000000000000000110100100000 "
b00000000000000000000110100100000 $
1&
b0110100011101 8
b0110100011110 ;
1=
1>
#33605
0&
0=
0>
#33610
b00000000000000000000110100100001 "
b00000000000000000000110100100001 $
1&
b0110100011110 8
b0110100011111 ;
1=
1>
#33615
0&
0=
0>
#33620
b00000000000000000000110100100010 "
b00000000000000000000110100100010 $
1&
b0110100011111 8
b0110100100000 ;
1=
1>
#33625
0&
0=
0>
#33630
b00000000000000000000110100100011 "
b00000000000000000000110100100011 $
1&
b0110100100000 8
b0110100100001 ;
1=
1>
#33635
0&
0=
0>
#33640
b00000000000000000000110100100100 "
b00000000000000000000110100100100 $
1&
b0110100100001 8
b0110100100010 ;
1=
1>
#33645
0&
0=
0>
#33650
b00000000000000000000110100100101 "
b00000000000000000000110100100101 $
1&
b0110100100010 8
b0110100100011 ;
1=
1>
#33655
0&
0=
0>
#33660
b00000000000000000000110100100110 "
b00000000000000000000110100100110 $
1&
b0110100100011 8
b0110100100100 ;
1=
1>
#33665
0&
0=
0>
#33670
b00000000000000000000110100100111 "
b00000000000000000000110100100111 $
1&
b0110100100100 8
b0110100100101 ;
1=
1>
#33675
0&
0=
0>
#33680
b00000000000000000000110100101000 "
b00000000000000000000110100101000 $
1&
b0110100100101 8
b0110100100110 ;
1=
1>
#33685
0&
0=
0>
#33690
b00000000000000000000110100101001 "
b00000000000000000000110100101001 $
1&
b0110100100110 8
b0110100100111 ;
1=
1>
#33695
0&
0=
0>
#33700
b00000000000000000000110100101010 "
b00000000000000000000110100101010 $
1&
b0110100100111 8
b0110100101000 ;
1=
1>
#33705
0&
0=
0>
#33710
b00000000000000000000110100101011 "
b00000000000000000000110100101011 $
1&
b0110100101000 8
b0110100101001 ;
1=
1>
#33715
0&
0=
0>
#33720
b00000000000000000000110100101100 "
b00000000000000000000110100101100 $
1&
b0110100101001 8
b0110100101010 ;
1=
1>
#33725
0&
0=
0>
#33730
b00000000000000000000110100101101 "
b00000000000000000000110100101101 $
1&
b0110100101010 8
b0110100101011 ;
1=
1>
#33735
0&
0=
0>
#33740
b00000000000000000000110100101110 "
b00000000000000000000110100101110 $
1&
b0110100101011 8
b0110100101100 ;
1=
1>
#33745
0&
0=
0>
#33750
b00000000000000000000110100101111 "
b00000000000000000000110100101111 $
1&
b0110100101100 8
b0110100101101 ;
1=
1>
#33755
0&
0=
0>
#33760
b00000000000000000000110100110000 "
b00000000000000000000110100110000 $
1&
b0110100101101 8
b0110100101110 ;
1=
1>
#33765
0&
0=
0>
#33770
b00000000000000000000110100110001 "
b00000000000000000000110100110001 $
1&
b0110100101110 8
b0110100101111 ;
1=
1>
#33775
0&
0=
0>
#33780
b00000000000000000000110100110010 "
b00000000000000000000110100110010 $
1&
b0110100101111 8
b0110100110000 ;
1=
1>
#33785
0&
0=
0>
#33790
b00000000000000000000110100110011 "
b00000000000000000000110100110011 $
1&
b0110100110000 8
b0110100110001 ;
1=
1>
#33795
0&
0=
0>
#33800
b00000000000000000000110100110100 "
b00000000000000000000110100110100 $
1&
b0110100110001 8
b0110100110010 ;
1=
1>
#33805
0&
0=
0>
#33810
b00000000000000000000110100110101 "
b00000000000000000000110100110101 $
1&
b0110100110010 8
b0110100110011 ;
1=
1>
#33815
0&
0=
0>
#33820
b00000000000000000000110100110110 "
b00000000000000000000110100110110 $
1&
b0110100110011 8
b0110100110100 ;
1=
1>
#33825
0&
0=
0>
#33830
b00000000000000000000110100110111 "
b00000000000000000000110100110111 $
1&
b0110100110100 8
b0110100110101 ;
1=
1>
#33835
0&
0=
0>
#33840
b00000000000000000000110100111000 "
b00000000000000000000110100111000 $
1&
b0110100110101 8
b0110100110110 ;
1=
1>
#33845
0&
0=
0>
#33850
b00000000000000000000110100111001 "
b00000000000000000000110100111001 $
1&
b0110100110110 8
b0110100110111 ;
1=
1>
#33855
0&
0=
0>
#33860
b00000000000000000000110100111010 "
b00000000000000000000110100111010 $
1&
b0110100110111 8
b0110100111000 ;
1=
1>
#33865
0&
0=
0>
#33870
b00000000000000000000110100111011 "
b00000000000000000000110100111011 $
1&
b0110100111000 8
b0110100111001 ;
1=
1>
#33875
0&
0=
0>
#33880
b00000000000000000000110100111100 "
b00000000000000000000110100111100 $
1&
b0110100111001 8
b0110100111010 ;
1=
1>
#33885
0&
0=
0>
#33890
b00000000000000000000110100111101 "
b00000000000000000000110100111101 $
1&
b0110100111010 8
b0110100111011 ;
1=
1>
#33895
0&
0=
0>
#33900
b00000000000000000000110100111110 "
b00000000000000000000110100111110 $
1&
b0110100111011 8
b0110100111100 ;
1=
1>
#33905
0&
0=
0>
#33910
b00000000000000000000110100111111 "
b00000000000000000000110100111111 $
1&
b0110100111100 8
b0110100111101 ;
1=
1>
#33915
0&
0=
0>
#33920
b00000000000000000000110101000000 "
b00000000000000000000110101000000 $
1&
b0110100111101 8
b0110100111110 ;
1=
1>
#33925
0&
0=
0>
#33930
b00000000000000000000110101000001 "
b00000000000000000000110101000001 $
1&
b0110100111110 8
b0110100111111 ;
1=
1>
#33935
0&
0=
0>
#33940
b00000000000000000000110101000010 "
b00000000000000000000110101000010 $
1&
b0110100111111 8
b0110101000000 ;
1=
1>
#33945
0&
0=
0>
#33950
b00000000000000000000110101000011 "
b00000000000000000000110101000011 $
1&
b0110101000000 8
b0110101000001 ;
1=
1>
#33955
0&
0=
0>
#33960
b00000000000000000000110101000100 "
b00000000000000000000110101000100 $
1&
b0110101000001 8
b0110101000010 ;
1=
1>
#33965
0&
0=
0>
#33970
b00000000000000000000110101000101 "
b00000000000000000000110101000101 $
1&
b0110101000010 8
b0110101000011 ;
1=
1>
#33975
0&
0=
0>
#33980
b00000000000000000000110101000110 "
b00000000000000000000110101000110 $
1&
b0110101000011 8
b0110101000100 ;
1=
1>
#33985
0&
0=
0>
#33990
b00000000000000000000110101000111 "
b00000000000000000000110101000111 $
1&
b0110101000100 8
b0110101000101 ;
1=
1>
#33995
0&
0=
0>
#34000
b00000000000000000000110101001000 "
b00000000000000000000110101001000 $
1&
b0110101000101 8
b0110101000110 ;
1=
1>
#34005
0&
0=
0>
#34010
b00000000000000000000110101001001 "
b00000000000000000000110101001001 $
1&
b0110101000110 8
b0110101000111 ;
1=
1>
#34015
0&
0=
0>
#34020
b00000000000000000000110101001010 "
b00000000000000000000110101001010 $
1&
b0110101000111 8
b0110101001000 ;
1=
1>
#34025
0&
0=
0>
#34030
b00000000000000000000110101001011 "
b00000000000000000000110101001011 $
1&
b0110101001000 8
b0110101001001 ;
1=
1>
#34035
0&
0=
0>
#34040
b00000000000000000000110101001100 "
b00000000000000000000110101001100 $
1&
b0110101001001 8
b0110101001010 ;
1=
1>
#34045
0&
0=
0>
#34050
b00000000000000000000110101001101 "
b00000000000000000000110101001101 $
1&
b0110101001010 8
b0110101001011 ;
1=
1>
#34055
0&
0=
0>
#34060
b00000000000000000000110101001110 "
b00000000000000000000110101001110 $
1&
b0110101001011 8
b0110101001100 ;
1=
1>
#34065
0&
0=
0>
#34070
b00000000000000000000110101001111 "
b00000000000000000000110101001111 $
1&
b0110101001100 8
b0110101001101 ;
1=
1>
#34075
0&
0=
0>
#34080
b00000000000000000000110101010000 "
b00000000000000000000110101010000 $
1&
b0110101001101 8
b0110101001110 ;
1=
1>
#34085
0&
0=
0>
#34090
b00000000000000000000110101010001 "
b00000000000000000000110101010001 $
1&
b0110101001110 8
b0110101001111 ;
1=
1>
#34095
0&
0=
0>
#34100
b00000000000000000000110101010010 "
b00000000000000000000110101010010 $
1&
b0110101001111 8
b0110101010000 ;
1=
1>
#34105
0&
0=
0>
#34110
b00000000000000000000110101010011 "
b00000000000000000000110101010011 $
1&
b0110101010000 8
b0110101010001 ;
1=
1>
#34115
0&
0=
0>
#34120
b00000000000000000000110101010100 "
b00000000000000000000110101010100 $
1&
b0110101010001 8
b0110101010010 ;
1=
1>
#34125
0&
0=
0>
#34130
b00000000000000000000110101010101 "
b00000000000000000000110101010101 $
1&
b0110101010010 8
b0110101010011 ;
1=
1>
#34135
0&
0=
0>
#34140
b00000000000000000000110101010110 "
b00000000000000000000110101010110 $
1&
b0110101010011 8
b0110101010100 ;
1=
1>
#34145
0&
0=
0>
#34150
b00000000000000000000110101010111 "
b00000000000000000000110101010111 $
1&
b0110101010100 8
b0110101010101 ;
1=
1>
#34155
0&
0=
0>
#34160
b00000000000000000000110101011000 "
b00000000000000000000110101011000 $
1&
b0110101010101 8
b0110101010110 ;
1=
1>
#34165
0&
0=
0>
#34170
b00000000000000000000110101011001 "
b00000000000000000000110101011001 $
1&
b0110101010110 8
b0110101010111 ;
1=
1>
#34175
0&
0=
0>
#34180
b00000000000000000000110101011010 "
b00000000000000000000110101011010 $
1&
b0110101010111 8
b0110101011000 ;
1=
1>
#34185
0&
0=
0>
#34190
b00000000000000000000110101011011 "
b00000000000000000000110101011011 $
1&
b0110101011000 8
b0110101011001 ;
1=
1>
#34195
0&
0=
0>
#34200
b00000000000000000000110101011100 "
b00000000000000000000110101011100 $
1&
b0110101011001 8
b0110101011010 ;
1=
1>
#34205
0&
0=
0>
#34210
b00000000000000000000110101011101 "
b00000000000000000000110101011101 $
1&
b0110101011010 8
b0110101011011 ;
1=
1>
#34215
0&
0=
0>
#34220
b00000000000000000000110101011110 "
b00000000000000000000110101011110 $
1&
b0110101011011 8
b0110101011100 ;
1=
1>
#34225
0&
0=
0>
#34230
b00000000000000000000110101011111 "
b00000000000000000000110101011111 $
1&
b0110101011100 8
b0110101011101 ;
1=
1>
#34235
0&
0=
0>
#34240
b00000000000000000000110101100000 "
b00000000000000000000110101100000 $
1&
b0110101011101 8
b0110101011110 ;
1=
1>
#34245
0&
0=
0>
#34250
b00000000000000000000110101100001 "
b00000000000000000000110101100001 $
1&
b0110101011110 8
b0110101011111 ;
1=
1>
#34255
0&
0=
0>
#34260
b00000000000000000000110101100010 "
b00000000000000000000110101100010 $
1&
b0110101011111 8
b0110101100000 ;
1=
1>
#34265
0&
0=
0>
#34270
b00000000000000000000110101100011 "
b00000000000000000000110101100011 $
1&
b0110101100000 8
b0110101100001 ;
1=
1>
#34275
0&
0=
0>
#34280
b00000000000000000000110101100100 "
b00000000000000000000110101100100 $
1&
b0110101100001 8
b0110101100010 ;
1=
1>
#34285
0&
0=
0>
#34290
b00000000000000000000110101100101 "
b00000000000000000000110101100101 $
1&
b0110101100010 8
b0110101100011 ;
1=
1>
#34295
0&
0=
0>
#34300
b00000000000000000000110101100110 "
b00000000000000000000110101100110 $
1&
b0110101100011 8
b0110101100100 ;
1=
1>
#34305
0&
0=
0>
#34310
b00000000000000000000110101100111 "
b00000000000000000000110101100111 $
1&
b0110101100100 8
b0110101100101 ;
1=
1>
#34315
0&
0=
0>
#34320
b00000000000000000000110101101000 "
b00000000000000000000110101101000 $
1&
b0110101100101 8
b0110101100110 ;
1=
1>
#34325
0&
0=
0>
#34330
b00000000000000000000110101101001 "
b00000000000000000000110101101001 $
1&
b0110101100110 8
b0110101100111 ;
1=
1>
#34335
0&
0=
0>
#34340
b00000000000000000000110101101010 "
b00000000000000000000110101101010 $
1&
b0110101100111 8
b0110101101000 ;
1=
1>
#34345
0&
0=
0>
#34350
b00000000000000000000110101101011 "
b00000000000000000000110101101011 $
1&
b0110101101000 8
b0110101101001 ;
1=
1>
#34355
0&
0=
0>
#34360
b00000000000000000000110101101100 "
b00000000000000000000110101101100 $
1&
b0110101101001 8
b0110101101010 ;
1=
1>
#34365
0&
0=
0>
#34370
b00000000000000000000110101101101 "
b00000000000000000000110101101101 $
1&
b0110101101010 8
b0110101101011 ;
1=
1>
#34375
0&
0=
0>
#34380
b00000000000000000000110101101110 "
b00000000000000000000110101101110 $
1&
b0110101101011 8
b0110101101100 ;
1=
1>
#34385
0&
0=
0>
#34390
b00000000000000000000110101101111 "
b00000000000000000000110101101111 $
1&
b0110101101100 8
b0110101101101 ;
1=
1>
#34395
0&
0=
0>
#34400
b00000000000000000000110101110000 "
b00000000000000000000110101110000 $
1&
b0110101101101 8
b0110101101110 ;
1=
1>
#34405
0&
0=
0>
#34410
b00000000000000000000110101110001 "
b00000000000000000000110101110001 $
1&
b0110101101110 8
b0110101101111 ;
1=
1>
#34415
0&
0=
0>
#34420
b00000000000000000000110101110010 "
b00000000000000000000110101110010 $
1&
b0110101101111 8
b0110101110000 ;
1=
1>
#34425
0&
0=
0>
#34430
b00000000000000000000110101110011 "
b00000000000000000000110101110011 $
1&
b0110101110000 8
b0110101110001 ;
1=
1>
#34435
0&
0=
0>
#34440
b00000000000000000000110101110100 "
b00000000000000000000110101110100 $
1&
b0110101110001 8
b0110101110010 ;
1=
1>
#34445
0&
0=
0>
#34450
b00000000000000000000110101110101 "
b00000000000000000000110101110101 $
1&
b0110101110010 8
b0110101110011 ;
1=
1>
#34455
0&
0=
0>
#34460
b00000000000000000000110101110110 "
b00000000000000000000110101110110 $
1&
b0110101110011 8
b0110101110100 ;
1=
1>
#34465
0&
0=
0>
#34470
b00000000000000000000110101110111 "
b00000000000000000000110101110111 $
1&
b0110101110100 8
b0110101110101 ;
1=
1>
#34475
0&
0=
0>
#34480
b00000000000000000000110101111000 "
b00000000000000000000110101111000 $
1&
b0110101110101 8
b0110101110110 ;
1=
1>
#34485
0&
0=
0>
#34490
b00000000000000000000110101111001 "
b00000000000000000000110101111001 $
1&
b0110101110110 8
b0110101110111 ;
1=
1>
#34495
0&
0=
0>
#34500
b00000000000000000000110101111010 "
b00000000000000000000110101111010 $
1&
b0110101110111 8
b0110101111000 ;
1=
1>
#34505
0&
0=
0>
#34510
b00000000000000000000110101111011 "
b00000000000000000000110101111011 $
1&
b0110101111000 8
b0110101111001 ;
1=
1>
#34515
0&
0=
0>
#34520
b00000000000000000000110101111100 "
b00000000000000000000110101111100 $
1&
b0110101111001 8
b0110101111010 ;
1=
1>
#34525
0&
0=
0>
#34530
b00000000000000000000110101111101 "
b00000000000000000000110101111101 $
1&
b0110101111010 8
b0110101111011 ;
1=
1>
#34535
0&
0=
0>
#34540
b00000000000000000000110101111110 "
b00000000000000000000110101111110 $
1&
b0110101111011 8
b0110101111100 ;
1=
1>
#34545
0&
0=
0>
#34550
b00000000000000000000110101111111 "
b00000000000000000000110101111111 $
1&
b0110101111100 8
b0110101111101 ;
1=
1>
#34555
0&
0=
0>
#34560
b00000000000000000000110110000000 "
b00000000000000000000110110000000 $
1&
b0110101111101 8
b0110101111110 ;
1=
1>
#34565
0&
0=
0>
#34570
b00000000000000000000110110000001 "
b00000000000000000000110110000001 $
1&
b0110101111110 8
b0110101111111 ;
1=
1>
#34575
0&
0=
0>
#34580
b00000000000000000000110110000010 "
b00000000000000000000110110000010 $
1&
b0110101111111 8
b0110110000000 ;
1=
1>
#34585
0&
0=
0>
#34590
b00000000000000000000110110000011 "
b00000000000000000000110110000011 $
1&
b0110110000000 8
b0110110000001 ;
1=
1>
#34595
0&
0=
0>
#34600
b00000000000000000000110110000100 "
b00000000000000000000110110000100 $
1&
b0110110000001 8
b0110110000010 ;
1=
1>
#34605
0&
0=
0>
#34610
b00000000000000000000110110000101 "
b00000000000000000000110110000101 $
1&
b0110110000010 8
b0110110000011 ;
1=
1>
#34615
0&
0=
0>
#34620
b00000000000000000000110110000110 "
b00000000000000000000110110000110 $
1&
b0110110000011 8
b0110110000100 ;
1=
1>
#34625
0&
0=
0>
#34630
b00000000000000000000110110000111 "
b00000000000000000000110110000111 $
1&
b0110110000100 8
b0110110000101 ;
1=
1>
#34635
0&
0=
0>
#34640
b00000000000000000000110110001000 "
b00000000000000000000110110001000 $
1&
b0110110000101 8
b0110110000110 ;
1=
1>
#34645
0&
0=
0>
#34650
b00000000000000000000110110001001 "
b00000000000000000000110110001001 $
1&
b0110110000110 8
b0110110000111 ;
1=
1>
#34655
0&
0=
0>
#34660
b00000000000000000000110110001010 "
b00000000000000000000110110001010 $
1&
b0110110000111 8
b0110110001000 ;
1=
1>
#34665
0&
0=
0>
#34670
b00000000000000000000110110001011 "
b00000000000000000000110110001011 $
1&
b0110110001000 8
b0110110001001 ;
1=
1>
#34675
0&
0=
0>
#34680
b00000000000000000000110110001100 "
b00000000000000000000110110001100 $
1&
b0110110001001 8
b0110110001010 ;
1=
1>
#34685
0&
0=
0>
#34690
b00000000000000000000110110001101 "
b00000000000000000000110110001101 $
1&
b0110110001010 8
b0110110001011 ;
1=
1>
#34695
0&
0=
0>
#34700
b00000000000000000000110110001110 "
b00000000000000000000110110001110 $
1&
b0110110001011 8
b0110110001100 ;
1=
1>
#34705
0&
0=
0>
#34710
b00000000000000000000110110001111 "
b00000000000000000000110110001111 $
1&
b0110110001100 8
b0110110001101 ;
1=
1>
#34715
0&
0=
0>
#34720
b00000000000000000000110110010000 "
b00000000000000000000110110010000 $
1&
b0110110001101 8
b0110110001110 ;
1=
1>
#34725
0&
0=
0>
#34730
b00000000000000000000110110010001 "
b00000000000000000000110110010001 $
1&
b0110110001110 8
b0110110001111 ;
1=
1>
#34735
0&
0=
0>
#34740
b00000000000000000000110110010010 "
b00000000000000000000110110010010 $
1&
b0110110001111 8
b0110110010000 ;
1=
1>
#34745
0&
0=
0>
#34750
b00000000000000000000110110010011 "
b00000000000000000000110110010011 $
1&
b0110110010000 8
b0110110010001 ;
1=
1>
#34755
0&
0=
0>
#34760
b00000000000000000000110110010100 "
b00000000000000000000110110010100 $
1&
b0110110010001 8
b0110110010010 ;
1=
1>
#34765
0&
0=
0>
#34770
b00000000000000000000110110010101 "
b00000000000000000000110110010101 $
1&
b0110110010010 8
b0110110010011 ;
1=
1>
#34775
0&
0=
0>
#34780
b00000000000000000000110110010110 "
b00000000000000000000110110010110 $
1&
b0110110010011 8
b0110110010100 ;
1=
1>
#34785
0&
0=
0>
#34790
b00000000000000000000110110010111 "
b00000000000000000000110110010111 $
1&
b0110110010100 8
b0110110010101 ;
1=
1>
#34795
0&
0=
0>
#34800
b00000000000000000000110110011000 "
b00000000000000000000110110011000 $
1&
b0110110010101 8
b0110110010110 ;
1=
1>
#34805
0&
0=
0>
#34810
b00000000000000000000110110011001 "
b00000000000000000000110110011001 $
1&
b0110110010110 8
b0110110010111 ;
1=
1>
#34815
0&
0=
0>
#34820
b00000000000000000000110110011010 "
b00000000000000000000110110011010 $
1&
b0110110010111 8
b0110110011000 ;
1=
1>
#34825
0&
0=
0>
#34830
b00000000000000000000110110011011 "
b00000000000000000000110110011011 $
1&
b0110110011000 8
b0110110011001 ;
1=
1>
#34835
0&
0=
0>
#34840
b00000000000000000000110110011100 "
b00000000000000000000110110011100 $
1&
b0110110011001 8
b0110110011010 ;
1=
1>
#34845
0&
0=
0>
#34850
b00000000000000000000110110011101 "
b00000000000000000000110110011101 $
1&
b0110110011010 8
b0110110011011 ;
1=
1>
#34855
0&
0=
0>
#34860
b00000000000000000000110110011110 "
b00000000000000000000110110011110 $
1&
b0110110011011 8
b0110110011100 ;
1=
1>
#34865
0&
0=
0>
#34870
b00000000000000000000110110011111 "
b00000000000000000000110110011111 $
1&
b0110110011100 8
b0110110011101 ;
1=
1>
#34875
0&
0=
0>
#34880
b00000000000000000000110110100000 "
b00000000000000000000110110100000 $
1&
b0110110011101 8
b0110110011110 ;
1=
1>
#34885
0&
0=
0>
#34890
b00000000000000000000110110100001 "
b00000000000000000000110110100001 $
1&
b0110110011110 8
b0110110011111 ;
1=
1>
#34895
0&
0=
0>
#34900
b00000000000000000000110110100010 "
b00000000000000000000110110100010 $
1&
b0110110011111 8
b0110110100000 ;
1=
1>
#34905
0&
0=
0>
#34910
b00000000000000000000110110100011 "
b00000000000000000000110110100011 $
1&
b0110110100000 8
b0110110100001 ;
1=
1>
#34915
0&
0=
0>
#34920
b00000000000000000000110110100100 "
b00000000000000000000110110100100 $
1&
b0110110100001 8
b0110110100010 ;
1=
1>
#34925
0&
0=
0>
#34930
b00000000000000000000110110100101 "
b00000000000000000000110110100101 $
1&
b0110110100010 8
b0110110100011 ;
1=
1>
#34935
0&
0=
0>
#34940
b00000000000000000000110110100110 "
b00000000000000000000110110100110 $
1&
b0110110100011 8
b0110110100100 ;
1=
1>
#34945
0&
0=
0>
#34950
b00000000000000000000110110100111 "
b00000000000000000000110110100111 $
1&
b0110110100100 8
b0110110100101 ;
1=
1>
#34955
0&
0=
0>
#34960
b00000000000000000000110110101000 "
b00000000000000000000110110101000 $
1&
b0110110100101 8
b0110110100110 ;
1=
1>
#34965
0&
0=
0>
#34970
b00000000000000000000110110101001 "
b00000000000000000000110110101001 $
1&
b0110110100110 8
b0110110100111 ;
1=
1>
#34975
0&
0=
0>
#34980
b00000000000000000000110110101010 "
b00000000000000000000110110101010 $
1&
b0110110100111 8
b0110110101000 ;
1=
1>
#34985
0&
0=
0>
#34990
b00000000000000000000110110101011 "
b00000000000000000000110110101011 $
1&
b0110110101000 8
b0110110101001 ;
1=
1>
#34995
0&
0=
0>
#35000
b00000000000000000000110110101100 "
b00000000000000000000110110101100 $
1&
b0110110101001 8
b0110110101010 ;
1=
1>
#35005
0&
0=
0>
#35010
b00000000000000000000110110101101 "
b00000000000000000000110110101101 $
1&
b0110110101010 8
b0110110101011 ;
1=
1>
#35015
0&
0=
0>
#35020
b00000000000000000000110110101110 "
b00000000000000000000110110101110 $
1&
b0110110101011 8
b0110110101100 ;
1=
1>
#35025
0&
0=
0>
#35030
b00000000000000000000110110101111 "
b00000000000000000000110110101111 $
1&
b0110110101100 8
b0110110101101 ;
1=
1>
#35035
0&
0=
0>
#35040
b00000000000000000000110110110000 "
b00000000000000000000110110110000 $
1&
b0110110101101 8
b0110110101110 ;
1=
1>
#35045
0&
0=
0>
#35050
b00000000000000000000110110110001 "
b00000000000000000000110110110001 $
1&
b0110110101110 8
b0110110101111 ;
1=
1>
#35055
0&
0=
0>
#35060
b00000000000000000000110110110010 "
b00000000000000000000110110110010 $
1&
b0110110101111 8
b0110110110000 ;
1=
1>
#35065
0&
0=
0>
#35070
b00000000000000000000110110110011 "
b00000000000000000000110110110011 $
1&
b0110110110000 8
b0110110110001 ;
1=
1>
#35075
0&
0=
0>
#35080
b00000000000000000000110110110100 "
b00000000000000000000110110110100 $
1&
b0110110110001 8
b0110110110010 ;
1=
1>
#35085
0&
0=
0>
#35090
b00000000000000000000110110110101 "
b00000000000000000000110110110101 $
1&
b0110110110010 8
b0110110110011 ;
1=
1>
#35095
0&
0=
0>
#35100
b00000000000000000000110110110110 "
b00000000000000000000110110110110 $
1&
b0110110110011 8
b0110110110100 ;
1=
1>
#35105
0&
0=
0>
#35110
b00000000000000000000110110110111 "
b00000000000000000000110110110111 $
1&
b0110110110100 8
b0110110110101 ;
1=
1>
#35115
0&
0=
0>
#35120
b00000000000000000000110110111000 "
b00000000000000000000110110111000 $
1&
b0110110110101 8
b0110110110110 ;
1=
1>
#35125
0&
0=
0>
#35130
b00000000000000000000110110111001 "
b00000000000000000000110110111001 $
1&
b0110110110110 8
b0110110110111 ;
1=
1>
#35135
0&
0=
0>
#35140
b00000000000000000000110110111010 "
b00000000000000000000110110111010 $
1&
b0110110110111 8
b0110110111000 ;
1=
1>
#35145
0&
0=
0>
#35150
b00000000000000000000110110111011 "
b00000000000000000000110110111011 $
1&
b0110110111000 8
b0110110111001 ;
1=
1>
#35155
0&
0=
0>
#35160
b00000000000000000000110110111100 "
b00000000000000000000110110111100 $
1&
b0110110111001 8
b0110110111010 ;
1=
1>
#35165
0&
0=
0>
#35170
b00000000000000000000110110111101 "
b00000000000000000000110110111101 $
1&
b0110110111010 8
b0110110111011 ;
1=
1>
#35175
0&
0=
0>
#35180
b00000000000000000000110110111110 "
b00000000000000000000110110111110 $
1&
b0110110111011 8
b0110110111100 ;
1=
1>
#35185
0&
0=
0>
#35190
b00000000000000000000110110111111 "
b00000000000000000000110110111111 $
1&
b0110110111100 8
b0110110111101 ;
1=
1>
#35195
0&
0=
0>
#35200
b00000000000000000000110111000000 "
b00000000000000000000110111000000 $
1&
b0110110111101 8
b0110110111110 ;
1=
1>
#35205
0&
0=
0>
#35210
b00000000000000000000110111000001 "
b00000000000000000000110111000001 $
1&
b0110110111110 8
b0110110111111 ;
1=
1>
#35215
0&
0=
0>
#35220
b00000000000000000000110111000010 "
b00000000000000000000110111000010 $
1&
b0110110111111 8
b0110111000000 ;
1=
1>
#35225
0&
0=
0>
#35230
b00000000000000000000110111000011 "
b00000000000000000000110111000011 $
1&
b0110111000000 8
b0110111000001 ;
1=
1>
#35235
0&
0=
0>
#35240
b00000000000000000000110111000100 "
b00000000000000000000110111000100 $
1&
b0110111000001 8
b0110111000010 ;
1=
1>
#35245
0&
0=
0>
#35250
b00000000000000000000110111000101 "
b00000000000000000000110111000101 $
1&
b0110111000010 8
b0110111000011 ;
1=
1>
#35255
0&
0=
0>
#35260
b00000000000000000000110111000110 "
b00000000000000000000110111000110 $
1&
b0110111000011 8
b0110111000100 ;
1=
1>
#35265
0&
0=
0>
#35270
b00000000000000000000110111000111 "
b00000000000000000000110111000111 $
1&
b0110111000100 8
b0110111000101 ;
1=
1>
#35275
0&
0=
0>
#35280
b00000000000000000000110111001000 "
b00000000000000000000110111001000 $
1&
b0110111000101 8
b0110111000110 ;
1=
1>
#35285
0&
0=
0>
#35290
b00000000000000000000110111001001 "
b00000000000000000000110111001001 $
1&
b0110111000110 8
b0110111000111 ;
1=
1>
#35295
0&
0=
0>
#35300
b00000000000000000000110111001010 "
b00000000000000000000110111001010 $
1&
b0110111000111 8
b0110111001000 ;
1=
1>
#35305
0&
0=
0>
#35310
b00000000000000000000110111001011 "
b00000000000000000000110111001011 $
1&
b0110111001000 8
b0110111001001 ;
1=
1>
#35315
0&
0=
0>
#35320
b00000000000000000000110111001100 "
b00000000000000000000110111001100 $
1&
b0110111001001 8
b0110111001010 ;
1=
1>
#35325
0&
0=
0>
#35330
b00000000000000000000110111001101 "
b00000000000000000000110111001101 $
1&
b0110111001010 8
b0110111001011 ;
1=
1>
#35335
0&
0=
0>
#35340
b00000000000000000000110111001110 "
b00000000000000000000110111001110 $
1&
b0110111001011 8
b0110111001100 ;
1=
1>
#35345
0&
0=
0>
#35350
b00000000000000000000110111001111 "
b00000000000000000000110111001111 $
1&
b0110111001100 8
b0110111001101 ;
1=
1>
#35355
0&
0=
0>
#35360
b00000000000000000000110111010000 "
b00000000000000000000110111010000 $
1&
b0110111001101 8
b0110111001110 ;
1=
1>
#35365
0&
0=
0>
#35370
b00000000000000000000110111010001 "
b00000000000000000000110111010001 $
1&
b0110111001110 8
b0110111001111 ;
1=
1>
#35375
0&
0=
0>
#35380
b00000000000000000000110111010010 "
b00000000000000000000110111010010 $
1&
b0110111001111 8
b0110111010000 ;
1=
1>
#35385
0&
0=
0>
#35390
b00000000000000000000110111010011 "
b00000000000000000000110111010011 $
1&
b0110111010000 8
b0110111010001 ;
1=
1>
#35395
0&
0=
0>
#35400
b00000000000000000000110111010100 "
b00000000000000000000110111010100 $
1&
b0110111010001 8
b0110111010010 ;
1=
1>
#35405
0&
0=
0>
#35410
b00000000000000000000110111010101 "
b00000000000000000000110111010101 $
1&
b0110111010010 8
b0110111010011 ;
1=
1>
#35415
0&
0=
0>
#35420
b00000000000000000000110111010110 "
b00000000000000000000110111010110 $
1&
b0110111010011 8
b0110111010100 ;
1=
1>
#35425
0&
0=
0>
#35430
b00000000000000000000110111010111 "
b00000000000000000000110111010111 $
1&
b0110111010100 8
b0110111010101 ;
1=
1>
#35435
0&
0=
0>
#35440
b00000000000000000000110111011000 "
b00000000000000000000110111011000 $
1&
b0110111010101 8
b0110111010110 ;
1=
1>
#35445
0&
0=
0>
#35450
b00000000000000000000110111011001 "
b00000000000000000000110111011001 $
1&
b0110111010110 8
b0110111010111 ;
1=
1>
#35455
0&
0=
0>
#35460
b00000000000000000000110111011010 "
b00000000000000000000110111011010 $
1&
b0110111010111 8
b0110111011000 ;
1=
1>
#35465
0&
0=
0>
#35470
b00000000000000000000110111011011 "
b00000000000000000000110111011011 $
1&
b0110111011000 8
b0110111011001 ;
1=
1>
#35475
0&
0=
0>
#35480
b00000000000000000000110111011100 "
b00000000000000000000110111011100 $
1&
b0110111011001 8
b0110111011010 ;
1=
1>
#35485
0&
0=
0>
#35490
b00000000000000000000110111011101 "
b00000000000000000000110111011101 $
1&
b0110111011010 8
b0110111011011 ;
1=
1>
#35495
0&
0=
0>
#35500
b00000000000000000000110111011110 "
b00000000000000000000110111011110 $
1&
b0110111011011 8
b0110111011100 ;
1=
1>
#35505
0&
0=
0>
#35510
b00000000000000000000110111011111 "
b00000000000000000000110111011111 $
1&
b0110111011100 8
b0110111011101 ;
1=
1>
#35515
0&
0=
0>
#35520
b00000000000000000000110111100000 "
b00000000000000000000110111100000 $
1&
b0110111011101 8
b0110111011110 ;
1=
1>
#35525
0&
0=
0>
#35530
b00000000000000000000110111100001 "
b00000000000000000000110111100001 $
1&
b0110111011110 8
b0110111011111 ;
1=
1>
#35535
0&
0=
0>
#35540
b00000000000000000000110111100010 "
b00000000000000000000110111100010 $
1&
b0110111011111 8
b0110111100000 ;
1=
1>
#35545
0&
0=
0>
#35550
b00000000000000000000110111100011 "
b00000000000000000000110111100011 $
1&
b0110111100000 8
b0110111100001 ;
1=
1>
#35555
0&
0=
0>
#35560
b00000000000000000000110111100100 "
b00000000000000000000110111100100 $
1&
b0110111100001 8
b0110111100010 ;
1=
1>
#35565
0&
0=
0>
#35570
b00000000000000000000110111100101 "
b00000000000000000000110111100101 $
1&
b0110111100010 8
b0110111100011 ;
1=
1>
#35575
0&
0=
0>
#35580
b00000000000000000000110111100110 "
b00000000000000000000110111100110 $
1&
b0110111100011 8
b0110111100100 ;
1=
1>
#35585
0&
0=
0>
#35590
b00000000000000000000110111100111 "
b00000000000000000000110111100111 $
1&
b0110111100100 8
b0110111100101 ;
1=
1>
#35595
0&
0=
0>
#35600
b00000000000000000000110111101000 "
b00000000000000000000110111101000 $
1&
b0110111100101 8
b0110111100110 ;
1=
1>
#35605
0&
0=
0>
#35610
b00000000000000000000110111101001 "
b00000000000000000000110111101001 $
1&
b0110111100110 8
b0110111100111 ;
1=
1>
#35615
0&
0=
0>
#35620
b00000000000000000000110111101010 "
b00000000000000000000110111101010 $
1&
b0110111100111 8
b0110111101000 ;
1=
1>
#35625
0&
0=
0>
#35630
b00000000000000000000110111101011 "
b00000000000000000000110111101011 $
1&
b0110111101000 8
b0110111101001 ;
1=
1>
#35635
0&
0=
0>
#35640
b00000000000000000000110111101100 "
b00000000000000000000110111101100 $
1&
b0110111101001 8
b0110111101010 ;
1=
1>
#35645
0&
0=
0>
#35650
b00000000000000000000110111101101 "
b00000000000000000000110111101101 $
1&
b0110111101010 8
b0110111101011 ;
1=
1>
#35655
0&
0=
0>
#35660
b00000000000000000000110111101110 "
b00000000000000000000110111101110 $
1&
b0110111101011 8
b0110111101100 ;
1=
1>
#35665
0&
0=
0>
#35670
b00000000000000000000110111101111 "
b00000000000000000000110111101111 $
1&
b0110111101100 8
b0110111101101 ;
1=
1>
#35675
0&
0=
0>
#35680
b00000000000000000000110111110000 "
b00000000000000000000110111110000 $
1&
b0110111101101 8
b0110111101110 ;
1=
1>
#35685
0&
0=
0>
#35690
b00000000000000000000110111110001 "
b00000000000000000000110111110001 $
1&
b0110111101110 8
b0110111101111 ;
1=
1>
#35695
0&
0=
0>
#35700
b00000000000000000000110111110010 "
b00000000000000000000110111110010 $
1&
b0110111101111 8
b0110111110000 ;
1=
1>
#35705
0&
0=
0>
#35710
b00000000000000000000110111110011 "
b00000000000000000000110111110011 $
1&
b0110111110000 8
b0110111110001 ;
1=
1>
#35715
0&
0=
0>
#35720
b00000000000000000000110111110100 "
b00000000000000000000110111110100 $
1&
b0110111110001 8
b0110111110010 ;
1=
1>
#35725
0&
0=
0>
#35730
b00000000000000000000110111110101 "
b00000000000000000000110111110101 $
1&
b0110111110010 8
b0110111110011 ;
1=
1>
#35735
0&
0=
0>
#35740
b00000000000000000000110111110110 "
b00000000000000000000110111110110 $
1&
b0110111110011 8
b0110111110100 ;
1=
1>
#35745
0&
0=
0>
#35750
b00000000000000000000110111110111 "
b00000000000000000000110111110111 $
1&
b0110111110100 8
b0110111110101 ;
1=
1>
#35755
0&
0=
0>
#35760
b00000000000000000000110111111000 "
b00000000000000000000110111111000 $
1&
b0110111110101 8
b0110111110110 ;
1=
1>
#35765
0&
0=
0>
#35770
b00000000000000000000110111111001 "
b00000000000000000000110111111001 $
1&
b0110111110110 8
b0110111110111 ;
1=
1>
#35775
0&
0=
0>
#35780
b00000000000000000000110111111010 "
b00000000000000000000110111111010 $
1&
b0110111110111 8
b0110111111000 ;
1=
1>
#35785
0&
0=
0>
#35790
b00000000000000000000110111111011 "
b00000000000000000000110111111011 $
1&
b0110111111000 8
b0110111111001 ;
1=
1>
#35795
0&
0=
0>
#35800
b00000000000000000000110111111100 "
b00000000000000000000110111111100 $
1&
b0110111111001 8
b0110111111010 ;
1=
1>
#35805
0&
0=
0>
#35810
b00000000000000000000110111111101 "
b00000000000000000000110111111101 $
1&
b0110111111010 8
b0110111111011 ;
1=
1>
#35815
0&
0=
0>
#35820
b00000000000000000000110111111110 "
b00000000000000000000110111111110 $
1&
b0110111111011 8
b0110111111100 ;
1=
1>
#35825
0&
0=
0>
#35830
b00000000000000000000110111111111 "
b00000000000000000000110111111111 $
1&
b0110111111100 8
b0110111111101 ;
1=
1>
#35835
0&
0=
0>
#35840
b00000000000000000000111000000000 "
b00000000000000000000111000000000 $
1&
b0110111111101 8
b0110111111110 ;
1=
1>
#35845
0&
0=
0>
#35850
b00000000000000000000111000000001 "
b00000000000000000000111000000001 $
1&
b0110111111110 8
b0110111111111 ;
1=
1>
#35855
0&
0=
0>
#35860
b00000000000000000000111000000010 "
b00000000000000000000111000000010 $
1&
b0110111111111 8
b0111000000000 ;
1=
1>
#35865
0&
0=
0>
#35870
b00000000000000000000111000000011 "
b00000000000000000000111000000011 $
1&
b0111000000000 8
b0111000000001 ;
1=
1>
#35875
0&
0=
0>
#35880
b00000000000000000000111000000100 "
b00000000000000000000111000000100 $
1&
b0111000000001 8
b0111000000010 ;
1=
1>
#35885
0&
0=
0>
#35890
b00000000000000000000111000000101 "
b00000000000000000000111000000101 $
1&
b0111000000010 8
b0111000000011 ;
1=
1>
#35895
0&
0=
0>
#35900
b00000000000000000000111000000110 "
b00000000000000000000111000000110 $
1&
b0111000000011 8
b0111000000100 ;
1=
1>
#35905
0&
0=
0>
#35910
b00000000000000000000111000000111 "
b00000000000000000000111000000111 $
1&
b0111000000100 8
b0111000000101 ;
1=
1>
#35915
0&
0=
0>
#35920
b00000000000000000000111000001000 "
b00000000000000000000111000001000 $
1&
b0111000000101 8
b0111000000110 ;
1=
1>
#35925
0&
0=
0>
#35930
b00000000000000000000111000001001 "
b00000000000000000000111000001001 $
1&
b0111000000110 8
b0111000000111 ;
1=
1>
#35935
0&
0=
0>
#35940
b00000000000000000000111000001010 "
b00000000000000000000111000001010 $
1&
b0111000000111 8
b0111000001000 ;
1=
1>
#35945
0&
0=
0>
#35950
b00000000000000000000111000001011 "
b00000000000000000000111000001011 $
1&
b0111000001000 8
b0111000001001 ;
1=
1>
#35955
0&
0=
0>
#35960
b00000000000000000000111000001100 "
b00000000000000000000111000001100 $
1&
b0111000001001 8
b0111000001010 ;
1=
1>
#35965
0&
0=
0>
#35970
b00000000000000000000111000001101 "
b00000000000000000000111000001101 $
1&
b0111000001010 8
b0111000001011 ;
1=
1>
#35975
0&
0=
0>
#35980
b00000000000000000000111000001110 "
b00000000000000000000111000001110 $
1&
b0111000001011 8
b0111000001100 ;
1=
1>
#35985
0&
0=
0>
#35990
b00000000000000000000111000001111 "
b00000000000000000000111000001111 $
1&
b0111000001100 8
b0111000001101 ;
1=
1>
#35995
0&
0=
0>
#36000
b00000000000000000000111000010000 "
b00000000000000000000111000010000 $
1&
b0111000001101 8
b0111000001110 ;
1=
1>
#36005
0&
0=
0>
#36010
b00000000000000000000111000010001 "
b00000000000000000000111000010001 $
1&
b0111000001110 8
b0111000001111 ;
1=
1>
#36015
0&
0=
0>
#36020
b00000000000000000000111000010010 "
b00000000000000000000111000010010 $
1&
b0111000001111 8
b0111000010000 ;
1=
1>
#36025
0&
0=
0>
#36030
b00000000000000000000111000010011 "
b00000000000000000000111000010011 $
1&
b0111000010000 8
b0111000010001 ;
1=
1>
#36035
0&
0=
0>
#36040
b00000000000000000000111000010100 "
b00000000000000000000111000010100 $
1&
b0111000010001 8
b0111000010010 ;
1=
1>
#36045
0&
0=
0>
#36050
b00000000000000000000111000010101 "
b00000000000000000000111000010101 $
1&
b0111000010010 8
b0111000010011 ;
1=
1>
#36055
0&
0=
0>
#36060
b00000000000000000000111000010110 "
b00000000000000000000111000010110 $
1&
b0111000010011 8
b0111000010100 ;
1=
1>
#36065
0&
0=
0>
#36070
b00000000000000000000111000010111 "
b00000000000000000000111000010111 $
1&
b0111000010100 8
b0111000010101 ;
1=
1>
#36075
0&
0=
0>
#36080
b00000000000000000000111000011000 "
b00000000000000000000111000011000 $
1&
b0111000010101 8
b0111000010110 ;
1=
1>
#36085
0&
0=
0>
#36090
b00000000000000000000111000011001 "
b00000000000000000000111000011001 $
1&
b0111000010110 8
b0111000010111 ;
1=
1>
#36095
0&
0=
0>
#36100
b00000000000000000000111000011010 "
b00000000000000000000111000011010 $
1&
b0111000010111 8
b0111000011000 ;
1=
1>
#36105
0&
0=
0>
#36110
b00000000000000000000111000011011 "
b00000000000000000000111000011011 $
1&
b0111000011000 8
b0111000011001 ;
1=
1>
#36115
0&
0=
0>
#36120
b00000000000000000000111000011100 "
b00000000000000000000111000011100 $
1&
b0111000011001 8
b0111000011010 ;
1=
1>
#36125
0&
0=
0>
#36130
b00000000000000000000111000011101 "
b00000000000000000000111000011101 $
1&
b0111000011010 8
b0111000011011 ;
1=
1>
#36135
0&
0=
0>
#36140
b00000000000000000000111000011110 "
b00000000000000000000111000011110 $
1&
b0111000011011 8
b0111000011100 ;
1=
1>
#36145
0&
0=
0>
#36150
b00000000000000000000111000011111 "
b00000000000000000000111000011111 $
1&
b0111000011100 8
b0111000011101 ;
1=
1>
#36155
0&
0=
0>
#36160
b00000000000000000000111000100000 "
b00000000000000000000111000100000 $
1&
b0111000011101 8
b0111000011110 ;
1=
1>
#36165
0&
0=
0>
#36170
b00000000000000000000111000100001 "
b00000000000000000000111000100001 $
1&
b0111000011110 8
b0111000011111 ;
1=
1>
#36175
0&
0=
0>
#36180
b00000000000000000000111000100010 "
b00000000000000000000111000100010 $
1&
b0111000011111 8
b0111000100000 ;
1=
1>
#36185
0&
0=
0>
#36190
b00000000000000000000111000100011 "
b00000000000000000000111000100011 $
1&
b0111000100000 8
b0111000100001 ;
1=
1>
#36195
0&
0=
0>
#36200
b00000000000000000000111000100100 "
b00000000000000000000111000100100 $
1&
b0111000100001 8
b0111000100010 ;
1=
1>
#36205
0&
0=
0>
#36210
b00000000000000000000111000100101 "
b00000000000000000000111000100101 $
1&
b0111000100010 8
b0111000100011 ;
1=
1>
#36215
0&
0=
0>
#36220
b00000000000000000000111000100110 "
b00000000000000000000111000100110 $
1&
b0111000100011 8
b0111000100100 ;
1=
1>
#36225
0&
0=
0>
#36230
b00000000000000000000111000100111 "
b00000000000000000000111000100111 $
1&
b0111000100100 8
b0111000100101 ;
1=
1>
#36235
0&
0=
0>
#36240
b00000000000000000000111000101000 "
b00000000000000000000111000101000 $
1&
b0111000100101 8
b0111000100110 ;
1=
1>
#36245
0&
0=
0>
#36250
b00000000000000000000111000101001 "
b00000000000000000000111000101001 $
1&
b0111000100110 8
b0111000100111 ;
1=
1>
#36255
0&
0=
0>
#36260
b00000000000000000000111000101010 "
b00000000000000000000111000101010 $
1&
b0111000100111 8
b0111000101000 ;
1=
1>
#36265
0&
0=
0>
#36270
b00000000000000000000111000101011 "
b00000000000000000000111000101011 $
1&
b0111000101000 8
b0111000101001 ;
1=
1>
#36275
0&
0=
0>
#36280
b00000000000000000000111000101100 "
b00000000000000000000111000101100 $
1&
b0111000101001 8
b0111000101010 ;
1=
1>
#36285
0&
0=
0>
#36290
b00000000000000000000111000101101 "
b00000000000000000000111000101101 $
1&
b0111000101010 8
b0111000101011 ;
1=
1>
#36295
0&
0=
0>
#36300
b00000000000000000000111000101110 "
b00000000000000000000111000101110 $
1&
b0111000101011 8
b0111000101100 ;
1=
1>
#36305
0&
0=
0>
#36310
b00000000000000000000111000101111 "
b00000000000000000000111000101111 $
1&
b0111000101100 8
b0111000101101 ;
1=
1>
#36315
0&
0=
0>
#36320
b00000000000000000000111000110000 "
b00000000000000000000111000110000 $
1&
b0111000101101 8
b0111000101110 ;
1=
1>
#36325
0&
0=
0>
#36330
b00000000000000000000111000110001 "
b00000000000000000000111000110001 $
1&
b0111000101110 8
b0111000101111 ;
1=
1>
#36335
0&
0=
0>
#36340
b00000000000000000000111000110010 "
b00000000000000000000111000110010 $
1&
b0111000101111 8
b0111000110000 ;
1=
1>
#36345
0&
0=
0>
#36350
b00000000000000000000111000110011 "
b00000000000000000000111000110011 $
1&
b0111000110000 8
b0111000110001 ;
1=
1>
#36355
0&
0=
0>
#36360
b00000000000000000000111000110100 "
b00000000000000000000111000110100 $
1&
b0111000110001 8
b0111000110010 ;
1=
1>
#36365
0&
0=
0>
#36370
b00000000000000000000111000110101 "
b00000000000000000000111000110101 $
1&
b0111000110010 8
b0111000110011 ;
1=
1>
#36375
0&
0=
0>
#36380
b00000000000000000000111000110110 "
b00000000000000000000111000110110 $
1&
b0111000110011 8
b0111000110100 ;
1=
1>
#36385
0&
0=
0>
#36390
b00000000000000000000111000110111 "
b00000000000000000000111000110111 $
1&
b0111000110100 8
b0111000110101 ;
1=
1>
#36395
0&
0=
0>
#36400
b00000000000000000000111000111000 "
b00000000000000000000111000111000 $
1&
b0111000110101 8
b0111000110110 ;
1=
1>
#36405
0&
0=
0>
#36410
b00000000000000000000111000111001 "
b00000000000000000000111000111001 $
1&
b0111000110110 8
b0111000110111 ;
1=
1>
#36415
0&
0=
0>
#36420
b00000000000000000000111000111010 "
b00000000000000000000111000111010 $
1&
b0111000110111 8
b0111000111000 ;
1=
1>
#36425
0&
0=
0>
#36430
b00000000000000000000111000111011 "
b00000000000000000000111000111011 $
1&
b0111000111000 8
b0111000111001 ;
1=
1>
#36435
0&
0=
0>
#36440
b00000000000000000000111000111100 "
b00000000000000000000111000111100 $
1&
b0111000111001 8
b0111000111010 ;
1=
1>
#36445
0&
0=
0>
#36450
b00000000000000000000111000111101 "
b00000000000000000000111000111101 $
1&
b0111000111010 8
b0111000111011 ;
1=
1>
#36455
0&
0=
0>
#36460
b00000000000000000000111000111110 "
b00000000000000000000111000111110 $
1&
b0111000111011 8
b0111000111100 ;
1=
1>
#36465
0&
0=
0>
#36470
b00000000000000000000111000111111 "
b00000000000000000000111000111111 $
1&
b0111000111100 8
b0111000111101 ;
1=
1>
#36475
0&
0=
0>
#36480
b00000000000000000000111001000000 "
b00000000000000000000111001000000 $
1&
b0111000111101 8
b0111000111110 ;
1=
1>
#36485
0&
0=
0>
#36490
b00000000000000000000111001000001 "
b00000000000000000000111001000001 $
1&
b0111000111110 8
b0111000111111 ;
1=
1>
#36495
0&
0=
0>
#36500
b00000000000000000000111001000010 "
b00000000000000000000111001000010 $
1&
b0111000111111 8
b0111001000000 ;
1=
1>
#36505
0&
0=
0>
#36510
b00000000000000000000111001000011 "
b00000000000000000000111001000011 $
1&
b0111001000000 8
b0111001000001 ;
1=
1>
#36515
0&
0=
0>
#36520
b00000000000000000000111001000100 "
b00000000000000000000111001000100 $
1&
b0111001000001 8
b0111001000010 ;
1=
1>
#36525
0&
0=
0>
#36530
b00000000000000000000111001000101 "
b00000000000000000000111001000101 $
1&
b0111001000010 8
b0111001000011 ;
1=
1>
#36535
0&
0=
0>
#36540
b00000000000000000000111001000110 "
b00000000000000000000111001000110 $
1&
b0111001000011 8
b0111001000100 ;
1=
1>
#36545
0&
0=
0>
#36550
b00000000000000000000111001000111 "
b00000000000000000000111001000111 $
1&
b0111001000100 8
b0111001000101 ;
1=
1>
#36555
0&
0=
0>
#36560
b00000000000000000000111001001000 "
b00000000000000000000111001001000 $
1&
b0111001000101 8
b0111001000110 ;
1=
1>
#36565
0&
0=
0>
#36570
b00000000000000000000111001001001 "
b00000000000000000000111001001001 $
1&
b0111001000110 8
b0111001000111 ;
1=
1>
#36575
0&
0=
0>
#36580
b00000000000000000000111001001010 "
b00000000000000000000111001001010 $
1&
b0111001000111 8
b0111001001000 ;
1=
1>
#36585
0&
0=
0>
#36590
b00000000000000000000111001001011 "
b00000000000000000000111001001011 $
1&
b0111001001000 8
b0111001001001 ;
1=
1>
#36595
0&
0=
0>
#36600
b00000000000000000000111001001100 "
b00000000000000000000111001001100 $
1&
b0111001001001 8
b0111001001010 ;
1=
1>
#36605
0&
0=
0>
#36610
b00000000000000000000111001001101 "
b00000000000000000000111001001101 $
1&
b0111001001010 8
b0111001001011 ;
1=
1>
#36615
0&
0=
0>
#36620
b00000000000000000000111001001110 "
b00000000000000000000111001001110 $
1&
b0111001001011 8
b0111001001100 ;
1=
1>
#36625
0&
0=
0>
#36630
b00000000000000000000111001001111 "
b00000000000000000000111001001111 $
1&
b0111001001100 8
b0111001001101 ;
1=
1>
#36635
0&
0=
0>
#36640
b00000000000000000000111001010000 "
b00000000000000000000111001010000 $
1&
b0111001001101 8
b0111001001110 ;
1=
1>
#36645
0&
0=
0>
#36650
b00000000000000000000111001010001 "
b00000000000000000000111001010001 $
1&
b0111001001110 8
b0111001001111 ;
1=
1>
#36655
0&
0=
0>
#36660
b00000000000000000000111001010010 "
b00000000000000000000111001010010 $
1&
b0111001001111 8
b0111001010000 ;
1=
1>
#36665
0&
0=
0>
#36670
b00000000000000000000111001010011 "
b00000000000000000000111001010011 $
1&
b0111001010000 8
b0111001010001 ;
1=
1>
#36675
0&
0=
0>
#36680
b00000000000000000000111001010100 "
b00000000000000000000111001010100 $
1&
b0111001010001 8
b0111001010010 ;
1=
1>
#36685
0&
0=
0>
#36690
b00000000000000000000111001010101 "
b00000000000000000000111001010101 $
1&
b0111001010010 8
b0111001010011 ;
1=
1>
#36695
0&
0=
0>
#36700
b00000000000000000000111001010110 "
b00000000000000000000111001010110 $
1&
b0111001010011 8
b0111001010100 ;
1=
1>
#36705
0&
0=
0>
#36710
b00000000000000000000111001010111 "
b00000000000000000000111001010111 $
1&
b0111001010100 8
b0111001010101 ;
1=
1>
#36715
0&
0=
0>
#36720
b00000000000000000000111001011000 "
b00000000000000000000111001011000 $
1&
b0111001010101 8
b0111001010110 ;
1=
1>
#36725
0&
0=
0>
#36730
b00000000000000000000111001011001 "
b00000000000000000000111001011001 $
1&
b0111001010110 8
b0111001010111 ;
1=
1>
#36735
0&
0=
0>
#36740
b00000000000000000000111001011010 "
b00000000000000000000111001011010 $
1&
b0111001010111 8
b0111001011000 ;
1=
1>
#36745
0&
0=
0>
#36750
b00000000000000000000111001011011 "
b00000000000000000000111001011011 $
1&
b0111001011000 8
b0111001011001 ;
1=
1>
#36755
0&
0=
0>
#36760
b00000000000000000000111001011100 "
b00000000000000000000111001011100 $
1&
b0111001011001 8
b0111001011010 ;
1=
1>
#36765
0&
0=
0>
#36770
b00000000000000000000111001011101 "
b00000000000000000000111001011101 $
1&
b0111001011010 8
b0111001011011 ;
1=
1>
#36775
0&
0=
0>
#36780
b00000000000000000000111001011110 "
b00000000000000000000111001011110 $
1&
b0111001011011 8
b0111001011100 ;
1=
1>
#36785
0&
0=
0>
#36790
b00000000000000000000111001011111 "
b00000000000000000000111001011111 $
1&
b0111001011100 8
b0111001011101 ;
1=
1>
#36795
0&
0=
0>
#36800
b00000000000000000000111001100000 "
b00000000000000000000111001100000 $
1&
b0111001011101 8
b0111001011110 ;
1=
1>
#36805
0&
0=
0>
#36810
b00000000000000000000111001100001 "
b00000000000000000000111001100001 $
1&
b0111001011110 8
b0111001011111 ;
1=
1>
#36815
0&
0=
0>
#36820
b00000000000000000000111001100010 "
b00000000000000000000111001100010 $
1&
b0111001011111 8
b0111001100000 ;
1=
1>
#36825
0&
0=
0>
#36830
b00000000000000000000111001100011 "
b00000000000000000000111001100011 $
1&
b0111001100000 8
b0111001100001 ;
1=
1>
#36835
0&
0=
0>
#36840
b00000000000000000000111001100100 "
b00000000000000000000111001100100 $
1&
b0111001100001 8
b0111001100010 ;
1=
1>
#36845
0&
0=
0>
#36850
b00000000000000000000111001100101 "
b00000000000000000000111001100101 $
1&
b0111001100010 8
b0111001100011 ;
1=
1>
#36855
0&
0=
0>
#36860
b00000000000000000000111001100110 "
b00000000000000000000111001100110 $
1&
b0111001100011 8
b0111001100100 ;
1=
1>
#36865
0&
0=
0>
#36870
b00000000000000000000111001100111 "
b00000000000000000000111001100111 $
1&
b0111001100100 8
b0111001100101 ;
1=
1>
#36875
0&
0=
0>
#36880
b00000000000000000000111001101000 "
b00000000000000000000111001101000 $
1&
b0111001100101 8
b0111001100110 ;
1=
1>
#36885
0&
0=
0>
#36890
b00000000000000000000111001101001 "
b00000000000000000000111001101001 $
1&
b0111001100110 8
b0111001100111 ;
1=
1>
#36895
0&
0=
0>
#36900
b00000000000000000000111001101010 "
b00000000000000000000111001101010 $
1&
b0111001100111 8
b0111001101000 ;
1=
1>
#36905
0&
0=
0>
#36910
b00000000000000000000111001101011 "
b00000000000000000000111001101011 $
1&
b0111001101000 8
b0111001101001 ;
1=
1>
#36915
0&
0=
0>
#36920
b00000000000000000000111001101100 "
b00000000000000000000111001101100 $
1&
b0111001101001 8
b0111001101010 ;
1=
1>
#36925
0&
0=
0>
#36930
b00000000000000000000111001101101 "
b00000000000000000000111001101101 $
1&
b0111001101010 8
b0111001101011 ;
1=
1>
#36935
0&
0=
0>
#36940
b00000000000000000000111001101110 "
b00000000000000000000111001101110 $
1&
b0111001101011 8
b0111001101100 ;
1=
1>
#36945
0&
0=
0>
#36950
b00000000000000000000111001101111 "
b00000000000000000000111001101111 $
1&
b0111001101100 8
b0111001101101 ;
1=
1>
#36955
0&
0=
0>
#36960
b00000000000000000000111001110000 "
b00000000000000000000111001110000 $
1&
b0111001101101 8
b0111001101110 ;
1=
1>
#36965
0&
0=
0>
#36970
b00000000000000000000111001110001 "
b00000000000000000000111001110001 $
1&
b0111001101110 8
b0111001101111 ;
1=
1>
#36975
0&
0=
0>
#36980
b00000000000000000000111001110010 "
b00000000000000000000111001110010 $
1&
b0111001101111 8
b0111001110000 ;
1=
1>
#36985
0&
0=
0>
#36990
b00000000000000000000111001110011 "
b00000000000000000000111001110011 $
1&
b0111001110000 8
b0111001110001 ;
1=
1>
#36995
0&
0=
0>
#37000
b00000000000000000000111001110100 "
b00000000000000000000111001110100 $
1&
b0111001110001 8
b0111001110010 ;
1=
1>
#37005
0&
0=
0>
#37010
b00000000000000000000111001110101 "
b00000000000000000000111001110101 $
1&
b0111001110010 8
b0111001110011 ;
1=
1>
#37015
0&
0=
0>
#37020
b00000000000000000000111001110110 "
b00000000000000000000111001110110 $
1&
b0111001110011 8
b0111001110100 ;
1=
1>
#37025
0&
0=
0>
#37030
b00000000000000000000111001110111 "
b00000000000000000000111001110111 $
1&
b0111001110100 8
b0111001110101 ;
1=
1>
#37035
0&
0=
0>
#37040
b00000000000000000000111001111000 "
b00000000000000000000111001111000 $
1&
b0111001110101 8
b0111001110110 ;
1=
1>
#37045
0&
0=
0>
#37050
b00000000000000000000111001111001 "
b00000000000000000000111001111001 $
1&
b0111001110110 8
b0111001110111 ;
1=
1>
#37055
0&
0=
0>
#37060
b00000000000000000000111001111010 "
b00000000000000000000111001111010 $
1&
b0111001110111 8
b0111001111000 ;
1=
1>
#37065
0&
0=
0>
#37070
b00000000000000000000111001111011 "
b00000000000000000000111001111011 $
1&
b0111001111000 8
b0111001111001 ;
1=
1>
#37075
0&
0=
0>
#37080
b00000000000000000000111001111100 "
b00000000000000000000111001111100 $
1&
b0111001111001 8
b0111001111010 ;
1=
1>
#37085
0&
0=
0>
#37090
b00000000000000000000111001111101 "
b00000000000000000000111001111101 $
1&
b0111001111010 8
b0111001111011 ;
1=
1>
#37095
0&
0=
0>
#37100
b00000000000000000000111001111110 "
b00000000000000000000111001111110 $
1&
b0111001111011 8
b0111001111100 ;
1=
1>
#37105
0&
0=
0>
#37110
b00000000000000000000111001111111 "
b00000000000000000000111001111111 $
1&
b0111001111100 8
b0111001111101 ;
1=
1>
#37115
0&
0=
0>
#37120
b00000000000000000000111010000000 "
b00000000000000000000111010000000 $
1&
b0111001111101 8
b0111001111110 ;
1=
1>
#37125
0&
0=
0>
#37130
b00000000000000000000111010000001 "
b00000000000000000000111010000001 $
1&
b0111001111110 8
b0111001111111 ;
1=
1>
#37135
0&
0=
0>
#37140
b00000000000000000000111010000010 "
b00000000000000000000111010000010 $
1&
b0111001111111 8
b0111010000000 ;
1=
1>
#37145
0&
0=
0>
#37150
b00000000000000000000111010000011 "
b00000000000000000000111010000011 $
1&
b0111010000000 8
b0111010000001 ;
1=
1>
#37155
0&
0=
0>
#37160
b00000000000000000000111010000100 "
b00000000000000000000111010000100 $
1&
b0111010000001 8
b0111010000010 ;
1=
1>
#37165
0&
0=
0>
#37170
b00000000000000000000111010000101 "
b00000000000000000000111010000101 $
1&
b0111010000010 8
b0111010000011 ;
1=
1>
#37175
0&
0=
0>
#37180
b00000000000000000000111010000110 "
b00000000000000000000111010000110 $
1&
b0111010000011 8
b0111010000100 ;
1=
1>
#37185
0&
0=
0>
#37190
b00000000000000000000111010000111 "
b00000000000000000000111010000111 $
1&
b0111010000100 8
b0111010000101 ;
1=
1>
#37195
0&
0=
0>
#37200
b00000000000000000000111010001000 "
b00000000000000000000111010001000 $
1&
b0111010000101 8
b0111010000110 ;
1=
1>
#37205
0&
0=
0>
#37210
b00000000000000000000111010001001 "
b00000000000000000000111010001001 $
1&
b0111010000110 8
b0111010000111 ;
1=
1>
#37215
0&
0=
0>
#37220
b00000000000000000000111010001010 "
b00000000000000000000111010001010 $
1&
b0111010000111 8
b0111010001000 ;
1=
1>
#37225
0&
0=
0>
#37230
b00000000000000000000111010001011 "
b00000000000000000000111010001011 $
1&
b0111010001000 8
b0111010001001 ;
1=
1>
#37235
0&
0=
0>
#37240
b00000000000000000000111010001100 "
b00000000000000000000111010001100 $
1&
b0111010001001 8
b0111010001010 ;
1=
1>
#37245
0&
0=
0>
#37250
b00000000000000000000111010001101 "
b00000000000000000000111010001101 $
1&
b0111010001010 8
b0111010001011 ;
1=
1>
#37255
0&
0=
0>
#37260
b00000000000000000000111010001110 "
b00000000000000000000111010001110 $
1&
b0111010001011 8
b0111010001100 ;
1=
1>
#37265
0&
0=
0>
#37270
b00000000000000000000111010001111 "
b00000000000000000000111010001111 $
1&
b0111010001100 8
b0111010001101 ;
1=
1>
#37275
0&
0=
0>
#37280
b00000000000000000000111010010000 "
b00000000000000000000111010010000 $
1&
b0111010001101 8
b0111010001110 ;
1=
1>
#37285
0&
0=
0>
#37290
b00000000000000000000111010010001 "
b00000000000000000000111010010001 $
1&
b0111010001110 8
b0111010001111 ;
1=
1>
#37295
0&
0=
0>
#37300
b00000000000000000000111010010010 "
b00000000000000000000111010010010 $
1&
b0111010001111 8
b0111010010000 ;
1=
1>
#37305
0&
0=
0>
#37310
b00000000000000000000111010010011 "
b00000000000000000000111010010011 $
1&
b0111010010000 8
b0111010010001 ;
1=
1>
#37315
0&
0=
0>
#37320
b00000000000000000000111010010100 "
b00000000000000000000111010010100 $
1&
b0111010010001 8
b0111010010010 ;
1=
1>
#37325
0&
0=
0>
#37330
b00000000000000000000111010010101 "
b00000000000000000000111010010101 $
1&
b0111010010010 8
b0111010010011 ;
1=
1>
#37335
0&
0=
0>
#37340
b00000000000000000000111010010110 "
b00000000000000000000111010010110 $
1&
b0111010010011 8
b0111010010100 ;
1=
1>
#37345
0&
0=
0>
#37350
b00000000000000000000111010010111 "
b00000000000000000000111010010111 $
1&
b0111010010100 8
b0111010010101 ;
1=
1>
#37355
0&
0=
0>
#37360
b00000000000000000000111010011000 "
b00000000000000000000111010011000 $
1&
b0111010010101 8
b0111010010110 ;
1=
1>
#37365
0&
0=
0>
#37370
b00000000000000000000111010011001 "
b00000000000000000000111010011001 $
1&
b0111010010110 8
b0111010010111 ;
1=
1>
#37375
0&
0=
0>
#37380
b00000000000000000000111010011010 "
b00000000000000000000111010011010 $
1&
b0111010010111 8
b0111010011000 ;
1=
1>
#37385
0&
0=
0>
#37390
b00000000000000000000111010011011 "
b00000000000000000000111010011011 $
1&
b0111010011000 8
b0111010011001 ;
1=
1>
#37395
0&
0=
0>
#37400
b00000000000000000000111010011100 "
b00000000000000000000111010011100 $
1&
b0111010011001 8
b0111010011010 ;
1=
1>
#37405
0&
0=
0>
#37410
b00000000000000000000111010011101 "
b00000000000000000000111010011101 $
1&
b0111010011010 8
b0111010011011 ;
1=
1>
#37415
0&
0=
0>
#37420
b00000000000000000000111010011110 "
b00000000000000000000111010011110 $
1&
b0111010011011 8
b0111010011100 ;
1=
1>
#37425
0&
0=
0>
#37430
b00000000000000000000111010011111 "
b00000000000000000000111010011111 $
1&
b0111010011100 8
b0111010011101 ;
1=
1>
#37435
0&
0=
0>
#37440
b00000000000000000000111010100000 "
b00000000000000000000111010100000 $
1&
b0111010011101 8
b0111010011110 ;
1=
1>
#37445
0&
0=
0>
#37450
b00000000000000000000111010100001 "
b00000000000000000000111010100001 $
1&
b0111010011110 8
b0111010011111 ;
1=
1>
#37455
0&
0=
0>
#37460
b00000000000000000000111010100010 "
b00000000000000000000111010100010 $
1&
b0111010011111 8
b0111010100000 ;
1=
1>
#37465
0&
0=
0>
#37470
b00000000000000000000111010100011 "
b00000000000000000000111010100011 $
1&
b0111010100000 8
b0111010100001 ;
1=
1>
#37475
0&
0=
0>
#37480
b00000000000000000000111010100100 "
b00000000000000000000111010100100 $
1&
b0111010100001 8
b0111010100010 ;
1=
1>
#37485
0&
0=
0>
#37490
b00000000000000000000111010100101 "
b00000000000000000000111010100101 $
1&
b0111010100010 8
b0111010100011 ;
1=
1>
#37495
0&
0=
0>
#37500
b00000000000000000000111010100110 "
b00000000000000000000111010100110 $
1&
b0111010100011 8
b0111010100100 ;
1=
1>
#37505
0&
0=
0>
#37510
b00000000000000000000111010100111 "
b00000000000000000000111010100111 $
1&
b0111010100100 8
b0111010100101 ;
1=
1>
#37515
0&
0=
0>
#37520
b00000000000000000000111010101000 "
b00000000000000000000111010101000 $
1&
b0111010100101 8
b0111010100110 ;
1=
1>
#37525
0&
0=
0>
#37530
b00000000000000000000111010101001 "
b00000000000000000000111010101001 $
1&
b0111010100110 8
b0111010100111 ;
1=
1>
#37535
0&
0=
0>
#37540
b00000000000000000000111010101010 "
b00000000000000000000111010101010 $
1&
b0111010100111 8
b0111010101000 ;
1=
1>
#37545
0&
0=
0>
#37550
b00000000000000000000111010101011 "
b00000000000000000000111010101011 $
1&
b0111010101000 8
b0111010101001 ;
1=
1>
#37555
0&
0=
0>
#37560
b00000000000000000000111010101100 "
b00000000000000000000111010101100 $
1&
b0111010101001 8
b0111010101010 ;
1=
1>
#37565
0&
0=
0>
#37570
b00000000000000000000111010101101 "
b00000000000000000000111010101101 $
1&
b0111010101010 8
b0111010101011 ;
1=
1>
#37575
0&
0=
0>
#37580
b00000000000000000000111010101110 "
b00000000000000000000111010101110 $
1&
b0111010101011 8
b0111010101100 ;
1=
1>
#37585
0&
0=
0>
#37590
b00000000000000000000111010101111 "
b00000000000000000000111010101111 $
1&
b0111010101100 8
b0111010101101 ;
1=
1>
#37595
0&
0=
0>
#37600
b00000000000000000000111010110000 "
b00000000000000000000111010110000 $
1&
b0111010101101 8
b0111010101110 ;
1=
1>
#37605
0&
0=
0>
#37610
b00000000000000000000111010110001 "
b00000000000000000000111010110001 $
1&
b0111010101110 8
b0111010101111 ;
1=
1>
#37615
0&
0=
0>
#37620
b00000000000000000000111010110010 "
b00000000000000000000111010110010 $
1&
b0111010101111 8
b0111010110000 ;
1=
1>
#37625
0&
0=
0>
#37630
b00000000000000000000111010110011 "
b00000000000000000000111010110011 $
1&
b0111010110000 8
b0111010110001 ;
1=
1>
#37635
0&
0=
0>
#37640
b00000000000000000000111010110100 "
b00000000000000000000111010110100 $
1&
b0111010110001 8
b0111010110010 ;
1=
1>
#37645
0&
0=
0>
#37650
b00000000000000000000111010110101 "
b00000000000000000000111010110101 $
1&
b0111010110010 8
b0111010110011 ;
1=
1>
#37655
0&
0=
0>
#37660
b00000000000000000000111010110110 "
b00000000000000000000111010110110 $
1&
b0111010110011 8
b0111010110100 ;
1=
1>
#37665
0&
0=
0>
#37670
b00000000000000000000111010110111 "
b00000000000000000000111010110111 $
1&
b0111010110100 8
b0111010110101 ;
1=
1>
#37675
0&
0=
0>
#37680
b00000000000000000000111010111000 "
b00000000000000000000111010111000 $
1&
b0111010110101 8
b0111010110110 ;
1=
1>
#37685
0&
0=
0>
#37690
b00000000000000000000111010111001 "
b00000000000000000000111010111001 $
1&
b0111010110110 8
b0111010110111 ;
1=
1>
#37695
0&
0=
0>
#37700
b00000000000000000000111010111010 "
b00000000000000000000111010111010 $
1&
b0111010110111 8
b0111010111000 ;
1=
1>
#37705
0&
0=
0>
#37710
b00000000000000000000111010111011 "
b00000000000000000000111010111011 $
1&
b0111010111000 8
b0111010111001 ;
1=
1>
#37715
0&
0=
0>
#37720
b00000000000000000000111010111100 "
b00000000000000000000111010111100 $
1&
b0111010111001 8
b0111010111010 ;
1=
1>
#37725
0&
0=
0>
#37730
b00000000000000000000111010111101 "
b00000000000000000000111010111101 $
1&
b0111010111010 8
b0111010111011 ;
1=
1>
#37735
0&
0=
0>
#37740
b00000000000000000000111010111110 "
b00000000000000000000111010111110 $
1&
b0111010111011 8
b0111010111100 ;
1=
1>
#37745
0&
0=
0>
#37750
b00000000000000000000111010111111 "
b00000000000000000000111010111111 $
1&
b0111010111100 8
b0111010111101 ;
1=
1>
#37755
0&
0=
0>
#37760
b00000000000000000000111011000000 "
b00000000000000000000111011000000 $
1&
b0111010111101 8
b0111010111110 ;
1=
1>
#37765
0&
0=
0>
#37770
b00000000000000000000111011000001 "
b00000000000000000000111011000001 $
1&
b0111010111110 8
b0111010111111 ;
1=
1>
#37775
0&
0=
0>
#37780
b00000000000000000000111011000010 "
b00000000000000000000111011000010 $
1&
b0111010111111 8
b0111011000000 ;
1=
1>
#37785
0&
0=
0>
#37790
b00000000000000000000111011000011 "
b00000000000000000000111011000011 $
1&
b0111011000000 8
b0111011000001 ;
1=
1>
#37795
0&
0=
0>
#37800
b00000000000000000000111011000100 "
b00000000000000000000111011000100 $
1&
b0111011000001 8
b0111011000010 ;
1=
1>
#37805
0&
0=
0>
#37810
b00000000000000000000111011000101 "
b00000000000000000000111011000101 $
1&
b0111011000010 8
b0111011000011 ;
1=
1>
#37815
0&
0=
0>
#37820
b00000000000000000000111011000110 "
b00000000000000000000111011000110 $
1&
b0111011000011 8
b0111011000100 ;
1=
1>
#37825
0&
0=
0>
#37830
b00000000000000000000111011000111 "
b00000000000000000000111011000111 $
1&
b0111011000100 8
b0111011000101 ;
1=
1>
#37835
0&
0=
0>
#37840
b00000000000000000000111011001000 "
b00000000000000000000111011001000 $
1&
b0111011000101 8
b0111011000110 ;
1=
1>
#37845
0&
0=
0>
#37850
b00000000000000000000111011001001 "
b00000000000000000000111011001001 $
1&
b0111011000110 8
b0111011000111 ;
1=
1>
#37855
0&
0=
0>
#37860
b00000000000000000000111011001010 "
b00000000000000000000111011001010 $
1&
b0111011000111 8
b0111011001000 ;
1=
1>
#37865
0&
0=
0>
#37870
b00000000000000000000111011001011 "
b00000000000000000000111011001011 $
1&
b0111011001000 8
b0111011001001 ;
1=
1>
#37875
0&
0=
0>
#37880
b00000000000000000000111011001100 "
b00000000000000000000111011001100 $
1&
b0111011001001 8
b0111011001010 ;
1=
1>
#37885
0&
0=
0>
#37890
b00000000000000000000111011001101 "
b00000000000000000000111011001101 $
1&
b0111011001010 8
b0111011001011 ;
1=
1>
#37895
0&
0=
0>
#37900
b00000000000000000000111011001110 "
b00000000000000000000111011001110 $
1&
b0111011001011 8
b0111011001100 ;
1=
1>
#37905
0&
0=
0>
#37910
b00000000000000000000111011001111 "
b00000000000000000000111011001111 $
1&
b0111011001100 8
b0111011001101 ;
1=
1>
#37915
0&
0=
0>
#37920
b00000000000000000000111011010000 "
b00000000000000000000111011010000 $
1&
b0111011001101 8
b0111011001110 ;
1=
1>
#37925
0&
0=
0>
#37930
b00000000000000000000111011010001 "
b00000000000000000000111011010001 $
1&
b0111011001110 8
b0111011001111 ;
1=
1>
#37935
0&
0=
0>
#37940
b00000000000000000000111011010010 "
b00000000000000000000111011010010 $
1&
b0111011001111 8
b0111011010000 ;
1=
1>
#37945
0&
0=
0>
#37950
b00000000000000000000111011010011 "
b00000000000000000000111011010011 $
1&
b0111011010000 8
b0111011010001 ;
1=
1>
#37955
0&
0=
0>
#37960
b00000000000000000000111011010100 "
b00000000000000000000111011010100 $
1&
b0111011010001 8
b0111011010010 ;
1=
1>
#37965
0&
0=
0>
#37970
b00000000000000000000111011010101 "
b00000000000000000000111011010101 $
1&
b0111011010010 8
b0111011010011 ;
1=
1>
#37975
0&
0=
0>
#37980
b00000000000000000000111011010110 "
b00000000000000000000111011010110 $
1&
b0111011010011 8
b0111011010100 ;
1=
1>
#37985
0&
0=
0>
#37990
b00000000000000000000111011010111 "
b00000000000000000000111011010111 $
1&
b0111011010100 8
b0111011010101 ;
1=
1>
#37995
0&
0=
0>
#38000
b00000000000000000000111011011000 "
b00000000000000000000111011011000 $
1&
b0111011010101 8
b0111011010110 ;
1=
1>
#38005
0&
0=
0>
#38010
b00000000000000000000111011011001 "
b00000000000000000000111011011001 $
1&
b0111011010110 8
b0111011010111 ;
1=
1>
#38015
0&
0=
0>
#38020
b00000000000000000000111011011010 "
b00000000000000000000111011011010 $
1&
b0111011010111 8
b0111011011000 ;
1=
1>
#38025
0&
0=
0>
#38030
b00000000000000000000111011011011 "
b00000000000000000000111011011011 $
1&
b0111011011000 8
b0111011011001 ;
1=
1>
#38035
0&
0=
0>
#38040
b00000000000000000000111011011100 "
b00000000000000000000111011011100 $
1&
b0111011011001 8
b0111011011010 ;
1=
1>
#38045
0&
0=
0>
#38050
b00000000000000000000111011011101 "
b00000000000000000000111011011101 $
1&
b0111011011010 8
b0111011011011 ;
1=
1>
#38055
0&
0=
0>
#38060
b00000000000000000000111011011110 "
b00000000000000000000111011011110 $
1&
b0111011011011 8
b0111011011100 ;
1=
1>
#38065
0&
0=
0>
#38070
b00000000000000000000111011011111 "
b00000000000000000000111011011111 $
1&
b0111011011100 8
b0111011011101 ;
1=
1>
#38075
0&
0=
0>
#38080
b00000000000000000000111011100000 "
b00000000000000000000111011100000 $
1&
b0111011011101 8
b0111011011110 ;
1=
1>
#38085
0&
0=
0>
#38090
b00000000000000000000111011100001 "
b00000000000000000000111011100001 $
1&
b0111011011110 8
b0111011011111 ;
1=
1>
#38095
0&
0=
0>
#38100
b00000000000000000000111011100010 "
b00000000000000000000111011100010 $
1&
b0111011011111 8
b0111011100000 ;
1=
1>
#38105
0&
0=
0>
#38110
b00000000000000000000111011100011 "
b00000000000000000000111011100011 $
1&
b0111011100000 8
b0111011100001 ;
1=
1>
#38115
0&
0=
0>
#38120
b00000000000000000000111011100100 "
b00000000000000000000111011100100 $
1&
b0111011100001 8
b0111011100010 ;
1=
1>
#38125
0&
0=
0>
#38130
b00000000000000000000111011100101 "
b00000000000000000000111011100101 $
1&
b0111011100010 8
b0111011100011 ;
1=
1>
#38135
0&
0=
0>
#38140
b00000000000000000000111011100110 "
b00000000000000000000111011100110 $
1&
b0111011100011 8
b0111011100100 ;
1=
1>
#38145
0&
0=
0>
#38150
b00000000000000000000111011100111 "
b00000000000000000000111011100111 $
1&
b0111011100100 8
b0111011100101 ;
1=
1>
#38155
0&
0=
0>
#38160
b00000000000000000000111011101000 "
b00000000000000000000111011101000 $
1&
b0111011100101 8
b0111011100110 ;
1=
1>
#38165
0&
0=
0>
#38170
b00000000000000000000111011101001 "
b00000000000000000000111011101001 $
1&
b0111011100110 8
b0111011100111 ;
1=
1>
#38175
0&
0=
0>
#38180
b00000000000000000000111011101010 "
b00000000000000000000111011101010 $
1&
b0111011100111 8
b0111011101000 ;
1=
1>
#38185
0&
0=
0>
#38190
b00000000000000000000111011101011 "
b00000000000000000000111011101011 $
1&
b0111011101000 8
b0111011101001 ;
1=
1>
#38195
0&
0=
0>
#38200
b00000000000000000000111011101100 "
b00000000000000000000111011101100 $
1&
b0111011101001 8
b0111011101010 ;
1=
1>
#38205
0&
0=
0>
#38210
b00000000000000000000111011101101 "
b00000000000000000000111011101101 $
1&
b0111011101010 8
b0111011101011 ;
1=
1>
#38215
0&
0=
0>
#38220
b00000000000000000000111011101110 "
b00000000000000000000111011101110 $
1&
b0111011101011 8
b0111011101100 ;
1=
1>
#38225
0&
0=
0>
#38230
b00000000000000000000111011101111 "
b00000000000000000000111011101111 $
1&
b0111011101100 8
b0111011101101 ;
1=
1>
#38235
0&
0=
0>
#38240
b00000000000000000000111011110000 "
b00000000000000000000111011110000 $
1&
b0111011101101 8
b0111011101110 ;
1=
1>
#38245
0&
0=
0>
#38250
b00000000000000000000111011110001 "
b00000000000000000000111011110001 $
1&
b0111011101110 8
b0111011101111 ;
1=
1>
#38255
0&
0=
0>
#38260
b00000000000000000000111011110010 "
b00000000000000000000111011110010 $
1&
b0111011101111 8
b0111011110000 ;
1=
1>
#38265
0&
0=
0>
#38270
b00000000000000000000111011110011 "
b00000000000000000000111011110011 $
1&
b0111011110000 8
b0111011110001 ;
1=
1>
#38275
0&
0=
0>
#38280
b00000000000000000000111011110100 "
b00000000000000000000111011110100 $
1&
b0111011110001 8
b0111011110010 ;
1=
1>
#38285
0&
0=
0>
#38290
b00000000000000000000111011110101 "
b00000000000000000000111011110101 $
1&
b0111011110010 8
b0111011110011 ;
1=
1>
#38295
0&
0=
0>
#38300
b00000000000000000000111011110110 "
b00000000000000000000111011110110 $
1&
b0111011110011 8
b0111011110100 ;
1=
1>
#38305
0&
0=
0>
#38310
b00000000000000000000111011110111 "
b00000000000000000000111011110111 $
1&
b0111011110100 8
b0111011110101 ;
1=
1>
#38315
0&
0=
0>
#38320
b00000000000000000000111011111000 "
b00000000000000000000111011111000 $
1&
b0111011110101 8
b0111011110110 ;
1=
1>
#38325
0&
0=
0>
#38330
b00000000000000000000111011111001 "
b00000000000000000000111011111001 $
1&
b0111011110110 8
b0111011110111 ;
1=
1>
#38335
0&
0=
0>
#38340
b00000000000000000000111011111010 "
b00000000000000000000111011111010 $
1&
b0111011110111 8
b0111011111000 ;
1=
1>
#38345
0&
0=
0>
#38350
b00000000000000000000111011111011 "
b00000000000000000000111011111011 $
1&
b0111011111000 8
b0111011111001 ;
1=
1>
#38355
0&
0=
0>
#38360
b00000000000000000000111011111100 "
b00000000000000000000111011111100 $
1&
b0111011111001 8
b0111011111010 ;
1=
1>
#38365
0&
0=
0>
#38370
b00000000000000000000111011111101 "
b00000000000000000000111011111101 $
1&
b0111011111010 8
b0111011111011 ;
1=
1>
#38375
0&
0=
0>
#38380
b00000000000000000000111011111110 "
b00000000000000000000111011111110 $
1&
b0111011111011 8
b0111011111100 ;
1=
1>
#38385
0&
0=
0>
#38390
b00000000000000000000111011111111 "
b00000000000000000000111011111111 $
1&
b0111011111100 8
b0111011111101 ;
1=
1>
#38395
0&
0=
0>
#38400
b00000000000000000000111100000000 "
b00000000000000000000111100000000 $
1&
b0111011111101 8
b0111011111110 ;
1=
1>
#38405
0&
0=
0>
#38410
b00000000000000000000111100000001 "
b00000000000000000000111100000001 $
1&
b0111011111110 8
b0111011111111 ;
1=
1>
#38415
0&
0=
0>
#38420
b00000000000000000000111100000010 "
b00000000000000000000111100000010 $
1&
b0111011111111 8
b0111100000000 ;
1=
1>
#38425
0&
0=
0>
#38430
b00000000000000000000111100000011 "
b00000000000000000000111100000011 $
1&
b0111100000000 8
b0111100000001 ;
1=
1>
#38435
0&
0=
0>
#38440
b00000000000000000000111100000100 "
b00000000000000000000111100000100 $
1&
b0111100000001 8
b0111100000010 ;
1=
1>
#38445
0&
0=
0>
#38450
b00000000000000000000111100000101 "
b00000000000000000000111100000101 $
1&
b0111100000010 8
b0111100000011 ;
1=
1>
#38455
0&
0=
0>
#38460
b00000000000000000000111100000110 "
b00000000000000000000111100000110 $
1&
b0111100000011 8
b0111100000100 ;
1=
1>
#38465
0&
0=
0>
#38470
b00000000000000000000111100000111 "
b00000000000000000000111100000111 $
1&
b0111100000100 8
b0111100000101 ;
1=
1>
#38475
0&
0=
0>
#38480
b00000000000000000000111100001000 "
b00000000000000000000111100001000 $
1&
b0111100000101 8
b0111100000110 ;
1=
1>
#38485
0&
0=
0>
#38490
b00000000000000000000111100001001 "
b00000000000000000000111100001001 $
1&
b0111100000110 8
b0111100000111 ;
1=
1>
#38495
0&
0=
0>
#38500
b00000000000000000000111100001010 "
b00000000000000000000111100001010 $
1&
b0111100000111 8
b0111100001000 ;
1=
1>
#38505
0&
0=
0>
#38510
b00000000000000000000111100001011 "
b00000000000000000000111100001011 $
1&
b0111100001000 8
b0111100001001 ;
1=
1>
#38515
0&
0=
0>
#38520
b00000000000000000000111100001100 "
b00000000000000000000111100001100 $
1&
b0111100001001 8
b0111100001010 ;
1=
1>
#38525
0&
0=
0>
#38530
b00000000000000000000111100001101 "
b00000000000000000000111100001101 $
1&
b0111100001010 8
b0111100001011 ;
1=
1>
#38535
0&
0=
0>
#38540
b00000000000000000000111100001110 "
b00000000000000000000111100001110 $
1&
b0111100001011 8
b0111100001100 ;
1=
1>
#38545
0&
0=
0>
#38550
b00000000000000000000111100001111 "
b00000000000000000000111100001111 $
1&
b0111100001100 8
b0111100001101 ;
1=
1>
#38555
0&
0=
0>
#38560
b00000000000000000000111100010000 "
b00000000000000000000111100010000 $
1&
b0111100001101 8
b0111100001110 ;
1=
1>
#38565
0&
0=
0>
#38570
b00000000000000000000111100010001 "
b00000000000000000000111100010001 $
1&
b0111100001110 8
b0111100001111 ;
1=
1>
#38575
0&
0=
0>
#38580
b00000000000000000000111100010010 "
b00000000000000000000111100010010 $
1&
b0111100001111 8
b0111100010000 ;
1=
1>
#38585
0&
0=
0>
#38590
b00000000000000000000111100010011 "
b00000000000000000000111100010011 $
1&
b0111100010000 8
b0111100010001 ;
1=
1>
#38595
0&
0=
0>
#38600
b00000000000000000000111100010100 "
b00000000000000000000111100010100 $
1&
b0111100010001 8
b0111100010010 ;
1=
1>
#38605
0&
0=
0>
#38610
b00000000000000000000111100010101 "
b00000000000000000000111100010101 $
1&
b0111100010010 8
b0111100010011 ;
1=
1>
#38615
0&
0=
0>
#38620
b00000000000000000000111100010110 "
b00000000000000000000111100010110 $
1&
b0111100010011 8
b0111100010100 ;
1=
1>
#38625
0&
0=
0>
#38630
b00000000000000000000111100010111 "
b00000000000000000000111100010111 $
1&
b0111100010100 8
b0111100010101 ;
1=
1>
#38635
0&
0=
0>
#38640
b00000000000000000000111100011000 "
b00000000000000000000111100011000 $
1&
b0111100010101 8
b0111100010110 ;
1=
1>
#38645
0&
0=
0>
#38650
b00000000000000000000111100011001 "
b00000000000000000000111100011001 $
1&
b0111100010110 8
b0111100010111 ;
1=
1>
#38655
0&
0=
0>
#38660
b00000000000000000000111100011010 "
b00000000000000000000111100011010 $
1&
b0111100010111 8
b0111100011000 ;
1=
1>
#38665
0&
0=
0>
#38670
b00000000000000000000111100011011 "
b00000000000000000000111100011011 $
1&
b0111100011000 8
b0111100011001 ;
1=
1>
#38675
0&
0=
0>
#38680
b00000000000000000000111100011100 "
b00000000000000000000111100011100 $
1&
b0111100011001 8
b0111100011010 ;
1=
1>
#38685
0&
0=
0>
#38690
b00000000000000000000111100011101 "
b00000000000000000000111100011101 $
1&
b0111100011010 8
b0111100011011 ;
1=
1>
#38695
0&
0=
0>
#38700
b00000000000000000000111100011110 "
b00000000000000000000111100011110 $
1&
b0111100011011 8
b0111100011100 ;
1=
1>
#38705
0&
0=
0>
#38710
b00000000000000000000111100011111 "
b00000000000000000000111100011111 $
1&
b0111100011100 8
b0111100011101 ;
1=
1>
#38715
0&
0=
0>
#38720
b00000000000000000000111100100000 "
b00000000000000000000111100100000 $
1&
b0111100011101 8
b0111100011110 ;
1=
1>
#38725
0&
0=
0>
#38730
b00000000000000000000111100100001 "
b00000000000000000000111100100001 $
1&
b0111100011110 8
b0111100011111 ;
1=
1>
#38735
0&
0=
0>
#38740
b00000000000000000000111100100010 "
b00000000000000000000111100100010 $
1&
b0111100011111 8
b0111100100000 ;
1=
1>
#38745
0&
0=
0>
#38750
b00000000000000000000111100100011 "
b00000000000000000000111100100011 $
1&
b0111100100000 8
b0111100100001 ;
1=
1>
#38755
0&
0=
0>
#38760
b00000000000000000000111100100100 "
b00000000000000000000111100100100 $
1&
b0111100100001 8
b0111100100010 ;
1=
1>
#38765
0&
0=
0>
#38770
b00000000000000000000111100100101 "
b00000000000000000000111100100101 $
1&
b0111100100010 8
b0111100100011 ;
1=
1>
#38775
0&
0=
0>
#38780
b00000000000000000000111100100110 "
b00000000000000000000111100100110 $
1&
b0111100100011 8
b0111100100100 ;
1=
1>
#38785
0&
0=
0>
#38790
b00000000000000000000111100100111 "
b00000000000000000000111100100111 $
1&
b0111100100100 8
b0111100100101 ;
1=
1>
#38795
0&
0=
0>
#38800
b00000000000000000000111100101000 "
b00000000000000000000111100101000 $
1&
b0111100100101 8
b0111100100110 ;
1=
1>
#38805
0&
0=
0>
#38810
b00000000000000000000111100101001 "
b00000000000000000000111100101001 $
1&
b0111100100110 8
b0111100100111 ;
1=
1>
#38815
0&
0=
0>
#38820
b00000000000000000000111100101010 "
b00000000000000000000111100101010 $
1&
b0111100100111 8
b0111100101000 ;
1=
1>
#38825
0&
0=
0>
#38830
b00000000000000000000111100101011 "
b00000000000000000000111100101011 $
1&
b0111100101000 8
b0111100101001 ;
1=
1>
#38835
0&
0=
0>
#38840
b00000000000000000000111100101100 "
b00000000000000000000111100101100 $
1&
b0111100101001 8
b0111100101010 ;
1=
1>
#38845
0&
0=
0>
#38850
b00000000000000000000111100101101 "
b00000000000000000000111100101101 $
1&
b0111100101010 8
b0111100101011 ;
1=
1>
#38855
0&
0=
0>
#38860
b00000000000000000000111100101110 "
b00000000000000000000111100101110 $
1&
b0111100101011 8
b0111100101100 ;
1=
1>
#38865
0&
0=
0>
#38870
b00000000000000000000111100101111 "
b00000000000000000000111100101111 $
1&
b0111100101100 8
b0111100101101 ;
1=
1>
#38875
0&
0=
0>
#38880
b00000000000000000000111100110000 "
b00000000000000000000111100110000 $
1&
b0111100101101 8
b0111100101110 ;
1=
1>
#38885
0&
0=
0>
#38890
b00000000000000000000111100110001 "
b00000000000000000000111100110001 $
1&
b0111100101110 8
b0111100101111 ;
1=
1>
#38895
0&
0=
0>
#38900
b00000000000000000000111100110010 "
b00000000000000000000111100110010 $
1&
b0111100101111 8
b0111100110000 ;
1=
1>
#38905
0&
0=
0>
#38910
b00000000000000000000111100110011 "
b00000000000000000000111100110011 $
1&
b0111100110000 8
b0111100110001 ;
1=
1>
#38915
0&
0=
0>
#38920
b00000000000000000000111100110100 "
b00000000000000000000111100110100 $
1&
b0111100110001 8
b0111100110010 ;
1=
1>
#38925
0&
0=
0>
#38930
b00000000000000000000111100110101 "
b00000000000000000000111100110101 $
1&
b0111100110010 8
b0111100110011 ;
1=
1>
#38935
0&
0=
0>
#38940
b00000000000000000000111100110110 "
b00000000000000000000111100110110 $
1&
b0111100110011 8
b0111100110100 ;
1=
1>
#38945
0&
0=
0>
#38950
b00000000000000000000111100110111 "
b00000000000000000000111100110111 $
1&
b0111100110100 8
b0111100110101 ;
1=
1>
#38955
0&
0=
0>
#38960
b00000000000000000000111100111000 "
b00000000000000000000111100111000 $
1&
b0111100110101 8
b0111100110110 ;
1=
1>
#38965
0&
0=
0>
#38970
b00000000000000000000111100111001 "
b00000000000000000000111100111001 $
1&
b0111100110110 8
b0111100110111 ;
1=
1>
#38975
0&
0=
0>
#38980
b00000000000000000000111100111010 "
b00000000000000000000111100111010 $
1&
b0111100110111 8
b0111100111000 ;
1=
1>
#38985
0&
0=
0>
#38990
b00000000000000000000111100111011 "
b00000000000000000000111100111011 $
1&
b0111100111000 8
b0111100111001 ;
1=
1>
#38995
0&
0=
0>
#39000
b00000000000000000000111100111100 "
b00000000000000000000111100111100 $
1&
b0111100111001 8
b0111100111010 ;
1=
1>
#39005
0&
0=
0>
#39010
b00000000000000000000111100111101 "
b00000000000000000000111100111101 $
1&
b0111100111010 8
b0111100111011 ;
1=
1>
#39015
0&
0=
0>
#39020
b00000000000000000000111100111110 "
b00000000000000000000111100111110 $
1&
b0111100111011 8
b0111100111100 ;
1=
1>
#39025
0&
0=
0>
#39030
b00000000000000000000111100111111 "
b00000000000000000000111100111111 $
1&
b0111100111100 8
b0111100111101 ;
1=
1>
#39035
0&
0=
0>
#39040
b00000000000000000000111101000000 "
b00000000000000000000111101000000 $
1&
b0111100111101 8
b0111100111110 ;
1=
1>
#39045
0&
0=
0>
#39050
b00000000000000000000111101000001 "
b00000000000000000000111101000001 $
1&
b0111100111110 8
b0111100111111 ;
1=
1>
#39055
0&
0=
0>
#39060
b00000000000000000000111101000010 "
b00000000000000000000111101000010 $
1&
b0111100111111 8
b0111101000000 ;
1=
1>
#39065
0&
0=
0>
#39070
b00000000000000000000111101000011 "
b00000000000000000000111101000011 $
1&
b0111101000000 8
b0111101000001 ;
1=
1>
#39075
0&
0=
0>
#39080
b00000000000000000000111101000100 "
b00000000000000000000111101000100 $
1&
b0111101000001 8
b0111101000010 ;
1=
1>
#39085
0&
0=
0>
#39090
b00000000000000000000111101000101 "
b00000000000000000000111101000101 $
1&
b0111101000010 8
b0111101000011 ;
1=
1>
#39095
0&
0=
0>
#39100
b00000000000000000000111101000110 "
b00000000000000000000111101000110 $
1&
b0111101000011 8
b0111101000100 ;
1=
1>
#39105
0&
0=
0>
#39110
b00000000000000000000111101000111 "
b00000000000000000000111101000111 $
1&
b0111101000100 8
b0111101000101 ;
1=
1>
#39115
0&
0=
0>
#39120
b00000000000000000000111101001000 "
b00000000000000000000111101001000 $
1&
b0111101000101 8
b0111101000110 ;
1=
1>
#39125
0&
0=
0>
#39130
b00000000000000000000111101001001 "
b00000000000000000000111101001001 $
1&
b0111101000110 8
b0111101000111 ;
1=
1>
#39135
0&
0=
0>
#39140
b00000000000000000000111101001010 "
b00000000000000000000111101001010 $
1&
b0111101000111 8
b0111101001000 ;
1=
1>
#39145
0&
0=
0>
#39150
b00000000000000000000111101001011 "
b00000000000000000000111101001011 $
1&
b0111101001000 8
b0111101001001 ;
1=
1>
#39155
0&
0=
0>
#39160
b00000000000000000000111101001100 "
b00000000000000000000111101001100 $
1&
b0111101001001 8
b0111101001010 ;
1=
1>
#39165
0&
0=
0>
#39170
b00000000000000000000111101001101 "
b00000000000000000000111101001101 $
1&
b0111101001010 8
b0111101001011 ;
1=
1>
#39175
0&
0=
0>
#39180
b00000000000000000000111101001110 "
b00000000000000000000111101001110 $
1&
b0111101001011 8
b0111101001100 ;
1=
1>
#39185
0&
0=
0>
#39190
b00000000000000000000111101001111 "
b00000000000000000000111101001111 $
1&
b0111101001100 8
b0111101001101 ;
1=
1>
#39195
0&
0=
0>
#39200
b00000000000000000000111101010000 "
b00000000000000000000111101010000 $
1&
b0111101001101 8
b0111101001110 ;
1=
1>
#39205
0&
0=
0>
#39210
b00000000000000000000111101010001 "
b00000000000000000000111101010001 $
1&
b0111101001110 8
b0111101001111 ;
1=
1>
#39215
0&
0=
0>
#39220
b00000000000000000000111101010010 "
b00000000000000000000111101010010 $
1&
b0111101001111 8
b0111101010000 ;
1=
1>
#39225
0&
0=
0>
#39230
b00000000000000000000111101010011 "
b00000000000000000000111101010011 $
1&
b0111101010000 8
b0111101010001 ;
1=
1>
#39235
0&
0=
0>
#39240
b00000000000000000000111101010100 "
b00000000000000000000111101010100 $
1&
b0111101010001 8
b0111101010010 ;
1=
1>
#39245
0&
0=
0>
#39250
b00000000000000000000111101010101 "
b00000000000000000000111101010101 $
1&
b0111101010010 8
b0111101010011 ;
1=
1>
#39255
0&
0=
0>
#39260
b00000000000000000000111101010110 "
b00000000000000000000111101010110 $
1&
b0111101010011 8
b0111101010100 ;
1=
1>
#39265
0&
0=
0>
#39270
b00000000000000000000111101010111 "
b00000000000000000000111101010111 $
1&
b0111101010100 8
b0111101010101 ;
1=
1>
#39275
0&
0=
0>
#39280
b00000000000000000000111101011000 "
b00000000000000000000111101011000 $
1&
b0111101010101 8
b0111101010110 ;
1=
1>
#39285
0&
0=
0>
#39290
b00000000000000000000111101011001 "
b00000000000000000000111101011001 $
1&
b0111101010110 8
b0111101010111 ;
1=
1>
#39295
0&
0=
0>
#39300
b00000000000000000000111101011010 "
b00000000000000000000111101011010 $
1&
b0111101010111 8
b0111101011000 ;
1=
1>
#39305
0&
0=
0>
#39310
b00000000000000000000111101011011 "
b00000000000000000000111101011011 $
1&
b0111101011000 8
b0111101011001 ;
1=
1>
#39315
0&
0=
0>
#39320
b00000000000000000000111101011100 "
b00000000000000000000111101011100 $
1&
b0111101011001 8
b0111101011010 ;
1=
1>
#39325
0&
0=
0>
#39330
b00000000000000000000111101011101 "
b00000000000000000000111101011101 $
1&
b0111101011010 8
b0111101011011 ;
1=
1>
#39335
0&
0=
0>
#39340
b00000000000000000000111101011110 "
b00000000000000000000111101011110 $
1&
b0111101011011 8
b0111101011100 ;
1=
1>
#39345
0&
0=
0>
#39350
b00000000000000000000111101011111 "
b00000000000000000000111101011111 $
1&
b0111101011100 8
b0111101011101 ;
1=
1>
#39355
0&
0=
0>
#39360
b00000000000000000000111101100000 "
b00000000000000000000111101100000 $
1&
b0111101011101 8
b0111101011110 ;
1=
1>
#39365
0&
0=
0>
#39370
b00000000000000000000111101100001 "
b00000000000000000000111101100001 $
1&
b0111101011110 8
b0111101011111 ;
1=
1>
#39375
0&
0=
0>
#39380
b00000000000000000000111101100010 "
b00000000000000000000111101100010 $
1&
b0111101011111 8
b0111101100000 ;
1=
1>
#39385
0&
0=
0>
#39390
b00000000000000000000111101100011 "
b00000000000000000000111101100011 $
1&
b0111101100000 8
b0111101100001 ;
1=
1>
#39395
0&
0=
0>
#39400
b00000000000000000000111101100100 "
b00000000000000000000111101100100 $
1&
b0111101100001 8
b0111101100010 ;
1=
1>
#39405
0&
0=
0>
#39410
b00000000000000000000111101100101 "
b00000000000000000000111101100101 $
1&
b0111101100010 8
b0111101100011 ;
1=
1>
#39415
0&
0=
0>
#39420
b00000000000000000000111101100110 "
b00000000000000000000111101100110 $
1&
b0111101100011 8
b0111101100100 ;
1=
1>
#39425
0&
0=
0>
#39430
b00000000000000000000111101100111 "
b00000000000000000000111101100111 $
1&
b0111101100100 8
b0111101100101 ;
1=
1>
#39435
0&
0=
0>
#39440
b00000000000000000000111101101000 "
b00000000000000000000111101101000 $
1&
b0111101100101 8
b0111101100110 ;
1=
1>
#39445
0&
0=
0>
#39450
b00000000000000000000111101101001 "
b00000000000000000000111101101001 $
1&
b0111101100110 8
b0111101100111 ;
1=
1>
#39455
0&
0=
0>
#39460
b00000000000000000000111101101010 "
b00000000000000000000111101101010 $
1&
b0111101100111 8
b0111101101000 ;
1=
1>
#39465
0&
0=
0>
#39470
b00000000000000000000111101101011 "
b00000000000000000000111101101011 $
1&
b0111101101000 8
b0111101101001 ;
1=
1>
#39475
0&
0=
0>
#39480
b00000000000000000000111101101100 "
b00000000000000000000111101101100 $
1&
b0111101101001 8
b0111101101010 ;
1=
1>
#39485
0&
0=
0>
#39490
b00000000000000000000111101101101 "
b00000000000000000000111101101101 $
1&
b0111101101010 8
b0111101101011 ;
1=
1>
#39495
0&
0=
0>
#39500
b00000000000000000000111101101110 "
b00000000000000000000111101101110 $
1&
b0111101101011 8
b0111101101100 ;
1=
1>
#39505
0&
0=
0>
#39510
b00000000000000000000111101101111 "
b00000000000000000000111101101111 $
1&
b0111101101100 8
b0111101101101 ;
1=
1>
#39515
0&
0=
0>
#39520
b00000000000000000000111101110000 "
b00000000000000000000111101110000 $
1&
b0111101101101 8
b0111101101110 ;
1=
1>
#39525
0&
0=
0>
#39530
b00000000000000000000111101110001 "
b00000000000000000000111101110001 $
1&
b0111101101110 8
b0111101101111 ;
1=
1>
#39535
0&
0=
0>
#39540
b00000000000000000000111101110010 "
b00000000000000000000111101110010 $
1&
b0111101101111 8
b0111101110000 ;
1=
1>
#39545
0&
0=
0>
#39550
b00000000000000000000111101110011 "
b00000000000000000000111101110011 $
1&
b0111101110000 8
b0111101110001 ;
1=
1>
#39555
0&
0=
0>
#39560
b00000000000000000000111101110100 "
b00000000000000000000111101110100 $
1&
b0111101110001 8
b0111101110010 ;
1=
1>
#39565
0&
0=
0>
#39570
b00000000000000000000111101110101 "
b00000000000000000000111101110101 $
1&
b0111101110010 8
b0111101110011 ;
1=
1>
#39575
0&
0=
0>
#39580
b00000000000000000000111101110110 "
b00000000000000000000111101110110 $
1&
b0111101110011 8
b0111101110100 ;
1=
1>
#39585
0&
0=
0>
#39590
b00000000000000000000111101110111 "
b00000000000000000000111101110111 $
1&
b0111101110100 8
b0111101110101 ;
1=
1>
#39595
0&
0=
0>
#39600
b00000000000000000000111101111000 "
b00000000000000000000111101111000 $
1&
b0111101110101 8
b0111101110110 ;
1=
1>
#39605
0&
0=
0>
#39610
b00000000000000000000111101111001 "
b00000000000000000000111101111001 $
1&
b0111101110110 8
b0111101110111 ;
1=
1>
#39615
0&
0=
0>
#39620
b00000000000000000000111101111010 "
b00000000000000000000111101111010 $
1&
b0111101110111 8
b0111101111000 ;
1=
1>
#39625
0&
0=
0>
#39630
b00000000000000000000111101111011 "
b00000000000000000000111101111011 $
1&
b0111101111000 8
b0111101111001 ;
1=
1>
#39635
0&
0=
0>
#39640
b00000000000000000000111101111100 "
b00000000000000000000111101111100 $
1&
b0111101111001 8
b0111101111010 ;
1=
1>
#39645
0&
0=
0>
#39650
b00000000000000000000111101111101 "
b00000000000000000000111101111101 $
1&
b0111101111010 8
b0111101111011 ;
1=
1>
#39655
0&
0=
0>
#39660
b00000000000000000000111101111110 "
b00000000000000000000111101111110 $
1&
b0111101111011 8
b0111101111100 ;
1=
1>
#39665
0&
0=
0>
#39670
b00000000000000000000111101111111 "
b00000000000000000000111101111111 $
1&
b0111101111100 8
b0111101111101 ;
1=
1>
#39675
0&
0=
0>
#39680
b00000000000000000000111110000000 "
b00000000000000000000111110000000 $
1&
b0111101111101 8
b0111101111110 ;
1=
1>
#39685
0&
0=
0>
#39690
b00000000000000000000111110000001 "
b00000000000000000000111110000001 $
1&
b0111101111110 8
b0111101111111 ;
1=
1>
#39695
0&
0=
0>
#39700
b00000000000000000000111110000010 "
b00000000000000000000111110000010 $
1&
b0111101111111 8
b0111110000000 ;
1=
1>
#39705
0&
0=
0>
#39710
b00000000000000000000111110000011 "
b00000000000000000000111110000011 $
1&
b0111110000000 8
b0111110000001 ;
1=
1>
#39715
0&
0=
0>
#39720
b00000000000000000000111110000100 "
b00000000000000000000111110000100 $
1&
b0111110000001 8
b0111110000010 ;
1=
1>
#39725
0&
0=
0>
#39730
b00000000000000000000111110000101 "
b00000000000000000000111110000101 $
1&
b0111110000010 8
b0111110000011 ;
1=
1>
#39735
0&
0=
0>
#39740
b00000000000000000000111110000110 "
b00000000000000000000111110000110 $
1&
b0111110000011 8
b0111110000100 ;
1=
1>
#39745
0&
0=
0>
#39750
b00000000000000000000111110000111 "
b00000000000000000000111110000111 $
1&
b0111110000100 8
b0111110000101 ;
1=
1>
#39755
0&
0=
0>
#39760
b00000000000000000000111110001000 "
b00000000000000000000111110001000 $
1&
b0111110000101 8
b0111110000110 ;
1=
1>
#39765
0&
0=
0>
#39770
b00000000000000000000111110001001 "
b00000000000000000000111110001001 $
1&
b0111110000110 8
b0111110000111 ;
1=
1>
#39775
0&
0=
0>
#39780
b00000000000000000000111110001010 "
b00000000000000000000111110001010 $
1&
b0111110000111 8
b0111110001000 ;
1=
1>
#39785
0&
0=
0>
#39790
b00000000000000000000111110001011 "
b00000000000000000000111110001011 $
1&
b0111110001000 8
b0111110001001 ;
1=
1>
#39795
0&
0=
0>
#39800
b00000000000000000000111110001100 "
b00000000000000000000111110001100 $
1&
b0111110001001 8
b0111110001010 ;
1=
1>
#39805
0&
0=
0>
#39810
b00000000000000000000111110001101 "
b00000000000000000000111110001101 $
1&
b0111110001010 8
b0111110001011 ;
1=
1>
#39815
0&
0=
0>
#39820
b00000000000000000000111110001110 "
b00000000000000000000111110001110 $
1&
b0111110001011 8
b0111110001100 ;
1=
1>
#39825
0&
0=
0>
#39830
b00000000000000000000111110001111 "
b00000000000000000000111110001111 $
1&
b0111110001100 8
b0111110001101 ;
1=
1>
#39835
0&
0=
0>
#39840
b00000000000000000000111110010000 "
b00000000000000000000111110010000 $
1&
b0111110001101 8
b0111110001110 ;
1=
1>
#39845
0&
0=
0>
#39850
b00000000000000000000111110010001 "
b00000000000000000000111110010001 $
1&
b0111110001110 8
b0111110001111 ;
1=
1>
#39855
0&
0=
0>
#39860
b00000000000000000000111110010010 "
b00000000000000000000111110010010 $
1&
b0111110001111 8
b0111110010000 ;
1=
1>
#39865
0&
0=
0>
#39870
b00000000000000000000111110010011 "
b00000000000000000000111110010011 $
1&
b0111110010000 8
b0111110010001 ;
1=
1>
#39875
0&
0=
0>
#39880
b00000000000000000000111110010100 "
b00000000000000000000111110010100 $
1&
b0111110010001 8
b0111110010010 ;
1=
1>
#39885
0&
0=
0>
#39890
b00000000000000000000111110010101 "
b00000000000000000000111110010101 $
1&
b0111110010010 8
b0111110010011 ;
1=
1>
#39895
0&
0=
0>
#39900
b00000000000000000000111110010110 "
b00000000000000000000111110010110 $
1&
b0111110010011 8
b0111110010100 ;
1=
1>
#39905
0&
0=
0>
#39910
b00000000000000000000111110010111 "
b00000000000000000000111110010111 $
1&
b0111110010100 8
b0111110010101 ;
1=
1>
#39915
0&
0=
0>
#39920
b00000000000000000000111110011000 "
b00000000000000000000111110011000 $
1&
b0111110010101 8
b0111110010110 ;
1=
1>
#39925
0&
0=
0>
#39930
b00000000000000000000111110011001 "
b00000000000000000000111110011001 $
1&
b0111110010110 8
b0111110010111 ;
1=
1>
#39935
0&
0=
0>
#39940
b00000000000000000000111110011010 "
b00000000000000000000111110011010 $
1&
b0111110010111 8
b0111110011000 ;
1=
1>
#39945
0&
0=
0>
#39950
b00000000000000000000111110011011 "
b00000000000000000000111110011011 $
1&
b0111110011000 8
b0111110011001 ;
1=
1>
#39955
0&
0=
0>
#39960
b00000000000000000000111110011100 "
b00000000000000000000111110011100 $
1&
b0111110011001 8
b0111110011010 ;
1=
1>
#39965
0&
0=
0>
#39970
b00000000000000000000111110011101 "
b00000000000000000000111110011101 $
1&
b0111110011010 8
b0111110011011 ;
1=
1>
#39975
0&
0=
0>
#39980
b00000000000000000000111110011110 "
b00000000000000000000111110011110 $
1&
b0111110011011 8
b0111110011100 ;
1=
1>
#39985
0&
0=
0>
#39990
b00000000000000000000111110011111 "
b00000000000000000000111110011111 $
1&
b0111110011100 8
b0111110011101 ;
1=
1>
#39995
0&
0=
0>
#40000
b00000000000000000000111110100000 "
b00000000000000000000111110100000 $
1&
b0111110011101 8
b0111110011110 ;
1=
1>
#40005
0&
0=
0>
#40010
b00000000000000000000111110100001 "
b00000000000000000000111110100001 $
1&
b0111110011110 8
b0111110011111 ;
1=
1>
#40015
0&
0=
0>
#40020
b00000000000000000000111110100010 "
b00000000000000000000111110100010 $
1&
b0111110011111 8
b0111110100000 ;
1=
1>
#40025
0&
0=
0>
#40030
b00000000000000000000111110100011 "
b00000000000000000000111110100011 $
1&
b0111110100000 8
b0111110100001 ;
1=
1>
#40035
0&
0=
0>
#40040
b00000000000000000000111110100100 "
b00000000000000000000111110100100 $
1&
b0111110100001 8
b0111110100010 ;
1=
1>
#40045
0&
0=
0>
#40050
b00000000000000000000111110100101 "
b00000000000000000000111110100101 $
1&
b0111110100010 8
b0111110100011 ;
1=
1>
#40055
0&
0=
0>
#40060
b00000000000000000000111110100110 "
b00000000000000000000111110100110 $
1&
b0111110100011 8
b0111110100100 ;
1=
1>
#40065
0&
0=
0>
#40070
b00000000000000000000111110100111 "
b00000000000000000000111110100111 $
1&
b0111110100100 8
b0111110100101 ;
1=
1>
#40075
0&
0=
0>
#40080
b00000000000000000000111110101000 "
b00000000000000000000111110101000 $
1&
b0111110100101 8
b0111110100110 ;
1=
1>
#40085
0&
0=
0>
#40090
b00000000000000000000111110101001 "
b00000000000000000000111110101001 $
1&
b0111110100110 8
b0111110100111 ;
1=
1>
#40095
0&
0=
0>
#40100
b00000000000000000000111110101010 "
b00000000000000000000111110101010 $
1&
b0111110100111 8
b0111110101000 ;
1=
1>
#40105
0&
0=
0>
#40110
b00000000000000000000111110101011 "
b00000000000000000000111110101011 $
1&
b0111110101000 8
b0111110101001 ;
1=
1>
#40115
0&
0=
0>
#40120
b00000000000000000000111110101100 "
b00000000000000000000111110101100 $
1&
b0111110101001 8
b0111110101010 ;
1=
1>
#40125
0&
0=
0>
#40130
b00000000000000000000111110101101 "
b00000000000000000000111110101101 $
1&
b0111110101010 8
b0111110101011 ;
1=
1>
#40135
0&
0=
0>
#40140
b00000000000000000000111110101110 "
b00000000000000000000111110101110 $
1&
b0111110101011 8
b0111110101100 ;
1=
1>
#40145
0&
0=
0>
#40150
b00000000000000000000111110101111 "
b00000000000000000000111110101111 $
1&
b0111110101100 8
b0111110101101 ;
1=
1>
#40155
0&
0=
0>
#40160
b00000000000000000000111110110000 "
b00000000000000000000111110110000 $
1&
b0111110101101 8
b0111110101110 ;
1=
1>
#40165
0&
0=
0>
#40170
b00000000000000000000111110110001 "
b00000000000000000000111110110001 $
1&
b0111110101110 8
b0111110101111 ;
1=
1>
#40175
0&
0=
0>
#40180
b00000000000000000000111110110010 "
b00000000000000000000111110110010 $
1&
b0111110101111 8
b0111110110000 ;
1=
1>
#40185
0&
0=
0>
#40190
b00000000000000000000111110110011 "
b00000000000000000000111110110011 $
1&
b0111110110000 8
b0111110110001 ;
1=
1>
#40195
0&
0=
0>
#40200
b00000000000000000000111110110100 "
b00000000000000000000111110110100 $
1&
b0111110110001 8
b0111110110010 ;
1=
1>
#40205
0&
0=
0>
#40210
b00000000000000000000111110110101 "
b00000000000000000000111110110101 $
1&
b0111110110010 8
b0111110110011 ;
1=
1>
#40215
0&
0=
0>
#40220
b00000000000000000000111110110110 "
b00000000000000000000111110110110 $
1&
b0111110110011 8
b0111110110100 ;
1=
1>
#40225
0&
0=
0>
#40230
b00000000000000000000111110110111 "
b00000000000000000000111110110111 $
1&
b0111110110100 8
b0111110110101 ;
1=
1>
#40235
0&
0=
0>
#40240
b00000000000000000000111110111000 "
b00000000000000000000111110111000 $
1&
b0111110110101 8
b0111110110110 ;
1=
1>
#40245
0&
0=
0>
#40250
b00000000000000000000111110111001 "
b00000000000000000000111110111001 $
1&
b0111110110110 8
b0111110110111 ;
1=
1>
#40255
0&
0=
0>
#40260
b00000000000000000000111110111010 "
b00000000000000000000111110111010 $
1&
b0111110110111 8
b0111110111000 ;
1=
1>
#40265
0&
0=
0>
#40270
b00000000000000000000111110111011 "
b00000000000000000000111110111011 $
1&
b0111110111000 8
b0111110111001 ;
1=
1>
#40275
0&
0=
0>
#40280
b00000000000000000000111110111100 "
b00000000000000000000111110111100 $
1&
b0111110111001 8
b0111110111010 ;
1=
1>
#40285
0&
0=
0>
#40290
b00000000000000000000111110111101 "
b00000000000000000000111110111101 $
1&
b0111110111010 8
b0111110111011 ;
1=
1>
#40295
0&
0=
0>
#40300
b00000000000000000000111110111110 "
b00000000000000000000111110111110 $
1&
b0111110111011 8
b0111110111100 ;
1=
1>
#40305
0&
0=
0>
#40310
b00000000000000000000111110111111 "
b00000000000000000000111110111111 $
1&
b0111110111100 8
b0111110111101 ;
1=
1>
#40315
0&
0=
0>
#40320
b00000000000000000000111111000000 "
b00000000000000000000111111000000 $
1&
b0111110111101 8
b0111110111110 ;
1=
1>
#40325
0&
0=
0>
#40330
b00000000000000000000111111000001 "
b00000000000000000000111111000001 $
1&
b0111110111110 8
b0111110111111 ;
1=
1>
#40335
0&
0=
0>
#40340
b00000000000000000000111111000010 "
b00000000000000000000111111000010 $
1&
b0111110111111 8
b0111111000000 ;
1=
1>
#40345
0&
0=
0>
#40350
b00000000000000000000111111000011 "
b00000000000000000000111111000011 $
1&
b0111111000000 8
b0111111000001 ;
1=
1>
#40355
0&
0=
0>
#40360
b00000000000000000000111111000100 "
b00000000000000000000111111000100 $
1&
b0111111000001 8
b0111111000010 ;
1=
1>
#40365
0&
0=
0>
#40370
b00000000000000000000111111000101 "
b00000000000000000000111111000101 $
1&
b0111111000010 8
b0111111000011 ;
1=
1>
#40375
0&
0=
0>
#40380
b00000000000000000000111111000110 "
b00000000000000000000111111000110 $
1&
b0111111000011 8
b0111111000100 ;
1=
1>
#40385
0&
0=
0>
#40390
b00000000000000000000111111000111 "
b00000000000000000000111111000111 $
1&
b0111111000100 8
b0111111000101 ;
1=
1>
#40395
0&
0=
0>
#40400
b00000000000000000000111111001000 "
b00000000000000000000111111001000 $
1&
b0111111000101 8
b0111111000110 ;
1=
1>
#40405
0&
0=
0>
#40410
b00000000000000000000111111001001 "
b00000000000000000000111111001001 $
1&
b0111111000110 8
b0111111000111 ;
1=
1>
#40415
0&
0=
0>
#40420
b00000000000000000000111111001010 "
b00000000000000000000111111001010 $
1&
b0111111000111 8
b0111111001000 ;
1=
1>
#40425
0&
0=
0>
#40430
b00000000000000000000111111001011 "
b00000000000000000000111111001011 $
1&
b0111111001000 8
b0111111001001 ;
1=
1>
#40435
0&
0=
0>
#40440
b00000000000000000000111111001100 "
b00000000000000000000111111001100 $
1&
b0111111001001 8
b0111111001010 ;
1=
1>
#40445
0&
0=
0>
#40450
b00000000000000000000111111001101 "
b00000000000000000000111111001101 $
1&
b0111111001010 8
b0111111001011 ;
1=
1>
#40455
0&
0=
0>
#40460
b00000000000000000000111111001110 "
b00000000000000000000111111001110 $
1&
b0111111001011 8
b0111111001100 ;
1=
1>
#40465
0&
0=
0>
#40470
b00000000000000000000111111001111 "
b00000000000000000000111111001111 $
1&
b0111111001100 8
b0111111001101 ;
1=
1>
#40475
0&
0=
0>
#40480
b00000000000000000000111111010000 "
b00000000000000000000111111010000 $
1&
b0111111001101 8
b0111111001110 ;
1=
1>
#40485
0&
0=
0>
#40490
b00000000000000000000111111010001 "
b00000000000000000000111111010001 $
1&
b0111111001110 8
b0111111001111 ;
1=
1>
#40495
0&
0=
0>
#40500
b00000000000000000000111111010010 "
b00000000000000000000111111010010 $
1&
b0111111001111 8
b0111111010000 ;
1=
1>
#40505
0&
0=
0>
#40510
b00000000000000000000111111010011 "
b00000000000000000000111111010011 $
1&
b0111111010000 8
b0111111010001 ;
1=
1>
#40515
0&
0=
0>
#40520
b00000000000000000000111111010100 "
b00000000000000000000111111010100 $
1&
b0111111010001 8
b0111111010010 ;
1=
1>
#40525
0&
0=
0>
#40530
b00000000000000000000111111010101 "
b00000000000000000000111111010101 $
1&
b0111111010010 8
b0111111010011 ;
1=
1>
#40535
0&
0=
0>
#40540
b00000000000000000000111111010110 "
b00000000000000000000111111010110 $
1&
b0111111010011 8
b0111111010100 ;
1=
1>
#40545
0&
0=
0>
#40550
b00000000000000000000111111010111 "
b00000000000000000000111111010111 $
1&
b0111111010100 8
b0111111010101 ;
1=
1>
#40555
0&
0=
0>
#40560
b00000000000000000000111111011000 "
b00000000000000000000111111011000 $
1&
b0111111010101 8
b0111111010110 ;
1=
1>
#40565
0&
0=
0>
#40570
b00000000000000000000111111011001 "
b00000000000000000000111111011001 $
1&
b0111111010110 8
b0111111010111 ;
1=
1>
#40575
0&
0=
0>
#40580
b00000000000000000000111111011010 "
b00000000000000000000111111011010 $
1&
b0111111010111 8
b0111111011000 ;
1=
1>
#40585
0&
0=
0>
#40590
b00000000000000000000111111011011 "
b00000000000000000000111111011011 $
1&
b0111111011000 8
b0111111011001 ;
1=
1>
#40595
0&
0=
0>
#40600
b00000000000000000000111111011100 "
b00000000000000000000111111011100 $
1&
b0111111011001 8
b0111111011010 ;
1=
1>
#40605
0&
0=
0>
#40610
b00000000000000000000111111011101 "
b00000000000000000000111111011101 $
1&
b0111111011010 8
b0111111011011 ;
1=
1>
#40615
0&
0=
0>
#40620
b00000000000000000000111111011110 "
b00000000000000000000111111011110 $
1&
b0111111011011 8
b0111111011100 ;
1=
1>
#40625
0&
0=
0>
#40630
b00000000000000000000111111011111 "
b00000000000000000000111111011111 $
1&
b0111111011100 8
b0111111011101 ;
1=
1>
#40635
0&
0=
0>
#40640
b00000000000000000000111111100000 "
b00000000000000000000111111100000 $
1&
b0111111011101 8
b0111111011110 ;
1=
1>
#40645
0&
0=
0>
#40650
b00000000000000000000111111100001 "
b00000000000000000000111111100001 $
1&
b0111111011110 8
b0111111011111 ;
1=
1>
#40655
0&
0=
0>
#40660
b00000000000000000000111111100010 "
b00000000000000000000111111100010 $
1&
b0111111011111 8
b0111111100000 ;
1=
1>
#40665
0&
0=
0>
#40670
b00000000000000000000111111100011 "
b00000000000000000000111111100011 $
1&
b0111111100000 8
b0111111100001 ;
1=
1>
#40675
0&
0=
0>
#40680
b00000000000000000000111111100100 "
b00000000000000000000111111100100 $
1&
b0111111100001 8
b0111111100010 ;
1=
1>
#40685
0&
0=
0>
#40690
b00000000000000000000111111100101 "
b00000000000000000000111111100101 $
1&
b0111111100010 8
b0111111100011 ;
1=
1>
#40695
0&
0=
0>
#40700
b00000000000000000000111111100110 "
b00000000000000000000111111100110 $
1&
b0111111100011 8
b0111111100100 ;
1=
1>
#40705
0&
0=
0>
#40710
b00000000000000000000111111100111 "
b00000000000000000000111111100111 $
1&
b0111111100100 8
b0111111100101 ;
1=
1>
#40715
0&
0=
0>
#40720
b00000000000000000000111111101000 "
b00000000000000000000111111101000 $
1&
b0111111100101 8
b0111111100110 ;
1=
1>
#40725
0&
0=
0>
#40730
b00000000000000000000111111101001 "
b00000000000000000000111111101001 $
1&
b0111111100110 8
b0111111100111 ;
1=
1>
#40735
0&
0=
0>
#40740
b00000000000000000000111111101010 "
b00000000000000000000111111101010 $
1&
b0111111100111 8
b0111111101000 ;
1=
1>
#40745
0&
0=
0>
#40750
b00000000000000000000111111101011 "
b00000000000000000000111111101011 $
1&
b0111111101000 8
b0111111101001 ;
1=
1>
#40755
0&
0=
0>
#40760
b00000000000000000000111111101100 "
b00000000000000000000111111101100 $
1&
b0111111101001 8
b0111111101010 ;
1=
1>
#40765
0&
0=
0>
#40770
b00000000000000000000111111101101 "
b00000000000000000000111111101101 $
1&
b0111111101010 8
b0111111101011 ;
1=
1>
#40775
0&
0=
0>
#40780
b00000000000000000000111111101110 "
b00000000000000000000111111101110 $
1&
b0111111101011 8
b0111111101100 ;
1=
1>
#40785
0&
0=
0>
#40790
b00000000000000000000111111101111 "
b00000000000000000000111111101111 $
1&
b0111111101100 8
b0111111101101 ;
1=
1>
#40795
0&
0=
0>
#40800
b00000000000000000000111111110000 "
b00000000000000000000111111110000 $
1&
b0111111101101 8
b0111111101110 ;
1=
1>
#40805
0&
0=
0>
#40810
b00000000000000000000111111110001 "
b00000000000000000000111111110001 $
1&
b0111111101110 8
b0111111101111 ;
1=
1>
#40815
0&
0=
0>
#40820
b00000000000000000000111111110010 "
b00000000000000000000111111110010 $
1&
b0111111101111 8
b0111111110000 ;
1=
1>
#40825
0&
0=
0>
#40830
b00000000000000000000111111110011 "
b00000000000000000000111111110011 $
1&
b0111111110000 8
b0111111110001 ;
1=
1>
#40835
0&
0=
0>
#40840
b00000000000000000000111111110100 "
b00000000000000000000111111110100 $
1&
b0111111110001 8
b0111111110010 ;
1=
1>
#40845
0&
0=
0>
#40850
b00000000000000000000111111110101 "
b00000000000000000000111111110101 $
1&
b0111111110010 8
b0111111110011 ;
1=
1>
#40855
0&
0=
0>
#40860
b00000000000000000000111111110110 "
b00000000000000000000111111110110 $
1&
b0111111110011 8
b0111111110100 ;
1=
1>
#40865
0&
0=
0>
#40870
b00000000000000000000111111110111 "
b00000000000000000000111111110111 $
1&
b0111111110100 8
b0111111110101 ;
1=
1>
#40875
0&
0=
0>
#40880
b00000000000000000000111111111000 "
b00000000000000000000111111111000 $
1&
b0111111110101 8
b0111111110110 ;
1=
1>
#40885
0&
0=
0>
#40890
b00000000000000000000111111111001 "
b00000000000000000000111111111001 $
1&
b0111111110110 8
b0111111110111 ;
1=
1>
#40895
0&
0=
0>
#40900
b00000000000000000000111111111010 "
b00000000000000000000111111111010 $
1&
b0111111110111 8
b0111111111000 ;
1=
1>
#40905
0&
0=
0>
#40910
b00000000000000000000111111111011 "
b00000000000000000000111111111011 $
1&
b0111111111000 8
b0111111111001 ;
1=
1>
#40915
0&
0=
0>
#40920
b00000000000000000000111111111100 "
b00000000000000000000111111111100 $
1&
b0111111111001 8
b0111111111010 ;
1=
1>
#40925
0&
0=
0>
#40930
b00000000000000000000111111111101 "
b00000000000000000000111111111101 $
1&
b0111111111010 8
b0111111111011 ;
1=
1>
#40935
0&
0=
0>
#40940
b00000000000000000000111111111110 "
b00000000000000000000111111111110 $
1&
b0111111111011 8
b0111111111100 ;
1=
1>
#40945
0&
0=
0>
#40950
b00000000000000000000111111111111 "
b00000000000000000000111111111111 $
1&
b0111111111100 8
b0111111111101 ;
1=
1>
#40955
0&
0=
0>
#40960
b00000000000000000001000000000000 "
b00000000000000000001000000000000 $
1&
b0111111111101 8
b0111111111110 ;
1=
1>
#40965
0&
0=
0>
#40970
b00000000000000000001000000000001 "
b00000000000000000001000000000001 $
1&
b0111111111110 8
b0111111111111 ;
1=
1>
#40975
0&
0=
0>
#40980
b00000000000000000001000000000010 "
b00000000000000000001000000000010 $
1&
b0111111111111 8
b1000000000000 ;
1=
1>
#40985
0&
0=
0>
#40990
b00000000000000000001000000000011 "
b00000000000000000001000000000011 $
1&
1)
1.
14
b1000000000000 8
b1000000000001 ;
0<
1=
1>
#40995
0&
0=
0>
#41000
