$date Wed Jun  3 10:29:33 2026
 $end
$version JasperGold $end
$timescale 1 ns $end
$scope module rgraph $end
$scope module resetCounter $end
$var wire 1 ! reset $end
$var wire 32 " timeSinceReset [31:0] $end
$var wire 1 # notChaos $end
$var reg 32 $ count [31:0] $end
$var reg 1 % flag $end
$var wire 1 & clk $end
$upscope $end
$var wire 1 ' :jasper_formal_reset $end
$var wire 1 ( reset $end
$var wire 1 ) io_i $end
$var wire 1 * io_o $end
$var wire 1 + _resetCounter_notChaos $end
$var reg 12 , cnt [11:0] $end
$var reg 1 - mode $end
$var reg 1 . REG $end
$var reg 1 / r $end
$var reg 1 0 hasBeenResetReg $end
$var wire 1 1 hasBeenReset $end
$var reg 1 2 REG_1 $end
$var reg 12 3 REG_2 [11:0] $end
$var reg 12 4 REG_3 [11:0] $end
$var reg 1 5 REG_4 $end
$var reg 1 6 REG_5 $end
$var reg 12 7 REG_6 [11:0] $end
$var reg 12 8 REG_7 [11:0] $end
$var reg 1 9 REG_8 $end
$var reg 1 : REG_9 $end
$var reg 12 ; REG_10 [11:0] $end
$var reg 12 < REG_11 [11:0] $end
$var reg 1 = pending $end
$var reg 13 > timer [12:0] $end
$var wire 1 ? nextPending $end
$var wire 1 @ _nextTimer_T_1 $end
$var wire 13 A _nextTimer_T_2 [12:0] $end
$var reg 1 B cnt_eventually_zero_in_mode1 $end
$var wire 1 C :jasper_formal_clock $end
$var wire 1 D clock $end
$upscope $end
$enddefinitions $end
#0
0!
b00000000000000000000000000000000 "
1#
b00000000000000000000000000000000 $
1%
1&
0'
0(
0)
1*
1+
b000000000000 ,
0-
0.
0/
10
11
02
b000000000000 3
b000000000000 4
05
16
b000000000000 7
b000000000000 8
09
1:
b000000000000 ;
b000000000000 <
0=
b0000000000000 >
0?
0@
b0000000000001 A
1B
1C
1D
#5
0&
0C
0D
#10
b00000000000000000000000000000001 "
b00000000000000000000000000000001 $
1&
1)
0*
b000000000001 ,
06
0:
1C
1D
#15
0&
0C
0D
#20
b00000000000000000000000000000010 "
b00000000000000000000000000000010 $
1&
b000000000010 ,
1-
b000000000001 3
b000000000001 4
16
b000000000001 7
b000000000001 8
1:
b000000000001 ;
b000000000001 <
1?
1C
1D
#25
0&
0C
0D
#30
b00000000000000000000000000000011 "
b00000000000000000000000000000011 $
1&
0)
b000000000001 ,
1.
1/
12
b000000000010 3
b000000000010 4
15
b000000000010 7
b000000000010 8
19
b000000000010 ;
b000000000010 <
1=
1@
1C
1D
#35
0&
0C
0D
#40
b00000000000000000000000000000100 "
b00000000000000000000000000000100 $
1&
b000000000001 3
b000000000001 4
06
b000000000001 7
b000000000001 8
0:
b000000000001 ;
b000000000001 <
b0000000000001 >
b0000000000010 A
1C
1D
#45
0&
0C
0D
#50
b00000000000000000000000000000101 "
b00000000000000000000000000000101 $
1&
b0000000000010 >
b0000000000011 A
1C
1D
#55
0&
0C
0D
#60
b00000000000000000000000000000110 "
b00000000000000000000000000000110 $
1&
b0000000000011 >
b0000000000100 A
1C
1D
#65
0&
0C
0D
#70
b00000000000000000000000000000111 "
b00000000000000000000000000000111 $
1&
b0000000000100 >
b0000000000101 A
1C
1D
#75
0&
0C
0D
#80
b00000000000000000000000000001000 "
b00000000000000000000000000001000 $
1&
b0000000000101 >
b0000000000110 A
1C
1D
#85
0&
0C
0D
#90
b00000000000000000000000000001001 "
b00000000000000000000000000001001 $
1&
b0000000000110 >
b0000000000111 A
1C
1D
#95
0&
0C
0D
#100
b00000000000000000000000000001010 "
b00000000000000000000000000001010 $
1&
b0000000000111 >
b0000000001000 A
1C
1D
#105
0&
0C
0D
#110
b00000000000000000000000000001011 "
b00000000000000000000000000001011 $
1&
b0000000001000 >
b0000000001001 A
1C
1D
#115
0&
0C
0D
#120
b00000000000000000000000000001100 "
b00000000000000000000000000001100 $
1&
b0000000001001 >
b0000000001010 A
1C
1D
#125
0&
0C
0D
#130
b00000000000000000000000000001101 "
b00000000000000000000000000001101 $
1&
b0000000001010 >
b0000000001011 A
1C
1D
#135
0&
0C
0D
#140
b00000000000000000000000000001110 "
b00000000000000000000000000001110 $
1&
b0000000001011 >
b0000000001100 A
1C
1D
#145
0&
0C
0D
#150
b00000000000000000000000000001111 "
b00000000000000000000000000001111 $
1&
b0000000001100 >
b0000000001101 A
1C
1D
#155
0&
0C
0D
#160
b00000000000000000000000000010000 "
b00000000000000000000000000010000 $
1&
b0000000001101 >
b0000000001110 A
1C
1D
#165
0&
0C
0D
#170
b00000000000000000000000000010001 "
b00000000000000000000000000010001 $
1&
b0000000001110 >
b0000000001111 A
1C
1D
#175
0&
0C
0D
#180
b00000000000000000000000000010010 "
b00000000000000000000000000010010 $
1&
b0000000001111 >
b0000000010000 A
1C
1D
#185
0&
0C
0D
#190
b00000000000000000000000000010011 "
b00000000000000000000000000010011 $
1&
b0000000010000 >
b0000000010001 A
1C
1D
#195
0&
0C
0D
#200
b00000000000000000000000000010100 "
b00000000000000000000000000010100 $
1&
b0000000010001 >
b0000000010010 A
1C
1D
#205
0&
0C
0D
#210
b00000000000000000000000000010101 "
b00000000000000000000000000010101 $
1&
b0000000010010 >
b0000000010011 A
1C
1D
#215
0&
0C
0D
#220
b00000000000000000000000000010110 "
b00000000000000000000000000010110 $
1&
b0000000010011 >
b0000000010100 A
1C
1D
#225
0&
0C
0D
#230
b00000000000000000000000000010111 "
b00000000000000000000000000010111 $
1&
b0000000010100 >
b0000000010101 A
1C
1D
#235
0&
0C
0D
#240
b00000000000000000000000000011000 "
b00000000000000000000000000011000 $
1&
b0000000010101 >
b0000000010110 A
1C
1D
#245
0&
0C
0D
#250
b00000000000000000000000000011001 "
b00000000000000000000000000011001 $
1&
b0000000010110 >
b0000000010111 A
1C
1D
#255
0&
0C
0D
#260
b00000000000000000000000000011010 "
b00000000000000000000000000011010 $
1&
b0000000010111 >
b0000000011000 A
1C
1D
#265
0&
0C
0D
#270
b00000000000000000000000000011011 "
b00000000000000000000000000011011 $
1&
b0000000011000 >
b0000000011001 A
1C
1D
#275
0&
0C
0D
#280
b00000000000000000000000000011100 "
b00000000000000000000000000011100 $
1&
b0000000011001 >
b0000000011010 A
1C
1D
#285
0&
0C
0D
#290
b00000000000000000000000000011101 "
b00000000000000000000000000011101 $
1&
b0000000011010 >
b0000000011011 A
1C
1D
#295
0&
0C
0D
#300
b00000000000000000000000000011110 "
b00000000000000000000000000011110 $
1&
b0000000011011 >
b0000000011100 A
1C
1D
#305
0&
0C
0D
#310
b00000000000000000000000000011111 "
b00000000000000000000000000011111 $
1&
b0000000011100 >
b0000000011101 A
1C
1D
#315
0&
0C
0D
#320
b00000000000000000000000000100000 "
b00000000000000000000000000100000 $
1&
b0000000011101 >
b0000000011110 A
1C
1D
#325
0&
0C
0D
#330
b00000000000000000000000000100001 "
b00000000000000000000000000100001 $
1&
b0000000011110 >
b0000000011111 A
1C
1D
#335
0&
0C
0D
#340
b00000000000000000000000000100010 "
b00000000000000000000000000100010 $
1&
b0000000011111 >
b0000000100000 A
1C
1D
#345
0&
0C
0D
#350
b00000000000000000000000000100011 "
b00000000000000000000000000100011 $
1&
b0000000100000 >
b0000000100001 A
1C
1D
#355
0&
0C
0D
#360
b00000000000000000000000000100100 "
b00000000000000000000000000100100 $
1&
b0000000100001 >
b0000000100010 A
1C
1D
#365
0&
0C
0D
#370
b00000000000000000000000000100101 "
b00000000000000000000000000100101 $
1&
b0000000100010 >
b0000000100011 A
1C
1D
#375
0&
0C
0D
#380
b00000000000000000000000000100110 "
b00000000000000000000000000100110 $
1&
b0000000100011 >
b0000000100100 A
1C
1D
#385
0&
0C
0D
#390
b00000000000000000000000000100111 "
b00000000000000000000000000100111 $
1&
b0000000100100 >
b0000000100101 A
1C
1D
#395
0&
0C
0D
#400
b00000000000000000000000000101000 "
b00000000000000000000000000101000 $
1&
b0000000100101 >
b0000000100110 A
1C
1D
#405
0&
0C
0D
#410
b00000000000000000000000000101001 "
b00000000000000000000000000101001 $
1&
b0000000100110 >
b0000000100111 A
1C
1D
#415
0&
0C
0D
#420
b00000000000000000000000000101010 "
b00000000000000000000000000101010 $
1&
b0000000100111 >
b0000000101000 A
1C
1D
#425
0&
0C
0D
#430
b00000000000000000000000000101011 "
b00000000000000000000000000101011 $
1&
b0000000101000 >
b0000000101001 A
1C
1D
#435
0&
0C
0D
#440
b00000000000000000000000000101100 "
b00000000000000000000000000101100 $
1&
b0000000101001 >
b0000000101010 A
1C
1D
#445
0&
0C
0D
#450
b00000000000000000000000000101101 "
b00000000000000000000000000101101 $
1&
b0000000101010 >
b0000000101011 A
1C
1D
#455
0&
0C
0D
#460
b00000000000000000000000000101110 "
b00000000000000000000000000101110 $
1&
b0000000101011 >
b0000000101100 A
1C
1D
#465
0&
0C
0D
#470
b00000000000000000000000000101111 "
b00000000000000000000000000101111 $
1&
b0000000101100 >
b0000000101101 A
1C
1D
#475
0&
0C
0D
#480
b00000000000000000000000000110000 "
b00000000000000000000000000110000 $
1&
b0000000101101 >
b0000000101110 A
1C
1D
#485
0&
0C
0D
#490
b00000000000000000000000000110001 "
b00000000000000000000000000110001 $
1&
b0000000101110 >
b0000000101111 A
1C
1D
#495
0&
0C
0D
#500
b00000000000000000000000000110010 "
b00000000000000000000000000110010 $
1&
b0000000101111 >
b0000000110000 A
1C
1D
#505
0&
0C
0D
#510
b00000000000000000000000000110011 "
b00000000000000000000000000110011 $
1&
b0000000110000 >
b0000000110001 A
1C
1D
#515
0&
0C
0D
#520
b00000000000000000000000000110100 "
b00000000000000000000000000110100 $
1&
b0000000110001 >
b0000000110010 A
1C
1D
#525
0&
0C
0D
#530
b00000000000000000000000000110101 "
b00000000000000000000000000110101 $
1&
b0000000110010 >
b0000000110011 A
1C
1D
#535
0&
0C
0D
#540
b00000000000000000000000000110110 "
b00000000000000000000000000110110 $
1&
b0000000110011 >
b0000000110100 A
1C
1D
#545
0&
0C
0D
#550
b00000000000000000000000000110111 "
b00000000000000000000000000110111 $
1&
b0000000110100 >
b0000000110101 A
1C
1D
#555
0&
0C
0D
#560
b00000000000000000000000000111000 "
b00000000000000000000000000111000 $
1&
b0000000110101 >
b0000000110110 A
1C
1D
#565
0&
0C
0D
#570
b00000000000000000000000000111001 "
b00000000000000000000000000111001 $
1&
b0000000110110 >
b0000000110111 A
1C
1D
#575
0&
0C
0D
#580
b00000000000000000000000000111010 "
b00000000000000000000000000111010 $
1&
b0000000110111 >
b0000000111000 A
1C
1D
#585
0&
0C
0D
#590
b00000000000000000000000000111011 "
b00000000000000000000000000111011 $
1&
b0000000111000 >
b0000000111001 A
1C
1D
#595
0&
0C
0D
#600
b00000000000000000000000000111100 "
b00000000000000000000000000111100 $
1&
b0000000111001 >
b0000000111010 A
1C
1D
#605
0&
0C
0D
#610
b00000000000000000000000000111101 "
b00000000000000000000000000111101 $
1&
b0000000111010 >
b0000000111011 A
1C
1D
#615
0&
0C
0D
#620
b00000000000000000000000000111110 "
b00000000000000000000000000111110 $
1&
b0000000111011 >
b0000000111100 A
1C
1D
#625
0&
0C
0D
#630
b00000000000000000000000000111111 "
b00000000000000000000000000111111 $
1&
b0000000111100 >
b0000000111101 A
1C
1D
#635
0&
0C
0D
#640
b00000000000000000000000001000000 "
b00000000000000000000000001000000 $
1&
b0000000111101 >
b0000000111110 A
1C
1D
#645
0&
0C
0D
#650
b00000000000000000000000001000001 "
b00000000000000000000000001000001 $
1&
b0000000111110 >
b0000000111111 A
1C
1D
#655
0&
0C
0D
#660
b00000000000000000000000001000010 "
b00000000000000000000000001000010 $
1&
b0000000111111 >
b0000001000000 A
1C
1D
#665
0&
0C
0D
#670
b00000000000000000000000001000011 "
b00000000000000000000000001000011 $
1&
b0000001000000 >
b0000001000001 A
1C
1D
#675
0&
0C
0D
#680
b00000000000000000000000001000100 "
b00000000000000000000000001000100 $
1&
b0000001000001 >
b0000001000010 A
1C
1D
#685
0&
0C
0D
#690
b00000000000000000000000001000101 "
b00000000000000000000000001000101 $
1&
b0000001000010 >
b0000001000011 A
1C
1D
#695
0&
0C
0D
#700
b00000000000000000000000001000110 "
b00000000000000000000000001000110 $
1&
b0000001000011 >
b0000001000100 A
1C
1D
#705
0&
0C
0D
#710
b00000000000000000000000001000111 "
b00000000000000000000000001000111 $
1&
b0000001000100 >
b0000001000101 A
1C
1D
#715
0&
0C
0D
#720
b00000000000000000000000001001000 "
b00000000000000000000000001001000 $
1&
b0000001000101 >
b0000001000110 A
1C
1D
#725
0&
0C
0D
#730
b00000000000000000000000001001001 "
b00000000000000000000000001001001 $
1&
b0000001000110 >
b0000001000111 A
1C
1D
#735
0&
0C
0D
#740
b00000000000000000000000001001010 "
b00000000000000000000000001001010 $
1&
b0000001000111 >
b0000001001000 A
1C
1D
#745
0&
0C
0D
#750
b00000000000000000000000001001011 "
b00000000000000000000000001001011 $
1&
b0000001001000 >
b0000001001001 A
1C
1D
#755
0&
0C
0D
#760
b00000000000000000000000001001100 "
b00000000000000000000000001001100 $
1&
b0000001001001 >
b0000001001010 A
1C
1D
#765
0&
0C
0D
#770
b00000000000000000000000001001101 "
b00000000000000000000000001001101 $
1&
b0000001001010 >
b0000001001011 A
1C
1D
#775
0&
0C
0D
#780
b00000000000000000000000001001110 "
b00000000000000000000000001001110 $
1&
b0000001001011 >
b0000001001100 A
1C
1D
#785
0&
0C
0D
#790
b00000000000000000000000001001111 "
b00000000000000000000000001001111 $
1&
b0000001001100 >
b0000001001101 A
1C
1D
#795
0&
0C
0D
#800
b00000000000000000000000001010000 "
b00000000000000000000000001010000 $
1&
b0000001001101 >
b0000001001110 A
1C
1D
#805
0&
0C
0D
#810
b00000000000000000000000001010001 "
b00000000000000000000000001010001 $
1&
b0000001001110 >
b0000001001111 A
1C
1D
#815
0&
0C
0D
#820
b00000000000000000000000001010010 "
b00000000000000000000000001010010 $
1&
b0000001001111 >
b0000001010000 A
1C
1D
#825
0&
0C
0D
#830
b00000000000000000000000001010011 "
b00000000000000000000000001010011 $
1&
b0000001010000 >
b0000001010001 A
1C
1D
#835
0&
0C
0D
#840
b00000000000000000000000001010100 "
b00000000000000000000000001010100 $
1&
b0000001010001 >
b0000001010010 A
1C
1D
#845
0&
0C
0D
#850
b00000000000000000000000001010101 "
b00000000000000000000000001010101 $
1&
b0000001010010 >
b0000001010011 A
1C
1D
#855
0&
0C
0D
#860
b00000000000000000000000001010110 "
b00000000000000000000000001010110 $
1&
b0000001010011 >
b0000001010100 A
1C
1D
#865
0&
0C
0D
#870
b00000000000000000000000001010111 "
b00000000000000000000000001010111 $
1&
b0000001010100 >
b0000001010101 A
1C
1D
#875
0&
0C
0D
#880
b00000000000000000000000001011000 "
b00000000000000000000000001011000 $
1&
b0000001010101 >
b0000001010110 A
1C
1D
#885
0&
0C
0D
#890
b00000000000000000000000001011001 "
b00000000000000000000000001011001 $
1&
b0000001010110 >
b0000001010111 A
1C
1D
#895
0&
0C
0D
#900
b00000000000000000000000001011010 "
b00000000000000000000000001011010 $
1&
b0000001010111 >
b0000001011000 A
1C
1D
#905
0&
0C
0D
#910
b00000000000000000000000001011011 "
b00000000000000000000000001011011 $
1&
b0000001011000 >
b0000001011001 A
1C
1D
#915
0&
0C
0D
#920
b00000000000000000000000001011100 "
b00000000000000000000000001011100 $
1&
b0000001011001 >
b0000001011010 A
1C
1D
#925
0&
0C
0D
#930
b00000000000000000000000001011101 "
b00000000000000000000000001011101 $
1&
b0000001011010 >
b0000001011011 A
1C
1D
#935
0&
0C
0D
#940
b00000000000000000000000001011110 "
b00000000000000000000000001011110 $
1&
b0000001011011 >
b0000001011100 A
1C
1D
#945
0&
0C
0D
#950
b00000000000000000000000001011111 "
b00000000000000000000000001011111 $
1&
b0000001011100 >
b0000001011101 A
1C
1D
#955
0&
0C
0D
#960
b00000000000000000000000001100000 "
b00000000000000000000000001100000 $
1&
b0000001011101 >
b0000001011110 A
1C
1D
#965
0&
0C
0D
#970
b00000000000000000000000001100001 "
b00000000000000000000000001100001 $
1&
b0000001011110 >
b0000001011111 A
1C
1D
#975
0&
0C
0D
#980
b00000000000000000000000001100010 "
b00000000000000000000000001100010 $
1&
b0000001011111 >
b0000001100000 A
1C
1D
#985
0&
0C
0D
#990
b00000000000000000000000001100011 "
b00000000000000000000000001100011 $
1&
b0000001100000 >
b0000001100001 A
1C
1D
#995
0&
0C
0D
#1000
b00000000000000000000000001100100 "
b00000000000000000000000001100100 $
1&
b0000001100001 >
b0000001100010 A
1C
1D
#1005
0&
0C
0D
#1010
b00000000000000000000000001100101 "
b00000000000000000000000001100101 $
1&
b0000001100010 >
b0000001100011 A
1C
1D
#1015
0&
0C
0D
#1020
b00000000000000000000000001100110 "
b00000000000000000000000001100110 $
1&
b0000001100011 >
b0000001100100 A
1C
1D
#1025
0&
0C
0D
#1030
b00000000000000000000000001100111 "
b00000000000000000000000001100111 $
1&
b0000001100100 >
b0000001100101 A
1C
1D
#1035
0&
0C
0D
#1040
b00000000000000000000000001101000 "
b00000000000000000000000001101000 $
1&
b0000001100101 >
b0000001100110 A
1C
1D
#1045
0&
0C
0D
#1050
b00000000000000000000000001101001 "
b00000000000000000000000001101001 $
1&
b0000001100110 >
b0000001100111 A
1C
1D
#1055
0&
0C
0D
#1060
b00000000000000000000000001101010 "
b00000000000000000000000001101010 $
1&
b0000001100111 >
b0000001101000 A
1C
1D
#1065
0&
0C
0D
#1070
b00000000000000000000000001101011 "
b00000000000000000000000001101011 $
1&
b0000001101000 >
b0000001101001 A
1C
1D
#1075
0&
0C
0D
#1080
b00000000000000000000000001101100 "
b00000000000000000000000001101100 $
1&
b0000001101001 >
b0000001101010 A
1C
1D
#1085
0&
0C
0D
#1090
b00000000000000000000000001101101 "
b00000000000000000000000001101101 $
1&
b0000001101010 >
b0000001101011 A
1C
1D
#1095
0&
0C
0D
#1100
b00000000000000000000000001101110 "
b00000000000000000000000001101110 $
1&
b0000001101011 >
b0000001101100 A
1C
1D
#1105
0&
0C
0D
#1110
b00000000000000000000000001101111 "
b00000000000000000000000001101111 $
1&
b0000001101100 >
b0000001101101 A
1C
1D
#1115
0&
0C
0D
#1120
b00000000000000000000000001110000 "
b00000000000000000000000001110000 $
1&
b0000001101101 >
b0000001101110 A
1C
1D
#1125
0&
0C
0D
#1130
b00000000000000000000000001110001 "
b00000000000000000000000001110001 $
1&
b0000001101110 >
b0000001101111 A
1C
1D
#1135
0&
0C
0D
#1140
b00000000000000000000000001110010 "
b00000000000000000000000001110010 $
1&
b0000001101111 >
b0000001110000 A
1C
1D
#1145
0&
0C
0D
#1150
b00000000000000000000000001110011 "
b00000000000000000000000001110011 $
1&
b0000001110000 >
b0000001110001 A
1C
1D
#1155
0&
0C
0D
#1160
b00000000000000000000000001110100 "
b00000000000000000000000001110100 $
1&
b0000001110001 >
b0000001110010 A
1C
1D
#1165
0&
0C
0D
#1170
b00000000000000000000000001110101 "
b00000000000000000000000001110101 $
1&
b0000001110010 >
b0000001110011 A
1C
1D
#1175
0&
0C
0D
#1180
b00000000000000000000000001110110 "
b00000000000000000000000001110110 $
1&
b0000001110011 >
b0000001110100 A
1C
1D
#1185
0&
0C
0D
#1190
b00000000000000000000000001110111 "
b00000000000000000000000001110111 $
1&
b0000001110100 >
b0000001110101 A
1C
1D
#1195
0&
0C
0D
#1200
b00000000000000000000000001111000 "
b00000000000000000000000001111000 $
1&
b0000001110101 >
b0000001110110 A
1C
1D
#1205
0&
0C
0D
#1210
b00000000000000000000000001111001 "
b00000000000000000000000001111001 $
1&
b0000001110110 >
b0000001110111 A
1C
1D
#1215
0&
0C
0D
#1220
b00000000000000000000000001111010 "
b00000000000000000000000001111010 $
1&
b0000001110111 >
b0000001111000 A
1C
1D
#1225
0&
0C
0D
#1230
b00000000000000000000000001111011 "
b00000000000000000000000001111011 $
1&
b0000001111000 >
b0000001111001 A
1C
1D
#1235
0&
0C
0D
#1240
b00000000000000000000000001111100 "
b00000000000000000000000001111100 $
1&
b0000001111001 >
b0000001111010 A
1C
1D
#1245
0&
0C
0D
#1250
b00000000000000000000000001111101 "
b00000000000000000000000001111101 $
1&
b0000001111010 >
b0000001111011 A
1C
1D
#1255
0&
0C
0D
#1260
b00000000000000000000000001111110 "
b00000000000000000000000001111110 $
1&
b0000001111011 >
b0000001111100 A
1C
1D
#1265
0&
0C
0D
#1270
b00000000000000000000000001111111 "
b00000000000000000000000001111111 $
1&
b0000001111100 >
b0000001111101 A
1C
1D
#1275
0&
0C
0D
#1280
b00000000000000000000000010000000 "
b00000000000000000000000010000000 $
1&
b0000001111101 >
b0000001111110 A
1C
1D
#1285
0&
0C
0D
#1290
b00000000000000000000000010000001 "
b00000000000000000000000010000001 $
1&
b0000001111110 >
b0000001111111 A
1C
1D
#1295
0&
0C
0D
#1300
b00000000000000000000000010000010 "
b00000000000000000000000010000010 $
1&
b0000001111111 >
b0000010000000 A
1C
1D
#1305
0&
0C
0D
#1310
b00000000000000000000000010000011 "
b00000000000000000000000010000011 $
1&
b0000010000000 >
b0000010000001 A
1C
1D
#1315
0&
0C
0D
#1320
b00000000000000000000000010000100 "
b00000000000000000000000010000100 $
1&
b0000010000001 >
b0000010000010 A
1C
1D
#1325
0&
0C
0D
#1330
b00000000000000000000000010000101 "
b00000000000000000000000010000101 $
1&
b0000010000010 >
b0000010000011 A
1C
1D
#1335
0&
0C
0D
#1340
b00000000000000000000000010000110 "
b00000000000000000000000010000110 $
1&
b0000010000011 >
b0000010000100 A
1C
1D
#1345
0&
0C
0D
#1350
b00000000000000000000000010000111 "
b00000000000000000000000010000111 $
1&
b0000010000100 >
b0000010000101 A
1C
1D
#1355
0&
0C
0D
#1360
b00000000000000000000000010001000 "
b00000000000000000000000010001000 $
1&
b0000010000101 >
b0000010000110 A
1C
1D
#1365
0&
0C
0D
#1370
b00000000000000000000000010001001 "
b00000000000000000000000010001001 $
1&
b0000010000110 >
b0000010000111 A
1C
1D
#1375
0&
0C
0D
#1380
b00000000000000000000000010001010 "
b00000000000000000000000010001010 $
1&
b0000010000111 >
b0000010001000 A
1C
1D
#1385
0&
0C
0D
#1390
b00000000000000000000000010001011 "
b00000000000000000000000010001011 $
1&
b0000010001000 >
b0000010001001 A
1C
1D
#1395
0&
0C
0D
#1400
b00000000000000000000000010001100 "
b00000000000000000000000010001100 $
1&
b0000010001001 >
b0000010001010 A
1C
1D
#1405
0&
0C
0D
#1410
b00000000000000000000000010001101 "
b00000000000000000000000010001101 $
1&
b0000010001010 >
b0000010001011 A
1C
1D
#1415
0&
0C
0D
#1420
b00000000000000000000000010001110 "
b00000000000000000000000010001110 $
1&
b0000010001011 >
b0000010001100 A
1C
1D
#1425
0&
0C
0D
#1430
b00000000000000000000000010001111 "
b00000000000000000000000010001111 $
1&
b0000010001100 >
b0000010001101 A
1C
1D
#1435
0&
0C
0D
#1440
b00000000000000000000000010010000 "
b00000000000000000000000010010000 $
1&
b0000010001101 >
b0000010001110 A
1C
1D
#1445
0&
0C
0D
#1450
b00000000000000000000000010010001 "
b00000000000000000000000010010001 $
1&
b0000010001110 >
b0000010001111 A
1C
1D
#1455
0&
0C
0D
#1460
b00000000000000000000000010010010 "
b00000000000000000000000010010010 $
1&
b0000010001111 >
b0000010010000 A
1C
1D
#1465
0&
0C
0D
#1470
b00000000000000000000000010010011 "
b00000000000000000000000010010011 $
1&
b0000010010000 >
b0000010010001 A
1C
1D
#1475
0&
0C
0D
#1480
b00000000000000000000000010010100 "
b00000000000000000000000010010100 $
1&
b0000010010001 >
b0000010010010 A
1C
1D
#1485
0&
0C
0D
#1490
b00000000000000000000000010010101 "
b00000000000000000000000010010101 $
1&
b0000010010010 >
b0000010010011 A
1C
1D
#1495
0&
0C
0D
#1500
b00000000000000000000000010010110 "
b00000000000000000000000010010110 $
1&
b0000010010011 >
b0000010010100 A
1C
1D
#1505
0&
0C
0D
#1510
b00000000000000000000000010010111 "
b00000000000000000000000010010111 $
1&
b0000010010100 >
b0000010010101 A
1C
1D
#1515
0&
0C
0D
#1520
b00000000000000000000000010011000 "
b00000000000000000000000010011000 $
1&
b0000010010101 >
b0000010010110 A
1C
1D
#1525
0&
0C
0D
#1530
b00000000000000000000000010011001 "
b00000000000000000000000010011001 $
1&
b0000010010110 >
b0000010010111 A
1C
1D
#1535
0&
0C
0D
#1540
b00000000000000000000000010011010 "
b00000000000000000000000010011010 $
1&
b0000010010111 >
b0000010011000 A
1C
1D
#1545
0&
0C
0D
#1550
b00000000000000000000000010011011 "
b00000000000000000000000010011011 $
1&
b0000010011000 >
b0000010011001 A
1C
1D
#1555
0&
0C
0D
#1560
b00000000000000000000000010011100 "
b00000000000000000000000010011100 $
1&
b0000010011001 >
b0000010011010 A
1C
1D
#1565
0&
0C
0D
#1570
b00000000000000000000000010011101 "
b00000000000000000000000010011101 $
1&
b0000010011010 >
b0000010011011 A
1C
1D
#1575
0&
0C
0D
#1580
b00000000000000000000000010011110 "
b00000000000000000000000010011110 $
1&
b0000010011011 >
b0000010011100 A
1C
1D
#1585
0&
0C
0D
#1590
b00000000000000000000000010011111 "
b00000000000000000000000010011111 $
1&
b0000010011100 >
b0000010011101 A
1C
1D
#1595
0&
0C
0D
#1600
b00000000000000000000000010100000 "
b00000000000000000000000010100000 $
1&
b0000010011101 >
b0000010011110 A
1C
1D
#1605
0&
0C
0D
#1610
b00000000000000000000000010100001 "
b00000000000000000000000010100001 $
1&
b0000010011110 >
b0000010011111 A
1C
1D
#1615
0&
0C
0D
#1620
b00000000000000000000000010100010 "
b00000000000000000000000010100010 $
1&
b0000010011111 >
b0000010100000 A
1C
1D
#1625
0&
0C
0D
#1630
b00000000000000000000000010100011 "
b00000000000000000000000010100011 $
1&
b0000010100000 >
b0000010100001 A
1C
1D
#1635
0&
0C
0D
#1640
b00000000000000000000000010100100 "
b00000000000000000000000010100100 $
1&
b0000010100001 >
b0000010100010 A
1C
1D
#1645
0&
0C
0D
#1650
b00000000000000000000000010100101 "
b00000000000000000000000010100101 $
1&
b0000010100010 >
b0000010100011 A
1C
1D
#1655
0&
0C
0D
#1660
b00000000000000000000000010100110 "
b00000000000000000000000010100110 $
1&
b0000010100011 >
b0000010100100 A
1C
1D
#1665
0&
0C
0D
#1670
b00000000000000000000000010100111 "
b00000000000000000000000010100111 $
1&
b0000010100100 >
b0000010100101 A
1C
1D
#1675
0&
0C
0D
#1680
b00000000000000000000000010101000 "
b00000000000000000000000010101000 $
1&
b0000010100101 >
b0000010100110 A
1C
1D
#1685
0&
0C
0D
#1690
b00000000000000000000000010101001 "
b00000000000000000000000010101001 $
1&
b0000010100110 >
b0000010100111 A
1C
1D
#1695
0&
0C
0D
#1700
b00000000000000000000000010101010 "
b00000000000000000000000010101010 $
1&
b0000010100111 >
b0000010101000 A
1C
1D
#1705
0&
0C
0D
#1710
b00000000000000000000000010101011 "
b00000000000000000000000010101011 $
1&
b0000010101000 >
b0000010101001 A
1C
1D
#1715
0&
0C
0D
#1720
b00000000000000000000000010101100 "
b00000000000000000000000010101100 $
1&
b0000010101001 >
b0000010101010 A
1C
1D
#1725
0&
0C
0D
#1730
b00000000000000000000000010101101 "
b00000000000000000000000010101101 $
1&
b0000010101010 >
b0000010101011 A
1C
1D
#1735
0&
0C
0D
#1740
b00000000000000000000000010101110 "
b00000000000000000000000010101110 $
1&
b0000010101011 >
b0000010101100 A
1C
1D
#1745
0&
0C
0D
#1750
b00000000000000000000000010101111 "
b00000000000000000000000010101111 $
1&
b0000010101100 >
b0000010101101 A
1C
1D
#1755
0&
0C
0D
#1760
b00000000000000000000000010110000 "
b00000000000000000000000010110000 $
1&
b0000010101101 >
b0000010101110 A
1C
1D
#1765
0&
0C
0D
#1770
b00000000000000000000000010110001 "
b00000000000000000000000010110001 $
1&
b0000010101110 >
b0000010101111 A
1C
1D
#1775
0&
0C
0D
#1780
b00000000000000000000000010110010 "
b00000000000000000000000010110010 $
1&
b0000010101111 >
b0000010110000 A
1C
1D
#1785
0&
0C
0D
#1790
b00000000000000000000000010110011 "
b00000000000000000000000010110011 $
1&
b0000010110000 >
b0000010110001 A
1C
1D
#1795
0&
0C
0D
#1800
b00000000000000000000000010110100 "
b00000000000000000000000010110100 $
1&
b0000010110001 >
b0000010110010 A
1C
1D
#1805
0&
0C
0D
#1810
b00000000000000000000000010110101 "
b00000000000000000000000010110101 $
1&
b0000010110010 >
b0000010110011 A
1C
1D
#1815
0&
0C
0D
#1820
b00000000000000000000000010110110 "
b00000000000000000000000010110110 $
1&
b0000010110011 >
b0000010110100 A
1C
1D
#1825
0&
0C
0D
#1830
b00000000000000000000000010110111 "
b00000000000000000000000010110111 $
1&
b0000010110100 >
b0000010110101 A
1C
1D
#1835
0&
0C
0D
#1840
b00000000000000000000000010111000 "
b00000000000000000000000010111000 $
1&
b0000010110101 >
b0000010110110 A
1C
1D
#1845
0&
0C
0D
#1850
b00000000000000000000000010111001 "
b00000000000000000000000010111001 $
1&
b0000010110110 >
b0000010110111 A
1C
1D
#1855
0&
0C
0D
#1860
b00000000000000000000000010111010 "
b00000000000000000000000010111010 $
1&
b0000010110111 >
b0000010111000 A
1C
1D
#1865
0&
0C
0D
#1870
b00000000000000000000000010111011 "
b00000000000000000000000010111011 $
1&
b0000010111000 >
b0000010111001 A
1C
1D
#1875
0&
0C
0D
#1880
b00000000000000000000000010111100 "
b00000000000000000000000010111100 $
1&
b0000010111001 >
b0000010111010 A
1C
1D
#1885
0&
0C
0D
#1890
b00000000000000000000000010111101 "
b00000000000000000000000010111101 $
1&
b0000010111010 >
b0000010111011 A
1C
1D
#1895
0&
0C
0D
#1900
b00000000000000000000000010111110 "
b00000000000000000000000010111110 $
1&
b0000010111011 >
b0000010111100 A
1C
1D
#1905
0&
0C
0D
#1910
b00000000000000000000000010111111 "
b00000000000000000000000010111111 $
1&
b0000010111100 >
b0000010111101 A
1C
1D
#1915
0&
0C
0D
#1920
b00000000000000000000000011000000 "
b00000000000000000000000011000000 $
1&
b0000010111101 >
b0000010111110 A
1C
1D
#1925
0&
0C
0D
#1930
b00000000000000000000000011000001 "
b00000000000000000000000011000001 $
1&
b0000010111110 >
b0000010111111 A
1C
1D
#1935
0&
0C
0D
#1940
b00000000000000000000000011000010 "
b00000000000000000000000011000010 $
1&
b0000010111111 >
b0000011000000 A
1C
1D
#1945
0&
0C
0D
#1950
b00000000000000000000000011000011 "
b00000000000000000000000011000011 $
1&
b0000011000000 >
b0000011000001 A
1C
1D
#1955
0&
0C
0D
#1960
b00000000000000000000000011000100 "
b00000000000000000000000011000100 $
1&
b0000011000001 >
b0000011000010 A
1C
1D
#1965
0&
0C
0D
#1970
b00000000000000000000000011000101 "
b00000000000000000000000011000101 $
1&
b0000011000010 >
b0000011000011 A
1C
1D
#1975
0&
0C
0D
#1980
b00000000000000000000000011000110 "
b00000000000000000000000011000110 $
1&
b0000011000011 >
b0000011000100 A
1C
1D
#1985
0&
0C
0D
#1990
b00000000000000000000000011000111 "
b00000000000000000000000011000111 $
1&
b0000011000100 >
b0000011000101 A
1C
1D
#1995
0&
0C
0D
#2000
b00000000000000000000000011001000 "
b00000000000000000000000011001000 $
1&
b0000011000101 >
b0000011000110 A
1C
1D
#2005
0&
0C
0D
#2010
b00000000000000000000000011001001 "
b00000000000000000000000011001001 $
1&
b0000011000110 >
b0000011000111 A
1C
1D
#2015
0&
0C
0D
#2020
b00000000000000000000000011001010 "
b00000000000000000000000011001010 $
1&
b0000011000111 >
b0000011001000 A
1C
1D
#2025
0&
0C
0D
#2030
b00000000000000000000000011001011 "
b00000000000000000000000011001011 $
1&
b0000011001000 >
b0000011001001 A
1C
1D
#2035
0&
0C
0D
#2040
b00000000000000000000000011001100 "
b00000000000000000000000011001100 $
1&
b0000011001001 >
b0000011001010 A
1C
1D
#2045
0&
0C
0D
#2050
b00000000000000000000000011001101 "
b00000000000000000000000011001101 $
1&
b0000011001010 >
b0000011001011 A
1C
1D
#2055
0&
0C
0D
#2060
b00000000000000000000000011001110 "
b00000000000000000000000011001110 $
1&
b0000011001011 >
b0000011001100 A
1C
1D
#2065
0&
0C
0D
#2070
b00000000000000000000000011001111 "
b00000000000000000000000011001111 $
1&
b0000011001100 >
b0000011001101 A
1C
1D
#2075
0&
0C
0D
#2080
b00000000000000000000000011010000 "
b00000000000000000000000011010000 $
1&
b0000011001101 >
b0000011001110 A
1C
1D
#2085
0&
0C
0D
#2090
b00000000000000000000000011010001 "
b00000000000000000000000011010001 $
1&
b0000011001110 >
b0000011001111 A
1C
1D
#2095
0&
0C
0D
#2100
b00000000000000000000000011010010 "
b00000000000000000000000011010010 $
1&
b0000011001111 >
b0000011010000 A
1C
1D
#2105
0&
0C
0D
#2110
b00000000000000000000000011010011 "
b00000000000000000000000011010011 $
1&
b0000011010000 >
b0000011010001 A
1C
1D
#2115
0&
0C
0D
#2120
b00000000000000000000000011010100 "
b00000000000000000000000011010100 $
1&
b0000011010001 >
b0000011010010 A
1C
1D
#2125
0&
0C
0D
#2130
b00000000000000000000000011010101 "
b00000000000000000000000011010101 $
1&
b0000011010010 >
b0000011010011 A
1C
1D
#2135
0&
0C
0D
#2140
b00000000000000000000000011010110 "
b00000000000000000000000011010110 $
1&
b0000011010011 >
b0000011010100 A
1C
1D
#2145
0&
0C
0D
#2150
b00000000000000000000000011010111 "
b00000000000000000000000011010111 $
1&
b0000011010100 >
b0000011010101 A
1C
1D
#2155
0&
0C
0D
#2160
b00000000000000000000000011011000 "
b00000000000000000000000011011000 $
1&
b0000011010101 >
b0000011010110 A
1C
1D
#2165
0&
0C
0D
#2170
b00000000000000000000000011011001 "
b00000000000000000000000011011001 $
1&
b0000011010110 >
b0000011010111 A
1C
1D
#2175
0&
0C
0D
#2180
b00000000000000000000000011011010 "
b00000000000000000000000011011010 $
1&
b0000011010111 >
b0000011011000 A
1C
1D
#2185
0&
0C
0D
#2190
b00000000000000000000000011011011 "
b00000000000000000000000011011011 $
1&
b0000011011000 >
b0000011011001 A
1C
1D
#2195
0&
0C
0D
#2200
b00000000000000000000000011011100 "
b00000000000000000000000011011100 $
1&
b0000011011001 >
b0000011011010 A
1C
1D
#2205
0&
0C
0D
#2210
b00000000000000000000000011011101 "
b00000000000000000000000011011101 $
1&
b0000011011010 >
b0000011011011 A
1C
1D
#2215
0&
0C
0D
#2220
b00000000000000000000000011011110 "
b00000000000000000000000011011110 $
1&
b0000011011011 >
b0000011011100 A
1C
1D
#2225
0&
0C
0D
#2230
b00000000000000000000000011011111 "
b00000000000000000000000011011111 $
1&
b0000011011100 >
b0000011011101 A
1C
1D
#2235
0&
0C
0D
#2240
b00000000000000000000000011100000 "
b00000000000000000000000011100000 $
1&
b0000011011101 >
b0000011011110 A
1C
1D
#2245
0&
0C
0D
#2250
b00000000000000000000000011100001 "
b00000000000000000000000011100001 $
1&
b0000011011110 >
b0000011011111 A
1C
1D
#2255
0&
0C
0D
#2260
b00000000000000000000000011100010 "
b00000000000000000000000011100010 $
1&
b0000011011111 >
b0000011100000 A
1C
1D
#2265
0&
0C
0D
#2270
b00000000000000000000000011100011 "
b00000000000000000000000011100011 $
1&
b0000011100000 >
b0000011100001 A
1C
1D
#2275
0&
0C
0D
#2280
b00000000000000000000000011100100 "
b00000000000000000000000011100100 $
1&
b0000011100001 >
b0000011100010 A
1C
1D
#2285
0&
0C
0D
#2290
b00000000000000000000000011100101 "
b00000000000000000000000011100101 $
1&
b0000011100010 >
b0000011100011 A
1C
1D
#2295
0&
0C
0D
#2300
b00000000000000000000000011100110 "
b00000000000000000000000011100110 $
1&
b0000011100011 >
b0000011100100 A
1C
1D
#2305
0&
0C
0D
#2310
b00000000000000000000000011100111 "
b00000000000000000000000011100111 $
1&
b0000011100100 >
b0000011100101 A
1C
1D
#2315
0&
0C
0D
#2320
b00000000000000000000000011101000 "
b00000000000000000000000011101000 $
1&
b0000011100101 >
b0000011100110 A
1C
1D
#2325
0&
0C
0D
#2330
b00000000000000000000000011101001 "
b00000000000000000000000011101001 $
1&
b0000011100110 >
b0000011100111 A
1C
1D
#2335
0&
0C
0D
#2340
b00000000000000000000000011101010 "
b00000000000000000000000011101010 $
1&
b0000011100111 >
b0000011101000 A
1C
1D
#2345
0&
0C
0D
#2350
b00000000000000000000000011101011 "
b00000000000000000000000011101011 $
1&
b0000011101000 >
b0000011101001 A
1C
1D
#2355
0&
0C
0D
#2360
b00000000000000000000000011101100 "
b00000000000000000000000011101100 $
1&
b0000011101001 >
b0000011101010 A
1C
1D
#2365
0&
0C
0D
#2370
b00000000000000000000000011101101 "
b00000000000000000000000011101101 $
1&
b0000011101010 >
b0000011101011 A
1C
1D
#2375
0&
0C
0D
#2380
b00000000000000000000000011101110 "
b00000000000000000000000011101110 $
1&
b0000011101011 >
b0000011101100 A
1C
1D
#2385
0&
0C
0D
#2390
b00000000000000000000000011101111 "
b00000000000000000000000011101111 $
1&
b0000011101100 >
b0000011101101 A
1C
1D
#2395
0&
0C
0D
#2400
b00000000000000000000000011110000 "
b00000000000000000000000011110000 $
1&
b0000011101101 >
b0000011101110 A
1C
1D
#2405
0&
0C
0D
#2410
b00000000000000000000000011110001 "
b00000000000000000000000011110001 $
1&
b0000011101110 >
b0000011101111 A
1C
1D
#2415
0&
0C
0D
#2420
b00000000000000000000000011110010 "
b00000000000000000000000011110010 $
1&
b0000011101111 >
b0000011110000 A
1C
1D
#2425
0&
0C
0D
#2430
b00000000000000000000000011110011 "
b00000000000000000000000011110011 $
1&
b0000011110000 >
b0000011110001 A
1C
1D
#2435
0&
0C
0D
#2440
b00000000000000000000000011110100 "
b00000000000000000000000011110100 $
1&
b0000011110001 >
b0000011110010 A
1C
1D
#2445
0&
0C
0D
#2450
b00000000000000000000000011110101 "
b00000000000000000000000011110101 $
1&
b0000011110010 >
b0000011110011 A
1C
1D
#2455
0&
0C
0D
#2460
b00000000000000000000000011110110 "
b00000000000000000000000011110110 $
1&
b0000011110011 >
b0000011110100 A
1C
1D
#2465
0&
0C
0D
#2470
b00000000000000000000000011110111 "
b00000000000000000000000011110111 $
1&
b0000011110100 >
b0000011110101 A
1C
1D
#2475
0&
0C
0D
#2480
b00000000000000000000000011111000 "
b00000000000000000000000011111000 $
1&
b0000011110101 >
b0000011110110 A
1C
1D
#2485
0&
0C
0D
#2490
b00000000000000000000000011111001 "
b00000000000000000000000011111001 $
1&
b0000011110110 >
b0000011110111 A
1C
1D
#2495
0&
0C
0D
#2500
b00000000000000000000000011111010 "
b00000000000000000000000011111010 $
1&
b0000011110111 >
b0000011111000 A
1C
1D
#2505
0&
0C
0D
#2510
b00000000000000000000000011111011 "
b00000000000000000000000011111011 $
1&
b0000011111000 >
b0000011111001 A
1C
1D
#2515
0&
0C
0D
#2520
b00000000000000000000000011111100 "
b00000000000000000000000011111100 $
1&
b0000011111001 >
b0000011111010 A
1C
1D
#2525
0&
0C
0D
#2530
b00000000000000000000000011111101 "
b00000000000000000000000011111101 $
1&
b0000011111010 >
b0000011111011 A
1C
1D
#2535
0&
0C
0D
#2540
b00000000000000000000000011111110 "
b00000000000000000000000011111110 $
1&
b0000011111011 >
b0000011111100 A
1C
1D
#2545
0&
0C
0D
#2550
b00000000000000000000000011111111 "
b00000000000000000000000011111111 $
1&
b0000011111100 >
b0000011111101 A
1C
1D
#2555
0&
0C
0D
#2560
b00000000000000000000000100000000 "
b00000000000000000000000100000000 $
1&
b0000011111101 >
b0000011111110 A
1C
1D
#2565
0&
0C
0D
#2570
b00000000000000000000000100000001 "
b00000000000000000000000100000001 $
1&
b0000011111110 >
b0000011111111 A
1C
1D
#2575
0&
0C
0D
#2580
b00000000000000000000000100000010 "
b00000000000000000000000100000010 $
1&
b0000011111111 >
b0000100000000 A
1C
1D
#2585
0&
0C
0D
#2590
b00000000000000000000000100000011 "
b00000000000000000000000100000011 $
1&
b0000100000000 >
b0000100000001 A
1C
1D
#2595
0&
0C
0D
#2600
b00000000000000000000000100000100 "
b00000000000000000000000100000100 $
1&
b0000100000001 >
b0000100000010 A
1C
1D
#2605
0&
0C
0D
#2610
b00000000000000000000000100000101 "
b00000000000000000000000100000101 $
1&
b0000100000010 >
b0000100000011 A
1C
1D
#2615
0&
0C
0D
#2620
b00000000000000000000000100000110 "
b00000000000000000000000100000110 $
1&
b0000100000011 >
b0000100000100 A
1C
1D
#2625
0&
0C
0D
#2630
b00000000000000000000000100000111 "
b00000000000000000000000100000111 $
1&
b0000100000100 >
b0000100000101 A
1C
1D
#2635
0&
0C
0D
#2640
b00000000000000000000000100001000 "
b00000000000000000000000100001000 $
1&
b0000100000101 >
b0000100000110 A
1C
1D
#2645
0&
0C
0D
#2650
b00000000000000000000000100001001 "
b00000000000000000000000100001001 $
1&
b0000100000110 >
b0000100000111 A
1C
1D
#2655
0&
0C
0D
#2660
b00000000000000000000000100001010 "
b00000000000000000000000100001010 $
1&
b0000100000111 >
b0000100001000 A
1C
1D
#2665
0&
0C
0D
#2670
b00000000000000000000000100001011 "
b00000000000000000000000100001011 $
1&
b0000100001000 >
b0000100001001 A
1C
1D
#2675
0&
0C
0D
#2680
b00000000000000000000000100001100 "
b00000000000000000000000100001100 $
1&
b0000100001001 >
b0000100001010 A
1C
1D
#2685
0&
0C
0D
#2690
b00000000000000000000000100001101 "
b00000000000000000000000100001101 $
1&
b0000100001010 >
b0000100001011 A
1C
1D
#2695
0&
0C
0D
#2700
b00000000000000000000000100001110 "
b00000000000000000000000100001110 $
1&
b0000100001011 >
b0000100001100 A
1C
1D
#2705
0&
0C
0D
#2710
b00000000000000000000000100001111 "
b00000000000000000000000100001111 $
1&
b0000100001100 >
b0000100001101 A
1C
1D
#2715
0&
0C
0D
#2720
b00000000000000000000000100010000 "
b00000000000000000000000100010000 $
1&
b0000100001101 >
b0000100001110 A
1C
1D
#2725
0&
0C
0D
#2730
b00000000000000000000000100010001 "
b00000000000000000000000100010001 $
1&
b0000100001110 >
b0000100001111 A
1C
1D
#2735
0&
0C
0D
#2740
b00000000000000000000000100010010 "
b00000000000000000000000100010010 $
1&
b0000100001111 >
b0000100010000 A
1C
1D
#2745
0&
0C
0D
#2750
b00000000000000000000000100010011 "
b00000000000000000000000100010011 $
1&
b0000100010000 >
b0000100010001 A
1C
1D
#2755
0&
0C
0D
#2760
b00000000000000000000000100010100 "
b00000000000000000000000100010100 $
1&
b0000100010001 >
b0000100010010 A
1C
1D
#2765
0&
0C
0D
#2770
b00000000000000000000000100010101 "
b00000000000000000000000100010101 $
1&
b0000100010010 >
b0000100010011 A
1C
1D
#2775
0&
0C
0D
#2780
b00000000000000000000000100010110 "
b00000000000000000000000100010110 $
1&
b0000100010011 >
b0000100010100 A
1C
1D
#2785
0&
0C
0D
#2790
b00000000000000000000000100010111 "
b00000000000000000000000100010111 $
1&
b0000100010100 >
b0000100010101 A
1C
1D
#2795
0&
0C
0D
#2800
b00000000000000000000000100011000 "
b00000000000000000000000100011000 $
1&
b0000100010101 >
b0000100010110 A
1C
1D
#2805
0&
0C
0D
#2810
b00000000000000000000000100011001 "
b00000000000000000000000100011001 $
1&
b0000100010110 >
b0000100010111 A
1C
1D
#2815
0&
0C
0D
#2820
b00000000000000000000000100011010 "
b00000000000000000000000100011010 $
1&
b0000100010111 >
b0000100011000 A
1C
1D
#2825
0&
0C
0D
#2830
b00000000000000000000000100011011 "
b00000000000000000000000100011011 $
1&
b0000100011000 >
b0000100011001 A
1C
1D
#2835
0&
0C
0D
#2840
b00000000000000000000000100011100 "
b00000000000000000000000100011100 $
1&
b0000100011001 >
b0000100011010 A
1C
1D
#2845
0&
0C
0D
#2850
b00000000000000000000000100011101 "
b00000000000000000000000100011101 $
1&
b0000100011010 >
b0000100011011 A
1C
1D
#2855
0&
0C
0D
#2860
b00000000000000000000000100011110 "
b00000000000000000000000100011110 $
1&
b0000100011011 >
b0000100011100 A
1C
1D
#2865
0&
0C
0D
#2870
b00000000000000000000000100011111 "
b00000000000000000000000100011111 $
1&
b0000100011100 >
b0000100011101 A
1C
1D
#2875
0&
0C
0D
#2880
b00000000000000000000000100100000 "
b00000000000000000000000100100000 $
1&
b0000100011101 >
b0000100011110 A
1C
1D
#2885
0&
0C
0D
#2890
b00000000000000000000000100100001 "
b00000000000000000000000100100001 $
1&
b0000100011110 >
b0000100011111 A
1C
1D
#2895
0&
0C
0D
#2900
b00000000000000000000000100100010 "
b00000000000000000000000100100010 $
1&
b0000100011111 >
b0000100100000 A
1C
1D
#2905
0&
0C
0D
#2910
b00000000000000000000000100100011 "
b00000000000000000000000100100011 $
1&
b0000100100000 >
b0000100100001 A
1C
1D
#2915
0&
0C
0D
#2920
b00000000000000000000000100100100 "
b00000000000000000000000100100100 $
1&
b0000100100001 >
b0000100100010 A
1C
1D
#2925
0&
0C
0D
#2930
b00000000000000000000000100100101 "
b00000000000000000000000100100101 $
1&
b0000100100010 >
b0000100100011 A
1C
1D
#2935
0&
0C
0D
#2940
b00000000000000000000000100100110 "
b00000000000000000000000100100110 $
1&
b0000100100011 >
b0000100100100 A
1C
1D
#2945
0&
0C
0D
#2950
b00000000000000000000000100100111 "
b00000000000000000000000100100111 $
1&
b0000100100100 >
b0000100100101 A
1C
1D
#2955
0&
0C
0D
#2960
b00000000000000000000000100101000 "
b00000000000000000000000100101000 $
1&
b0000100100101 >
b0000100100110 A
1C
1D
#2965
0&
0C
0D
#2970
b00000000000000000000000100101001 "
b00000000000000000000000100101001 $
1&
b0000100100110 >
b0000100100111 A
1C
1D
#2975
0&
0C
0D
#2980
b00000000000000000000000100101010 "
b00000000000000000000000100101010 $
1&
b0000100100111 >
b0000100101000 A
1C
1D
#2985
0&
0C
0D
#2990
b00000000000000000000000100101011 "
b00000000000000000000000100101011 $
1&
b0000100101000 >
b0000100101001 A
1C
1D
#2995
0&
0C
0D
#3000
b00000000000000000000000100101100 "
b00000000000000000000000100101100 $
1&
b0000100101001 >
b0000100101010 A
1C
1D
#3005
0&
0C
0D
#3010
b00000000000000000000000100101101 "
b00000000000000000000000100101101 $
1&
b0000100101010 >
b0000100101011 A
1C
1D
#3015
0&
0C
0D
#3020
b00000000000000000000000100101110 "
b00000000000000000000000100101110 $
1&
b0000100101011 >
b0000100101100 A
1C
1D
#3025
0&
0C
0D
#3030
b00000000000000000000000100101111 "
b00000000000000000000000100101111 $
1&
b0000100101100 >
b0000100101101 A
1C
1D
#3035
0&
0C
0D
#3040
b00000000000000000000000100110000 "
b00000000000000000000000100110000 $
1&
b0000100101101 >
b0000100101110 A
1C
1D
#3045
0&
0C
0D
#3050
b00000000000000000000000100110001 "
b00000000000000000000000100110001 $
1&
b0000100101110 >
b0000100101111 A
1C
1D
#3055
0&
0C
0D
#3060
b00000000000000000000000100110010 "
b00000000000000000000000100110010 $
1&
b0000100101111 >
b0000100110000 A
1C
1D
#3065
0&
0C
0D
#3070
b00000000000000000000000100110011 "
b00000000000000000000000100110011 $
1&
b0000100110000 >
b0000100110001 A
1C
1D
#3075
0&
0C
0D
#3080
b00000000000000000000000100110100 "
b00000000000000000000000100110100 $
1&
b0000100110001 >
b0000100110010 A
1C
1D
#3085
0&
0C
0D
#3090
b00000000000000000000000100110101 "
b00000000000000000000000100110101 $
1&
b0000100110010 >
b0000100110011 A
1C
1D
#3095
0&
0C
0D
#3100
b00000000000000000000000100110110 "
b00000000000000000000000100110110 $
1&
b0000100110011 >
b0000100110100 A
1C
1D
#3105
0&
0C
0D
#3110
b00000000000000000000000100110111 "
b00000000000000000000000100110111 $
1&
b0000100110100 >
b0000100110101 A
1C
1D
#3115
0&
0C
0D
#3120
b00000000000000000000000100111000 "
b00000000000000000000000100111000 $
1&
b0000100110101 >
b0000100110110 A
1C
1D
#3125
0&
0C
0D
#3130
b00000000000000000000000100111001 "
b00000000000000000000000100111001 $
1&
b0000100110110 >
b0000100110111 A
1C
1D
#3135
0&
0C
0D
#3140
b00000000000000000000000100111010 "
b00000000000000000000000100111010 $
1&
b0000100110111 >
b0000100111000 A
1C
1D
#3145
0&
0C
0D
#3150
b00000000000000000000000100111011 "
b00000000000000000000000100111011 $
1&
b0000100111000 >
b0000100111001 A
1C
1D
#3155
0&
0C
0D
#3160
b00000000000000000000000100111100 "
b00000000000000000000000100111100 $
1&
b0000100111001 >
b0000100111010 A
1C
1D
#3165
0&
0C
0D
#3170
b00000000000000000000000100111101 "
b00000000000000000000000100111101 $
1&
b0000100111010 >
b0000100111011 A
1C
1D
#3175
0&
0C
0D
#3180
b00000000000000000000000100111110 "
b00000000000000000000000100111110 $
1&
b0000100111011 >
b0000100111100 A
1C
1D
#3185
0&
0C
0D
#3190
b00000000000000000000000100111111 "
b00000000000000000000000100111111 $
1&
b0000100111100 >
b0000100111101 A
1C
1D
#3195
0&
0C
0D
#3200
b00000000000000000000000101000000 "
b00000000000000000000000101000000 $
1&
b0000100111101 >
b0000100111110 A
1C
1D
#3205
0&
0C
0D
#3210
b00000000000000000000000101000001 "
b00000000000000000000000101000001 $
1&
b0000100111110 >
b0000100111111 A
1C
1D
#3215
0&
0C
0D
#3220
b00000000000000000000000101000010 "
b00000000000000000000000101000010 $
1&
b0000100111111 >
b0000101000000 A
1C
1D
#3225
0&
0C
0D
#3230
b00000000000000000000000101000011 "
b00000000000000000000000101000011 $
1&
b0000101000000 >
b0000101000001 A
1C
1D
#3235
0&
0C
0D
#3240
b00000000000000000000000101000100 "
b00000000000000000000000101000100 $
1&
b0000101000001 >
b0000101000010 A
1C
1D
#3245
0&
0C
0D
#3250
b00000000000000000000000101000101 "
b00000000000000000000000101000101 $
1&
b0000101000010 >
b0000101000011 A
1C
1D
#3255
0&
0C
0D
#3260
b00000000000000000000000101000110 "
b00000000000000000000000101000110 $
1&
b0000101000011 >
b0000101000100 A
1C
1D
#3265
0&
0C
0D
#3270
b00000000000000000000000101000111 "
b00000000000000000000000101000111 $
1&
b0000101000100 >
b0000101000101 A
1C
1D
#3275
0&
0C
0D
#3280
b00000000000000000000000101001000 "
b00000000000000000000000101001000 $
1&
b0000101000101 >
b0000101000110 A
1C
1D
#3285
0&
0C
0D
#3290
b00000000000000000000000101001001 "
b00000000000000000000000101001001 $
1&
b0000101000110 >
b0000101000111 A
1C
1D
#3295
0&
0C
0D
#3300
b00000000000000000000000101001010 "
b00000000000000000000000101001010 $
1&
b0000101000111 >
b0000101001000 A
1C
1D
#3305
0&
0C
0D
#3310
b00000000000000000000000101001011 "
b00000000000000000000000101001011 $
1&
b0000101001000 >
b0000101001001 A
1C
1D
#3315
0&
0C
0D
#3320
b00000000000000000000000101001100 "
b00000000000000000000000101001100 $
1&
b0000101001001 >
b0000101001010 A
1C
1D
#3325
0&
0C
0D
#3330
b00000000000000000000000101001101 "
b00000000000000000000000101001101 $
1&
b0000101001010 >
b0000101001011 A
1C
1D
#3335
0&
0C
0D
#3340
b00000000000000000000000101001110 "
b00000000000000000000000101001110 $
1&
b0000101001011 >
b0000101001100 A
1C
1D
#3345
0&
0C
0D
#3350
b00000000000000000000000101001111 "
b00000000000000000000000101001111 $
1&
b0000101001100 >
b0000101001101 A
1C
1D
#3355
0&
0C
0D
#3360
b00000000000000000000000101010000 "
b00000000000000000000000101010000 $
1&
b0000101001101 >
b0000101001110 A
1C
1D
#3365
0&
0C
0D
#3370
b00000000000000000000000101010001 "
b00000000000000000000000101010001 $
1&
b0000101001110 >
b0000101001111 A
1C
1D
#3375
0&
0C
0D
#3380
b00000000000000000000000101010010 "
b00000000000000000000000101010010 $
1&
b0000101001111 >
b0000101010000 A
1C
1D
#3385
0&
0C
0D
#3390
b00000000000000000000000101010011 "
b00000000000000000000000101010011 $
1&
b0000101010000 >
b0000101010001 A
1C
1D
#3395
0&
0C
0D
#3400
b00000000000000000000000101010100 "
b00000000000000000000000101010100 $
1&
b0000101010001 >
b0000101010010 A
1C
1D
#3405
0&
0C
0D
#3410
b00000000000000000000000101010101 "
b00000000000000000000000101010101 $
1&
b0000101010010 >
b0000101010011 A
1C
1D
#3415
0&
0C
0D
#3420
b00000000000000000000000101010110 "
b00000000000000000000000101010110 $
1&
b0000101010011 >
b0000101010100 A
1C
1D
#3425
0&
0C
0D
#3430
b00000000000000000000000101010111 "
b00000000000000000000000101010111 $
1&
b0000101010100 >
b0000101010101 A
1C
1D
#3435
0&
0C
0D
#3440
b00000000000000000000000101011000 "
b00000000000000000000000101011000 $
1&
b0000101010101 >
b0000101010110 A
1C
1D
#3445
0&
0C
0D
#3450
b00000000000000000000000101011001 "
b00000000000000000000000101011001 $
1&
b0000101010110 >
b0000101010111 A
1C
1D
#3455
0&
0C
0D
#3460
b00000000000000000000000101011010 "
b00000000000000000000000101011010 $
1&
b0000101010111 >
b0000101011000 A
1C
1D
#3465
0&
0C
0D
#3470
b00000000000000000000000101011011 "
b00000000000000000000000101011011 $
1&
b0000101011000 >
b0000101011001 A
1C
1D
#3475
0&
0C
0D
#3480
b00000000000000000000000101011100 "
b00000000000000000000000101011100 $
1&
b0000101011001 >
b0000101011010 A
1C
1D
#3485
0&
0C
0D
#3490
b00000000000000000000000101011101 "
b00000000000000000000000101011101 $
1&
b0000101011010 >
b0000101011011 A
1C
1D
#3495
0&
0C
0D
#3500
b00000000000000000000000101011110 "
b00000000000000000000000101011110 $
1&
b0000101011011 >
b0000101011100 A
1C
1D
#3505
0&
0C
0D
#3510
b00000000000000000000000101011111 "
b00000000000000000000000101011111 $
1&
b0000101011100 >
b0000101011101 A
1C
1D
#3515
0&
0C
0D
#3520
b00000000000000000000000101100000 "
b00000000000000000000000101100000 $
1&
b0000101011101 >
b0000101011110 A
1C
1D
#3525
0&
0C
0D
#3530
b00000000000000000000000101100001 "
b00000000000000000000000101100001 $
1&
b0000101011110 >
b0000101011111 A
1C
1D
#3535
0&
0C
0D
#3540
b00000000000000000000000101100010 "
b00000000000000000000000101100010 $
1&
b0000101011111 >
b0000101100000 A
1C
1D
#3545
0&
0C
0D
#3550
b00000000000000000000000101100011 "
b00000000000000000000000101100011 $
1&
b0000101100000 >
b0000101100001 A
1C
1D
#3555
0&
0C
0D
#3560
b00000000000000000000000101100100 "
b00000000000000000000000101100100 $
1&
b0000101100001 >
b0000101100010 A
1C
1D
#3565
0&
0C
0D
#3570
b00000000000000000000000101100101 "
b00000000000000000000000101100101 $
1&
b0000101100010 >
b0000101100011 A
1C
1D
#3575
0&
0C
0D
#3580
b00000000000000000000000101100110 "
b00000000000000000000000101100110 $
1&
b0000101100011 >
b0000101100100 A
1C
1D
#3585
0&
0C
0D
#3590
b00000000000000000000000101100111 "
b00000000000000000000000101100111 $
1&
b0000101100100 >
b0000101100101 A
1C
1D
#3595
0&
0C
0D
#3600
b00000000000000000000000101101000 "
b00000000000000000000000101101000 $
1&
b0000101100101 >
b0000101100110 A
1C
1D
#3605
0&
0C
0D
#3610
b00000000000000000000000101101001 "
b00000000000000000000000101101001 $
1&
b0000101100110 >
b0000101100111 A
1C
1D
#3615
0&
0C
0D
#3620
b00000000000000000000000101101010 "
b00000000000000000000000101101010 $
1&
b0000101100111 >
b0000101101000 A
1C
1D
#3625
0&
0C
0D
#3630
b00000000000000000000000101101011 "
b00000000000000000000000101101011 $
1&
b0000101101000 >
b0000101101001 A
1C
1D
#3635
0&
0C
0D
#3640
b00000000000000000000000101101100 "
b00000000000000000000000101101100 $
1&
b0000101101001 >
b0000101101010 A
1C
1D
#3645
0&
0C
0D
#3650
b00000000000000000000000101101101 "
b00000000000000000000000101101101 $
1&
b0000101101010 >
b0000101101011 A
1C
1D
#3655
0&
0C
0D
#3660
b00000000000000000000000101101110 "
b00000000000000000000000101101110 $
1&
b0000101101011 >
b0000101101100 A
1C
1D
#3665
0&
0C
0D
#3670
b00000000000000000000000101101111 "
b00000000000000000000000101101111 $
1&
b0000101101100 >
b0000101101101 A
1C
1D
#3675
0&
0C
0D
#3680
b00000000000000000000000101110000 "
b00000000000000000000000101110000 $
1&
b0000101101101 >
b0000101101110 A
1C
1D
#3685
0&
0C
0D
#3690
b00000000000000000000000101110001 "
b00000000000000000000000101110001 $
1&
b0000101101110 >
b0000101101111 A
1C
1D
#3695
0&
0C
0D
#3700
b00000000000000000000000101110010 "
b00000000000000000000000101110010 $
1&
b0000101101111 >
b0000101110000 A
1C
1D
#3705
0&
0C
0D
#3710
b00000000000000000000000101110011 "
b00000000000000000000000101110011 $
1&
b0000101110000 >
b0000101110001 A
1C
1D
#3715
0&
0C
0D
#3720
b00000000000000000000000101110100 "
b00000000000000000000000101110100 $
1&
b0000101110001 >
b0000101110010 A
1C
1D
#3725
0&
0C
0D
#3730
b00000000000000000000000101110101 "
b00000000000000000000000101110101 $
1&
b0000101110010 >
b0000101110011 A
1C
1D
#3735
0&
0C
0D
#3740
b00000000000000000000000101110110 "
b00000000000000000000000101110110 $
1&
b0000101110011 >
b0000101110100 A
1C
1D
#3745
0&
0C
0D
#3750
b00000000000000000000000101110111 "
b00000000000000000000000101110111 $
1&
b0000101110100 >
b0000101110101 A
1C
1D
#3755
0&
0C
0D
#3760
b00000000000000000000000101111000 "
b00000000000000000000000101111000 $
1&
b0000101110101 >
b0000101110110 A
1C
1D
#3765
0&
0C
0D
#3770
b00000000000000000000000101111001 "
b00000000000000000000000101111001 $
1&
b0000101110110 >
b0000101110111 A
1C
1D
#3775
0&
0C
0D
#3780
b00000000000000000000000101111010 "
b00000000000000000000000101111010 $
1&
b0000101110111 >
b0000101111000 A
1C
1D
#3785
0&
0C
0D
#3790
b00000000000000000000000101111011 "
b00000000000000000000000101111011 $
1&
b0000101111000 >
b0000101111001 A
1C
1D
#3795
0&
0C
0D
#3800
b00000000000000000000000101111100 "
b00000000000000000000000101111100 $
1&
b0000101111001 >
b0000101111010 A
1C
1D
#3805
0&
0C
0D
#3810
b00000000000000000000000101111101 "
b00000000000000000000000101111101 $
1&
b0000101111010 >
b0000101111011 A
1C
1D
#3815
0&
0C
0D
#3820
b00000000000000000000000101111110 "
b00000000000000000000000101111110 $
1&
b0000101111011 >
b0000101111100 A
1C
1D
#3825
0&
0C
0D
#3830
b00000000000000000000000101111111 "
b00000000000000000000000101111111 $
1&
b0000101111100 >
b0000101111101 A
1C
1D
#3835
0&
0C
0D
#3840
b00000000000000000000000110000000 "
b00000000000000000000000110000000 $
1&
b0000101111101 >
b0000101111110 A
1C
1D
#3845
0&
0C
0D
#3850
b00000000000000000000000110000001 "
b00000000000000000000000110000001 $
1&
b0000101111110 >
b0000101111111 A
1C
1D
#3855
0&
0C
0D
#3860
b00000000000000000000000110000010 "
b00000000000000000000000110000010 $
1&
b0000101111111 >
b0000110000000 A
1C
1D
#3865
0&
0C
0D
#3870
b00000000000000000000000110000011 "
b00000000000000000000000110000011 $
1&
b0000110000000 >
b0000110000001 A
1C
1D
#3875
0&
0C
0D
#3880
b00000000000000000000000110000100 "
b00000000000000000000000110000100 $
1&
b0000110000001 >
b0000110000010 A
1C
1D
#3885
0&
0C
0D
#3890
b00000000000000000000000110000101 "
b00000000000000000000000110000101 $
1&
b0000110000010 >
b0000110000011 A
1C
1D
#3895
0&
0C
0D
#3900
b00000000000000000000000110000110 "
b00000000000000000000000110000110 $
1&
b0000110000011 >
b0000110000100 A
1C
1D
#3905
0&
0C
0D
#3910
b00000000000000000000000110000111 "
b00000000000000000000000110000111 $
1&
b0000110000100 >
b0000110000101 A
1C
1D
#3915
0&
0C
0D
#3920
b00000000000000000000000110001000 "
b00000000000000000000000110001000 $
1&
b0000110000101 >
b0000110000110 A
1C
1D
#3925
0&
0C
0D
#3930
b00000000000000000000000110001001 "
b00000000000000000000000110001001 $
1&
b0000110000110 >
b0000110000111 A
1C
1D
#3935
0&
0C
0D
#3940
b00000000000000000000000110001010 "
b00000000000000000000000110001010 $
1&
b0000110000111 >
b0000110001000 A
1C
1D
#3945
0&
0C
0D
#3950
b00000000000000000000000110001011 "
b00000000000000000000000110001011 $
1&
b0000110001000 >
b0000110001001 A
1C
1D
#3955
0&
0C
0D
#3960
b00000000000000000000000110001100 "
b00000000000000000000000110001100 $
1&
b0000110001001 >
b0000110001010 A
1C
1D
#3965
0&
0C
0D
#3970
b00000000000000000000000110001101 "
b00000000000000000000000110001101 $
1&
b0000110001010 >
b0000110001011 A
1C
1D
#3975
0&
0C
0D
#3980
b00000000000000000000000110001110 "
b00000000000000000000000110001110 $
1&
b0000110001011 >
b0000110001100 A
1C
1D
#3985
0&
0C
0D
#3990
b00000000000000000000000110001111 "
b00000000000000000000000110001111 $
1&
b0000110001100 >
b0000110001101 A
1C
1D
#3995
0&
0C
0D
#4000
b00000000000000000000000110010000 "
b00000000000000000000000110010000 $
1&
b0000110001101 >
b0000110001110 A
1C
1D
#4005
0&
0C
0D
#4010
b00000000000000000000000110010001 "
b00000000000000000000000110010001 $
1&
b0000110001110 >
b0000110001111 A
1C
1D
#4015
0&
0C
0D
#4020
b00000000000000000000000110010010 "
b00000000000000000000000110010010 $
1&
b0000110001111 >
b0000110010000 A
1C
1D
#4025
0&
0C
0D
#4030
b00000000000000000000000110010011 "
b00000000000000000000000110010011 $
1&
b0000110010000 >
b0000110010001 A
1C
1D
#4035
0&
0C
0D
#4040
b00000000000000000000000110010100 "
b00000000000000000000000110010100 $
1&
b0000110010001 >
b0000110010010 A
1C
1D
#4045
0&
0C
0D
#4050
b00000000000000000000000110010101 "
b00000000000000000000000110010101 $
1&
b0000110010010 >
b0000110010011 A
1C
1D
#4055
0&
0C
0D
#4060
b00000000000000000000000110010110 "
b00000000000000000000000110010110 $
1&
b0000110010011 >
b0000110010100 A
1C
1D
#4065
0&
0C
0D
#4070
b00000000000000000000000110010111 "
b00000000000000000000000110010111 $
1&
b0000110010100 >
b0000110010101 A
1C
1D
#4075
0&
0C
0D
#4080
b00000000000000000000000110011000 "
b00000000000000000000000110011000 $
1&
b0000110010101 >
b0000110010110 A
1C
1D
#4085
0&
0C
0D
#4090
b00000000000000000000000110011001 "
b00000000000000000000000110011001 $
1&
b0000110010110 >
b0000110010111 A
1C
1D
#4095
0&
0C
0D
#4100
b00000000000000000000000110011010 "
b00000000000000000000000110011010 $
1&
b0000110010111 >
b0000110011000 A
1C
1D
#4105
0&
0C
0D
#4110
b00000000000000000000000110011011 "
b00000000000000000000000110011011 $
1&
b0000110011000 >
b0000110011001 A
1C
1D
#4115
0&
0C
0D
#4120
b00000000000000000000000110011100 "
b00000000000000000000000110011100 $
1&
b0000110011001 >
b0000110011010 A
1C
1D
#4125
0&
0C
0D
#4130
b00000000000000000000000110011101 "
b00000000000000000000000110011101 $
1&
b0000110011010 >
b0000110011011 A
1C
1D
#4135
0&
0C
0D
#4140
b00000000000000000000000110011110 "
b00000000000000000000000110011110 $
1&
b0000110011011 >
b0000110011100 A
1C
1D
#4145
0&
0C
0D
#4150
b00000000000000000000000110011111 "
b00000000000000000000000110011111 $
1&
b0000110011100 >
b0000110011101 A
1C
1D
#4155
0&
0C
0D
#4160
b00000000000000000000000110100000 "
b00000000000000000000000110100000 $
1&
b0000110011101 >
b0000110011110 A
1C
1D
#4165
0&
0C
0D
#4170
b00000000000000000000000110100001 "
b00000000000000000000000110100001 $
1&
b0000110011110 >
b0000110011111 A
1C
1D
#4175
0&
0C
0D
#4180
b00000000000000000000000110100010 "
b00000000000000000000000110100010 $
1&
b0000110011111 >
b0000110100000 A
1C
1D
#4185
0&
0C
0D
#4190
b00000000000000000000000110100011 "
b00000000000000000000000110100011 $
1&
b0000110100000 >
b0000110100001 A
1C
1D
#4195
0&
0C
0D
#4200
b00000000000000000000000110100100 "
b00000000000000000000000110100100 $
1&
b0000110100001 >
b0000110100010 A
1C
1D
#4205
0&
0C
0D
#4210
b00000000000000000000000110100101 "
b00000000000000000000000110100101 $
1&
b0000110100010 >
b0000110100011 A
1C
1D
#4215
0&
0C
0D
#4220
b00000000000000000000000110100110 "
b00000000000000000000000110100110 $
1&
b0000110100011 >
b0000110100100 A
1C
1D
#4225
0&
0C
0D
#4230
b00000000000000000000000110100111 "
b00000000000000000000000110100111 $
1&
b0000110100100 >
b0000110100101 A
1C
1D
#4235
0&
0C
0D
#4240
b00000000000000000000000110101000 "
b00000000000000000000000110101000 $
1&
b0000110100101 >
b0000110100110 A
1C
1D
#4245
0&
0C
0D
#4250
b00000000000000000000000110101001 "
b00000000000000000000000110101001 $
1&
b0000110100110 >
b0000110100111 A
1C
1D
#4255
0&
0C
0D
#4260
b00000000000000000000000110101010 "
b00000000000000000000000110101010 $
1&
b0000110100111 >
b0000110101000 A
1C
1D
#4265
0&
0C
0D
#4270
b00000000000000000000000110101011 "
b00000000000000000000000110101011 $
1&
b0000110101000 >
b0000110101001 A
1C
1D
#4275
0&
0C
0D
#4280
b00000000000000000000000110101100 "
b00000000000000000000000110101100 $
1&
b0000110101001 >
b0000110101010 A
1C
1D
#4285
0&
0C
0D
#4290
b00000000000000000000000110101101 "
b00000000000000000000000110101101 $
1&
b0000110101010 >
b0000110101011 A
1C
1D
#4295
0&
0C
0D
#4300
b00000000000000000000000110101110 "
b00000000000000000000000110101110 $
1&
b0000110101011 >
b0000110101100 A
1C
1D
#4305
0&
0C
0D
#4310
b00000000000000000000000110101111 "
b00000000000000000000000110101111 $
1&
b0000110101100 >
b0000110101101 A
1C
1D
#4315
0&
0C
0D
#4320
b00000000000000000000000110110000 "
b00000000000000000000000110110000 $
1&
b0000110101101 >
b0000110101110 A
1C
1D
#4325
0&
0C
0D
#4330
b00000000000000000000000110110001 "
b00000000000000000000000110110001 $
1&
b0000110101110 >
b0000110101111 A
1C
1D
#4335
0&
0C
0D
#4340
b00000000000000000000000110110010 "
b00000000000000000000000110110010 $
1&
b0000110101111 >
b0000110110000 A
1C
1D
#4345
0&
0C
0D
#4350
b00000000000000000000000110110011 "
b00000000000000000000000110110011 $
1&
b0000110110000 >
b0000110110001 A
1C
1D
#4355
0&
0C
0D
#4360
b00000000000000000000000110110100 "
b00000000000000000000000110110100 $
1&
b0000110110001 >
b0000110110010 A
1C
1D
#4365
0&
0C
0D
#4370
b00000000000000000000000110110101 "
b00000000000000000000000110110101 $
1&
b0000110110010 >
b0000110110011 A
1C
1D
#4375
0&
0C
0D
#4380
b00000000000000000000000110110110 "
b00000000000000000000000110110110 $
1&
b0000110110011 >
b0000110110100 A
1C
1D
#4385
0&
0C
0D
#4390
b00000000000000000000000110110111 "
b00000000000000000000000110110111 $
1&
b0000110110100 >
b0000110110101 A
1C
1D
#4395
0&
0C
0D
#4400
b00000000000000000000000110111000 "
b00000000000000000000000110111000 $
1&
b0000110110101 >
b0000110110110 A
1C
1D
#4405
0&
0C
0D
#4410
b00000000000000000000000110111001 "
b00000000000000000000000110111001 $
1&
b0000110110110 >
b0000110110111 A
1C
1D
#4415
0&
0C
0D
#4420
b00000000000000000000000110111010 "
b00000000000000000000000110111010 $
1&
b0000110110111 >
b0000110111000 A
1C
1D
#4425
0&
0C
0D
#4430
b00000000000000000000000110111011 "
b00000000000000000000000110111011 $
1&
b0000110111000 >
b0000110111001 A
1C
1D
#4435
0&
0C
0D
#4440
b00000000000000000000000110111100 "
b00000000000000000000000110111100 $
1&
b0000110111001 >
b0000110111010 A
1C
1D
#4445
0&
0C
0D
#4450
b00000000000000000000000110111101 "
b00000000000000000000000110111101 $
1&
b0000110111010 >
b0000110111011 A
1C
1D
#4455
0&
0C
0D
#4460
b00000000000000000000000110111110 "
b00000000000000000000000110111110 $
1&
b0000110111011 >
b0000110111100 A
1C
1D
#4465
0&
0C
0D
#4470
b00000000000000000000000110111111 "
b00000000000000000000000110111111 $
1&
b0000110111100 >
b0000110111101 A
1C
1D
#4475
0&
0C
0D
#4480
b00000000000000000000000111000000 "
b00000000000000000000000111000000 $
1&
b0000110111101 >
b0000110111110 A
1C
1D
#4485
0&
0C
0D
#4490
b00000000000000000000000111000001 "
b00000000000000000000000111000001 $
1&
b0000110111110 >
b0000110111111 A
1C
1D
#4495
0&
0C
0D
#4500
b00000000000000000000000111000010 "
b00000000000000000000000111000010 $
1&
b0000110111111 >
b0000111000000 A
1C
1D
#4505
0&
0C
0D
#4510
b00000000000000000000000111000011 "
b00000000000000000000000111000011 $
1&
b0000111000000 >
b0000111000001 A
1C
1D
#4515
0&
0C
0D
#4520
b00000000000000000000000111000100 "
b00000000000000000000000111000100 $
1&
b0000111000001 >
b0000111000010 A
1C
1D
#4525
0&
0C
0D
#4530
b00000000000000000000000111000101 "
b00000000000000000000000111000101 $
1&
b0000111000010 >
b0000111000011 A
1C
1D
#4535
0&
0C
0D
#4540
b00000000000000000000000111000110 "
b00000000000000000000000111000110 $
1&
b0000111000011 >
b0000111000100 A
1C
1D
#4545
0&
0C
0D
#4550
b00000000000000000000000111000111 "
b00000000000000000000000111000111 $
1&
b0000111000100 >
b0000111000101 A
1C
1D
#4555
0&
0C
0D
#4560
b00000000000000000000000111001000 "
b00000000000000000000000111001000 $
1&
b0000111000101 >
b0000111000110 A
1C
1D
#4565
0&
0C
0D
#4570
b00000000000000000000000111001001 "
b00000000000000000000000111001001 $
1&
b0000111000110 >
b0000111000111 A
1C
1D
#4575
0&
0C
0D
#4580
b00000000000000000000000111001010 "
b00000000000000000000000111001010 $
1&
b0000111000111 >
b0000111001000 A
1C
1D
#4585
0&
0C
0D
#4590
b00000000000000000000000111001011 "
b00000000000000000000000111001011 $
1&
b0000111001000 >
b0000111001001 A
1C
1D
#4595
0&
0C
0D
#4600
b00000000000000000000000111001100 "
b00000000000000000000000111001100 $
1&
b0000111001001 >
b0000111001010 A
1C
1D
#4605
0&
0C
0D
#4610
b00000000000000000000000111001101 "
b00000000000000000000000111001101 $
1&
b0000111001010 >
b0000111001011 A
1C
1D
#4615
0&
0C
0D
#4620
b00000000000000000000000111001110 "
b00000000000000000000000111001110 $
1&
b0000111001011 >
b0000111001100 A
1C
1D
#4625
0&
0C
0D
#4630
b00000000000000000000000111001111 "
b00000000000000000000000111001111 $
1&
b0000111001100 >
b0000111001101 A
1C
1D
#4635
0&
0C
0D
#4640
b00000000000000000000000111010000 "
b00000000000000000000000111010000 $
1&
b0000111001101 >
b0000111001110 A
1C
1D
#4645
0&
0C
0D
#4650
b00000000000000000000000111010001 "
b00000000000000000000000111010001 $
1&
b0000111001110 >
b0000111001111 A
1C
1D
#4655
0&
0C
0D
#4660
b00000000000000000000000111010010 "
b00000000000000000000000111010010 $
1&
b0000111001111 >
b0000111010000 A
1C
1D
#4665
0&
0C
0D
#4670
b00000000000000000000000111010011 "
b00000000000000000000000111010011 $
1&
b0000111010000 >
b0000111010001 A
1C
1D
#4675
0&
0C
0D
#4680
b00000000000000000000000111010100 "
b00000000000000000000000111010100 $
1&
b0000111010001 >
b0000111010010 A
1C
1D
#4685
0&
0C
0D
#4690
b00000000000000000000000111010101 "
b00000000000000000000000111010101 $
1&
b0000111010010 >
b0000111010011 A
1C
1D
#4695
0&
0C
0D
#4700
b00000000000000000000000111010110 "
b00000000000000000000000111010110 $
1&
b0000111010011 >
b0000111010100 A
1C
1D
#4705
0&
0C
0D
#4710
b00000000000000000000000111010111 "
b00000000000000000000000111010111 $
1&
b0000111010100 >
b0000111010101 A
1C
1D
#4715
0&
0C
0D
#4720
b00000000000000000000000111011000 "
b00000000000000000000000111011000 $
1&
b0000111010101 >
b0000111010110 A
1C
1D
#4725
0&
0C
0D
#4730
b00000000000000000000000111011001 "
b00000000000000000000000111011001 $
1&
b0000111010110 >
b0000111010111 A
1C
1D
#4735
0&
0C
0D
#4740
b00000000000000000000000111011010 "
b00000000000000000000000111011010 $
1&
b0000111010111 >
b0000111011000 A
1C
1D
#4745
0&
0C
0D
#4750
b00000000000000000000000111011011 "
b00000000000000000000000111011011 $
1&
b0000111011000 >
b0000111011001 A
1C
1D
#4755
0&
0C
0D
#4760
b00000000000000000000000111011100 "
b00000000000000000000000111011100 $
1&
b0000111011001 >
b0000111011010 A
1C
1D
#4765
0&
0C
0D
#4770
b00000000000000000000000111011101 "
b00000000000000000000000111011101 $
1&
b0000111011010 >
b0000111011011 A
1C
1D
#4775
0&
0C
0D
#4780
b00000000000000000000000111011110 "
b00000000000000000000000111011110 $
1&
b0000111011011 >
b0000111011100 A
1C
1D
#4785
0&
0C
0D
#4790
b00000000000000000000000111011111 "
b00000000000000000000000111011111 $
1&
b0000111011100 >
b0000111011101 A
1C
1D
#4795
0&
0C
0D
#4800
b00000000000000000000000111100000 "
b00000000000000000000000111100000 $
1&
b0000111011101 >
b0000111011110 A
1C
1D
#4805
0&
0C
0D
#4810
b00000000000000000000000111100001 "
b00000000000000000000000111100001 $
1&
b0000111011110 >
b0000111011111 A
1C
1D
#4815
0&
0C
0D
#4820
b00000000000000000000000111100010 "
b00000000000000000000000111100010 $
1&
b0000111011111 >
b0000111100000 A
1C
1D
#4825
0&
0C
0D
#4830
b00000000000000000000000111100011 "
b00000000000000000000000111100011 $
1&
b0000111100000 >
b0000111100001 A
1C
1D
#4835
0&
0C
0D
#4840
b00000000000000000000000111100100 "
b00000000000000000000000111100100 $
1&
b0000111100001 >
b0000111100010 A
1C
1D
#4845
0&
0C
0D
#4850
b00000000000000000000000111100101 "
b00000000000000000000000111100101 $
1&
b0000111100010 >
b0000111100011 A
1C
1D
#4855
0&
0C
0D
#4860
b00000000000000000000000111100110 "
b00000000000000000000000111100110 $
1&
b0000111100011 >
b0000111100100 A
1C
1D
#4865
0&
0C
0D
#4870
b00000000000000000000000111100111 "
b00000000000000000000000111100111 $
1&
b0000111100100 >
b0000111100101 A
1C
1D
#4875
0&
0C
0D
#4880
b00000000000000000000000111101000 "
b00000000000000000000000111101000 $
1&
b0000111100101 >
b0000111100110 A
1C
1D
#4885
0&
0C
0D
#4890
b00000000000000000000000111101001 "
b00000000000000000000000111101001 $
1&
b0000111100110 >
b0000111100111 A
1C
1D
#4895
0&
0C
0D
#4900
b00000000000000000000000111101010 "
b00000000000000000000000111101010 $
1&
b0000111100111 >
b0000111101000 A
1C
1D
#4905
0&
0C
0D
#4910
b00000000000000000000000111101011 "
b00000000000000000000000111101011 $
1&
b0000111101000 >
b0000111101001 A
1C
1D
#4915
0&
0C
0D
#4920
b00000000000000000000000111101100 "
b00000000000000000000000111101100 $
1&
b0000111101001 >
b0000111101010 A
1C
1D
#4925
0&
0C
0D
#4930
b00000000000000000000000111101101 "
b00000000000000000000000111101101 $
1&
b0000111101010 >
b0000111101011 A
1C
1D
#4935
0&
0C
0D
#4940
b00000000000000000000000111101110 "
b00000000000000000000000111101110 $
1&
b0000111101011 >
b0000111101100 A
1C
1D
#4945
0&
0C
0D
#4950
b00000000000000000000000111101111 "
b00000000000000000000000111101111 $
1&
b0000111101100 >
b0000111101101 A
1C
1D
#4955
0&
0C
0D
#4960
b00000000000000000000000111110000 "
b00000000000000000000000111110000 $
1&
b0000111101101 >
b0000111101110 A
1C
1D
#4965
0&
0C
0D
#4970
b00000000000000000000000111110001 "
b00000000000000000000000111110001 $
1&
b0000111101110 >
b0000111101111 A
1C
1D
#4975
0&
0C
0D
#4980
b00000000000000000000000111110010 "
b00000000000000000000000111110010 $
1&
b0000111101111 >
b0000111110000 A
1C
1D
#4985
0&
0C
0D
#4990
b00000000000000000000000111110011 "
b00000000000000000000000111110011 $
1&
b0000111110000 >
b0000111110001 A
1C
1D
#4995
0&
0C
0D
#5000
b00000000000000000000000111110100 "
b00000000000000000000000111110100 $
1&
b0000111110001 >
b0000111110010 A
1C
1D
#5005
0&
0C
0D
#5010
b00000000000000000000000111110101 "
b00000000000000000000000111110101 $
1&
b0000111110010 >
b0000111110011 A
1C
1D
#5015
0&
0C
0D
#5020
b00000000000000000000000111110110 "
b00000000000000000000000111110110 $
1&
b0000111110011 >
b0000111110100 A
1C
1D
#5025
0&
0C
0D
#5030
b00000000000000000000000111110111 "
b00000000000000000000000111110111 $
1&
b0000111110100 >
b0000111110101 A
1C
1D
#5035
0&
0C
0D
#5040
b00000000000000000000000111111000 "
b00000000000000000000000111111000 $
1&
b0000111110101 >
b0000111110110 A
1C
1D
#5045
0&
0C
0D
#5050
b00000000000000000000000111111001 "
b00000000000000000000000111111001 $
1&
b0000111110110 >
b0000111110111 A
1C
1D
#5055
0&
0C
0D
#5060
b00000000000000000000000111111010 "
b00000000000000000000000111111010 $
1&
b0000111110111 >
b0000111111000 A
1C
1D
#5065
0&
0C
0D
#5070
b00000000000000000000000111111011 "
b00000000000000000000000111111011 $
1&
b0000111111000 >
b0000111111001 A
1C
1D
#5075
0&
0C
0D
#5080
b00000000000000000000000111111100 "
b00000000000000000000000111111100 $
1&
b0000111111001 >
b0000111111010 A
1C
1D
#5085
0&
0C
0D
#5090
b00000000000000000000000111111101 "
b00000000000000000000000111111101 $
1&
b0000111111010 >
b0000111111011 A
1C
1D
#5095
0&
0C
0D
#5100
b00000000000000000000000111111110 "
b00000000000000000000000111111110 $
1&
b0000111111011 >
b0000111111100 A
1C
1D
#5105
0&
0C
0D
#5110
b00000000000000000000000111111111 "
b00000000000000000000000111111111 $
1&
b0000111111100 >
b0000111111101 A
1C
1D
#5115
0&
0C
0D
#5120
b00000000000000000000001000000000 "
b00000000000000000000001000000000 $
1&
b0000111111101 >
b0000111111110 A
1C
1D
#5125
0&
0C
0D
#5130
b00000000000000000000001000000001 "
b00000000000000000000001000000001 $
1&
b0000111111110 >
b0000111111111 A
1C
1D
#5135
0&
0C
0D
#5140
b00000000000000000000001000000010 "
b00000000000000000000001000000010 $
1&
b0000111111111 >
b0001000000000 A
1C
1D
#5145
0&
0C
0D
#5150
b00000000000000000000001000000011 "
b00000000000000000000001000000011 $
1&
b0001000000000 >
b0001000000001 A
1C
1D
#5155
0&
0C
0D
#5160
b00000000000000000000001000000100 "
b00000000000000000000001000000100 $
1&
b0001000000001 >
b0001000000010 A
1C
1D
#5165
0&
0C
0D
#5170
b00000000000000000000001000000101 "
b00000000000000000000001000000101 $
1&
b0001000000010 >
b0001000000011 A
1C
1D
#5175
0&
0C
0D
#5180
b00000000000000000000001000000110 "
b00000000000000000000001000000110 $
1&
b0001000000011 >
b0001000000100 A
1C
1D
#5185
0&
0C
0D
#5190
b00000000000000000000001000000111 "
b00000000000000000000001000000111 $
1&
b0001000000100 >
b0001000000101 A
1C
1D
#5195
0&
0C
0D
#5200
b00000000000000000000001000001000 "
b00000000000000000000001000001000 $
1&
b0001000000101 >
b0001000000110 A
1C
1D
#5205
0&
0C
0D
#5210
b00000000000000000000001000001001 "
b00000000000000000000001000001001 $
1&
b0001000000110 >
b0001000000111 A
1C
1D
#5215
0&
0C
0D
#5220
b00000000000000000000001000001010 "
b00000000000000000000001000001010 $
1&
b0001000000111 >
b0001000001000 A
1C
1D
#5225
0&
0C
0D
#5230
b00000000000000000000001000001011 "
b00000000000000000000001000001011 $
1&
b0001000001000 >
b0001000001001 A
1C
1D
#5235
0&
0C
0D
#5240
b00000000000000000000001000001100 "
b00000000000000000000001000001100 $
1&
b0001000001001 >
b0001000001010 A
1C
1D
#5245
0&
0C
0D
#5250
b00000000000000000000001000001101 "
b00000000000000000000001000001101 $
1&
b0001000001010 >
b0001000001011 A
1C
1D
#5255
0&
0C
0D
#5260
b00000000000000000000001000001110 "
b00000000000000000000001000001110 $
1&
b0001000001011 >
b0001000001100 A
1C
1D
#5265
0&
0C
0D
#5270
b00000000000000000000001000001111 "
b00000000000000000000001000001111 $
1&
b0001000001100 >
b0001000001101 A
1C
1D
#5275
0&
0C
0D
#5280
b00000000000000000000001000010000 "
b00000000000000000000001000010000 $
1&
b0001000001101 >
b0001000001110 A
1C
1D
#5285
0&
0C
0D
#5290
b00000000000000000000001000010001 "
b00000000000000000000001000010001 $
1&
b0001000001110 >
b0001000001111 A
1C
1D
#5295
0&
0C
0D
#5300
b00000000000000000000001000010010 "
b00000000000000000000001000010010 $
1&
b0001000001111 >
b0001000010000 A
1C
1D
#5305
0&
0C
0D
#5310
b00000000000000000000001000010011 "
b00000000000000000000001000010011 $
1&
b0001000010000 >
b0001000010001 A
1C
1D
#5315
0&
0C
0D
#5320
b00000000000000000000001000010100 "
b00000000000000000000001000010100 $
1&
b0001000010001 >
b0001000010010 A
1C
1D
#5325
0&
0C
0D
#5330
b00000000000000000000001000010101 "
b00000000000000000000001000010101 $
1&
b0001000010010 >
b0001000010011 A
1C
1D
#5335
0&
0C
0D
#5340
b00000000000000000000001000010110 "
b00000000000000000000001000010110 $
1&
b0001000010011 >
b0001000010100 A
1C
1D
#5345
0&
0C
0D
#5350
b00000000000000000000001000010111 "
b00000000000000000000001000010111 $
1&
b0001000010100 >
b0001000010101 A
1C
1D
#5355
0&
0C
0D
#5360
b00000000000000000000001000011000 "
b00000000000000000000001000011000 $
1&
b0001000010101 >
b0001000010110 A
1C
1D
#5365
0&
0C
0D
#5370
b00000000000000000000001000011001 "
b00000000000000000000001000011001 $
1&
b0001000010110 >
b0001000010111 A
1C
1D
#5375
0&
0C
0D
#5380
b00000000000000000000001000011010 "
b00000000000000000000001000011010 $
1&
b0001000010111 >
b0001000011000 A
1C
1D
#5385
0&
0C
0D
#5390
b00000000000000000000001000011011 "
b00000000000000000000001000011011 $
1&
b0001000011000 >
b0001000011001 A
1C
1D
#5395
0&
0C
0D
#5400
b00000000000000000000001000011100 "
b00000000000000000000001000011100 $
1&
b0001000011001 >
b0001000011010 A
1C
1D
#5405
0&
0C
0D
#5410
b00000000000000000000001000011101 "
b00000000000000000000001000011101 $
1&
b0001000011010 >
b0001000011011 A
1C
1D
#5415
0&
0C
0D
#5420
b00000000000000000000001000011110 "
b00000000000000000000001000011110 $
1&
b0001000011011 >
b0001000011100 A
1C
1D
#5425
0&
0C
0D
#5430
b00000000000000000000001000011111 "
b00000000000000000000001000011111 $
1&
b0001000011100 >
b0001000011101 A
1C
1D
#5435
0&
0C
0D
#5440
b00000000000000000000001000100000 "
b00000000000000000000001000100000 $
1&
b0001000011101 >
b0001000011110 A
1C
1D
#5445
0&
0C
0D
#5450
b00000000000000000000001000100001 "
b00000000000000000000001000100001 $
1&
b0001000011110 >
b0001000011111 A
1C
1D
#5455
0&
0C
0D
#5460
b00000000000000000000001000100010 "
b00000000000000000000001000100010 $
1&
b0001000011111 >
b0001000100000 A
1C
1D
#5465
0&
0C
0D
#5470
b00000000000000000000001000100011 "
b00000000000000000000001000100011 $
1&
b0001000100000 >
b0001000100001 A
1C
1D
#5475
0&
0C
0D
#5480
b00000000000000000000001000100100 "
b00000000000000000000001000100100 $
1&
b0001000100001 >
b0001000100010 A
1C
1D
#5485
0&
0C
0D
#5490
b00000000000000000000001000100101 "
b00000000000000000000001000100101 $
1&
b0001000100010 >
b0001000100011 A
1C
1D
#5495
0&
0C
0D
#5500
b00000000000000000000001000100110 "
b00000000000000000000001000100110 $
1&
b0001000100011 >
b0001000100100 A
1C
1D
#5505
0&
0C
0D
#5510
b00000000000000000000001000100111 "
b00000000000000000000001000100111 $
1&
b0001000100100 >
b0001000100101 A
1C
1D
#5515
0&
0C
0D
#5520
b00000000000000000000001000101000 "
b00000000000000000000001000101000 $
1&
b0001000100101 >
b0001000100110 A
1C
1D
#5525
0&
0C
0D
#5530
b00000000000000000000001000101001 "
b00000000000000000000001000101001 $
1&
b0001000100110 >
b0001000100111 A
1C
1D
#5535
0&
0C
0D
#5540
b00000000000000000000001000101010 "
b00000000000000000000001000101010 $
1&
b0001000100111 >
b0001000101000 A
1C
1D
#5545
0&
0C
0D
#5550
b00000000000000000000001000101011 "
b00000000000000000000001000101011 $
1&
b0001000101000 >
b0001000101001 A
1C
1D
#5555
0&
0C
0D
#5560
b00000000000000000000001000101100 "
b00000000000000000000001000101100 $
1&
b0001000101001 >
b0001000101010 A
1C
1D
#5565
0&
0C
0D
#5570
b00000000000000000000001000101101 "
b00000000000000000000001000101101 $
1&
b0001000101010 >
b0001000101011 A
1C
1D
#5575
0&
0C
0D
#5580
b00000000000000000000001000101110 "
b00000000000000000000001000101110 $
1&
b0001000101011 >
b0001000101100 A
1C
1D
#5585
0&
0C
0D
#5590
b00000000000000000000001000101111 "
b00000000000000000000001000101111 $
1&
b0001000101100 >
b0001000101101 A
1C
1D
#5595
0&
0C
0D
#5600
b00000000000000000000001000110000 "
b00000000000000000000001000110000 $
1&
b0001000101101 >
b0001000101110 A
1C
1D
#5605
0&
0C
0D
#5610
b00000000000000000000001000110001 "
b00000000000000000000001000110001 $
1&
b0001000101110 >
b0001000101111 A
1C
1D
#5615
0&
0C
0D
#5620
b00000000000000000000001000110010 "
b00000000000000000000001000110010 $
1&
b0001000101111 >
b0001000110000 A
1C
1D
#5625
0&
0C
0D
#5630
b00000000000000000000001000110011 "
b00000000000000000000001000110011 $
1&
b0001000110000 >
b0001000110001 A
1C
1D
#5635
0&
0C
0D
#5640
b00000000000000000000001000110100 "
b00000000000000000000001000110100 $
1&
b0001000110001 >
b0001000110010 A
1C
1D
#5645
0&
0C
0D
#5650
b00000000000000000000001000110101 "
b00000000000000000000001000110101 $
1&
b0001000110010 >
b0001000110011 A
1C
1D
#5655
0&
0C
0D
#5660
b00000000000000000000001000110110 "
b00000000000000000000001000110110 $
1&
b0001000110011 >
b0001000110100 A
1C
1D
#5665
0&
0C
0D
#5670
b00000000000000000000001000110111 "
b00000000000000000000001000110111 $
1&
b0001000110100 >
b0001000110101 A
1C
1D
#5675
0&
0C
0D
#5680
b00000000000000000000001000111000 "
b00000000000000000000001000111000 $
1&
b0001000110101 >
b0001000110110 A
1C
1D
#5685
0&
0C
0D
#5690
b00000000000000000000001000111001 "
b00000000000000000000001000111001 $
1&
b0001000110110 >
b0001000110111 A
1C
1D
#5695
0&
0C
0D
#5700
b00000000000000000000001000111010 "
b00000000000000000000001000111010 $
1&
b0001000110111 >
b0001000111000 A
1C
1D
#5705
0&
0C
0D
#5710
b00000000000000000000001000111011 "
b00000000000000000000001000111011 $
1&
b0001000111000 >
b0001000111001 A
1C
1D
#5715
0&
0C
0D
#5720
b00000000000000000000001000111100 "
b00000000000000000000001000111100 $
1&
b0001000111001 >
b0001000111010 A
1C
1D
#5725
0&
0C
0D
#5730
b00000000000000000000001000111101 "
b00000000000000000000001000111101 $
1&
b0001000111010 >
b0001000111011 A
1C
1D
#5735
0&
0C
0D
#5740
b00000000000000000000001000111110 "
b00000000000000000000001000111110 $
1&
b0001000111011 >
b0001000111100 A
1C
1D
#5745
0&
0C
0D
#5750
b00000000000000000000001000111111 "
b00000000000000000000001000111111 $
1&
b0001000111100 >
b0001000111101 A
1C
1D
#5755
0&
0C
0D
#5760
b00000000000000000000001001000000 "
b00000000000000000000001001000000 $
1&
b0001000111101 >
b0001000111110 A
1C
1D
#5765
0&
0C
0D
#5770
b00000000000000000000001001000001 "
b00000000000000000000001001000001 $
1&
b0001000111110 >
b0001000111111 A
1C
1D
#5775
0&
0C
0D
#5780
b00000000000000000000001001000010 "
b00000000000000000000001001000010 $
1&
b0001000111111 >
b0001001000000 A
1C
1D
#5785
0&
0C
0D
#5790
b00000000000000000000001001000011 "
b00000000000000000000001001000011 $
1&
b0001001000000 >
b0001001000001 A
1C
1D
#5795
0&
0C
0D
#5800
b00000000000000000000001001000100 "
b00000000000000000000001001000100 $
1&
b0001001000001 >
b0001001000010 A
1C
1D
#5805
0&
0C
0D
#5810
b00000000000000000000001001000101 "
b00000000000000000000001001000101 $
1&
b0001001000010 >
b0001001000011 A
1C
1D
#5815
0&
0C
0D
#5820
b00000000000000000000001001000110 "
b00000000000000000000001001000110 $
1&
b0001001000011 >
b0001001000100 A
1C
1D
#5825
0&
0C
0D
#5830
b00000000000000000000001001000111 "
b00000000000000000000001001000111 $
1&
b0001001000100 >
b0001001000101 A
1C
1D
#5835
0&
0C
0D
#5840
b00000000000000000000001001001000 "
b00000000000000000000001001001000 $
1&
b0001001000101 >
b0001001000110 A
1C
1D
#5845
0&
0C
0D
#5850
b00000000000000000000001001001001 "
b00000000000000000000001001001001 $
1&
b0001001000110 >
b0001001000111 A
1C
1D
#5855
0&
0C
0D
#5860
b00000000000000000000001001001010 "
b00000000000000000000001001001010 $
1&
b0001001000111 >
b0001001001000 A
1C
1D
#5865
0&
0C
0D
#5870
b00000000000000000000001001001011 "
b00000000000000000000001001001011 $
1&
b0001001001000 >
b0001001001001 A
1C
1D
#5875
0&
0C
0D
#5880
b00000000000000000000001001001100 "
b00000000000000000000001001001100 $
1&
b0001001001001 >
b0001001001010 A
1C
1D
#5885
0&
0C
0D
#5890
b00000000000000000000001001001101 "
b00000000000000000000001001001101 $
1&
b0001001001010 >
b0001001001011 A
1C
1D
#5895
0&
0C
0D
#5900
b00000000000000000000001001001110 "
b00000000000000000000001001001110 $
1&
b0001001001011 >
b0001001001100 A
1C
1D
#5905
0&
0C
0D
#5910
b00000000000000000000001001001111 "
b00000000000000000000001001001111 $
1&
b0001001001100 >
b0001001001101 A
1C
1D
#5915
0&
0C
0D
#5920
b00000000000000000000001001010000 "
b00000000000000000000001001010000 $
1&
b0001001001101 >
b0001001001110 A
1C
1D
#5925
0&
0C
0D
#5930
b00000000000000000000001001010001 "
b00000000000000000000001001010001 $
1&
b0001001001110 >
b0001001001111 A
1C
1D
#5935
0&
0C
0D
#5940
b00000000000000000000001001010010 "
b00000000000000000000001001010010 $
1&
b0001001001111 >
b0001001010000 A
1C
1D
#5945
0&
0C
0D
#5950
b00000000000000000000001001010011 "
b00000000000000000000001001010011 $
1&
b0001001010000 >
b0001001010001 A
1C
1D
#5955
0&
0C
0D
#5960
b00000000000000000000001001010100 "
b00000000000000000000001001010100 $
1&
b0001001010001 >
b0001001010010 A
1C
1D
#5965
0&
0C
0D
#5970
b00000000000000000000001001010101 "
b00000000000000000000001001010101 $
1&
b0001001010010 >
b0001001010011 A
1C
1D
#5975
0&
0C
0D
#5980
b00000000000000000000001001010110 "
b00000000000000000000001001010110 $
1&
b0001001010011 >
b0001001010100 A
1C
1D
#5985
0&
0C
0D
#5990
b00000000000000000000001001010111 "
b00000000000000000000001001010111 $
1&
b0001001010100 >
b0001001010101 A
1C
1D
#5995
0&
0C
0D
#6000
b00000000000000000000001001011000 "
b00000000000000000000001001011000 $
1&
b0001001010101 >
b0001001010110 A
1C
1D
#6005
0&
0C
0D
#6010
b00000000000000000000001001011001 "
b00000000000000000000001001011001 $
1&
b0001001010110 >
b0001001010111 A
1C
1D
#6015
0&
0C
0D
#6020
b00000000000000000000001001011010 "
b00000000000000000000001001011010 $
1&
b0001001010111 >
b0001001011000 A
1C
1D
#6025
0&
0C
0D
#6030
b00000000000000000000001001011011 "
b00000000000000000000001001011011 $
1&
b0001001011000 >
b0001001011001 A
1C
1D
#6035
0&
0C
0D
#6040
b00000000000000000000001001011100 "
b00000000000000000000001001011100 $
1&
b0001001011001 >
b0001001011010 A
1C
1D
#6045
0&
0C
0D
#6050
b00000000000000000000001001011101 "
b00000000000000000000001001011101 $
1&
b0001001011010 >
b0001001011011 A
1C
1D
#6055
0&
0C
0D
#6060
b00000000000000000000001001011110 "
b00000000000000000000001001011110 $
1&
b0001001011011 >
b0001001011100 A
1C
1D
#6065
0&
0C
0D
#6070
b00000000000000000000001001011111 "
b00000000000000000000001001011111 $
1&
b0001001011100 >
b0001001011101 A
1C
1D
#6075
0&
0C
0D
#6080
b00000000000000000000001001100000 "
b00000000000000000000001001100000 $
1&
b0001001011101 >
b0001001011110 A
1C
1D
#6085
0&
0C
0D
#6090
b00000000000000000000001001100001 "
b00000000000000000000001001100001 $
1&
b0001001011110 >
b0001001011111 A
1C
1D
#6095
0&
0C
0D
#6100
b00000000000000000000001001100010 "
b00000000000000000000001001100010 $
1&
b0001001011111 >
b0001001100000 A
1C
1D
#6105
0&
0C
0D
#6110
b00000000000000000000001001100011 "
b00000000000000000000001001100011 $
1&
b0001001100000 >
b0001001100001 A
1C
1D
#6115
0&
0C
0D
#6120
b00000000000000000000001001100100 "
b00000000000000000000001001100100 $
1&
b0001001100001 >
b0001001100010 A
1C
1D
#6125
0&
0C
0D
#6130
b00000000000000000000001001100101 "
b00000000000000000000001001100101 $
1&
b0001001100010 >
b0001001100011 A
1C
1D
#6135
0&
0C
0D
#6140
b00000000000000000000001001100110 "
b00000000000000000000001001100110 $
1&
b0001001100011 >
b0001001100100 A
1C
1D
#6145
0&
0C
0D
#6150
b00000000000000000000001001100111 "
b00000000000000000000001001100111 $
1&
b0001001100100 >
b0001001100101 A
1C
1D
#6155
0&
0C
0D
#6160
b00000000000000000000001001101000 "
b00000000000000000000001001101000 $
1&
b0001001100101 >
b0001001100110 A
1C
1D
#6165
0&
0C
0D
#6170
b00000000000000000000001001101001 "
b00000000000000000000001001101001 $
1&
b0001001100110 >
b0001001100111 A
1C
1D
#6175
0&
0C
0D
#6180
b00000000000000000000001001101010 "
b00000000000000000000001001101010 $
1&
b0001001100111 >
b0001001101000 A
1C
1D
#6185
0&
0C
0D
#6190
b00000000000000000000001001101011 "
b00000000000000000000001001101011 $
1&
b0001001101000 >
b0001001101001 A
1C
1D
#6195
0&
0C
0D
#6200
b00000000000000000000001001101100 "
b00000000000000000000001001101100 $
1&
b0001001101001 >
b0001001101010 A
1C
1D
#6205
0&
0C
0D
#6210
b00000000000000000000001001101101 "
b00000000000000000000001001101101 $
1&
b0001001101010 >
b0001001101011 A
1C
1D
#6215
0&
0C
0D
#6220
b00000000000000000000001001101110 "
b00000000000000000000001001101110 $
1&
b0001001101011 >
b0001001101100 A
1C
1D
#6225
0&
0C
0D
#6230
b00000000000000000000001001101111 "
b00000000000000000000001001101111 $
1&
b0001001101100 >
b0001001101101 A
1C
1D
#6235
0&
0C
0D
#6240
b00000000000000000000001001110000 "
b00000000000000000000001001110000 $
1&
b0001001101101 >
b0001001101110 A
1C
1D
#6245
0&
0C
0D
#6250
b00000000000000000000001001110001 "
b00000000000000000000001001110001 $
1&
b0001001101110 >
b0001001101111 A
1C
1D
#6255
0&
0C
0D
#6260
b00000000000000000000001001110010 "
b00000000000000000000001001110010 $
1&
b0001001101111 >
b0001001110000 A
1C
1D
#6265
0&
0C
0D
#6270
b00000000000000000000001001110011 "
b00000000000000000000001001110011 $
1&
b0001001110000 >
b0001001110001 A
1C
1D
#6275
0&
0C
0D
#6280
b00000000000000000000001001110100 "
b00000000000000000000001001110100 $
1&
b0001001110001 >
b0001001110010 A
1C
1D
#6285
0&
0C
0D
#6290
b00000000000000000000001001110101 "
b00000000000000000000001001110101 $
1&
b0001001110010 >
b0001001110011 A
1C
1D
#6295
0&
0C
0D
#6300
b00000000000000000000001001110110 "
b00000000000000000000001001110110 $
1&
b0001001110011 >
b0001001110100 A
1C
1D
#6305
0&
0C
0D
#6310
b00000000000000000000001001110111 "
b00000000000000000000001001110111 $
1&
b0001001110100 >
b0001001110101 A
1C
1D
#6315
0&
0C
0D
#6320
b00000000000000000000001001111000 "
b00000000000000000000001001111000 $
1&
b0001001110101 >
b0001001110110 A
1C
1D
#6325
0&
0C
0D
#6330
b00000000000000000000001001111001 "
b00000000000000000000001001111001 $
1&
b0001001110110 >
b0001001110111 A
1C
1D
#6335
0&
0C
0D
#6340
b00000000000000000000001001111010 "
b00000000000000000000001001111010 $
1&
b0001001110111 >
b0001001111000 A
1C
1D
#6345
0&
0C
0D
#6350
b00000000000000000000001001111011 "
b00000000000000000000001001111011 $
1&
b0001001111000 >
b0001001111001 A
1C
1D
#6355
0&
0C
0D
#6360
b00000000000000000000001001111100 "
b00000000000000000000001001111100 $
1&
b0001001111001 >
b0001001111010 A
1C
1D
#6365
0&
0C
0D
#6370
b00000000000000000000001001111101 "
b00000000000000000000001001111101 $
1&
b0001001111010 >
b0001001111011 A
1C
1D
#6375
0&
0C
0D
#6380
b00000000000000000000001001111110 "
b00000000000000000000001001111110 $
1&
b0001001111011 >
b0001001111100 A
1C
1D
#6385
0&
0C
0D
#6390
b00000000000000000000001001111111 "
b00000000000000000000001001111111 $
1&
b0001001111100 >
b0001001111101 A
1C
1D
#6395
0&
0C
0D
#6400
b00000000000000000000001010000000 "
b00000000000000000000001010000000 $
1&
b0001001111101 >
b0001001111110 A
1C
1D
#6405
0&
0C
0D
#6410
b00000000000000000000001010000001 "
b00000000000000000000001010000001 $
1&
b0001001111110 >
b0001001111111 A
1C
1D
#6415
0&
0C
0D
#6420
b00000000000000000000001010000010 "
b00000000000000000000001010000010 $
1&
b0001001111111 >
b0001010000000 A
1C
1D
#6425
0&
0C
0D
#6430
b00000000000000000000001010000011 "
b00000000000000000000001010000011 $
1&
b0001010000000 >
b0001010000001 A
1C
1D
#6435
0&
0C
0D
#6440
b00000000000000000000001010000100 "
b00000000000000000000001010000100 $
1&
b0001010000001 >
b0001010000010 A
1C
1D
#6445
0&
0C
0D
#6450
b00000000000000000000001010000101 "
b00000000000000000000001010000101 $
1&
b0001010000010 >
b0001010000011 A
1C
1D
#6455
0&
0C
0D
#6460
b00000000000000000000001010000110 "
b00000000000000000000001010000110 $
1&
b0001010000011 >
b0001010000100 A
1C
1D
#6465
0&
0C
0D
#6470
b00000000000000000000001010000111 "
b00000000000000000000001010000111 $
1&
b0001010000100 >
b0001010000101 A
1C
1D
#6475
0&
0C
0D
#6480
b00000000000000000000001010001000 "
b00000000000000000000001010001000 $
1&
b0001010000101 >
b0001010000110 A
1C
1D
#6485
0&
0C
0D
#6490
b00000000000000000000001010001001 "
b00000000000000000000001010001001 $
1&
b0001010000110 >
b0001010000111 A
1C
1D
#6495
0&
0C
0D
#6500
b00000000000000000000001010001010 "
b00000000000000000000001010001010 $
1&
b0001010000111 >
b0001010001000 A
1C
1D
#6505
0&
0C
0D
#6510
b00000000000000000000001010001011 "
b00000000000000000000001010001011 $
1&
b0001010001000 >
b0001010001001 A
1C
1D
#6515
0&
0C
0D
#6520
b00000000000000000000001010001100 "
b00000000000000000000001010001100 $
1&
b0001010001001 >
b0001010001010 A
1C
1D
#6525
0&
0C
0D
#6530
b00000000000000000000001010001101 "
b00000000000000000000001010001101 $
1&
b0001010001010 >
b0001010001011 A
1C
1D
#6535
0&
0C
0D
#6540
b00000000000000000000001010001110 "
b00000000000000000000001010001110 $
1&
b0001010001011 >
b0001010001100 A
1C
1D
#6545
0&
0C
0D
#6550
b00000000000000000000001010001111 "
b00000000000000000000001010001111 $
1&
b0001010001100 >
b0001010001101 A
1C
1D
#6555
0&
0C
0D
#6560
b00000000000000000000001010010000 "
b00000000000000000000001010010000 $
1&
b0001010001101 >
b0001010001110 A
1C
1D
#6565
0&
0C
0D
#6570
b00000000000000000000001010010001 "
b00000000000000000000001010010001 $
1&
b0001010001110 >
b0001010001111 A
1C
1D
#6575
0&
0C
0D
#6580
b00000000000000000000001010010010 "
b00000000000000000000001010010010 $
1&
b0001010001111 >
b0001010010000 A
1C
1D
#6585
0&
0C
0D
#6590
b00000000000000000000001010010011 "
b00000000000000000000001010010011 $
1&
b0001010010000 >
b0001010010001 A
1C
1D
#6595
0&
0C
0D
#6600
b00000000000000000000001010010100 "
b00000000000000000000001010010100 $
1&
b0001010010001 >
b0001010010010 A
1C
1D
#6605
0&
0C
0D
#6610
b00000000000000000000001010010101 "
b00000000000000000000001010010101 $
1&
b0001010010010 >
b0001010010011 A
1C
1D
#6615
0&
0C
0D
#6620
b00000000000000000000001010010110 "
b00000000000000000000001010010110 $
1&
b0001010010011 >
b0001010010100 A
1C
1D
#6625
0&
0C
0D
#6630
b00000000000000000000001010010111 "
b00000000000000000000001010010111 $
1&
b0001010010100 >
b0001010010101 A
1C
1D
#6635
0&
0C
0D
#6640
b00000000000000000000001010011000 "
b00000000000000000000001010011000 $
1&
b0001010010101 >
b0001010010110 A
1C
1D
#6645
0&
0C
0D
#6650
b00000000000000000000001010011001 "
b00000000000000000000001010011001 $
1&
b0001010010110 >
b0001010010111 A
1C
1D
#6655
0&
0C
0D
#6660
b00000000000000000000001010011010 "
b00000000000000000000001010011010 $
1&
b0001010010111 >
b0001010011000 A
1C
1D
#6665
0&
0C
0D
#6670
b00000000000000000000001010011011 "
b00000000000000000000001010011011 $
1&
b0001010011000 >
b0001010011001 A
1C
1D
#6675
0&
0C
0D
#6680
b00000000000000000000001010011100 "
b00000000000000000000001010011100 $
1&
b0001010011001 >
b0001010011010 A
1C
1D
#6685
0&
0C
0D
#6690
b00000000000000000000001010011101 "
b00000000000000000000001010011101 $
1&
b0001010011010 >
b0001010011011 A
1C
1D
#6695
0&
0C
0D
#6700
b00000000000000000000001010011110 "
b00000000000000000000001010011110 $
1&
b0001010011011 >
b0001010011100 A
1C
1D
#6705
0&
0C
0D
#6710
b00000000000000000000001010011111 "
b00000000000000000000001010011111 $
1&
b0001010011100 >
b0001010011101 A
1C
1D
#6715
0&
0C
0D
#6720
b00000000000000000000001010100000 "
b00000000000000000000001010100000 $
1&
b0001010011101 >
b0001010011110 A
1C
1D
#6725
0&
0C
0D
#6730
b00000000000000000000001010100001 "
b00000000000000000000001010100001 $
1&
b0001010011110 >
b0001010011111 A
1C
1D
#6735
0&
0C
0D
#6740
b00000000000000000000001010100010 "
b00000000000000000000001010100010 $
1&
b0001010011111 >
b0001010100000 A
1C
1D
#6745
0&
0C
0D
#6750
b00000000000000000000001010100011 "
b00000000000000000000001010100011 $
1&
b0001010100000 >
b0001010100001 A
1C
1D
#6755
0&
0C
0D
#6760
b00000000000000000000001010100100 "
b00000000000000000000001010100100 $
1&
b0001010100001 >
b0001010100010 A
1C
1D
#6765
0&
0C
0D
#6770
b00000000000000000000001010100101 "
b00000000000000000000001010100101 $
1&
b0001010100010 >
b0001010100011 A
1C
1D
#6775
0&
0C
0D
#6780
b00000000000000000000001010100110 "
b00000000000000000000001010100110 $
1&
b0001010100011 >
b0001010100100 A
1C
1D
#6785
0&
0C
0D
#6790
b00000000000000000000001010100111 "
b00000000000000000000001010100111 $
1&
b0001010100100 >
b0001010100101 A
1C
1D
#6795
0&
0C
0D
#6800
b00000000000000000000001010101000 "
b00000000000000000000001010101000 $
1&
b0001010100101 >
b0001010100110 A
1C
1D
#6805
0&
0C
0D
#6810
b00000000000000000000001010101001 "
b00000000000000000000001010101001 $
1&
b0001010100110 >
b0001010100111 A
1C
1D
#6815
0&
0C
0D
#6820
b00000000000000000000001010101010 "
b00000000000000000000001010101010 $
1&
b0001010100111 >
b0001010101000 A
1C
1D
#6825
0&
0C
0D
#6830
b00000000000000000000001010101011 "
b00000000000000000000001010101011 $
1&
b0001010101000 >
b0001010101001 A
1C
1D
#6835
0&
0C
0D
#6840
b00000000000000000000001010101100 "
b00000000000000000000001010101100 $
1&
b0001010101001 >
b0001010101010 A
1C
1D
#6845
0&
0C
0D
#6850
b00000000000000000000001010101101 "
b00000000000000000000001010101101 $
1&
b0001010101010 >
b0001010101011 A
1C
1D
#6855
0&
0C
0D
#6860
b00000000000000000000001010101110 "
b00000000000000000000001010101110 $
1&
b0001010101011 >
b0001010101100 A
1C
1D
#6865
0&
0C
0D
#6870
b00000000000000000000001010101111 "
b00000000000000000000001010101111 $
1&
b0001010101100 >
b0001010101101 A
1C
1D
#6875
0&
0C
0D
#6880
b00000000000000000000001010110000 "
b00000000000000000000001010110000 $
1&
b0001010101101 >
b0001010101110 A
1C
1D
#6885
0&
0C
0D
#6890
b00000000000000000000001010110001 "
b00000000000000000000001010110001 $
1&
b0001010101110 >
b0001010101111 A
1C
1D
#6895
0&
0C
0D
#6900
b00000000000000000000001010110010 "
b00000000000000000000001010110010 $
1&
b0001010101111 >
b0001010110000 A
1C
1D
#6905
0&
0C
0D
#6910
b00000000000000000000001010110011 "
b00000000000000000000001010110011 $
1&
b0001010110000 >
b0001010110001 A
1C
1D
#6915
0&
0C
0D
#6920
b00000000000000000000001010110100 "
b00000000000000000000001010110100 $
1&
b0001010110001 >
b0001010110010 A
1C
1D
#6925
0&
0C
0D
#6930
b00000000000000000000001010110101 "
b00000000000000000000001010110101 $
1&
b0001010110010 >
b0001010110011 A
1C
1D
#6935
0&
0C
0D
#6940
b00000000000000000000001010110110 "
b00000000000000000000001010110110 $
1&
b0001010110011 >
b0001010110100 A
1C
1D
#6945
0&
0C
0D
#6950
b00000000000000000000001010110111 "
b00000000000000000000001010110111 $
1&
b0001010110100 >
b0001010110101 A
1C
1D
#6955
0&
0C
0D
#6960
b00000000000000000000001010111000 "
b00000000000000000000001010111000 $
1&
b0001010110101 >
b0001010110110 A
1C
1D
#6965
0&
0C
0D
#6970
b00000000000000000000001010111001 "
b00000000000000000000001010111001 $
1&
b0001010110110 >
b0001010110111 A
1C
1D
#6975
0&
0C
0D
#6980
b00000000000000000000001010111010 "
b00000000000000000000001010111010 $
1&
b0001010110111 >
b0001010111000 A
1C
1D
#6985
0&
0C
0D
#6990
b00000000000000000000001010111011 "
b00000000000000000000001010111011 $
1&
b0001010111000 >
b0001010111001 A
1C
1D
#6995
0&
0C
0D
#7000
b00000000000000000000001010111100 "
b00000000000000000000001010111100 $
1&
b0001010111001 >
b0001010111010 A
1C
1D
#7005
0&
0C
0D
#7010
b00000000000000000000001010111101 "
b00000000000000000000001010111101 $
1&
b0001010111010 >
b0001010111011 A
1C
1D
#7015
0&
0C
0D
#7020
b00000000000000000000001010111110 "
b00000000000000000000001010111110 $
1&
b0001010111011 >
b0001010111100 A
1C
1D
#7025
0&
0C
0D
#7030
b00000000000000000000001010111111 "
b00000000000000000000001010111111 $
1&
b0001010111100 >
b0001010111101 A
1C
1D
#7035
0&
0C
0D
#7040
b00000000000000000000001011000000 "
b00000000000000000000001011000000 $
1&
b0001010111101 >
b0001010111110 A
1C
1D
#7045
0&
0C
0D
#7050
b00000000000000000000001011000001 "
b00000000000000000000001011000001 $
1&
b0001010111110 >
b0001010111111 A
1C
1D
#7055
0&
0C
0D
#7060
b00000000000000000000001011000010 "
b00000000000000000000001011000010 $
1&
b0001010111111 >
b0001011000000 A
1C
1D
#7065
0&
0C
0D
#7070
b00000000000000000000001011000011 "
b00000000000000000000001011000011 $
1&
b0001011000000 >
b0001011000001 A
1C
1D
#7075
0&
0C
0D
#7080
b00000000000000000000001011000100 "
b00000000000000000000001011000100 $
1&
b0001011000001 >
b0001011000010 A
1C
1D
#7085
0&
0C
0D
#7090
b00000000000000000000001011000101 "
b00000000000000000000001011000101 $
1&
b0001011000010 >
b0001011000011 A
1C
1D
#7095
0&
0C
0D
#7100
b00000000000000000000001011000110 "
b00000000000000000000001011000110 $
1&
b0001011000011 >
b0001011000100 A
1C
1D
#7105
0&
0C
0D
#7110
b00000000000000000000001011000111 "
b00000000000000000000001011000111 $
1&
b0001011000100 >
b0001011000101 A
1C
1D
#7115
0&
0C
0D
#7120
b00000000000000000000001011001000 "
b00000000000000000000001011001000 $
1&
b0001011000101 >
b0001011000110 A
1C
1D
#7125
0&
0C
0D
#7130
b00000000000000000000001011001001 "
b00000000000000000000001011001001 $
1&
b0001011000110 >
b0001011000111 A
1C
1D
#7135
0&
0C
0D
#7140
b00000000000000000000001011001010 "
b00000000000000000000001011001010 $
1&
b0001011000111 >
b0001011001000 A
1C
1D
#7145
0&
0C
0D
#7150
b00000000000000000000001011001011 "
b00000000000000000000001011001011 $
1&
b0001011001000 >
b0001011001001 A
1C
1D
#7155
0&
0C
0D
#7160
b00000000000000000000001011001100 "
b00000000000000000000001011001100 $
1&
b0001011001001 >
b0001011001010 A
1C
1D
#7165
0&
0C
0D
#7170
b00000000000000000000001011001101 "
b00000000000000000000001011001101 $
1&
b0001011001010 >
b0001011001011 A
1C
1D
#7175
0&
0C
0D
#7180
b00000000000000000000001011001110 "
b00000000000000000000001011001110 $
1&
b0001011001011 >
b0001011001100 A
1C
1D
#7185
0&
0C
0D
#7190
b00000000000000000000001011001111 "
b00000000000000000000001011001111 $
1&
b0001011001100 >
b0001011001101 A
1C
1D
#7195
0&
0C
0D
#7200
b00000000000000000000001011010000 "
b00000000000000000000001011010000 $
1&
b0001011001101 >
b0001011001110 A
1C
1D
#7205
0&
0C
0D
#7210
b00000000000000000000001011010001 "
b00000000000000000000001011010001 $
1&
b0001011001110 >
b0001011001111 A
1C
1D
#7215
0&
0C
0D
#7220
b00000000000000000000001011010010 "
b00000000000000000000001011010010 $
1&
b0001011001111 >
b0001011010000 A
1C
1D
#7225
0&
0C
0D
#7230
b00000000000000000000001011010011 "
b00000000000000000000001011010011 $
1&
b0001011010000 >
b0001011010001 A
1C
1D
#7235
0&
0C
0D
#7240
b00000000000000000000001011010100 "
b00000000000000000000001011010100 $
1&
b0001011010001 >
b0001011010010 A
1C
1D
#7245
0&
0C
0D
#7250
b00000000000000000000001011010101 "
b00000000000000000000001011010101 $
1&
b0001011010010 >
b0001011010011 A
1C
1D
#7255
0&
0C
0D
#7260
b00000000000000000000001011010110 "
b00000000000000000000001011010110 $
1&
b0001011010011 >
b0001011010100 A
1C
1D
#7265
0&
0C
0D
#7270
b00000000000000000000001011010111 "
b00000000000000000000001011010111 $
1&
b0001011010100 >
b0001011010101 A
1C
1D
#7275
0&
0C
0D
#7280
b00000000000000000000001011011000 "
b00000000000000000000001011011000 $
1&
b0001011010101 >
b0001011010110 A
1C
1D
#7285
0&
0C
0D
#7290
b00000000000000000000001011011001 "
b00000000000000000000001011011001 $
1&
b0001011010110 >
b0001011010111 A
1C
1D
#7295
0&
0C
0D
#7300
b00000000000000000000001011011010 "
b00000000000000000000001011011010 $
1&
b0001011010111 >
b0001011011000 A
1C
1D
#7305
0&
0C
0D
#7310
b00000000000000000000001011011011 "
b00000000000000000000001011011011 $
1&
b0001011011000 >
b0001011011001 A
1C
1D
#7315
0&
0C
0D
#7320
b00000000000000000000001011011100 "
b00000000000000000000001011011100 $
1&
b0001011011001 >
b0001011011010 A
1C
1D
#7325
0&
0C
0D
#7330
b00000000000000000000001011011101 "
b00000000000000000000001011011101 $
1&
b0001011011010 >
b0001011011011 A
1C
1D
#7335
0&
0C
0D
#7340
b00000000000000000000001011011110 "
b00000000000000000000001011011110 $
1&
b0001011011011 >
b0001011011100 A
1C
1D
#7345
0&
0C
0D
#7350
b00000000000000000000001011011111 "
b00000000000000000000001011011111 $
1&
b0001011011100 >
b0001011011101 A
1C
1D
#7355
0&
0C
0D
#7360
b00000000000000000000001011100000 "
b00000000000000000000001011100000 $
1&
b0001011011101 >
b0001011011110 A
1C
1D
#7365
0&
0C
0D
#7370
b00000000000000000000001011100001 "
b00000000000000000000001011100001 $
1&
b0001011011110 >
b0001011011111 A
1C
1D
#7375
0&
0C
0D
#7380
b00000000000000000000001011100010 "
b00000000000000000000001011100010 $
1&
b0001011011111 >
b0001011100000 A
1C
1D
#7385
0&
0C
0D
#7390
b00000000000000000000001011100011 "
b00000000000000000000001011100011 $
1&
b0001011100000 >
b0001011100001 A
1C
1D
#7395
0&
0C
0D
#7400
b00000000000000000000001011100100 "
b00000000000000000000001011100100 $
1&
b0001011100001 >
b0001011100010 A
1C
1D
#7405
0&
0C
0D
#7410
b00000000000000000000001011100101 "
b00000000000000000000001011100101 $
1&
b0001011100010 >
b0001011100011 A
1C
1D
#7415
0&
0C
0D
#7420
b00000000000000000000001011100110 "
b00000000000000000000001011100110 $
1&
b0001011100011 >
b0001011100100 A
1C
1D
#7425
0&
0C
0D
#7430
b00000000000000000000001011100111 "
b00000000000000000000001011100111 $
1&
b0001011100100 >
b0001011100101 A
1C
1D
#7435
0&
0C
0D
#7440
b00000000000000000000001011101000 "
b00000000000000000000001011101000 $
1&
b0001011100101 >
b0001011100110 A
1C
1D
#7445
0&
0C
0D
#7450
b00000000000000000000001011101001 "
b00000000000000000000001011101001 $
1&
b0001011100110 >
b0001011100111 A
1C
1D
#7455
0&
0C
0D
#7460
b00000000000000000000001011101010 "
b00000000000000000000001011101010 $
1&
b0001011100111 >
b0001011101000 A
1C
1D
#7465
0&
0C
0D
#7470
b00000000000000000000001011101011 "
b00000000000000000000001011101011 $
1&
b0001011101000 >
b0001011101001 A
1C
1D
#7475
0&
0C
0D
#7480
b00000000000000000000001011101100 "
b00000000000000000000001011101100 $
1&
b0001011101001 >
b0001011101010 A
1C
1D
#7485
0&
0C
0D
#7490
b00000000000000000000001011101101 "
b00000000000000000000001011101101 $
1&
b0001011101010 >
b0001011101011 A
1C
1D
#7495
0&
0C
0D
#7500
b00000000000000000000001011101110 "
b00000000000000000000001011101110 $
1&
b0001011101011 >
b0001011101100 A
1C
1D
#7505
0&
0C
0D
#7510
b00000000000000000000001011101111 "
b00000000000000000000001011101111 $
1&
b0001011101100 >
b0001011101101 A
1C
1D
#7515
0&
0C
0D
#7520
b00000000000000000000001011110000 "
b00000000000000000000001011110000 $
1&
b0001011101101 >
b0001011101110 A
1C
1D
#7525
0&
0C
0D
#7530
b00000000000000000000001011110001 "
b00000000000000000000001011110001 $
1&
b0001011101110 >
b0001011101111 A
1C
1D
#7535
0&
0C
0D
#7540
b00000000000000000000001011110010 "
b00000000000000000000001011110010 $
1&
b0001011101111 >
b0001011110000 A
1C
1D
#7545
0&
0C
0D
#7550
b00000000000000000000001011110011 "
b00000000000000000000001011110011 $
1&
b0001011110000 >
b0001011110001 A
1C
1D
#7555
0&
0C
0D
#7560
b00000000000000000000001011110100 "
b00000000000000000000001011110100 $
1&
b0001011110001 >
b0001011110010 A
1C
1D
#7565
0&
0C
0D
#7570
b00000000000000000000001011110101 "
b00000000000000000000001011110101 $
1&
b0001011110010 >
b0001011110011 A
1C
1D
#7575
0&
0C
0D
#7580
b00000000000000000000001011110110 "
b00000000000000000000001011110110 $
1&
b0001011110011 >
b0001011110100 A
1C
1D
#7585
0&
0C
0D
#7590
b00000000000000000000001011110111 "
b00000000000000000000001011110111 $
1&
b0001011110100 >
b0001011110101 A
1C
1D
#7595
0&
0C
0D
#7600
b00000000000000000000001011111000 "
b00000000000000000000001011111000 $
1&
b0001011110101 >
b0001011110110 A
1C
1D
#7605
0&
0C
0D
#7610
b00000000000000000000001011111001 "
b00000000000000000000001011111001 $
1&
b0001011110110 >
b0001011110111 A
1C
1D
#7615
0&
0C
0D
#7620
b00000000000000000000001011111010 "
b00000000000000000000001011111010 $
1&
b0001011110111 >
b0001011111000 A
1C
1D
#7625
0&
0C
0D
#7630
b00000000000000000000001011111011 "
b00000000000000000000001011111011 $
1&
b0001011111000 >
b0001011111001 A
1C
1D
#7635
0&
0C
0D
#7640
b00000000000000000000001011111100 "
b00000000000000000000001011111100 $
1&
b0001011111001 >
b0001011111010 A
1C
1D
#7645
0&
0C
0D
#7650
b00000000000000000000001011111101 "
b00000000000000000000001011111101 $
1&
b0001011111010 >
b0001011111011 A
1C
1D
#7655
0&
0C
0D
#7660
b00000000000000000000001011111110 "
b00000000000000000000001011111110 $
1&
b0001011111011 >
b0001011111100 A
1C
1D
#7665
0&
0C
0D
#7670
b00000000000000000000001011111111 "
b00000000000000000000001011111111 $
1&
b0001011111100 >
b0001011111101 A
1C
1D
#7675
0&
0C
0D
#7680
b00000000000000000000001100000000 "
b00000000000000000000001100000000 $
1&
b0001011111101 >
b0001011111110 A
1C
1D
#7685
0&
0C
0D
#7690
b00000000000000000000001100000001 "
b00000000000000000000001100000001 $
1&
b0001011111110 >
b0001011111111 A
1C
1D
#7695
0&
0C
0D
#7700
b00000000000000000000001100000010 "
b00000000000000000000001100000010 $
1&
b0001011111111 >
b0001100000000 A
1C
1D
#7705
0&
0C
0D
#7710
b00000000000000000000001100000011 "
b00000000000000000000001100000011 $
1&
b0001100000000 >
b0001100000001 A
1C
1D
#7715
0&
0C
0D
#7720
b00000000000000000000001100000100 "
b00000000000000000000001100000100 $
1&
b0001100000001 >
b0001100000010 A
1C
1D
#7725
0&
0C
0D
#7730
b00000000000000000000001100000101 "
b00000000000000000000001100000101 $
1&
b0001100000010 >
b0001100000011 A
1C
1D
#7735
0&
0C
0D
#7740
b00000000000000000000001100000110 "
b00000000000000000000001100000110 $
1&
b0001100000011 >
b0001100000100 A
1C
1D
#7745
0&
0C
0D
#7750
b00000000000000000000001100000111 "
b00000000000000000000001100000111 $
1&
b0001100000100 >
b0001100000101 A
1C
1D
#7755
0&
0C
0D
#7760
b00000000000000000000001100001000 "
b00000000000000000000001100001000 $
1&
b0001100000101 >
b0001100000110 A
1C
1D
#7765
0&
0C
0D
#7770
b00000000000000000000001100001001 "
b00000000000000000000001100001001 $
1&
b0001100000110 >
b0001100000111 A
1C
1D
#7775
0&
0C
0D
#7780
b00000000000000000000001100001010 "
b00000000000000000000001100001010 $
1&
b0001100000111 >
b0001100001000 A
1C
1D
#7785
0&
0C
0D
#7790
b00000000000000000000001100001011 "
b00000000000000000000001100001011 $
1&
b0001100001000 >
b0001100001001 A
1C
1D
#7795
0&
0C
0D
#7800
b00000000000000000000001100001100 "
b00000000000000000000001100001100 $
1&
b0001100001001 >
b0001100001010 A
1C
1D
#7805
0&
0C
0D
#7810
b00000000000000000000001100001101 "
b00000000000000000000001100001101 $
1&
b0001100001010 >
b0001100001011 A
1C
1D
#7815
0&
0C
0D
#7820
b00000000000000000000001100001110 "
b00000000000000000000001100001110 $
1&
b0001100001011 >
b0001100001100 A
1C
1D
#7825
0&
0C
0D
#7830
b00000000000000000000001100001111 "
b00000000000000000000001100001111 $
1&
b0001100001100 >
b0001100001101 A
1C
1D
#7835
0&
0C
0D
#7840
b00000000000000000000001100010000 "
b00000000000000000000001100010000 $
1&
b0001100001101 >
b0001100001110 A
1C
1D
#7845
0&
0C
0D
#7850
b00000000000000000000001100010001 "
b00000000000000000000001100010001 $
1&
b0001100001110 >
b0001100001111 A
1C
1D
#7855
0&
0C
0D
#7860
b00000000000000000000001100010010 "
b00000000000000000000001100010010 $
1&
b0001100001111 >
b0001100010000 A
1C
1D
#7865
0&
0C
0D
#7870
b00000000000000000000001100010011 "
b00000000000000000000001100010011 $
1&
b0001100010000 >
b0001100010001 A
1C
1D
#7875
0&
0C
0D
#7880
b00000000000000000000001100010100 "
b00000000000000000000001100010100 $
1&
b0001100010001 >
b0001100010010 A
1C
1D
#7885
0&
0C
0D
#7890
b00000000000000000000001100010101 "
b00000000000000000000001100010101 $
1&
b0001100010010 >
b0001100010011 A
1C
1D
#7895
0&
0C
0D
#7900
b00000000000000000000001100010110 "
b00000000000000000000001100010110 $
1&
b0001100010011 >
b0001100010100 A
1C
1D
#7905
0&
0C
0D
#7910
b00000000000000000000001100010111 "
b00000000000000000000001100010111 $
1&
b0001100010100 >
b0001100010101 A
1C
1D
#7915
0&
0C
0D
#7920
b00000000000000000000001100011000 "
b00000000000000000000001100011000 $
1&
b0001100010101 >
b0001100010110 A
1C
1D
#7925
0&
0C
0D
#7930
b00000000000000000000001100011001 "
b00000000000000000000001100011001 $
1&
b0001100010110 >
b0001100010111 A
1C
1D
#7935
0&
0C
0D
#7940
b00000000000000000000001100011010 "
b00000000000000000000001100011010 $
1&
b0001100010111 >
b0001100011000 A
1C
1D
#7945
0&
0C
0D
#7950
b00000000000000000000001100011011 "
b00000000000000000000001100011011 $
1&
b0001100011000 >
b0001100011001 A
1C
1D
#7955
0&
0C
0D
#7960
b00000000000000000000001100011100 "
b00000000000000000000001100011100 $
1&
b0001100011001 >
b0001100011010 A
1C
1D
#7965
0&
0C
0D
#7970
b00000000000000000000001100011101 "
b00000000000000000000001100011101 $
1&
b0001100011010 >
b0001100011011 A
1C
1D
#7975
0&
0C
0D
#7980
b00000000000000000000001100011110 "
b00000000000000000000001100011110 $
1&
b0001100011011 >
b0001100011100 A
1C
1D
#7985
0&
0C
0D
#7990
b00000000000000000000001100011111 "
b00000000000000000000001100011111 $
1&
b0001100011100 >
b0001100011101 A
1C
1D
#7995
0&
0C
0D
#8000
b00000000000000000000001100100000 "
b00000000000000000000001100100000 $
1&
b0001100011101 >
b0001100011110 A
1C
1D
#8005
0&
0C
0D
#8010
b00000000000000000000001100100001 "
b00000000000000000000001100100001 $
1&
b0001100011110 >
b0001100011111 A
1C
1D
#8015
0&
0C
0D
#8020
b00000000000000000000001100100010 "
b00000000000000000000001100100010 $
1&
b0001100011111 >
b0001100100000 A
1C
1D
#8025
0&
0C
0D
#8030
b00000000000000000000001100100011 "
b00000000000000000000001100100011 $
1&
b0001100100000 >
b0001100100001 A
1C
1D
#8035
0&
0C
0D
#8040
b00000000000000000000001100100100 "
b00000000000000000000001100100100 $
1&
b0001100100001 >
b0001100100010 A
1C
1D
#8045
0&
0C
0D
#8050
b00000000000000000000001100100101 "
b00000000000000000000001100100101 $
1&
b0001100100010 >
b0001100100011 A
1C
1D
#8055
0&
0C
0D
#8060
b00000000000000000000001100100110 "
b00000000000000000000001100100110 $
1&
b0001100100011 >
b0001100100100 A
1C
1D
#8065
0&
0C
0D
#8070
b00000000000000000000001100100111 "
b00000000000000000000001100100111 $
1&
b0001100100100 >
b0001100100101 A
1C
1D
#8075
0&
0C
0D
#8080
b00000000000000000000001100101000 "
b00000000000000000000001100101000 $
1&
b0001100100101 >
b0001100100110 A
1C
1D
#8085
0&
0C
0D
#8090
b00000000000000000000001100101001 "
b00000000000000000000001100101001 $
1&
b0001100100110 >
b0001100100111 A
1C
1D
#8095
0&
0C
0D
#8100
b00000000000000000000001100101010 "
b00000000000000000000001100101010 $
1&
b0001100100111 >
b0001100101000 A
1C
1D
#8105
0&
0C
0D
#8110
b00000000000000000000001100101011 "
b00000000000000000000001100101011 $
1&
b0001100101000 >
b0001100101001 A
1C
1D
#8115
0&
0C
0D
#8120
b00000000000000000000001100101100 "
b00000000000000000000001100101100 $
1&
b0001100101001 >
b0001100101010 A
1C
1D
#8125
0&
0C
0D
#8130
b00000000000000000000001100101101 "
b00000000000000000000001100101101 $
1&
b0001100101010 >
b0001100101011 A
1C
1D
#8135
0&
0C
0D
#8140
b00000000000000000000001100101110 "
b00000000000000000000001100101110 $
1&
b0001100101011 >
b0001100101100 A
1C
1D
#8145
0&
0C
0D
#8150
b00000000000000000000001100101111 "
b00000000000000000000001100101111 $
1&
b0001100101100 >
b0001100101101 A
1C
1D
#8155
0&
0C
0D
#8160
b00000000000000000000001100110000 "
b00000000000000000000001100110000 $
1&
b0001100101101 >
b0001100101110 A
1C
1D
#8165
0&
0C
0D
#8170
b00000000000000000000001100110001 "
b00000000000000000000001100110001 $
1&
b0001100101110 >
b0001100101111 A
1C
1D
#8175
0&
0C
0D
#8180
b00000000000000000000001100110010 "
b00000000000000000000001100110010 $
1&
b0001100101111 >
b0001100110000 A
1C
1D
#8185
0&
0C
0D
#8190
b00000000000000000000001100110011 "
b00000000000000000000001100110011 $
1&
b0001100110000 >
b0001100110001 A
1C
1D
#8195
0&
0C
0D
#8200
b00000000000000000000001100110100 "
b00000000000000000000001100110100 $
1&
b0001100110001 >
b0001100110010 A
1C
1D
#8205
0&
0C
0D
#8210
b00000000000000000000001100110101 "
b00000000000000000000001100110101 $
1&
b0001100110010 >
b0001100110011 A
1C
1D
#8215
0&
0C
0D
#8220
b00000000000000000000001100110110 "
b00000000000000000000001100110110 $
1&
b0001100110011 >
b0001100110100 A
1C
1D
#8225
0&
0C
0D
#8230
b00000000000000000000001100110111 "
b00000000000000000000001100110111 $
1&
b0001100110100 >
b0001100110101 A
1C
1D
#8235
0&
0C
0D
#8240
b00000000000000000000001100111000 "
b00000000000000000000001100111000 $
1&
b0001100110101 >
b0001100110110 A
1C
1D
#8245
0&
0C
0D
#8250
b00000000000000000000001100111001 "
b00000000000000000000001100111001 $
1&
b0001100110110 >
b0001100110111 A
1C
1D
#8255
0&
0C
0D
#8260
b00000000000000000000001100111010 "
b00000000000000000000001100111010 $
1&
b0001100110111 >
b0001100111000 A
1C
1D
#8265
0&
0C
0D
#8270
b00000000000000000000001100111011 "
b00000000000000000000001100111011 $
1&
b0001100111000 >
b0001100111001 A
1C
1D
#8275
0&
0C
0D
#8280
b00000000000000000000001100111100 "
b00000000000000000000001100111100 $
1&
b0001100111001 >
b0001100111010 A
1C
1D
#8285
0&
0C
0D
#8290
b00000000000000000000001100111101 "
b00000000000000000000001100111101 $
1&
b0001100111010 >
b0001100111011 A
1C
1D
#8295
0&
0C
0D
#8300
b00000000000000000000001100111110 "
b00000000000000000000001100111110 $
1&
b0001100111011 >
b0001100111100 A
1C
1D
#8305
0&
0C
0D
#8310
b00000000000000000000001100111111 "
b00000000000000000000001100111111 $
1&
b0001100111100 >
b0001100111101 A
1C
1D
#8315
0&
0C
0D
#8320
b00000000000000000000001101000000 "
b00000000000000000000001101000000 $
1&
b0001100111101 >
b0001100111110 A
1C
1D
#8325
0&
0C
0D
#8330
b00000000000000000000001101000001 "
b00000000000000000000001101000001 $
1&
b0001100111110 >
b0001100111111 A
1C
1D
#8335
0&
0C
0D
#8340
b00000000000000000000001101000010 "
b00000000000000000000001101000010 $
1&
b0001100111111 >
b0001101000000 A
1C
1D
#8345
0&
0C
0D
#8350
b00000000000000000000001101000011 "
b00000000000000000000001101000011 $
1&
b0001101000000 >
b0001101000001 A
1C
1D
#8355
0&
0C
0D
#8360
b00000000000000000000001101000100 "
b00000000000000000000001101000100 $
1&
b0001101000001 >
b0001101000010 A
1C
1D
#8365
0&
0C
0D
#8370
b00000000000000000000001101000101 "
b00000000000000000000001101000101 $
1&
b0001101000010 >
b0001101000011 A
1C
1D
#8375
0&
0C
0D
#8380
b00000000000000000000001101000110 "
b00000000000000000000001101000110 $
1&
b0001101000011 >
b0001101000100 A
1C
1D
#8385
0&
0C
0D
#8390
b00000000000000000000001101000111 "
b00000000000000000000001101000111 $
1&
b0001101000100 >
b0001101000101 A
1C
1D
#8395
0&
0C
0D
#8400
b00000000000000000000001101001000 "
b00000000000000000000001101001000 $
1&
b0001101000101 >
b0001101000110 A
1C
1D
#8405
0&
0C
0D
#8410
b00000000000000000000001101001001 "
b00000000000000000000001101001001 $
1&
b0001101000110 >
b0001101000111 A
1C
1D
#8415
0&
0C
0D
#8420
b00000000000000000000001101001010 "
b00000000000000000000001101001010 $
1&
b0001101000111 >
b0001101001000 A
1C
1D
#8425
0&
0C
0D
#8430
b00000000000000000000001101001011 "
b00000000000000000000001101001011 $
1&
b0001101001000 >
b0001101001001 A
1C
1D
#8435
0&
0C
0D
#8440
b00000000000000000000001101001100 "
b00000000000000000000001101001100 $
1&
b0001101001001 >
b0001101001010 A
1C
1D
#8445
0&
0C
0D
#8450
b00000000000000000000001101001101 "
b00000000000000000000001101001101 $
1&
b0001101001010 >
b0001101001011 A
1C
1D
#8455
0&
0C
0D
#8460
b00000000000000000000001101001110 "
b00000000000000000000001101001110 $
1&
b0001101001011 >
b0001101001100 A
1C
1D
#8465
0&
0C
0D
#8470
b00000000000000000000001101001111 "
b00000000000000000000001101001111 $
1&
b0001101001100 >
b0001101001101 A
1C
1D
#8475
0&
0C
0D
#8480
b00000000000000000000001101010000 "
b00000000000000000000001101010000 $
1&
b0001101001101 >
b0001101001110 A
1C
1D
#8485
0&
0C
0D
#8490
b00000000000000000000001101010001 "
b00000000000000000000001101010001 $
1&
b0001101001110 >
b0001101001111 A
1C
1D
#8495
0&
0C
0D
#8500
b00000000000000000000001101010010 "
b00000000000000000000001101010010 $
1&
b0001101001111 >
b0001101010000 A
1C
1D
#8505
0&
0C
0D
#8510
b00000000000000000000001101010011 "
b00000000000000000000001101010011 $
1&
b0001101010000 >
b0001101010001 A
1C
1D
#8515
0&
0C
0D
#8520
b00000000000000000000001101010100 "
b00000000000000000000001101010100 $
1&
b0001101010001 >
b0001101010010 A
1C
1D
#8525
0&
0C
0D
#8530
b00000000000000000000001101010101 "
b00000000000000000000001101010101 $
1&
b0001101010010 >
b0001101010011 A
1C
1D
#8535
0&
0C
0D
#8540
b00000000000000000000001101010110 "
b00000000000000000000001101010110 $
1&
b0001101010011 >
b0001101010100 A
1C
1D
#8545
0&
0C
0D
#8550
b00000000000000000000001101010111 "
b00000000000000000000001101010111 $
1&
b0001101010100 >
b0001101010101 A
1C
1D
#8555
0&
0C
0D
#8560
b00000000000000000000001101011000 "
b00000000000000000000001101011000 $
1&
b0001101010101 >
b0001101010110 A
1C
1D
#8565
0&
0C
0D
#8570
b00000000000000000000001101011001 "
b00000000000000000000001101011001 $
1&
b0001101010110 >
b0001101010111 A
1C
1D
#8575
0&
0C
0D
#8580
b00000000000000000000001101011010 "
b00000000000000000000001101011010 $
1&
b0001101010111 >
b0001101011000 A
1C
1D
#8585
0&
0C
0D
#8590
b00000000000000000000001101011011 "
b00000000000000000000001101011011 $
1&
b0001101011000 >
b0001101011001 A
1C
1D
#8595
0&
0C
0D
#8600
b00000000000000000000001101011100 "
b00000000000000000000001101011100 $
1&
b0001101011001 >
b0001101011010 A
1C
1D
#8605
0&
0C
0D
#8610
b00000000000000000000001101011101 "
b00000000000000000000001101011101 $
1&
b0001101011010 >
b0001101011011 A
1C
1D
#8615
0&
0C
0D
#8620
b00000000000000000000001101011110 "
b00000000000000000000001101011110 $
1&
b0001101011011 >
b0001101011100 A
1C
1D
#8625
0&
0C
0D
#8630
b00000000000000000000001101011111 "
b00000000000000000000001101011111 $
1&
b0001101011100 >
b0001101011101 A
1C
1D
#8635
0&
0C
0D
#8640
b00000000000000000000001101100000 "
b00000000000000000000001101100000 $
1&
b0001101011101 >
b0001101011110 A
1C
1D
#8645
0&
0C
0D
#8650
b00000000000000000000001101100001 "
b00000000000000000000001101100001 $
1&
b0001101011110 >
b0001101011111 A
1C
1D
#8655
0&
0C
0D
#8660
b00000000000000000000001101100010 "
b00000000000000000000001101100010 $
1&
b0001101011111 >
b0001101100000 A
1C
1D
#8665
0&
0C
0D
#8670
b00000000000000000000001101100011 "
b00000000000000000000001101100011 $
1&
b0001101100000 >
b0001101100001 A
1C
1D
#8675
0&
0C
0D
#8680
b00000000000000000000001101100100 "
b00000000000000000000001101100100 $
1&
b0001101100001 >
b0001101100010 A
1C
1D
#8685
0&
0C
0D
#8690
b00000000000000000000001101100101 "
b00000000000000000000001101100101 $
1&
b0001101100010 >
b0001101100011 A
1C
1D
#8695
0&
0C
0D
#8700
b00000000000000000000001101100110 "
b00000000000000000000001101100110 $
1&
b0001101100011 >
b0001101100100 A
1C
1D
#8705
0&
0C
0D
#8710
b00000000000000000000001101100111 "
b00000000000000000000001101100111 $
1&
b0001101100100 >
b0001101100101 A
1C
1D
#8715
0&
0C
0D
#8720
b00000000000000000000001101101000 "
b00000000000000000000001101101000 $
1&
b0001101100101 >
b0001101100110 A
1C
1D
#8725
0&
0C
0D
#8730
b00000000000000000000001101101001 "
b00000000000000000000001101101001 $
1&
b0001101100110 >
b0001101100111 A
1C
1D
#8735
0&
0C
0D
#8740
b00000000000000000000001101101010 "
b00000000000000000000001101101010 $
1&
b0001101100111 >
b0001101101000 A
1C
1D
#8745
0&
0C
0D
#8750
b00000000000000000000001101101011 "
b00000000000000000000001101101011 $
1&
b0001101101000 >
b0001101101001 A
1C
1D
#8755
0&
0C
0D
#8760
b00000000000000000000001101101100 "
b00000000000000000000001101101100 $
1&
b0001101101001 >
b0001101101010 A
1C
1D
#8765
0&
0C
0D
#8770
b00000000000000000000001101101101 "
b00000000000000000000001101101101 $
1&
b0001101101010 >
b0001101101011 A
1C
1D
#8775
0&
0C
0D
#8780
b00000000000000000000001101101110 "
b00000000000000000000001101101110 $
1&
b0001101101011 >
b0001101101100 A
1C
1D
#8785
0&
0C
0D
#8790
b00000000000000000000001101101111 "
b00000000000000000000001101101111 $
1&
b0001101101100 >
b0001101101101 A
1C
1D
#8795
0&
0C
0D
#8800
b00000000000000000000001101110000 "
b00000000000000000000001101110000 $
1&
b0001101101101 >
b0001101101110 A
1C
1D
#8805
0&
0C
0D
#8810
b00000000000000000000001101110001 "
b00000000000000000000001101110001 $
1&
b0001101101110 >
b0001101101111 A
1C
1D
#8815
0&
0C
0D
#8820
b00000000000000000000001101110010 "
b00000000000000000000001101110010 $
1&
b0001101101111 >
b0001101110000 A
1C
1D
#8825
0&
0C
0D
#8830
b00000000000000000000001101110011 "
b00000000000000000000001101110011 $
1&
b0001101110000 >
b0001101110001 A
1C
1D
#8835
0&
0C
0D
#8840
b00000000000000000000001101110100 "
b00000000000000000000001101110100 $
1&
b0001101110001 >
b0001101110010 A
1C
1D
#8845
0&
0C
0D
#8850
b00000000000000000000001101110101 "
b00000000000000000000001101110101 $
1&
b0001101110010 >
b0001101110011 A
1C
1D
#8855
0&
0C
0D
#8860
b00000000000000000000001101110110 "
b00000000000000000000001101110110 $
1&
b0001101110011 >
b0001101110100 A
1C
1D
#8865
0&
0C
0D
#8870
b00000000000000000000001101110111 "
b00000000000000000000001101110111 $
1&
b0001101110100 >
b0001101110101 A
1C
1D
#8875
0&
0C
0D
#8880
b00000000000000000000001101111000 "
b00000000000000000000001101111000 $
1&
b0001101110101 >
b0001101110110 A
1C
1D
#8885
0&
0C
0D
#8890
b00000000000000000000001101111001 "
b00000000000000000000001101111001 $
1&
b0001101110110 >
b0001101110111 A
1C
1D
#8895
0&
0C
0D
#8900
b00000000000000000000001101111010 "
b00000000000000000000001101111010 $
1&
b0001101110111 >
b0001101111000 A
1C
1D
#8905
0&
0C
0D
#8910
b00000000000000000000001101111011 "
b00000000000000000000001101111011 $
1&
b0001101111000 >
b0001101111001 A
1C
1D
#8915
0&
0C
0D
#8920
b00000000000000000000001101111100 "
b00000000000000000000001101111100 $
1&
b0001101111001 >
b0001101111010 A
1C
1D
#8925
0&
0C
0D
#8930
b00000000000000000000001101111101 "
b00000000000000000000001101111101 $
1&
b0001101111010 >
b0001101111011 A
1C
1D
#8935
0&
0C
0D
#8940
b00000000000000000000001101111110 "
b00000000000000000000001101111110 $
1&
b0001101111011 >
b0001101111100 A
1C
1D
#8945
0&
0C
0D
#8950
b00000000000000000000001101111111 "
b00000000000000000000001101111111 $
1&
b0001101111100 >
b0001101111101 A
1C
1D
#8955
0&
0C
0D
#8960
b00000000000000000000001110000000 "
b00000000000000000000001110000000 $
1&
b0001101111101 >
b0001101111110 A
1C
1D
#8965
0&
0C
0D
#8970
b00000000000000000000001110000001 "
b00000000000000000000001110000001 $
1&
b0001101111110 >
b0001101111111 A
1C
1D
#8975
0&
0C
0D
#8980
b00000000000000000000001110000010 "
b00000000000000000000001110000010 $
1&
b0001101111111 >
b0001110000000 A
1C
1D
#8985
0&
0C
0D
#8990
b00000000000000000000001110000011 "
b00000000000000000000001110000011 $
1&
b0001110000000 >
b0001110000001 A
1C
1D
#8995
0&
0C
0D
#9000
b00000000000000000000001110000100 "
b00000000000000000000001110000100 $
1&
b0001110000001 >
b0001110000010 A
1C
1D
#9005
0&
0C
0D
#9010
b00000000000000000000001110000101 "
b00000000000000000000001110000101 $
1&
b0001110000010 >
b0001110000011 A
1C
1D
#9015
0&
0C
0D
#9020
b00000000000000000000001110000110 "
b00000000000000000000001110000110 $
1&
b0001110000011 >
b0001110000100 A
1C
1D
#9025
0&
0C
0D
#9030
b00000000000000000000001110000111 "
b00000000000000000000001110000111 $
1&
b0001110000100 >
b0001110000101 A
1C
1D
#9035
0&
0C
0D
#9040
b00000000000000000000001110001000 "
b00000000000000000000001110001000 $
1&
b0001110000101 >
b0001110000110 A
1C
1D
#9045
0&
0C
0D
#9050
b00000000000000000000001110001001 "
b00000000000000000000001110001001 $
1&
b0001110000110 >
b0001110000111 A
1C
1D
#9055
0&
0C
0D
#9060
b00000000000000000000001110001010 "
b00000000000000000000001110001010 $
1&
b0001110000111 >
b0001110001000 A
1C
1D
#9065
0&
0C
0D
#9070
b00000000000000000000001110001011 "
b00000000000000000000001110001011 $
1&
b0001110001000 >
b0001110001001 A
1C
1D
#9075
0&
0C
0D
#9080
b00000000000000000000001110001100 "
b00000000000000000000001110001100 $
1&
b0001110001001 >
b0001110001010 A
1C
1D
#9085
0&
0C
0D
#9090
b00000000000000000000001110001101 "
b00000000000000000000001110001101 $
1&
b0001110001010 >
b0001110001011 A
1C
1D
#9095
0&
0C
0D
#9100
b00000000000000000000001110001110 "
b00000000000000000000001110001110 $
1&
b0001110001011 >
b0001110001100 A
1C
1D
#9105
0&
0C
0D
#9110
b00000000000000000000001110001111 "
b00000000000000000000001110001111 $
1&
b0001110001100 >
b0001110001101 A
1C
1D
#9115
0&
0C
0D
#9120
b00000000000000000000001110010000 "
b00000000000000000000001110010000 $
1&
b0001110001101 >
b0001110001110 A
1C
1D
#9125
0&
0C
0D
#9130
b00000000000000000000001110010001 "
b00000000000000000000001110010001 $
1&
b0001110001110 >
b0001110001111 A
1C
1D
#9135
0&
0C
0D
#9140
b00000000000000000000001110010010 "
b00000000000000000000001110010010 $
1&
b0001110001111 >
b0001110010000 A
1C
1D
#9145
0&
0C
0D
#9150
b00000000000000000000001110010011 "
b00000000000000000000001110010011 $
1&
b0001110010000 >
b0001110010001 A
1C
1D
#9155
0&
0C
0D
#9160
b00000000000000000000001110010100 "
b00000000000000000000001110010100 $
1&
b0001110010001 >
b0001110010010 A
1C
1D
#9165
0&
0C
0D
#9170
b00000000000000000000001110010101 "
b00000000000000000000001110010101 $
1&
b0001110010010 >
b0001110010011 A
1C
1D
#9175
0&
0C
0D
#9180
b00000000000000000000001110010110 "
b00000000000000000000001110010110 $
1&
b0001110010011 >
b0001110010100 A
1C
1D
#9185
0&
0C
0D
#9190
b00000000000000000000001110010111 "
b00000000000000000000001110010111 $
1&
b0001110010100 >
b0001110010101 A
1C
1D
#9195
0&
0C
0D
#9200
b00000000000000000000001110011000 "
b00000000000000000000001110011000 $
1&
b0001110010101 >
b0001110010110 A
1C
1D
#9205
0&
0C
0D
#9210
b00000000000000000000001110011001 "
b00000000000000000000001110011001 $
1&
b0001110010110 >
b0001110010111 A
1C
1D
#9215
0&
0C
0D
#9220
b00000000000000000000001110011010 "
b00000000000000000000001110011010 $
1&
b0001110010111 >
b0001110011000 A
1C
1D
#9225
0&
0C
0D
#9230
b00000000000000000000001110011011 "
b00000000000000000000001110011011 $
1&
b0001110011000 >
b0001110011001 A
1C
1D
#9235
0&
0C
0D
#9240
b00000000000000000000001110011100 "
b00000000000000000000001110011100 $
1&
b0001110011001 >
b0001110011010 A
1C
1D
#9245
0&
0C
0D
#9250
b00000000000000000000001110011101 "
b00000000000000000000001110011101 $
1&
b0001110011010 >
b0001110011011 A
1C
1D
#9255
0&
0C
0D
#9260
b00000000000000000000001110011110 "
b00000000000000000000001110011110 $
1&
b0001110011011 >
b0001110011100 A
1C
1D
#9265
0&
0C
0D
#9270
b00000000000000000000001110011111 "
b00000000000000000000001110011111 $
1&
b0001110011100 >
b0001110011101 A
1C
1D
#9275
0&
0C
0D
#9280
b00000000000000000000001110100000 "
b00000000000000000000001110100000 $
1&
b0001110011101 >
b0001110011110 A
1C
1D
#9285
0&
0C
0D
#9290
b00000000000000000000001110100001 "
b00000000000000000000001110100001 $
1&
b0001110011110 >
b0001110011111 A
1C
1D
#9295
0&
0C
0D
#9300
b00000000000000000000001110100010 "
b00000000000000000000001110100010 $
1&
b0001110011111 >
b0001110100000 A
1C
1D
#9305
0&
0C
0D
#9310
b00000000000000000000001110100011 "
b00000000000000000000001110100011 $
1&
b0001110100000 >
b0001110100001 A
1C
1D
#9315
0&
0C
0D
#9320
b00000000000000000000001110100100 "
b00000000000000000000001110100100 $
1&
b0001110100001 >
b0001110100010 A
1C
1D
#9325
0&
0C
0D
#9330
b00000000000000000000001110100101 "
b00000000000000000000001110100101 $
1&
b0001110100010 >
b0001110100011 A
1C
1D
#9335
0&
0C
0D
#9340
b00000000000000000000001110100110 "
b00000000000000000000001110100110 $
1&
b0001110100011 >
b0001110100100 A
1C
1D
#9345
0&
0C
0D
#9350
b00000000000000000000001110100111 "
b00000000000000000000001110100111 $
1&
b0001110100100 >
b0001110100101 A
1C
1D
#9355
0&
0C
0D
#9360
b00000000000000000000001110101000 "
b00000000000000000000001110101000 $
1&
b0001110100101 >
b0001110100110 A
1C
1D
#9365
0&
0C
0D
#9370
b00000000000000000000001110101001 "
b00000000000000000000001110101001 $
1&
b0001110100110 >
b0001110100111 A
1C
1D
#9375
0&
0C
0D
#9380
b00000000000000000000001110101010 "
b00000000000000000000001110101010 $
1&
b0001110100111 >
b0001110101000 A
1C
1D
#9385
0&
0C
0D
#9390
b00000000000000000000001110101011 "
b00000000000000000000001110101011 $
1&
b0001110101000 >
b0001110101001 A
1C
1D
#9395
0&
0C
0D
#9400
b00000000000000000000001110101100 "
b00000000000000000000001110101100 $
1&
b0001110101001 >
b0001110101010 A
1C
1D
#9405
0&
0C
0D
#9410
b00000000000000000000001110101101 "
b00000000000000000000001110101101 $
1&
b0001110101010 >
b0001110101011 A
1C
1D
#9415
0&
0C
0D
#9420
b00000000000000000000001110101110 "
b00000000000000000000001110101110 $
1&
b0001110101011 >
b0001110101100 A
1C
1D
#9425
0&
0C
0D
#9430
b00000000000000000000001110101111 "
b00000000000000000000001110101111 $
1&
b0001110101100 >
b0001110101101 A
1C
1D
#9435
0&
0C
0D
#9440
b00000000000000000000001110110000 "
b00000000000000000000001110110000 $
1&
b0001110101101 >
b0001110101110 A
1C
1D
#9445
0&
0C
0D
#9450
b00000000000000000000001110110001 "
b00000000000000000000001110110001 $
1&
b0001110101110 >
b0001110101111 A
1C
1D
#9455
0&
0C
0D
#9460
b00000000000000000000001110110010 "
b00000000000000000000001110110010 $
1&
b0001110101111 >
b0001110110000 A
1C
1D
#9465
0&
0C
0D
#9470
b00000000000000000000001110110011 "
b00000000000000000000001110110011 $
1&
b0001110110000 >
b0001110110001 A
1C
1D
#9475
0&
0C
0D
#9480
b00000000000000000000001110110100 "
b00000000000000000000001110110100 $
1&
b0001110110001 >
b0001110110010 A
1C
1D
#9485
0&
0C
0D
#9490
b00000000000000000000001110110101 "
b00000000000000000000001110110101 $
1&
b0001110110010 >
b0001110110011 A
1C
1D
#9495
0&
0C
0D
#9500
b00000000000000000000001110110110 "
b00000000000000000000001110110110 $
1&
b0001110110011 >
b0001110110100 A
1C
1D
#9505
0&
0C
0D
#9510
b00000000000000000000001110110111 "
b00000000000000000000001110110111 $
1&
b0001110110100 >
b0001110110101 A
1C
1D
#9515
0&
0C
0D
#9520
b00000000000000000000001110111000 "
b00000000000000000000001110111000 $
1&
b0001110110101 >
b0001110110110 A
1C
1D
#9525
0&
0C
0D
#9530
b00000000000000000000001110111001 "
b00000000000000000000001110111001 $
1&
b0001110110110 >
b0001110110111 A
1C
1D
#9535
0&
0C
0D
#9540
b00000000000000000000001110111010 "
b00000000000000000000001110111010 $
1&
b0001110110111 >
b0001110111000 A
1C
1D
#9545
0&
0C
0D
#9550
b00000000000000000000001110111011 "
b00000000000000000000001110111011 $
1&
b0001110111000 >
b0001110111001 A
1C
1D
#9555
0&
0C
0D
#9560
b00000000000000000000001110111100 "
b00000000000000000000001110111100 $
1&
b0001110111001 >
b0001110111010 A
1C
1D
#9565
0&
0C
0D
#9570
b00000000000000000000001110111101 "
b00000000000000000000001110111101 $
1&
b0001110111010 >
b0001110111011 A
1C
1D
#9575
0&
0C
0D
#9580
b00000000000000000000001110111110 "
b00000000000000000000001110111110 $
1&
b0001110111011 >
b0001110111100 A
1C
1D
#9585
0&
0C
0D
#9590
b00000000000000000000001110111111 "
b00000000000000000000001110111111 $
1&
b0001110111100 >
b0001110111101 A
1C
1D
#9595
0&
0C
0D
#9600
b00000000000000000000001111000000 "
b00000000000000000000001111000000 $
1&
b0001110111101 >
b0001110111110 A
1C
1D
#9605
0&
0C
0D
#9610
b00000000000000000000001111000001 "
b00000000000000000000001111000001 $
1&
b0001110111110 >
b0001110111111 A
1C
1D
#9615
0&
0C
0D
#9620
b00000000000000000000001111000010 "
b00000000000000000000001111000010 $
1&
b0001110111111 >
b0001111000000 A
1C
1D
#9625
0&
0C
0D
#9630
b00000000000000000000001111000011 "
b00000000000000000000001111000011 $
1&
b0001111000000 >
b0001111000001 A
1C
1D
#9635
0&
0C
0D
#9640
b00000000000000000000001111000100 "
b00000000000000000000001111000100 $
1&
b0001111000001 >
b0001111000010 A
1C
1D
#9645
0&
0C
0D
#9650
b00000000000000000000001111000101 "
b00000000000000000000001111000101 $
1&
b0001111000010 >
b0001111000011 A
1C
1D
#9655
0&
0C
0D
#9660
b00000000000000000000001111000110 "
b00000000000000000000001111000110 $
1&
b0001111000011 >
b0001111000100 A
1C
1D
#9665
0&
0C
0D
#9670
b00000000000000000000001111000111 "
b00000000000000000000001111000111 $
1&
b0001111000100 >
b0001111000101 A
1C
1D
#9675
0&
0C
0D
#9680
b00000000000000000000001111001000 "
b00000000000000000000001111001000 $
1&
b0001111000101 >
b0001111000110 A
1C
1D
#9685
0&
0C
0D
#9690
b00000000000000000000001111001001 "
b00000000000000000000001111001001 $
1&
b0001111000110 >
b0001111000111 A
1C
1D
#9695
0&
0C
0D
#9700
b00000000000000000000001111001010 "
b00000000000000000000001111001010 $
1&
b0001111000111 >
b0001111001000 A
1C
1D
#9705
0&
0C
0D
#9710
b00000000000000000000001111001011 "
b00000000000000000000001111001011 $
1&
b0001111001000 >
b0001111001001 A
1C
1D
#9715
0&
0C
0D
#9720
b00000000000000000000001111001100 "
b00000000000000000000001111001100 $
1&
b0001111001001 >
b0001111001010 A
1C
1D
#9725
0&
0C
0D
#9730
b00000000000000000000001111001101 "
b00000000000000000000001111001101 $
1&
b0001111001010 >
b0001111001011 A
1C
1D
#9735
0&
0C
0D
#9740
b00000000000000000000001111001110 "
b00000000000000000000001111001110 $
1&
b0001111001011 >
b0001111001100 A
1C
1D
#9745
0&
0C
0D
#9750
b00000000000000000000001111001111 "
b00000000000000000000001111001111 $
1&
b0001111001100 >
b0001111001101 A
1C
1D
#9755
0&
0C
0D
#9760
b00000000000000000000001111010000 "
b00000000000000000000001111010000 $
1&
b0001111001101 >
b0001111001110 A
1C
1D
#9765
0&
0C
0D
#9770
b00000000000000000000001111010001 "
b00000000000000000000001111010001 $
1&
b0001111001110 >
b0001111001111 A
1C
1D
#9775
0&
0C
0D
#9780
b00000000000000000000001111010010 "
b00000000000000000000001111010010 $
1&
b0001111001111 >
b0001111010000 A
1C
1D
#9785
0&
0C
0D
#9790
b00000000000000000000001111010011 "
b00000000000000000000001111010011 $
1&
b0001111010000 >
b0001111010001 A
1C
1D
#9795
0&
0C
0D
#9800
b00000000000000000000001111010100 "
b00000000000000000000001111010100 $
1&
b0001111010001 >
b0001111010010 A
1C
1D
#9805
0&
0C
0D
#9810
b00000000000000000000001111010101 "
b00000000000000000000001111010101 $
1&
b0001111010010 >
b0001111010011 A
1C
1D
#9815
0&
0C
0D
#9820
b00000000000000000000001111010110 "
b00000000000000000000001111010110 $
1&
b0001111010011 >
b0001111010100 A
1C
1D
#9825
0&
0C
0D
#9830
b00000000000000000000001111010111 "
b00000000000000000000001111010111 $
1&
b0001111010100 >
b0001111010101 A
1C
1D
#9835
0&
0C
0D
#9840
b00000000000000000000001111011000 "
b00000000000000000000001111011000 $
1&
b0001111010101 >
b0001111010110 A
1C
1D
#9845
0&
0C
0D
#9850
b00000000000000000000001111011001 "
b00000000000000000000001111011001 $
1&
b0001111010110 >
b0001111010111 A
1C
1D
#9855
0&
0C
0D
#9860
b00000000000000000000001111011010 "
b00000000000000000000001111011010 $
1&
b0001111010111 >
b0001111011000 A
1C
1D
#9865
0&
0C
0D
#9870
b00000000000000000000001111011011 "
b00000000000000000000001111011011 $
1&
b0001111011000 >
b0001111011001 A
1C
1D
#9875
0&
0C
0D
#9880
b00000000000000000000001111011100 "
b00000000000000000000001111011100 $
1&
b0001111011001 >
b0001111011010 A
1C
1D
#9885
0&
0C
0D
#9890
b00000000000000000000001111011101 "
b00000000000000000000001111011101 $
1&
b0001111011010 >
b0001111011011 A
1C
1D
#9895
0&
0C
0D
#9900
b00000000000000000000001111011110 "
b00000000000000000000001111011110 $
1&
b0001111011011 >
b0001111011100 A
1C
1D
#9905
0&
0C
0D
#9910
b00000000000000000000001111011111 "
b00000000000000000000001111011111 $
1&
b0001111011100 >
b0001111011101 A
1C
1D
#9915
0&
0C
0D
#9920
b00000000000000000000001111100000 "
b00000000000000000000001111100000 $
1&
b0001111011101 >
b0001111011110 A
1C
1D
#9925
0&
0C
0D
#9930
b00000000000000000000001111100001 "
b00000000000000000000001111100001 $
1&
b0001111011110 >
b0001111011111 A
1C
1D
#9935
0&
0C
0D
#9940
b00000000000000000000001111100010 "
b00000000000000000000001111100010 $
1&
b0001111011111 >
b0001111100000 A
1C
1D
#9945
0&
0C
0D
#9950
b00000000000000000000001111100011 "
b00000000000000000000001111100011 $
1&
b0001111100000 >
b0001111100001 A
1C
1D
#9955
0&
0C
0D
#9960
b00000000000000000000001111100100 "
b00000000000000000000001111100100 $
1&
b0001111100001 >
b0001111100010 A
1C
1D
#9965
0&
0C
0D
#9970
b00000000000000000000001111100101 "
b00000000000000000000001111100101 $
1&
b0001111100010 >
b0001111100011 A
1C
1D
#9975
0&
0C
0D
#9980
b00000000000000000000001111100110 "
b00000000000000000000001111100110 $
1&
b0001111100011 >
b0001111100100 A
1C
1D
#9985
0&
0C
0D
#9990
b00000000000000000000001111100111 "
b00000000000000000000001111100111 $
1&
b0001111100100 >
b0001111100101 A
1C
1D
#9995
0&
0C
0D
#10000
b00000000000000000000001111101000 "
b00000000000000000000001111101000 $
1&
b0001111100101 >
b0001111100110 A
1C
1D
#10005
0&
0C
0D
#10010
b00000000000000000000001111101001 "
b00000000000000000000001111101001 $
1&
b0001111100110 >
b0001111100111 A
1C
1D
#10015
0&
0C
0D
#10020
b00000000000000000000001111101010 "
b00000000000000000000001111101010 $
1&
b0001111100111 >
b0001111101000 A
1C
1D
#10025
0&
0C
0D
#10030
b00000000000000000000001111101011 "
b00000000000000000000001111101011 $
1&
b0001111101000 >
b0001111101001 A
1C
1D
#10035
0&
0C
0D
#10040
b00000000000000000000001111101100 "
b00000000000000000000001111101100 $
1&
b0001111101001 >
b0001111101010 A
1C
1D
#10045
0&
0C
0D
#10050
b00000000000000000000001111101101 "
b00000000000000000000001111101101 $
1&
b0001111101010 >
b0001111101011 A
1C
1D
#10055
0&
0C
0D
#10060
b00000000000000000000001111101110 "
b00000000000000000000001111101110 $
1&
b0001111101011 >
b0001111101100 A
1C
1D
#10065
0&
0C
0D
#10070
b00000000000000000000001111101111 "
b00000000000000000000001111101111 $
1&
b0001111101100 >
b0001111101101 A
1C
1D
#10075
0&
0C
0D
#10080
b00000000000000000000001111110000 "
b00000000000000000000001111110000 $
1&
b0001111101101 >
b0001111101110 A
1C
1D
#10085
0&
0C
0D
#10090
b00000000000000000000001111110001 "
b00000000000000000000001111110001 $
1&
b0001111101110 >
b0001111101111 A
1C
1D
#10095
0&
0C
0D
#10100
b00000000000000000000001111110010 "
b00000000000000000000001111110010 $
1&
b0001111101111 >
b0001111110000 A
1C
1D
#10105
0&
0C
0D
#10110
b00000000000000000000001111110011 "
b00000000000000000000001111110011 $
1&
b0001111110000 >
b0001111110001 A
1C
1D
#10115
0&
0C
0D
#10120
b00000000000000000000001111110100 "
b00000000000000000000001111110100 $
1&
b0001111110001 >
b0001111110010 A
1C
1D
#10125
0&
0C
0D
#10130
b00000000000000000000001111110101 "
b00000000000000000000001111110101 $
1&
b0001111110010 >
b0001111110011 A
1C
1D
#10135
0&
0C
0D
#10140
b00000000000000000000001111110110 "
b00000000000000000000001111110110 $
1&
b0001111110011 >
b0001111110100 A
1C
1D
#10145
0&
0C
0D
#10150
b00000000000000000000001111110111 "
b00000000000000000000001111110111 $
1&
b0001111110100 >
b0001111110101 A
1C
1D
#10155
0&
0C
0D
#10160
b00000000000000000000001111111000 "
b00000000000000000000001111111000 $
1&
b0001111110101 >
b0001111110110 A
1C
1D
#10165
0&
0C
0D
#10170
b00000000000000000000001111111001 "
b00000000000000000000001111111001 $
1&
b0001111110110 >
b0001111110111 A
1C
1D
#10175
0&
0C
0D
#10180
b00000000000000000000001111111010 "
b00000000000000000000001111111010 $
1&
b0001111110111 >
b0001111111000 A
1C
1D
#10185
0&
0C
0D
#10190
b00000000000000000000001111111011 "
b00000000000000000000001111111011 $
1&
b0001111111000 >
b0001111111001 A
1C
1D
#10195
0&
0C
0D
#10200
b00000000000000000000001111111100 "
b00000000000000000000001111111100 $
1&
b0001111111001 >
b0001111111010 A
1C
1D
#10205
0&
0C
0D
#10210
b00000000000000000000001111111101 "
b00000000000000000000001111111101 $
1&
b0001111111010 >
b0001111111011 A
1C
1D
#10215
0&
0C
0D
#10220
b00000000000000000000001111111110 "
b00000000000000000000001111111110 $
1&
b0001111111011 >
b0001111111100 A
1C
1D
#10225
0&
0C
0D
#10230
b00000000000000000000001111111111 "
b00000000000000000000001111111111 $
1&
b0001111111100 >
b0001111111101 A
1C
1D
#10235
0&
0C
0D
#10240
b00000000000000000000010000000000 "
b00000000000000000000010000000000 $
1&
b0001111111101 >
b0001111111110 A
1C
1D
#10245
0&
0C
0D
#10250
b00000000000000000000010000000001 "
b00000000000000000000010000000001 $
1&
b0001111111110 >
b0001111111111 A
1C
1D
#10255
0&
0C
0D
#10260
b00000000000000000000010000000010 "
b00000000000000000000010000000010 $
1&
b0001111111111 >
b0010000000000 A
1C
1D
#10265
0&
0C
0D
#10270
b00000000000000000000010000000011 "
b00000000000000000000010000000011 $
1&
b0010000000000 >
b0010000000001 A
1C
1D
#10275
0&
0C
0D
#10280
b00000000000000000000010000000100 "
b00000000000000000000010000000100 $
1&
b0010000000001 >
b0010000000010 A
1C
1D
#10285
0&
0C
0D
#10290
b00000000000000000000010000000101 "
b00000000000000000000010000000101 $
1&
b0010000000010 >
b0010000000011 A
1C
1D
#10295
0&
0C
0D
#10300
b00000000000000000000010000000110 "
b00000000000000000000010000000110 $
1&
b0010000000011 >
b0010000000100 A
1C
1D
#10305
0&
0C
0D
#10310
b00000000000000000000010000000111 "
b00000000000000000000010000000111 $
1&
b0010000000100 >
b0010000000101 A
1C
1D
#10315
0&
0C
0D
#10320
b00000000000000000000010000001000 "
b00000000000000000000010000001000 $
1&
b0010000000101 >
b0010000000110 A
1C
1D
#10325
0&
0C
0D
#10330
b00000000000000000000010000001001 "
b00000000000000000000010000001001 $
1&
b0010000000110 >
b0010000000111 A
1C
1D
#10335
0&
0C
0D
#10340
b00000000000000000000010000001010 "
b00000000000000000000010000001010 $
1&
b0010000000111 >
b0010000001000 A
1C
1D
#10345
0&
0C
0D
#10350
b00000000000000000000010000001011 "
b00000000000000000000010000001011 $
1&
b0010000001000 >
b0010000001001 A
1C
1D
#10355
0&
0C
0D
#10360
b00000000000000000000010000001100 "
b00000000000000000000010000001100 $
1&
b0010000001001 >
b0010000001010 A
1C
1D
#10365
0&
0C
0D
#10370
b00000000000000000000010000001101 "
b00000000000000000000010000001101 $
1&
b0010000001010 >
b0010000001011 A
1C
1D
#10375
0&
0C
0D
#10380
b00000000000000000000010000001110 "
b00000000000000000000010000001110 $
1&
b0010000001011 >
b0010000001100 A
1C
1D
#10385
0&
0C
0D
#10390
b00000000000000000000010000001111 "
b00000000000000000000010000001111 $
1&
b0010000001100 >
b0010000001101 A
1C
1D
#10395
0&
0C
0D
#10400
b00000000000000000000010000010000 "
b00000000000000000000010000010000 $
1&
b0010000001101 >
b0010000001110 A
1C
1D
#10405
0&
0C
0D
#10410
b00000000000000000000010000010001 "
b00000000000000000000010000010001 $
1&
b0010000001110 >
b0010000001111 A
1C
1D
#10415
0&
0C
0D
#10420
b00000000000000000000010000010010 "
b00000000000000000000010000010010 $
1&
b0010000001111 >
b0010000010000 A
1C
1D
#10425
0&
0C
0D
#10430
b00000000000000000000010000010011 "
b00000000000000000000010000010011 $
1&
b0010000010000 >
b0010000010001 A
1C
1D
#10435
0&
0C
0D
#10440
b00000000000000000000010000010100 "
b00000000000000000000010000010100 $
1&
b0010000010001 >
b0010000010010 A
1C
1D
#10445
0&
0C
0D
#10450
b00000000000000000000010000010101 "
b00000000000000000000010000010101 $
1&
b0010000010010 >
b0010000010011 A
1C
1D
#10455
0&
0C
0D
#10460
b00000000000000000000010000010110 "
b00000000000000000000010000010110 $
1&
b0010000010011 >
b0010000010100 A
1C
1D
#10465
0&
0C
0D
#10470
b00000000000000000000010000010111 "
b00000000000000000000010000010111 $
1&
b0010000010100 >
b0010000010101 A
1C
1D
#10475
0&
0C
0D
#10480
b00000000000000000000010000011000 "
b00000000000000000000010000011000 $
1&
b0010000010101 >
b0010000010110 A
1C
1D
#10485
0&
0C
0D
#10490
b00000000000000000000010000011001 "
b00000000000000000000010000011001 $
1&
b0010000010110 >
b0010000010111 A
1C
1D
#10495
0&
0C
0D
#10500
b00000000000000000000010000011010 "
b00000000000000000000010000011010 $
1&
b0010000010111 >
b0010000011000 A
1C
1D
#10505
0&
0C
0D
#10510
b00000000000000000000010000011011 "
b00000000000000000000010000011011 $
1&
b0010000011000 >
b0010000011001 A
1C
1D
#10515
0&
0C
0D
#10520
b00000000000000000000010000011100 "
b00000000000000000000010000011100 $
1&
b0010000011001 >
b0010000011010 A
1C
1D
#10525
0&
0C
0D
#10530
b00000000000000000000010000011101 "
b00000000000000000000010000011101 $
1&
b0010000011010 >
b0010000011011 A
1C
1D
#10535
0&
0C
0D
#10540
b00000000000000000000010000011110 "
b00000000000000000000010000011110 $
1&
b0010000011011 >
b0010000011100 A
1C
1D
#10545
0&
0C
0D
#10550
b00000000000000000000010000011111 "
b00000000000000000000010000011111 $
1&
b0010000011100 >
b0010000011101 A
1C
1D
#10555
0&
0C
0D
#10560
b00000000000000000000010000100000 "
b00000000000000000000010000100000 $
1&
b0010000011101 >
b0010000011110 A
1C
1D
#10565
0&
0C
0D
#10570
b00000000000000000000010000100001 "
b00000000000000000000010000100001 $
1&
b0010000011110 >
b0010000011111 A
1C
1D
#10575
0&
0C
0D
#10580
b00000000000000000000010000100010 "
b00000000000000000000010000100010 $
1&
b0010000011111 >
b0010000100000 A
1C
1D
#10585
0&
0C
0D
#10590
b00000000000000000000010000100011 "
b00000000000000000000010000100011 $
1&
b0010000100000 >
b0010000100001 A
1C
1D
#10595
0&
0C
0D
#10600
b00000000000000000000010000100100 "
b00000000000000000000010000100100 $
1&
b0010000100001 >
b0010000100010 A
1C
1D
#10605
0&
0C
0D
#10610
b00000000000000000000010000100101 "
b00000000000000000000010000100101 $
1&
b0010000100010 >
b0010000100011 A
1C
1D
#10615
0&
0C
0D
#10620
b00000000000000000000010000100110 "
b00000000000000000000010000100110 $
1&
b0010000100011 >
b0010000100100 A
1C
1D
#10625
0&
0C
0D
#10630
b00000000000000000000010000100111 "
b00000000000000000000010000100111 $
1&
b0010000100100 >
b0010000100101 A
1C
1D
#10635
0&
0C
0D
#10640
b00000000000000000000010000101000 "
b00000000000000000000010000101000 $
1&
b0010000100101 >
b0010000100110 A
1C
1D
#10645
0&
0C
0D
#10650
b00000000000000000000010000101001 "
b00000000000000000000010000101001 $
1&
b0010000100110 >
b0010000100111 A
1C
1D
#10655
0&
0C
0D
#10660
b00000000000000000000010000101010 "
b00000000000000000000010000101010 $
1&
b0010000100111 >
b0010000101000 A
1C
1D
#10665
0&
0C
0D
#10670
b00000000000000000000010000101011 "
b00000000000000000000010000101011 $
1&
b0010000101000 >
b0010000101001 A
1C
1D
#10675
0&
0C
0D
#10680
b00000000000000000000010000101100 "
b00000000000000000000010000101100 $
1&
b0010000101001 >
b0010000101010 A
1C
1D
#10685
0&
0C
0D
#10690
b00000000000000000000010000101101 "
b00000000000000000000010000101101 $
1&
b0010000101010 >
b0010000101011 A
1C
1D
#10695
0&
0C
0D
#10700
b00000000000000000000010000101110 "
b00000000000000000000010000101110 $
1&
b0010000101011 >
b0010000101100 A
1C
1D
#10705
0&
0C
0D
#10710
b00000000000000000000010000101111 "
b00000000000000000000010000101111 $
1&
b0010000101100 >
b0010000101101 A
1C
1D
#10715
0&
0C
0D
#10720
b00000000000000000000010000110000 "
b00000000000000000000010000110000 $
1&
b0010000101101 >
b0010000101110 A
1C
1D
#10725
0&
0C
0D
#10730
b00000000000000000000010000110001 "
b00000000000000000000010000110001 $
1&
b0010000101110 >
b0010000101111 A
1C
1D
#10735
0&
0C
0D
#10740
b00000000000000000000010000110010 "
b00000000000000000000010000110010 $
1&
b0010000101111 >
b0010000110000 A
1C
1D
#10745
0&
0C
0D
#10750
b00000000000000000000010000110011 "
b00000000000000000000010000110011 $
1&
b0010000110000 >
b0010000110001 A
1C
1D
#10755
0&
0C
0D
#10760
b00000000000000000000010000110100 "
b00000000000000000000010000110100 $
1&
b0010000110001 >
b0010000110010 A
1C
1D
#10765
0&
0C
0D
#10770
b00000000000000000000010000110101 "
b00000000000000000000010000110101 $
1&
b0010000110010 >
b0010000110011 A
1C
1D
#10775
0&
0C
0D
#10780
b00000000000000000000010000110110 "
b00000000000000000000010000110110 $
1&
b0010000110011 >
b0010000110100 A
1C
1D
#10785
0&
0C
0D
#10790
b00000000000000000000010000110111 "
b00000000000000000000010000110111 $
1&
b0010000110100 >
b0010000110101 A
1C
1D
#10795
0&
0C
0D
#10800
b00000000000000000000010000111000 "
b00000000000000000000010000111000 $
1&
b0010000110101 >
b0010000110110 A
1C
1D
#10805
0&
0C
0D
#10810
b00000000000000000000010000111001 "
b00000000000000000000010000111001 $
1&
b0010000110110 >
b0010000110111 A
1C
1D
#10815
0&
0C
0D
#10820
b00000000000000000000010000111010 "
b00000000000000000000010000111010 $
1&
b0010000110111 >
b0010000111000 A
1C
1D
#10825
0&
0C
0D
#10830
b00000000000000000000010000111011 "
b00000000000000000000010000111011 $
1&
b0010000111000 >
b0010000111001 A
1C
1D
#10835
0&
0C
0D
#10840
b00000000000000000000010000111100 "
b00000000000000000000010000111100 $
1&
b0010000111001 >
b0010000111010 A
1C
1D
#10845
0&
0C
0D
#10850
b00000000000000000000010000111101 "
b00000000000000000000010000111101 $
1&
b0010000111010 >
b0010000111011 A
1C
1D
#10855
0&
0C
0D
#10860
b00000000000000000000010000111110 "
b00000000000000000000010000111110 $
1&
b0010000111011 >
b0010000111100 A
1C
1D
#10865
0&
0C
0D
#10870
b00000000000000000000010000111111 "
b00000000000000000000010000111111 $
1&
b0010000111100 >
b0010000111101 A
1C
1D
#10875
0&
0C
0D
#10880
b00000000000000000000010001000000 "
b00000000000000000000010001000000 $
1&
b0010000111101 >
b0010000111110 A
1C
1D
#10885
0&
0C
0D
#10890
b00000000000000000000010001000001 "
b00000000000000000000010001000001 $
1&
b0010000111110 >
b0010000111111 A
1C
1D
#10895
0&
0C
0D
#10900
b00000000000000000000010001000010 "
b00000000000000000000010001000010 $
1&
b0010000111111 >
b0010001000000 A
1C
1D
#10905
0&
0C
0D
#10910
b00000000000000000000010001000011 "
b00000000000000000000010001000011 $
1&
b0010001000000 >
b0010001000001 A
1C
1D
#10915
0&
0C
0D
#10920
b00000000000000000000010001000100 "
b00000000000000000000010001000100 $
1&
b0010001000001 >
b0010001000010 A
1C
1D
#10925
0&
0C
0D
#10930
b00000000000000000000010001000101 "
b00000000000000000000010001000101 $
1&
b0010001000010 >
b0010001000011 A
1C
1D
#10935
0&
0C
0D
#10940
b00000000000000000000010001000110 "
b00000000000000000000010001000110 $
1&
b0010001000011 >
b0010001000100 A
1C
1D
#10945
0&
0C
0D
#10950
b00000000000000000000010001000111 "
b00000000000000000000010001000111 $
1&
b0010001000100 >
b0010001000101 A
1C
1D
#10955
0&
0C
0D
#10960
b00000000000000000000010001001000 "
b00000000000000000000010001001000 $
1&
b0010001000101 >
b0010001000110 A
1C
1D
#10965
0&
0C
0D
#10970
b00000000000000000000010001001001 "
b00000000000000000000010001001001 $
1&
b0010001000110 >
b0010001000111 A
1C
1D
#10975
0&
0C
0D
#10980
b00000000000000000000010001001010 "
b00000000000000000000010001001010 $
1&
b0010001000111 >
b0010001001000 A
1C
1D
#10985
0&
0C
0D
#10990
b00000000000000000000010001001011 "
b00000000000000000000010001001011 $
1&
b0010001001000 >
b0010001001001 A
1C
1D
#10995
0&
0C
0D
#11000
b00000000000000000000010001001100 "
b00000000000000000000010001001100 $
1&
b0010001001001 >
b0010001001010 A
1C
1D
#11005
0&
0C
0D
#11010
b00000000000000000000010001001101 "
b00000000000000000000010001001101 $
1&
b0010001001010 >
b0010001001011 A
1C
1D
#11015
0&
0C
0D
#11020
b00000000000000000000010001001110 "
b00000000000000000000010001001110 $
1&
b0010001001011 >
b0010001001100 A
1C
1D
#11025
0&
0C
0D
#11030
b00000000000000000000010001001111 "
b00000000000000000000010001001111 $
1&
b0010001001100 >
b0010001001101 A
1C
1D
#11035
0&
0C
0D
#11040
b00000000000000000000010001010000 "
b00000000000000000000010001010000 $
1&
b0010001001101 >
b0010001001110 A
1C
1D
#11045
0&
0C
0D
#11050
b00000000000000000000010001010001 "
b00000000000000000000010001010001 $
1&
b0010001001110 >
b0010001001111 A
1C
1D
#11055
0&
0C
0D
#11060
b00000000000000000000010001010010 "
b00000000000000000000010001010010 $
1&
b0010001001111 >
b0010001010000 A
1C
1D
#11065
0&
0C
0D
#11070
b00000000000000000000010001010011 "
b00000000000000000000010001010011 $
1&
b0010001010000 >
b0010001010001 A
1C
1D
#11075
0&
0C
0D
#11080
b00000000000000000000010001010100 "
b00000000000000000000010001010100 $
1&
b0010001010001 >
b0010001010010 A
1C
1D
#11085
0&
0C
0D
#11090
b00000000000000000000010001010101 "
b00000000000000000000010001010101 $
1&
b0010001010010 >
b0010001010011 A
1C
1D
#11095
0&
0C
0D
#11100
b00000000000000000000010001010110 "
b00000000000000000000010001010110 $
1&
b0010001010011 >
b0010001010100 A
1C
1D
#11105
0&
0C
0D
#11110
b00000000000000000000010001010111 "
b00000000000000000000010001010111 $
1&
b0010001010100 >
b0010001010101 A
1C
1D
#11115
0&
0C
0D
#11120
b00000000000000000000010001011000 "
b00000000000000000000010001011000 $
1&
b0010001010101 >
b0010001010110 A
1C
1D
#11125
0&
0C
0D
#11130
b00000000000000000000010001011001 "
b00000000000000000000010001011001 $
1&
b0010001010110 >
b0010001010111 A
1C
1D
#11135
0&
0C
0D
#11140
b00000000000000000000010001011010 "
b00000000000000000000010001011010 $
1&
b0010001010111 >
b0010001011000 A
1C
1D
#11145
0&
0C
0D
#11150
b00000000000000000000010001011011 "
b00000000000000000000010001011011 $
1&
b0010001011000 >
b0010001011001 A
1C
1D
#11155
0&
0C
0D
#11160
b00000000000000000000010001011100 "
b00000000000000000000010001011100 $
1&
b0010001011001 >
b0010001011010 A
1C
1D
#11165
0&
0C
0D
#11170
b00000000000000000000010001011101 "
b00000000000000000000010001011101 $
1&
b0010001011010 >
b0010001011011 A
1C
1D
#11175
0&
0C
0D
#11180
b00000000000000000000010001011110 "
b00000000000000000000010001011110 $
1&
b0010001011011 >
b0010001011100 A
1C
1D
#11185
0&
0C
0D
#11190
b00000000000000000000010001011111 "
b00000000000000000000010001011111 $
1&
b0010001011100 >
b0010001011101 A
1C
1D
#11195
0&
0C
0D
#11200
b00000000000000000000010001100000 "
b00000000000000000000010001100000 $
1&
b0010001011101 >
b0010001011110 A
1C
1D
#11205
0&
0C
0D
#11210
b00000000000000000000010001100001 "
b00000000000000000000010001100001 $
1&
b0010001011110 >
b0010001011111 A
1C
1D
#11215
0&
0C
0D
#11220
b00000000000000000000010001100010 "
b00000000000000000000010001100010 $
1&
b0010001011111 >
b0010001100000 A
1C
1D
#11225
0&
0C
0D
#11230
b00000000000000000000010001100011 "
b00000000000000000000010001100011 $
1&
b0010001100000 >
b0010001100001 A
1C
1D
#11235
0&
0C
0D
#11240
b00000000000000000000010001100100 "
b00000000000000000000010001100100 $
1&
b0010001100001 >
b0010001100010 A
1C
1D
#11245
0&
0C
0D
#11250
b00000000000000000000010001100101 "
b00000000000000000000010001100101 $
1&
b0010001100010 >
b0010001100011 A
1C
1D
#11255
0&
0C
0D
#11260
b00000000000000000000010001100110 "
b00000000000000000000010001100110 $
1&
b0010001100011 >
b0010001100100 A
1C
1D
#11265
0&
0C
0D
#11270
b00000000000000000000010001100111 "
b00000000000000000000010001100111 $
1&
b0010001100100 >
b0010001100101 A
1C
1D
#11275
0&
0C
0D
#11280
b00000000000000000000010001101000 "
b00000000000000000000010001101000 $
1&
b0010001100101 >
b0010001100110 A
1C
1D
#11285
0&
0C
0D
#11290
b00000000000000000000010001101001 "
b00000000000000000000010001101001 $
1&
b0010001100110 >
b0010001100111 A
1C
1D
#11295
0&
0C
0D
#11300
b00000000000000000000010001101010 "
b00000000000000000000010001101010 $
1&
b0010001100111 >
b0010001101000 A
1C
1D
#11305
0&
0C
0D
#11310
b00000000000000000000010001101011 "
b00000000000000000000010001101011 $
1&
b0010001101000 >
b0010001101001 A
1C
1D
#11315
0&
0C
0D
#11320
b00000000000000000000010001101100 "
b00000000000000000000010001101100 $
1&
b0010001101001 >
b0010001101010 A
1C
1D
#11325
0&
0C
0D
#11330
b00000000000000000000010001101101 "
b00000000000000000000010001101101 $
1&
b0010001101010 >
b0010001101011 A
1C
1D
#11335
0&
0C
0D
#11340
b00000000000000000000010001101110 "
b00000000000000000000010001101110 $
1&
b0010001101011 >
b0010001101100 A
1C
1D
#11345
0&
0C
0D
#11350
b00000000000000000000010001101111 "
b00000000000000000000010001101111 $
1&
b0010001101100 >
b0010001101101 A
1C
1D
#11355
0&
0C
0D
#11360
b00000000000000000000010001110000 "
b00000000000000000000010001110000 $
1&
b0010001101101 >
b0010001101110 A
1C
1D
#11365
0&
0C
0D
#11370
b00000000000000000000010001110001 "
b00000000000000000000010001110001 $
1&
b0010001101110 >
b0010001101111 A
1C
1D
#11375
0&
0C
0D
#11380
b00000000000000000000010001110010 "
b00000000000000000000010001110010 $
1&
b0010001101111 >
b0010001110000 A
1C
1D
#11385
0&
0C
0D
#11390
b00000000000000000000010001110011 "
b00000000000000000000010001110011 $
1&
b0010001110000 >
b0010001110001 A
1C
1D
#11395
0&
0C
0D
#11400
b00000000000000000000010001110100 "
b00000000000000000000010001110100 $
1&
b0010001110001 >
b0010001110010 A
1C
1D
#11405
0&
0C
0D
#11410
b00000000000000000000010001110101 "
b00000000000000000000010001110101 $
1&
b0010001110010 >
b0010001110011 A
1C
1D
#11415
0&
0C
0D
#11420
b00000000000000000000010001110110 "
b00000000000000000000010001110110 $
1&
b0010001110011 >
b0010001110100 A
1C
1D
#11425
0&
0C
0D
#11430
b00000000000000000000010001110111 "
b00000000000000000000010001110111 $
1&
b0010001110100 >
b0010001110101 A
1C
1D
#11435
0&
0C
0D
#11440
b00000000000000000000010001111000 "
b00000000000000000000010001111000 $
1&
b0010001110101 >
b0010001110110 A
1C
1D
#11445
0&
0C
0D
#11450
b00000000000000000000010001111001 "
b00000000000000000000010001111001 $
1&
b0010001110110 >
b0010001110111 A
1C
1D
#11455
0&
0C
0D
#11460
b00000000000000000000010001111010 "
b00000000000000000000010001111010 $
1&
b0010001110111 >
b0010001111000 A
1C
1D
#11465
0&
0C
0D
#11470
b00000000000000000000010001111011 "
b00000000000000000000010001111011 $
1&
b0010001111000 >
b0010001111001 A
1C
1D
#11475
0&
0C
0D
#11480
b00000000000000000000010001111100 "
b00000000000000000000010001111100 $
1&
b0010001111001 >
b0010001111010 A
1C
1D
#11485
0&
0C
0D
#11490
b00000000000000000000010001111101 "
b00000000000000000000010001111101 $
1&
b0010001111010 >
b0010001111011 A
1C
1D
#11495
0&
0C
0D
#11500
b00000000000000000000010001111110 "
b00000000000000000000010001111110 $
1&
b0010001111011 >
b0010001111100 A
1C
1D
#11505
0&
0C
0D
#11510
b00000000000000000000010001111111 "
b00000000000000000000010001111111 $
1&
b0010001111100 >
b0010001111101 A
1C
1D
#11515
0&
0C
0D
#11520
b00000000000000000000010010000000 "
b00000000000000000000010010000000 $
1&
b0010001111101 >
b0010001111110 A
1C
1D
#11525
0&
0C
0D
#11530
b00000000000000000000010010000001 "
b00000000000000000000010010000001 $
1&
b0010001111110 >
b0010001111111 A
1C
1D
#11535
0&
0C
0D
#11540
b00000000000000000000010010000010 "
b00000000000000000000010010000010 $
1&
b0010001111111 >
b0010010000000 A
1C
1D
#11545
0&
0C
0D
#11550
b00000000000000000000010010000011 "
b00000000000000000000010010000011 $
1&
b0010010000000 >
b0010010000001 A
1C
1D
#11555
0&
0C
0D
#11560
b00000000000000000000010010000100 "
b00000000000000000000010010000100 $
1&
b0010010000001 >
b0010010000010 A
1C
1D
#11565
0&
0C
0D
#11570
b00000000000000000000010010000101 "
b00000000000000000000010010000101 $
1&
b0010010000010 >
b0010010000011 A
1C
1D
#11575
0&
0C
0D
#11580
b00000000000000000000010010000110 "
b00000000000000000000010010000110 $
1&
b0010010000011 >
b0010010000100 A
1C
1D
#11585
0&
0C
0D
#11590
b00000000000000000000010010000111 "
b00000000000000000000010010000111 $
1&
b0010010000100 >
b0010010000101 A
1C
1D
#11595
0&
0C
0D
#11600
b00000000000000000000010010001000 "
b00000000000000000000010010001000 $
1&
b0010010000101 >
b0010010000110 A
1C
1D
#11605
0&
0C
0D
#11610
b00000000000000000000010010001001 "
b00000000000000000000010010001001 $
1&
b0010010000110 >
b0010010000111 A
1C
1D
#11615
0&
0C
0D
#11620
b00000000000000000000010010001010 "
b00000000000000000000010010001010 $
1&
b0010010000111 >
b0010010001000 A
1C
1D
#11625
0&
0C
0D
#11630
b00000000000000000000010010001011 "
b00000000000000000000010010001011 $
1&
b0010010001000 >
b0010010001001 A
1C
1D
#11635
0&
0C
0D
#11640
b00000000000000000000010010001100 "
b00000000000000000000010010001100 $
1&
b0010010001001 >
b0010010001010 A
1C
1D
#11645
0&
0C
0D
#11650
b00000000000000000000010010001101 "
b00000000000000000000010010001101 $
1&
b0010010001010 >
b0010010001011 A
1C
1D
#11655
0&
0C
0D
#11660
b00000000000000000000010010001110 "
b00000000000000000000010010001110 $
1&
b0010010001011 >
b0010010001100 A
1C
1D
#11665
0&
0C
0D
#11670
b00000000000000000000010010001111 "
b00000000000000000000010010001111 $
1&
b0010010001100 >
b0010010001101 A
1C
1D
#11675
0&
0C
0D
#11680
b00000000000000000000010010010000 "
b00000000000000000000010010010000 $
1&
b0010010001101 >
b0010010001110 A
1C
1D
#11685
0&
0C
0D
#11690
b00000000000000000000010010010001 "
b00000000000000000000010010010001 $
1&
b0010010001110 >
b0010010001111 A
1C
1D
#11695
0&
0C
0D
#11700
b00000000000000000000010010010010 "
b00000000000000000000010010010010 $
1&
b0010010001111 >
b0010010010000 A
1C
1D
#11705
0&
0C
0D
#11710
b00000000000000000000010010010011 "
b00000000000000000000010010010011 $
1&
b0010010010000 >
b0010010010001 A
1C
1D
#11715
0&
0C
0D
#11720
b00000000000000000000010010010100 "
b00000000000000000000010010010100 $
1&
b0010010010001 >
b0010010010010 A
1C
1D
#11725
0&
0C
0D
#11730
b00000000000000000000010010010101 "
b00000000000000000000010010010101 $
1&
b0010010010010 >
b0010010010011 A
1C
1D
#11735
0&
0C
0D
#11740
b00000000000000000000010010010110 "
b00000000000000000000010010010110 $
1&
b0010010010011 >
b0010010010100 A
1C
1D
#11745
0&
0C
0D
#11750
b00000000000000000000010010010111 "
b00000000000000000000010010010111 $
1&
b0010010010100 >
b0010010010101 A
1C
1D
#11755
0&
0C
0D
#11760
b00000000000000000000010010011000 "
b00000000000000000000010010011000 $
1&
b0010010010101 >
b0010010010110 A
1C
1D
#11765
0&
0C
0D
#11770
b00000000000000000000010010011001 "
b00000000000000000000010010011001 $
1&
b0010010010110 >
b0010010010111 A
1C
1D
#11775
0&
0C
0D
#11780
b00000000000000000000010010011010 "
b00000000000000000000010010011010 $
1&
b0010010010111 >
b0010010011000 A
1C
1D
#11785
0&
0C
0D
#11790
b00000000000000000000010010011011 "
b00000000000000000000010010011011 $
1&
b0010010011000 >
b0010010011001 A
1C
1D
#11795
0&
0C
0D
#11800
b00000000000000000000010010011100 "
b00000000000000000000010010011100 $
1&
b0010010011001 >
b0010010011010 A
1C
1D
#11805
0&
0C
0D
#11810
b00000000000000000000010010011101 "
b00000000000000000000010010011101 $
1&
b0010010011010 >
b0010010011011 A
1C
1D
#11815
0&
0C
0D
#11820
b00000000000000000000010010011110 "
b00000000000000000000010010011110 $
1&
b0010010011011 >
b0010010011100 A
1C
1D
#11825
0&
0C
0D
#11830
b00000000000000000000010010011111 "
b00000000000000000000010010011111 $
1&
b0010010011100 >
b0010010011101 A
1C
1D
#11835
0&
0C
0D
#11840
b00000000000000000000010010100000 "
b00000000000000000000010010100000 $
1&
b0010010011101 >
b0010010011110 A
1C
1D
#11845
0&
0C
0D
#11850
b00000000000000000000010010100001 "
b00000000000000000000010010100001 $
1&
b0010010011110 >
b0010010011111 A
1C
1D
#11855
0&
0C
0D
#11860
b00000000000000000000010010100010 "
b00000000000000000000010010100010 $
1&
b0010010011111 >
b0010010100000 A
1C
1D
#11865
0&
0C
0D
#11870
b00000000000000000000010010100011 "
b00000000000000000000010010100011 $
1&
b0010010100000 >
b0010010100001 A
1C
1D
#11875
0&
0C
0D
#11880
b00000000000000000000010010100100 "
b00000000000000000000010010100100 $
1&
b0010010100001 >
b0010010100010 A
1C
1D
#11885
0&
0C
0D
#11890
b00000000000000000000010010100101 "
b00000000000000000000010010100101 $
1&
b0010010100010 >
b0010010100011 A
1C
1D
#11895
0&
0C
0D
#11900
b00000000000000000000010010100110 "
b00000000000000000000010010100110 $
1&
b0010010100011 >
b0010010100100 A
1C
1D
#11905
0&
0C
0D
#11910
b00000000000000000000010010100111 "
b00000000000000000000010010100111 $
1&
b0010010100100 >
b0010010100101 A
1C
1D
#11915
0&
0C
0D
#11920
b00000000000000000000010010101000 "
b00000000000000000000010010101000 $
1&
b0010010100101 >
b0010010100110 A
1C
1D
#11925
0&
0C
0D
#11930
b00000000000000000000010010101001 "
b00000000000000000000010010101001 $
1&
b0010010100110 >
b0010010100111 A
1C
1D
#11935
0&
0C
0D
#11940
b00000000000000000000010010101010 "
b00000000000000000000010010101010 $
1&
b0010010100111 >
b0010010101000 A
1C
1D
#11945
0&
0C
0D
#11950
b00000000000000000000010010101011 "
b00000000000000000000010010101011 $
1&
b0010010101000 >
b0010010101001 A
1C
1D
#11955
0&
0C
0D
#11960
b00000000000000000000010010101100 "
b00000000000000000000010010101100 $
1&
b0010010101001 >
b0010010101010 A
1C
1D
#11965
0&
0C
0D
#11970
b00000000000000000000010010101101 "
b00000000000000000000010010101101 $
1&
b0010010101010 >
b0010010101011 A
1C
1D
#11975
0&
0C
0D
#11980
b00000000000000000000010010101110 "
b00000000000000000000010010101110 $
1&
b0010010101011 >
b0010010101100 A
1C
1D
#11985
0&
0C
0D
#11990
b00000000000000000000010010101111 "
b00000000000000000000010010101111 $
1&
b0010010101100 >
b0010010101101 A
1C
1D
#11995
0&
0C
0D
#12000
b00000000000000000000010010110000 "
b00000000000000000000010010110000 $
1&
b0010010101101 >
b0010010101110 A
1C
1D
#12005
0&
0C
0D
#12010
b00000000000000000000010010110001 "
b00000000000000000000010010110001 $
1&
b0010010101110 >
b0010010101111 A
1C
1D
#12015
0&
0C
0D
#12020
b00000000000000000000010010110010 "
b00000000000000000000010010110010 $
1&
b0010010101111 >
b0010010110000 A
1C
1D
#12025
0&
0C
0D
#12030
b00000000000000000000010010110011 "
b00000000000000000000010010110011 $
1&
b0010010110000 >
b0010010110001 A
1C
1D
#12035
0&
0C
0D
#12040
b00000000000000000000010010110100 "
b00000000000000000000010010110100 $
1&
b0010010110001 >
b0010010110010 A
1C
1D
#12045
0&
0C
0D
#12050
b00000000000000000000010010110101 "
b00000000000000000000010010110101 $
1&
b0010010110010 >
b0010010110011 A
1C
1D
#12055
0&
0C
0D
#12060
b00000000000000000000010010110110 "
b00000000000000000000010010110110 $
1&
b0010010110011 >
b0010010110100 A
1C
1D
#12065
0&
0C
0D
#12070
b00000000000000000000010010110111 "
b00000000000000000000010010110111 $
1&
b0010010110100 >
b0010010110101 A
1C
1D
#12075
0&
0C
0D
#12080
b00000000000000000000010010111000 "
b00000000000000000000010010111000 $
1&
b0010010110101 >
b0010010110110 A
1C
1D
#12085
0&
0C
0D
#12090
b00000000000000000000010010111001 "
b00000000000000000000010010111001 $
1&
b0010010110110 >
b0010010110111 A
1C
1D
#12095
0&
0C
0D
#12100
b00000000000000000000010010111010 "
b00000000000000000000010010111010 $
1&
b0010010110111 >
b0010010111000 A
1C
1D
#12105
0&
0C
0D
#12110
b00000000000000000000010010111011 "
b00000000000000000000010010111011 $
1&
b0010010111000 >
b0010010111001 A
1C
1D
#12115
0&
0C
0D
#12120
b00000000000000000000010010111100 "
b00000000000000000000010010111100 $
1&
b0010010111001 >
b0010010111010 A
1C
1D
#12125
0&
0C
0D
#12130
b00000000000000000000010010111101 "
b00000000000000000000010010111101 $
1&
b0010010111010 >
b0010010111011 A
1C
1D
#12135
0&
0C
0D
#12140
b00000000000000000000010010111110 "
b00000000000000000000010010111110 $
1&
b0010010111011 >
b0010010111100 A
1C
1D
#12145
0&
0C
0D
#12150
b00000000000000000000010010111111 "
b00000000000000000000010010111111 $
1&
b0010010111100 >
b0010010111101 A
1C
1D
#12155
0&
0C
0D
#12160
b00000000000000000000010011000000 "
b00000000000000000000010011000000 $
1&
b0010010111101 >
b0010010111110 A
1C
1D
#12165
0&
0C
0D
#12170
b00000000000000000000010011000001 "
b00000000000000000000010011000001 $
1&
b0010010111110 >
b0010010111111 A
1C
1D
#12175
0&
0C
0D
#12180
b00000000000000000000010011000010 "
b00000000000000000000010011000010 $
1&
b0010010111111 >
b0010011000000 A
1C
1D
#12185
0&
0C
0D
#12190
b00000000000000000000010011000011 "
b00000000000000000000010011000011 $
1&
b0010011000000 >
b0010011000001 A
1C
1D
#12195
0&
0C
0D
#12200
b00000000000000000000010011000100 "
b00000000000000000000010011000100 $
1&
b0010011000001 >
b0010011000010 A
1C
1D
#12205
0&
0C
0D
#12210
b00000000000000000000010011000101 "
b00000000000000000000010011000101 $
1&
b0010011000010 >
b0010011000011 A
1C
1D
#12215
0&
0C
0D
#12220
b00000000000000000000010011000110 "
b00000000000000000000010011000110 $
1&
b0010011000011 >
b0010011000100 A
1C
1D
#12225
0&
0C
0D
#12230
b00000000000000000000010011000111 "
b00000000000000000000010011000111 $
1&
b0010011000100 >
b0010011000101 A
1C
1D
#12235
0&
0C
0D
#12240
b00000000000000000000010011001000 "
b00000000000000000000010011001000 $
1&
b0010011000101 >
b0010011000110 A
1C
1D
#12245
0&
0C
0D
#12250
b00000000000000000000010011001001 "
b00000000000000000000010011001001 $
1&
b0010011000110 >
b0010011000111 A
1C
1D
#12255
0&
0C
0D
#12260
b00000000000000000000010011001010 "
b00000000000000000000010011001010 $
1&
b0010011000111 >
b0010011001000 A
1C
1D
#12265
0&
0C
0D
#12270
b00000000000000000000010011001011 "
b00000000000000000000010011001011 $
1&
b0010011001000 >
b0010011001001 A
1C
1D
#12275
0&
0C
0D
#12280
b00000000000000000000010011001100 "
b00000000000000000000010011001100 $
1&
b0010011001001 >
b0010011001010 A
1C
1D
#12285
0&
0C
0D
#12290
b00000000000000000000010011001101 "
b00000000000000000000010011001101 $
1&
b0010011001010 >
b0010011001011 A
1C
1D
#12295
0&
0C
0D
#12300
b00000000000000000000010011001110 "
b00000000000000000000010011001110 $
1&
b0010011001011 >
b0010011001100 A
1C
1D
#12305
0&
0C
0D
#12310
b00000000000000000000010011001111 "
b00000000000000000000010011001111 $
1&
b0010011001100 >
b0010011001101 A
1C
1D
#12315
0&
0C
0D
#12320
b00000000000000000000010011010000 "
b00000000000000000000010011010000 $
1&
b0010011001101 >
b0010011001110 A
1C
1D
#12325
0&
0C
0D
#12330
b00000000000000000000010011010001 "
b00000000000000000000010011010001 $
1&
b0010011001110 >
b0010011001111 A
1C
1D
#12335
0&
0C
0D
#12340
b00000000000000000000010011010010 "
b00000000000000000000010011010010 $
1&
b0010011001111 >
b0010011010000 A
1C
1D
#12345
0&
0C
0D
#12350
b00000000000000000000010011010011 "
b00000000000000000000010011010011 $
1&
b0010011010000 >
b0010011010001 A
1C
1D
#12355
0&
0C
0D
#12360
b00000000000000000000010011010100 "
b00000000000000000000010011010100 $
1&
b0010011010001 >
b0010011010010 A
1C
1D
#12365
0&
0C
0D
#12370
b00000000000000000000010011010101 "
b00000000000000000000010011010101 $
1&
b0010011010010 >
b0010011010011 A
1C
1D
#12375
0&
0C
0D
#12380
b00000000000000000000010011010110 "
b00000000000000000000010011010110 $
1&
b0010011010011 >
b0010011010100 A
1C
1D
#12385
0&
0C
0D
#12390
b00000000000000000000010011010111 "
b00000000000000000000010011010111 $
1&
b0010011010100 >
b0010011010101 A
1C
1D
#12395
0&
0C
0D
#12400
b00000000000000000000010011011000 "
b00000000000000000000010011011000 $
1&
b0010011010101 >
b0010011010110 A
1C
1D
#12405
0&
0C
0D
#12410
b00000000000000000000010011011001 "
b00000000000000000000010011011001 $
1&
b0010011010110 >
b0010011010111 A
1C
1D
#12415
0&
0C
0D
#12420
b00000000000000000000010011011010 "
b00000000000000000000010011011010 $
1&
b0010011010111 >
b0010011011000 A
1C
1D
#12425
0&
0C
0D
#12430
b00000000000000000000010011011011 "
b00000000000000000000010011011011 $
1&
b0010011011000 >
b0010011011001 A
1C
1D
#12435
0&
0C
0D
#12440
b00000000000000000000010011011100 "
b00000000000000000000010011011100 $
1&
b0010011011001 >
b0010011011010 A
1C
1D
#12445
0&
0C
0D
#12450
b00000000000000000000010011011101 "
b00000000000000000000010011011101 $
1&
b0010011011010 >
b0010011011011 A
1C
1D
#12455
0&
0C
0D
#12460
b00000000000000000000010011011110 "
b00000000000000000000010011011110 $
1&
b0010011011011 >
b0010011011100 A
1C
1D
#12465
0&
0C
0D
#12470
b00000000000000000000010011011111 "
b00000000000000000000010011011111 $
1&
b0010011011100 >
b0010011011101 A
1C
1D
#12475
0&
0C
0D
#12480
b00000000000000000000010011100000 "
b00000000000000000000010011100000 $
1&
b0010011011101 >
b0010011011110 A
1C
1D
#12485
0&
0C
0D
#12490
b00000000000000000000010011100001 "
b00000000000000000000010011100001 $
1&
b0010011011110 >
b0010011011111 A
1C
1D
#12495
0&
0C
0D
#12500
b00000000000000000000010011100010 "
b00000000000000000000010011100010 $
1&
b0010011011111 >
b0010011100000 A
1C
1D
#12505
0&
0C
0D
#12510
b00000000000000000000010011100011 "
b00000000000000000000010011100011 $
1&
b0010011100000 >
b0010011100001 A
1C
1D
#12515
0&
0C
0D
#12520
b00000000000000000000010011100100 "
b00000000000000000000010011100100 $
1&
b0010011100001 >
b0010011100010 A
1C
1D
#12525
0&
0C
0D
#12530
b00000000000000000000010011100101 "
b00000000000000000000010011100101 $
1&
b0010011100010 >
b0010011100011 A
1C
1D
#12535
0&
0C
0D
#12540
b00000000000000000000010011100110 "
b00000000000000000000010011100110 $
1&
b0010011100011 >
b0010011100100 A
1C
1D
#12545
0&
0C
0D
#12550
b00000000000000000000010011100111 "
b00000000000000000000010011100111 $
1&
b0010011100100 >
b0010011100101 A
1C
1D
#12555
0&
0C
0D
#12560
b00000000000000000000010011101000 "
b00000000000000000000010011101000 $
1&
b0010011100101 >
b0010011100110 A
1C
1D
#12565
0&
0C
0D
#12570
b00000000000000000000010011101001 "
b00000000000000000000010011101001 $
1&
b0010011100110 >
b0010011100111 A
1C
1D
#12575
0&
0C
0D
#12580
b00000000000000000000010011101010 "
b00000000000000000000010011101010 $
1&
b0010011100111 >
b0010011101000 A
1C
1D
#12585
0&
0C
0D
#12590
b00000000000000000000010011101011 "
b00000000000000000000010011101011 $
1&
b0010011101000 >
b0010011101001 A
1C
1D
#12595
0&
0C
0D
#12600
b00000000000000000000010011101100 "
b00000000000000000000010011101100 $
1&
b0010011101001 >
b0010011101010 A
1C
1D
#12605
0&
0C
0D
#12610
b00000000000000000000010011101101 "
b00000000000000000000010011101101 $
1&
b0010011101010 >
b0010011101011 A
1C
1D
#12615
0&
0C
0D
#12620
b00000000000000000000010011101110 "
b00000000000000000000010011101110 $
1&
b0010011101011 >
b0010011101100 A
1C
1D
#12625
0&
0C
0D
#12630
b00000000000000000000010011101111 "
b00000000000000000000010011101111 $
1&
b0010011101100 >
b0010011101101 A
1C
1D
#12635
0&
0C
0D
#12640
b00000000000000000000010011110000 "
b00000000000000000000010011110000 $
1&
b0010011101101 >
b0010011101110 A
1C
1D
#12645
0&
0C
0D
#12650
b00000000000000000000010011110001 "
b00000000000000000000010011110001 $
1&
b0010011101110 >
b0010011101111 A
1C
1D
#12655
0&
0C
0D
#12660
b00000000000000000000010011110010 "
b00000000000000000000010011110010 $
1&
b0010011101111 >
b0010011110000 A
1C
1D
#12665
0&
0C
0D
#12670
b00000000000000000000010011110011 "
b00000000000000000000010011110011 $
1&
b0010011110000 >
b0010011110001 A
1C
1D
#12675
0&
0C
0D
#12680
b00000000000000000000010011110100 "
b00000000000000000000010011110100 $
1&
b0010011110001 >
b0010011110010 A
1C
1D
#12685
0&
0C
0D
#12690
b00000000000000000000010011110101 "
b00000000000000000000010011110101 $
1&
b0010011110010 >
b0010011110011 A
1C
1D
#12695
0&
0C
0D
#12700
b00000000000000000000010011110110 "
b00000000000000000000010011110110 $
1&
b0010011110011 >
b0010011110100 A
1C
1D
#12705
0&
0C
0D
#12710
b00000000000000000000010011110111 "
b00000000000000000000010011110111 $
1&
b0010011110100 >
b0010011110101 A
1C
1D
#12715
0&
0C
0D
#12720
b00000000000000000000010011111000 "
b00000000000000000000010011111000 $
1&
b0010011110101 >
b0010011110110 A
1C
1D
#12725
0&
0C
0D
#12730
b00000000000000000000010011111001 "
b00000000000000000000010011111001 $
1&
b0010011110110 >
b0010011110111 A
1C
1D
#12735
0&
0C
0D
#12740
b00000000000000000000010011111010 "
b00000000000000000000010011111010 $
1&
b0010011110111 >
b0010011111000 A
1C
1D
#12745
0&
0C
0D
#12750
b00000000000000000000010011111011 "
b00000000000000000000010011111011 $
1&
b0010011111000 >
b0010011111001 A
1C
1D
#12755
0&
0C
0D
#12760
b00000000000000000000010011111100 "
b00000000000000000000010011111100 $
1&
b0010011111001 >
b0010011111010 A
1C
1D
#12765
0&
0C
0D
#12770
b00000000000000000000010011111101 "
b00000000000000000000010011111101 $
1&
b0010011111010 >
b0010011111011 A
1C
1D
#12775
0&
0C
0D
#12780
b00000000000000000000010011111110 "
b00000000000000000000010011111110 $
1&
b0010011111011 >
b0010011111100 A
1C
1D
#12785
0&
0C
0D
#12790
b00000000000000000000010011111111 "
b00000000000000000000010011111111 $
1&
b0010011111100 >
b0010011111101 A
1C
1D
#12795
0&
0C
0D
#12800
b00000000000000000000010100000000 "
b00000000000000000000010100000000 $
1&
b0010011111101 >
b0010011111110 A
1C
1D
#12805
0&
0C
0D
#12810
b00000000000000000000010100000001 "
b00000000000000000000010100000001 $
1&
b0010011111110 >
b0010011111111 A
1C
1D
#12815
0&
0C
0D
#12820
b00000000000000000000010100000010 "
b00000000000000000000010100000010 $
1&
b0010011111111 >
b0010100000000 A
1C
1D
#12825
0&
0C
0D
#12830
b00000000000000000000010100000011 "
b00000000000000000000010100000011 $
1&
b0010100000000 >
b0010100000001 A
1C
1D
#12835
0&
0C
0D
#12840
b00000000000000000000010100000100 "
b00000000000000000000010100000100 $
1&
b0010100000001 >
b0010100000010 A
1C
1D
#12845
0&
0C
0D
#12850
b00000000000000000000010100000101 "
b00000000000000000000010100000101 $
1&
b0010100000010 >
b0010100000011 A
1C
1D
#12855
0&
0C
0D
#12860
b00000000000000000000010100000110 "
b00000000000000000000010100000110 $
1&
b0010100000011 >
b0010100000100 A
1C
1D
#12865
0&
0C
0D
#12870
b00000000000000000000010100000111 "
b00000000000000000000010100000111 $
1&
b0010100000100 >
b0010100000101 A
1C
1D
#12875
0&
0C
0D
#12880
b00000000000000000000010100001000 "
b00000000000000000000010100001000 $
1&
b0010100000101 >
b0010100000110 A
1C
1D
#12885
0&
0C
0D
#12890
b00000000000000000000010100001001 "
b00000000000000000000010100001001 $
1&
b0010100000110 >
b0010100000111 A
1C
1D
#12895
0&
0C
0D
#12900
b00000000000000000000010100001010 "
b00000000000000000000010100001010 $
1&
b0010100000111 >
b0010100001000 A
1C
1D
#12905
0&
0C
0D
#12910
b00000000000000000000010100001011 "
b00000000000000000000010100001011 $
1&
b0010100001000 >
b0010100001001 A
1C
1D
#12915
0&
0C
0D
#12920
b00000000000000000000010100001100 "
b00000000000000000000010100001100 $
1&
b0010100001001 >
b0010100001010 A
1C
1D
#12925
0&
0C
0D
#12930
b00000000000000000000010100001101 "
b00000000000000000000010100001101 $
1&
b0010100001010 >
b0010100001011 A
1C
1D
#12935
0&
0C
0D
#12940
b00000000000000000000010100001110 "
b00000000000000000000010100001110 $
1&
b0010100001011 >
b0010100001100 A
1C
1D
#12945
0&
0C
0D
#12950
b00000000000000000000010100001111 "
b00000000000000000000010100001111 $
1&
b0010100001100 >
b0010100001101 A
1C
1D
#12955
0&
0C
0D
#12960
b00000000000000000000010100010000 "
b00000000000000000000010100010000 $
1&
b0010100001101 >
b0010100001110 A
1C
1D
#12965
0&
0C
0D
#12970
b00000000000000000000010100010001 "
b00000000000000000000010100010001 $
1&
b0010100001110 >
b0010100001111 A
1C
1D
#12975
0&
0C
0D
#12980
b00000000000000000000010100010010 "
b00000000000000000000010100010010 $
1&
b0010100001111 >
b0010100010000 A
1C
1D
#12985
0&
0C
0D
#12990
b00000000000000000000010100010011 "
b00000000000000000000010100010011 $
1&
b0010100010000 >
b0010100010001 A
1C
1D
#12995
0&
0C
0D
#13000
b00000000000000000000010100010100 "
b00000000000000000000010100010100 $
1&
b0010100010001 >
b0010100010010 A
1C
1D
#13005
0&
0C
0D
#13010
b00000000000000000000010100010101 "
b00000000000000000000010100010101 $
1&
b0010100010010 >
b0010100010011 A
1C
1D
#13015
0&
0C
0D
#13020
b00000000000000000000010100010110 "
b00000000000000000000010100010110 $
1&
b0010100010011 >
b0010100010100 A
1C
1D
#13025
0&
0C
0D
#13030
b00000000000000000000010100010111 "
b00000000000000000000010100010111 $
1&
b0010100010100 >
b0010100010101 A
1C
1D
#13035
0&
0C
0D
#13040
b00000000000000000000010100011000 "
b00000000000000000000010100011000 $
1&
b0010100010101 >
b0010100010110 A
1C
1D
#13045
0&
0C
0D
#13050
b00000000000000000000010100011001 "
b00000000000000000000010100011001 $
1&
b0010100010110 >
b0010100010111 A
1C
1D
#13055
0&
0C
0D
#13060
b00000000000000000000010100011010 "
b00000000000000000000010100011010 $
1&
b0010100010111 >
b0010100011000 A
1C
1D
#13065
0&
0C
0D
#13070
b00000000000000000000010100011011 "
b00000000000000000000010100011011 $
1&
b0010100011000 >
b0010100011001 A
1C
1D
#13075
0&
0C
0D
#13080
b00000000000000000000010100011100 "
b00000000000000000000010100011100 $
1&
b0010100011001 >
b0010100011010 A
1C
1D
#13085
0&
0C
0D
#13090
b00000000000000000000010100011101 "
b00000000000000000000010100011101 $
1&
b0010100011010 >
b0010100011011 A
1C
1D
#13095
0&
0C
0D
#13100
b00000000000000000000010100011110 "
b00000000000000000000010100011110 $
1&
b0010100011011 >
b0010100011100 A
1C
1D
#13105
0&
0C
0D
#13110
b00000000000000000000010100011111 "
b00000000000000000000010100011111 $
1&
b0010100011100 >
b0010100011101 A
1C
1D
#13115
0&
0C
0D
#13120
b00000000000000000000010100100000 "
b00000000000000000000010100100000 $
1&
b0010100011101 >
b0010100011110 A
1C
1D
#13125
0&
0C
0D
#13130
b00000000000000000000010100100001 "
b00000000000000000000010100100001 $
1&
b0010100011110 >
b0010100011111 A
1C
1D
#13135
0&
0C
0D
#13140
b00000000000000000000010100100010 "
b00000000000000000000010100100010 $
1&
b0010100011111 >
b0010100100000 A
1C
1D
#13145
0&
0C
0D
#13150
b00000000000000000000010100100011 "
b00000000000000000000010100100011 $
1&
b0010100100000 >
b0010100100001 A
1C
1D
#13155
0&
0C
0D
#13160
b00000000000000000000010100100100 "
b00000000000000000000010100100100 $
1&
b0010100100001 >
b0010100100010 A
1C
1D
#13165
0&
0C
0D
#13170
b00000000000000000000010100100101 "
b00000000000000000000010100100101 $
1&
b0010100100010 >
b0010100100011 A
1C
1D
#13175
0&
0C
0D
#13180
b00000000000000000000010100100110 "
b00000000000000000000010100100110 $
1&
b0010100100011 >
b0010100100100 A
1C
1D
#13185
0&
0C
0D
#13190
b00000000000000000000010100100111 "
b00000000000000000000010100100111 $
1&
b0010100100100 >
b0010100100101 A
1C
1D
#13195
0&
0C
0D
#13200
b00000000000000000000010100101000 "
b00000000000000000000010100101000 $
1&
b0010100100101 >
b0010100100110 A
1C
1D
#13205
0&
0C
0D
#13210
b00000000000000000000010100101001 "
b00000000000000000000010100101001 $
1&
b0010100100110 >
b0010100100111 A
1C
1D
#13215
0&
0C
0D
#13220
b00000000000000000000010100101010 "
b00000000000000000000010100101010 $
1&
b0010100100111 >
b0010100101000 A
1C
1D
#13225
0&
0C
0D
#13230
b00000000000000000000010100101011 "
b00000000000000000000010100101011 $
1&
b0010100101000 >
b0010100101001 A
1C
1D
#13235
0&
0C
0D
#13240
b00000000000000000000010100101100 "
b00000000000000000000010100101100 $
1&
b0010100101001 >
b0010100101010 A
1C
1D
#13245
0&
0C
0D
#13250
b00000000000000000000010100101101 "
b00000000000000000000010100101101 $
1&
b0010100101010 >
b0010100101011 A
1C
1D
#13255
0&
0C
0D
#13260
b00000000000000000000010100101110 "
b00000000000000000000010100101110 $
1&
b0010100101011 >
b0010100101100 A
1C
1D
#13265
0&
0C
0D
#13270
b00000000000000000000010100101111 "
b00000000000000000000010100101111 $
1&
b0010100101100 >
b0010100101101 A
1C
1D
#13275
0&
0C
0D
#13280
b00000000000000000000010100110000 "
b00000000000000000000010100110000 $
1&
b0010100101101 >
b0010100101110 A
1C
1D
#13285
0&
0C
0D
#13290
b00000000000000000000010100110001 "
b00000000000000000000010100110001 $
1&
b0010100101110 >
b0010100101111 A
1C
1D
#13295
0&
0C
0D
#13300
b00000000000000000000010100110010 "
b00000000000000000000010100110010 $
1&
b0010100101111 >
b0010100110000 A
1C
1D
#13305
0&
0C
0D
#13310
b00000000000000000000010100110011 "
b00000000000000000000010100110011 $
1&
b0010100110000 >
b0010100110001 A
1C
1D
#13315
0&
0C
0D
#13320
b00000000000000000000010100110100 "
b00000000000000000000010100110100 $
1&
b0010100110001 >
b0010100110010 A
1C
1D
#13325
0&
0C
0D
#13330
b00000000000000000000010100110101 "
b00000000000000000000010100110101 $
1&
b0010100110010 >
b0010100110011 A
1C
1D
#13335
0&
0C
0D
#13340
b00000000000000000000010100110110 "
b00000000000000000000010100110110 $
1&
b0010100110011 >
b0010100110100 A
1C
1D
#13345
0&
0C
0D
#13350
b00000000000000000000010100110111 "
b00000000000000000000010100110111 $
1&
b0010100110100 >
b0010100110101 A
1C
1D
#13355
0&
0C
0D
#13360
b00000000000000000000010100111000 "
b00000000000000000000010100111000 $
1&
b0010100110101 >
b0010100110110 A
1C
1D
#13365
0&
0C
0D
#13370
b00000000000000000000010100111001 "
b00000000000000000000010100111001 $
1&
b0010100110110 >
b0010100110111 A
1C
1D
#13375
0&
0C
0D
#13380
b00000000000000000000010100111010 "
b00000000000000000000010100111010 $
1&
b0010100110111 >
b0010100111000 A
1C
1D
#13385
0&
0C
0D
#13390
b00000000000000000000010100111011 "
b00000000000000000000010100111011 $
1&
b0010100111000 >
b0010100111001 A
1C
1D
#13395
0&
0C
0D
#13400
b00000000000000000000010100111100 "
b00000000000000000000010100111100 $
1&
b0010100111001 >
b0010100111010 A
1C
1D
#13405
0&
0C
0D
#13410
b00000000000000000000010100111101 "
b00000000000000000000010100111101 $
1&
b0010100111010 >
b0010100111011 A
1C
1D
#13415
0&
0C
0D
#13420
b00000000000000000000010100111110 "
b00000000000000000000010100111110 $
1&
b0010100111011 >
b0010100111100 A
1C
1D
#13425
0&
0C
0D
#13430
b00000000000000000000010100111111 "
b00000000000000000000010100111111 $
1&
b0010100111100 >
b0010100111101 A
1C
1D
#13435
0&
0C
0D
#13440
b00000000000000000000010101000000 "
b00000000000000000000010101000000 $
1&
b0010100111101 >
b0010100111110 A
1C
1D
#13445
0&
0C
0D
#13450
b00000000000000000000010101000001 "
b00000000000000000000010101000001 $
1&
b0010100111110 >
b0010100111111 A
1C
1D
#13455
0&
0C
0D
#13460
b00000000000000000000010101000010 "
b00000000000000000000010101000010 $
1&
b0010100111111 >
b0010101000000 A
1C
1D
#13465
0&
0C
0D
#13470
b00000000000000000000010101000011 "
b00000000000000000000010101000011 $
1&
b0010101000000 >
b0010101000001 A
1C
1D
#13475
0&
0C
0D
#13480
b00000000000000000000010101000100 "
b00000000000000000000010101000100 $
1&
b0010101000001 >
b0010101000010 A
1C
1D
#13485
0&
0C
0D
#13490
b00000000000000000000010101000101 "
b00000000000000000000010101000101 $
1&
b0010101000010 >
b0010101000011 A
1C
1D
#13495
0&
0C
0D
#13500
b00000000000000000000010101000110 "
b00000000000000000000010101000110 $
1&
b0010101000011 >
b0010101000100 A
1C
1D
#13505
0&
0C
0D
#13510
b00000000000000000000010101000111 "
b00000000000000000000010101000111 $
1&
b0010101000100 >
b0010101000101 A
1C
1D
#13515
0&
0C
0D
#13520
b00000000000000000000010101001000 "
b00000000000000000000010101001000 $
1&
b0010101000101 >
b0010101000110 A
1C
1D
#13525
0&
0C
0D
#13530
b00000000000000000000010101001001 "
b00000000000000000000010101001001 $
1&
b0010101000110 >
b0010101000111 A
1C
1D
#13535
0&
0C
0D
#13540
b00000000000000000000010101001010 "
b00000000000000000000010101001010 $
1&
b0010101000111 >
b0010101001000 A
1C
1D
#13545
0&
0C
0D
#13550
b00000000000000000000010101001011 "
b00000000000000000000010101001011 $
1&
b0010101001000 >
b0010101001001 A
1C
1D
#13555
0&
0C
0D
#13560
b00000000000000000000010101001100 "
b00000000000000000000010101001100 $
1&
b0010101001001 >
b0010101001010 A
1C
1D
#13565
0&
0C
0D
#13570
b00000000000000000000010101001101 "
b00000000000000000000010101001101 $
1&
b0010101001010 >
b0010101001011 A
1C
1D
#13575
0&
0C
0D
#13580
b00000000000000000000010101001110 "
b00000000000000000000010101001110 $
1&
b0010101001011 >
b0010101001100 A
1C
1D
#13585
0&
0C
0D
#13590
b00000000000000000000010101001111 "
b00000000000000000000010101001111 $
1&
b0010101001100 >
b0010101001101 A
1C
1D
#13595
0&
0C
0D
#13600
b00000000000000000000010101010000 "
b00000000000000000000010101010000 $
1&
b0010101001101 >
b0010101001110 A
1C
1D
#13605
0&
0C
0D
#13610
b00000000000000000000010101010001 "
b00000000000000000000010101010001 $
1&
b0010101001110 >
b0010101001111 A
1C
1D
#13615
0&
0C
0D
#13620
b00000000000000000000010101010010 "
b00000000000000000000010101010010 $
1&
b0010101001111 >
b0010101010000 A
1C
1D
#13625
0&
0C
0D
#13630
b00000000000000000000010101010011 "
b00000000000000000000010101010011 $
1&
b0010101010000 >
b0010101010001 A
1C
1D
#13635
0&
0C
0D
#13640
b00000000000000000000010101010100 "
b00000000000000000000010101010100 $
1&
b0010101010001 >
b0010101010010 A
1C
1D
#13645
0&
0C
0D
#13650
b00000000000000000000010101010101 "
b00000000000000000000010101010101 $
1&
b0010101010010 >
b0010101010011 A
1C
1D
#13655
0&
0C
0D
#13660
b00000000000000000000010101010110 "
b00000000000000000000010101010110 $
1&
b0010101010011 >
b0010101010100 A
1C
1D
#13665
0&
0C
0D
#13670
b00000000000000000000010101010111 "
b00000000000000000000010101010111 $
1&
b0010101010100 >
b0010101010101 A
1C
1D
#13675
0&
0C
0D
#13680
b00000000000000000000010101011000 "
b00000000000000000000010101011000 $
1&
b0010101010101 >
b0010101010110 A
1C
1D
#13685
0&
0C
0D
#13690
b00000000000000000000010101011001 "
b00000000000000000000010101011001 $
1&
b0010101010110 >
b0010101010111 A
1C
1D
#13695
0&
0C
0D
#13700
b00000000000000000000010101011010 "
b00000000000000000000010101011010 $
1&
b0010101010111 >
b0010101011000 A
1C
1D
#13705
0&
0C
0D
#13710
b00000000000000000000010101011011 "
b00000000000000000000010101011011 $
1&
b0010101011000 >
b0010101011001 A
1C
1D
#13715
0&
0C
0D
#13720
b00000000000000000000010101011100 "
b00000000000000000000010101011100 $
1&
b0010101011001 >
b0010101011010 A
1C
1D
#13725
0&
0C
0D
#13730
b00000000000000000000010101011101 "
b00000000000000000000010101011101 $
1&
b0010101011010 >
b0010101011011 A
1C
1D
#13735
0&
0C
0D
#13740
b00000000000000000000010101011110 "
b00000000000000000000010101011110 $
1&
b0010101011011 >
b0010101011100 A
1C
1D
#13745
0&
0C
0D
#13750
b00000000000000000000010101011111 "
b00000000000000000000010101011111 $
1&
b0010101011100 >
b0010101011101 A
1C
1D
#13755
0&
0C
0D
#13760
b00000000000000000000010101100000 "
b00000000000000000000010101100000 $
1&
b0010101011101 >
b0010101011110 A
1C
1D
#13765
0&
0C
0D
#13770
b00000000000000000000010101100001 "
b00000000000000000000010101100001 $
1&
b0010101011110 >
b0010101011111 A
1C
1D
#13775
0&
0C
0D
#13780
b00000000000000000000010101100010 "
b00000000000000000000010101100010 $
1&
b0010101011111 >
b0010101100000 A
1C
1D
#13785
0&
0C
0D
#13790
b00000000000000000000010101100011 "
b00000000000000000000010101100011 $
1&
b0010101100000 >
b0010101100001 A
1C
1D
#13795
0&
0C
0D
#13800
b00000000000000000000010101100100 "
b00000000000000000000010101100100 $
1&
b0010101100001 >
b0010101100010 A
1C
1D
#13805
0&
0C
0D
#13810
b00000000000000000000010101100101 "
b00000000000000000000010101100101 $
1&
b0010101100010 >
b0010101100011 A
1C
1D
#13815
0&
0C
0D
#13820
b00000000000000000000010101100110 "
b00000000000000000000010101100110 $
1&
b0010101100011 >
b0010101100100 A
1C
1D
#13825
0&
0C
0D
#13830
b00000000000000000000010101100111 "
b00000000000000000000010101100111 $
1&
b0010101100100 >
b0010101100101 A
1C
1D
#13835
0&
0C
0D
#13840
b00000000000000000000010101101000 "
b00000000000000000000010101101000 $
1&
b0010101100101 >
b0010101100110 A
1C
1D
#13845
0&
0C
0D
#13850
b00000000000000000000010101101001 "
b00000000000000000000010101101001 $
1&
b0010101100110 >
b0010101100111 A
1C
1D
#13855
0&
0C
0D
#13860
b00000000000000000000010101101010 "
b00000000000000000000010101101010 $
1&
b0010101100111 >
b0010101101000 A
1C
1D
#13865
0&
0C
0D
#13870
b00000000000000000000010101101011 "
b00000000000000000000010101101011 $
1&
b0010101101000 >
b0010101101001 A
1C
1D
#13875
0&
0C
0D
#13880
b00000000000000000000010101101100 "
b00000000000000000000010101101100 $
1&
b0010101101001 >
b0010101101010 A
1C
1D
#13885
0&
0C
0D
#13890
b00000000000000000000010101101101 "
b00000000000000000000010101101101 $
1&
b0010101101010 >
b0010101101011 A
1C
1D
#13895
0&
0C
0D
#13900
b00000000000000000000010101101110 "
b00000000000000000000010101101110 $
1&
b0010101101011 >
b0010101101100 A
1C
1D
#13905
0&
0C
0D
#13910
b00000000000000000000010101101111 "
b00000000000000000000010101101111 $
1&
b0010101101100 >
b0010101101101 A
1C
1D
#13915
0&
0C
0D
#13920
b00000000000000000000010101110000 "
b00000000000000000000010101110000 $
1&
b0010101101101 >
b0010101101110 A
1C
1D
#13925
0&
0C
0D
#13930
b00000000000000000000010101110001 "
b00000000000000000000010101110001 $
1&
b0010101101110 >
b0010101101111 A
1C
1D
#13935
0&
0C
0D
#13940
b00000000000000000000010101110010 "
b00000000000000000000010101110010 $
1&
b0010101101111 >
b0010101110000 A
1C
1D
#13945
0&
0C
0D
#13950
b00000000000000000000010101110011 "
b00000000000000000000010101110011 $
1&
b0010101110000 >
b0010101110001 A
1C
1D
#13955
0&
0C
0D
#13960
b00000000000000000000010101110100 "
b00000000000000000000010101110100 $
1&
b0010101110001 >
b0010101110010 A
1C
1D
#13965
0&
0C
0D
#13970
b00000000000000000000010101110101 "
b00000000000000000000010101110101 $
1&
b0010101110010 >
b0010101110011 A
1C
1D
#13975
0&
0C
0D
#13980
b00000000000000000000010101110110 "
b00000000000000000000010101110110 $
1&
b0010101110011 >
b0010101110100 A
1C
1D
#13985
0&
0C
0D
#13990
b00000000000000000000010101110111 "
b00000000000000000000010101110111 $
1&
b0010101110100 >
b0010101110101 A
1C
1D
#13995
0&
0C
0D
#14000
b00000000000000000000010101111000 "
b00000000000000000000010101111000 $
1&
b0010101110101 >
b0010101110110 A
1C
1D
#14005
0&
0C
0D
#14010
b00000000000000000000010101111001 "
b00000000000000000000010101111001 $
1&
b0010101110110 >
b0010101110111 A
1C
1D
#14015
0&
0C
0D
#14020
b00000000000000000000010101111010 "
b00000000000000000000010101111010 $
1&
b0010101110111 >
b0010101111000 A
1C
1D
#14025
0&
0C
0D
#14030
b00000000000000000000010101111011 "
b00000000000000000000010101111011 $
1&
b0010101111000 >
b0010101111001 A
1C
1D
#14035
0&
0C
0D
#14040
b00000000000000000000010101111100 "
b00000000000000000000010101111100 $
1&
b0010101111001 >
b0010101111010 A
1C
1D
#14045
0&
0C
0D
#14050
b00000000000000000000010101111101 "
b00000000000000000000010101111101 $
1&
b0010101111010 >
b0010101111011 A
1C
1D
#14055
0&
0C
0D
#14060
b00000000000000000000010101111110 "
b00000000000000000000010101111110 $
1&
b0010101111011 >
b0010101111100 A
1C
1D
#14065
0&
0C
0D
#14070
b00000000000000000000010101111111 "
b00000000000000000000010101111111 $
1&
b0010101111100 >
b0010101111101 A
1C
1D
#14075
0&
0C
0D
#14080
b00000000000000000000010110000000 "
b00000000000000000000010110000000 $
1&
b0010101111101 >
b0010101111110 A
1C
1D
#14085
0&
0C
0D
#14090
b00000000000000000000010110000001 "
b00000000000000000000010110000001 $
1&
b0010101111110 >
b0010101111111 A
1C
1D
#14095
0&
0C
0D
#14100
b00000000000000000000010110000010 "
b00000000000000000000010110000010 $
1&
b0010101111111 >
b0010110000000 A
1C
1D
#14105
0&
0C
0D
#14110
b00000000000000000000010110000011 "
b00000000000000000000010110000011 $
1&
b0010110000000 >
b0010110000001 A
1C
1D
#14115
0&
0C
0D
#14120
b00000000000000000000010110000100 "
b00000000000000000000010110000100 $
1&
b0010110000001 >
b0010110000010 A
1C
1D
#14125
0&
0C
0D
#14130
b00000000000000000000010110000101 "
b00000000000000000000010110000101 $
1&
b0010110000010 >
b0010110000011 A
1C
1D
#14135
0&
0C
0D
#14140
b00000000000000000000010110000110 "
b00000000000000000000010110000110 $
1&
b0010110000011 >
b0010110000100 A
1C
1D
#14145
0&
0C
0D
#14150
b00000000000000000000010110000111 "
b00000000000000000000010110000111 $
1&
b0010110000100 >
b0010110000101 A
1C
1D
#14155
0&
0C
0D
#14160
b00000000000000000000010110001000 "
b00000000000000000000010110001000 $
1&
b0010110000101 >
b0010110000110 A
1C
1D
#14165
0&
0C
0D
#14170
b00000000000000000000010110001001 "
b00000000000000000000010110001001 $
1&
b0010110000110 >
b0010110000111 A
1C
1D
#14175
0&
0C
0D
#14180
b00000000000000000000010110001010 "
b00000000000000000000010110001010 $
1&
b0010110000111 >
b0010110001000 A
1C
1D
#14185
0&
0C
0D
#14190
b00000000000000000000010110001011 "
b00000000000000000000010110001011 $
1&
b0010110001000 >
b0010110001001 A
1C
1D
#14195
0&
0C
0D
#14200
b00000000000000000000010110001100 "
b00000000000000000000010110001100 $
1&
b0010110001001 >
b0010110001010 A
1C
1D
#14205
0&
0C
0D
#14210
b00000000000000000000010110001101 "
b00000000000000000000010110001101 $
1&
b0010110001010 >
b0010110001011 A
1C
1D
#14215
0&
0C
0D
#14220
b00000000000000000000010110001110 "
b00000000000000000000010110001110 $
1&
b0010110001011 >
b0010110001100 A
1C
1D
#14225
0&
0C
0D
#14230
b00000000000000000000010110001111 "
b00000000000000000000010110001111 $
1&
b0010110001100 >
b0010110001101 A
1C
1D
#14235
0&
0C
0D
#14240
b00000000000000000000010110010000 "
b00000000000000000000010110010000 $
1&
b0010110001101 >
b0010110001110 A
1C
1D
#14245
0&
0C
0D
#14250
b00000000000000000000010110010001 "
b00000000000000000000010110010001 $
1&
b0010110001110 >
b0010110001111 A
1C
1D
#14255
0&
0C
0D
#14260
b00000000000000000000010110010010 "
b00000000000000000000010110010010 $
1&
b0010110001111 >
b0010110010000 A
1C
1D
#14265
0&
0C
0D
#14270
b00000000000000000000010110010011 "
b00000000000000000000010110010011 $
1&
b0010110010000 >
b0010110010001 A
1C
1D
#14275
0&
0C
0D
#14280
b00000000000000000000010110010100 "
b00000000000000000000010110010100 $
1&
b0010110010001 >
b0010110010010 A
1C
1D
#14285
0&
0C
0D
#14290
b00000000000000000000010110010101 "
b00000000000000000000010110010101 $
1&
b0010110010010 >
b0010110010011 A
1C
1D
#14295
0&
0C
0D
#14300
b00000000000000000000010110010110 "
b00000000000000000000010110010110 $
1&
b0010110010011 >
b0010110010100 A
1C
1D
#14305
0&
0C
0D
#14310
b00000000000000000000010110010111 "
b00000000000000000000010110010111 $
1&
b0010110010100 >
b0010110010101 A
1C
1D
#14315
0&
0C
0D
#14320
b00000000000000000000010110011000 "
b00000000000000000000010110011000 $
1&
b0010110010101 >
b0010110010110 A
1C
1D
#14325
0&
0C
0D
#14330
b00000000000000000000010110011001 "
b00000000000000000000010110011001 $
1&
b0010110010110 >
b0010110010111 A
1C
1D
#14335
0&
0C
0D
#14340
b00000000000000000000010110011010 "
b00000000000000000000010110011010 $
1&
b0010110010111 >
b0010110011000 A
1C
1D
#14345
0&
0C
0D
#14350
b00000000000000000000010110011011 "
b00000000000000000000010110011011 $
1&
b0010110011000 >
b0010110011001 A
1C
1D
#14355
0&
0C
0D
#14360
b00000000000000000000010110011100 "
b00000000000000000000010110011100 $
1&
b0010110011001 >
b0010110011010 A
1C
1D
#14365
0&
0C
0D
#14370
b00000000000000000000010110011101 "
b00000000000000000000010110011101 $
1&
b0010110011010 >
b0010110011011 A
1C
1D
#14375
0&
0C
0D
#14380
b00000000000000000000010110011110 "
b00000000000000000000010110011110 $
1&
b0010110011011 >
b0010110011100 A
1C
1D
#14385
0&
0C
0D
#14390
b00000000000000000000010110011111 "
b00000000000000000000010110011111 $
1&
b0010110011100 >
b0010110011101 A
1C
1D
#14395
0&
0C
0D
#14400
b00000000000000000000010110100000 "
b00000000000000000000010110100000 $
1&
b0010110011101 >
b0010110011110 A
1C
1D
#14405
0&
0C
0D
#14410
b00000000000000000000010110100001 "
b00000000000000000000010110100001 $
1&
b0010110011110 >
b0010110011111 A
1C
1D
#14415
0&
0C
0D
#14420
b00000000000000000000010110100010 "
b00000000000000000000010110100010 $
1&
b0010110011111 >
b0010110100000 A
1C
1D
#14425
0&
0C
0D
#14430
b00000000000000000000010110100011 "
b00000000000000000000010110100011 $
1&
b0010110100000 >
b0010110100001 A
1C
1D
#14435
0&
0C
0D
#14440
b00000000000000000000010110100100 "
b00000000000000000000010110100100 $
1&
b0010110100001 >
b0010110100010 A
1C
1D
#14445
0&
0C
0D
#14450
b00000000000000000000010110100101 "
b00000000000000000000010110100101 $
1&
b0010110100010 >
b0010110100011 A
1C
1D
#14455
0&
0C
0D
#14460
b00000000000000000000010110100110 "
b00000000000000000000010110100110 $
1&
b0010110100011 >
b0010110100100 A
1C
1D
#14465
0&
0C
0D
#14470
b00000000000000000000010110100111 "
b00000000000000000000010110100111 $
1&
b0010110100100 >
b0010110100101 A
1C
1D
#14475
0&
0C
0D
#14480
b00000000000000000000010110101000 "
b00000000000000000000010110101000 $
1&
b0010110100101 >
b0010110100110 A
1C
1D
#14485
0&
0C
0D
#14490
b00000000000000000000010110101001 "
b00000000000000000000010110101001 $
1&
b0010110100110 >
b0010110100111 A
1C
1D
#14495
0&
0C
0D
#14500
b00000000000000000000010110101010 "
b00000000000000000000010110101010 $
1&
b0010110100111 >
b0010110101000 A
1C
1D
#14505
0&
0C
0D
#14510
b00000000000000000000010110101011 "
b00000000000000000000010110101011 $
1&
b0010110101000 >
b0010110101001 A
1C
1D
#14515
0&
0C
0D
#14520
b00000000000000000000010110101100 "
b00000000000000000000010110101100 $
1&
b0010110101001 >
b0010110101010 A
1C
1D
#14525
0&
0C
0D
#14530
b00000000000000000000010110101101 "
b00000000000000000000010110101101 $
1&
b0010110101010 >
b0010110101011 A
1C
1D
#14535
0&
0C
0D
#14540
b00000000000000000000010110101110 "
b00000000000000000000010110101110 $
1&
b0010110101011 >
b0010110101100 A
1C
1D
#14545
0&
0C
0D
#14550
b00000000000000000000010110101111 "
b00000000000000000000010110101111 $
1&
b0010110101100 >
b0010110101101 A
1C
1D
#14555
0&
0C
0D
#14560
b00000000000000000000010110110000 "
b00000000000000000000010110110000 $
1&
b0010110101101 >
b0010110101110 A
1C
1D
#14565
0&
0C
0D
#14570
b00000000000000000000010110110001 "
b00000000000000000000010110110001 $
1&
b0010110101110 >
b0010110101111 A
1C
1D
#14575
0&
0C
0D
#14580
b00000000000000000000010110110010 "
b00000000000000000000010110110010 $
1&
b0010110101111 >
b0010110110000 A
1C
1D
#14585
0&
0C
0D
#14590
b00000000000000000000010110110011 "
b00000000000000000000010110110011 $
1&
b0010110110000 >
b0010110110001 A
1C
1D
#14595
0&
0C
0D
#14600
b00000000000000000000010110110100 "
b00000000000000000000010110110100 $
1&
b0010110110001 >
b0010110110010 A
1C
1D
#14605
0&
0C
0D
#14610
b00000000000000000000010110110101 "
b00000000000000000000010110110101 $
1&
b0010110110010 >
b0010110110011 A
1C
1D
#14615
0&
0C
0D
#14620
b00000000000000000000010110110110 "
b00000000000000000000010110110110 $
1&
b0010110110011 >
b0010110110100 A
1C
1D
#14625
0&
0C
0D
#14630
b00000000000000000000010110110111 "
b00000000000000000000010110110111 $
1&
b0010110110100 >
b0010110110101 A
1C
1D
#14635
0&
0C
0D
#14640
b00000000000000000000010110111000 "
b00000000000000000000010110111000 $
1&
b0010110110101 >
b0010110110110 A
1C
1D
#14645
0&
0C
0D
#14650
b00000000000000000000010110111001 "
b00000000000000000000010110111001 $
1&
b0010110110110 >
b0010110110111 A
1C
1D
#14655
0&
0C
0D
#14660
b00000000000000000000010110111010 "
b00000000000000000000010110111010 $
1&
b0010110110111 >
b0010110111000 A
1C
1D
#14665
0&
0C
0D
#14670
b00000000000000000000010110111011 "
b00000000000000000000010110111011 $
1&
b0010110111000 >
b0010110111001 A
1C
1D
#14675
0&
0C
0D
#14680
b00000000000000000000010110111100 "
b00000000000000000000010110111100 $
1&
b0010110111001 >
b0010110111010 A
1C
1D
#14685
0&
0C
0D
#14690
b00000000000000000000010110111101 "
b00000000000000000000010110111101 $
1&
b0010110111010 >
b0010110111011 A
1C
1D
#14695
0&
0C
0D
#14700
b00000000000000000000010110111110 "
b00000000000000000000010110111110 $
1&
b0010110111011 >
b0010110111100 A
1C
1D
#14705
0&
0C
0D
#14710
b00000000000000000000010110111111 "
b00000000000000000000010110111111 $
1&
b0010110111100 >
b0010110111101 A
1C
1D
#14715
0&
0C
0D
#14720
b00000000000000000000010111000000 "
b00000000000000000000010111000000 $
1&
b0010110111101 >
b0010110111110 A
1C
1D
#14725
0&
0C
0D
#14730
b00000000000000000000010111000001 "
b00000000000000000000010111000001 $
1&
b0010110111110 >
b0010110111111 A
1C
1D
#14735
0&
0C
0D
#14740
b00000000000000000000010111000010 "
b00000000000000000000010111000010 $
1&
b0010110111111 >
b0010111000000 A
1C
1D
#14745
0&
0C
0D
#14750
b00000000000000000000010111000011 "
b00000000000000000000010111000011 $
1&
b0010111000000 >
b0010111000001 A
1C
1D
#14755
0&
0C
0D
#14760
b00000000000000000000010111000100 "
b00000000000000000000010111000100 $
1&
b0010111000001 >
b0010111000010 A
1C
1D
#14765
0&
0C
0D
#14770
b00000000000000000000010111000101 "
b00000000000000000000010111000101 $
1&
b0010111000010 >
b0010111000011 A
1C
1D
#14775
0&
0C
0D
#14780
b00000000000000000000010111000110 "
b00000000000000000000010111000110 $
1&
b0010111000011 >
b0010111000100 A
1C
1D
#14785
0&
0C
0D
#14790
b00000000000000000000010111000111 "
b00000000000000000000010111000111 $
1&
b0010111000100 >
b0010111000101 A
1C
1D
#14795
0&
0C
0D
#14800
b00000000000000000000010111001000 "
b00000000000000000000010111001000 $
1&
b0010111000101 >
b0010111000110 A
1C
1D
#14805
0&
0C
0D
#14810
b00000000000000000000010111001001 "
b00000000000000000000010111001001 $
1&
b0010111000110 >
b0010111000111 A
1C
1D
#14815
0&
0C
0D
#14820
b00000000000000000000010111001010 "
b00000000000000000000010111001010 $
1&
b0010111000111 >
b0010111001000 A
1C
1D
#14825
0&
0C
0D
#14830
b00000000000000000000010111001011 "
b00000000000000000000010111001011 $
1&
b0010111001000 >
b0010111001001 A
1C
1D
#14835
0&
0C
0D
#14840
b00000000000000000000010111001100 "
b00000000000000000000010111001100 $
1&
b0010111001001 >
b0010111001010 A
1C
1D
#14845
0&
0C
0D
#14850
b00000000000000000000010111001101 "
b00000000000000000000010111001101 $
1&
b0010111001010 >
b0010111001011 A
1C
1D
#14855
0&
0C
0D
#14860
b00000000000000000000010111001110 "
b00000000000000000000010111001110 $
1&
b0010111001011 >
b0010111001100 A
1C
1D
#14865
0&
0C
0D
#14870
b00000000000000000000010111001111 "
b00000000000000000000010111001111 $
1&
b0010111001100 >
b0010111001101 A
1C
1D
#14875
0&
0C
0D
#14880
b00000000000000000000010111010000 "
b00000000000000000000010111010000 $
1&
b0010111001101 >
b0010111001110 A
1C
1D
#14885
0&
0C
0D
#14890
b00000000000000000000010111010001 "
b00000000000000000000010111010001 $
1&
b0010111001110 >
b0010111001111 A
1C
1D
#14895
0&
0C
0D
#14900
b00000000000000000000010111010010 "
b00000000000000000000010111010010 $
1&
b0010111001111 >
b0010111010000 A
1C
1D
#14905
0&
0C
0D
#14910
b00000000000000000000010111010011 "
b00000000000000000000010111010011 $
1&
b0010111010000 >
b0010111010001 A
1C
1D
#14915
0&
0C
0D
#14920
b00000000000000000000010111010100 "
b00000000000000000000010111010100 $
1&
b0010111010001 >
b0010111010010 A
1C
1D
#14925
0&
0C
0D
#14930
b00000000000000000000010111010101 "
b00000000000000000000010111010101 $
1&
b0010111010010 >
b0010111010011 A
1C
1D
#14935
0&
0C
0D
#14940
b00000000000000000000010111010110 "
b00000000000000000000010111010110 $
1&
b0010111010011 >
b0010111010100 A
1C
1D
#14945
0&
0C
0D
#14950
b00000000000000000000010111010111 "
b00000000000000000000010111010111 $
1&
b0010111010100 >
b0010111010101 A
1C
1D
#14955
0&
0C
0D
#14960
b00000000000000000000010111011000 "
b00000000000000000000010111011000 $
1&
b0010111010101 >
b0010111010110 A
1C
1D
#14965
0&
0C
0D
#14970
b00000000000000000000010111011001 "
b00000000000000000000010111011001 $
1&
b0010111010110 >
b0010111010111 A
1C
1D
#14975
0&
0C
0D
#14980
b00000000000000000000010111011010 "
b00000000000000000000010111011010 $
1&
b0010111010111 >
b0010111011000 A
1C
1D
#14985
0&
0C
0D
#14990
b00000000000000000000010111011011 "
b00000000000000000000010111011011 $
1&
b0010111011000 >
b0010111011001 A
1C
1D
#14995
0&
0C
0D
#15000
b00000000000000000000010111011100 "
b00000000000000000000010111011100 $
1&
b0010111011001 >
b0010111011010 A
1C
1D
#15005
0&
0C
0D
#15010
b00000000000000000000010111011101 "
b00000000000000000000010111011101 $
1&
b0010111011010 >
b0010111011011 A
1C
1D
#15015
0&
0C
0D
#15020
b00000000000000000000010111011110 "
b00000000000000000000010111011110 $
1&
b0010111011011 >
b0010111011100 A
1C
1D
#15025
0&
0C
0D
#15030
b00000000000000000000010111011111 "
b00000000000000000000010111011111 $
1&
b0010111011100 >
b0010111011101 A
1C
1D
#15035
0&
0C
0D
#15040
b00000000000000000000010111100000 "
b00000000000000000000010111100000 $
1&
b0010111011101 >
b0010111011110 A
1C
1D
#15045
0&
0C
0D
#15050
b00000000000000000000010111100001 "
b00000000000000000000010111100001 $
1&
b0010111011110 >
b0010111011111 A
1C
1D
#15055
0&
0C
0D
#15060
b00000000000000000000010111100010 "
b00000000000000000000010111100010 $
1&
b0010111011111 >
b0010111100000 A
1C
1D
#15065
0&
0C
0D
#15070
b00000000000000000000010111100011 "
b00000000000000000000010111100011 $
1&
b0010111100000 >
b0010111100001 A
1C
1D
#15075
0&
0C
0D
#15080
b00000000000000000000010111100100 "
b00000000000000000000010111100100 $
1&
b0010111100001 >
b0010111100010 A
1C
1D
#15085
0&
0C
0D
#15090
b00000000000000000000010111100101 "
b00000000000000000000010111100101 $
1&
b0010111100010 >
b0010111100011 A
1C
1D
#15095
0&
0C
0D
#15100
b00000000000000000000010111100110 "
b00000000000000000000010111100110 $
1&
b0010111100011 >
b0010111100100 A
1C
1D
#15105
0&
0C
0D
#15110
b00000000000000000000010111100111 "
b00000000000000000000010111100111 $
1&
b0010111100100 >
b0010111100101 A
1C
1D
#15115
0&
0C
0D
#15120
b00000000000000000000010111101000 "
b00000000000000000000010111101000 $
1&
b0010111100101 >
b0010111100110 A
1C
1D
#15125
0&
0C
0D
#15130
b00000000000000000000010111101001 "
b00000000000000000000010111101001 $
1&
b0010111100110 >
b0010111100111 A
1C
1D
#15135
0&
0C
0D
#15140
b00000000000000000000010111101010 "
b00000000000000000000010111101010 $
1&
b0010111100111 >
b0010111101000 A
1C
1D
#15145
0&
0C
0D
#15150
b00000000000000000000010111101011 "
b00000000000000000000010111101011 $
1&
b0010111101000 >
b0010111101001 A
1C
1D
#15155
0&
0C
0D
#15160
b00000000000000000000010111101100 "
b00000000000000000000010111101100 $
1&
b0010111101001 >
b0010111101010 A
1C
1D
#15165
0&
0C
0D
#15170
b00000000000000000000010111101101 "
b00000000000000000000010111101101 $
1&
b0010111101010 >
b0010111101011 A
1C
1D
#15175
0&
0C
0D
#15180
b00000000000000000000010111101110 "
b00000000000000000000010111101110 $
1&
b0010111101011 >
b0010111101100 A
1C
1D
#15185
0&
0C
0D
#15190
b00000000000000000000010111101111 "
b00000000000000000000010111101111 $
1&
b0010111101100 >
b0010111101101 A
1C
1D
#15195
0&
0C
0D
#15200
b00000000000000000000010111110000 "
b00000000000000000000010111110000 $
1&
b0010111101101 >
b0010111101110 A
1C
1D
#15205
0&
0C
0D
#15210
b00000000000000000000010111110001 "
b00000000000000000000010111110001 $
1&
b0010111101110 >
b0010111101111 A
1C
1D
#15215
0&
0C
0D
#15220
b00000000000000000000010111110010 "
b00000000000000000000010111110010 $
1&
b0010111101111 >
b0010111110000 A
1C
1D
#15225
0&
0C
0D
#15230
b00000000000000000000010111110011 "
b00000000000000000000010111110011 $
1&
b0010111110000 >
b0010111110001 A
1C
1D
#15235
0&
0C
0D
#15240
b00000000000000000000010111110100 "
b00000000000000000000010111110100 $
1&
b0010111110001 >
b0010111110010 A
1C
1D
#15245
0&
0C
0D
#15250
b00000000000000000000010111110101 "
b00000000000000000000010111110101 $
1&
b0010111110010 >
b0010111110011 A
1C
1D
#15255
0&
0C
0D
#15260
b00000000000000000000010111110110 "
b00000000000000000000010111110110 $
1&
b0010111110011 >
b0010111110100 A
1C
1D
#15265
0&
0C
0D
#15270
b00000000000000000000010111110111 "
b00000000000000000000010111110111 $
1&
b0010111110100 >
b0010111110101 A
1C
1D
#15275
0&
0C
0D
#15280
b00000000000000000000010111111000 "
b00000000000000000000010111111000 $
1&
b0010111110101 >
b0010111110110 A
1C
1D
#15285
0&
0C
0D
#15290
b00000000000000000000010111111001 "
b00000000000000000000010111111001 $
1&
b0010111110110 >
b0010111110111 A
1C
1D
#15295
0&
0C
0D
#15300
b00000000000000000000010111111010 "
b00000000000000000000010111111010 $
1&
b0010111110111 >
b0010111111000 A
1C
1D
#15305
0&
0C
0D
#15310
b00000000000000000000010111111011 "
b00000000000000000000010111111011 $
1&
b0010111111000 >
b0010111111001 A
1C
1D
#15315
0&
0C
0D
#15320
b00000000000000000000010111111100 "
b00000000000000000000010111111100 $
1&
b0010111111001 >
b0010111111010 A
1C
1D
#15325
0&
0C
0D
#15330
b00000000000000000000010111111101 "
b00000000000000000000010111111101 $
1&
b0010111111010 >
b0010111111011 A
1C
1D
#15335
0&
0C
0D
#15340
b00000000000000000000010111111110 "
b00000000000000000000010111111110 $
1&
b0010111111011 >
b0010111111100 A
1C
1D
#15345
0&
0C
0D
#15350
b00000000000000000000010111111111 "
b00000000000000000000010111111111 $
1&
b0010111111100 >
b0010111111101 A
1C
1D
#15355
0&
0C
0D
#15360
b00000000000000000000011000000000 "
b00000000000000000000011000000000 $
1&
b0010111111101 >
b0010111111110 A
1C
1D
#15365
0&
0C
0D
#15370
b00000000000000000000011000000001 "
b00000000000000000000011000000001 $
1&
b0010111111110 >
b0010111111111 A
1C
1D
#15375
0&
0C
0D
#15380
b00000000000000000000011000000010 "
b00000000000000000000011000000010 $
1&
b0010111111111 >
b0011000000000 A
1C
1D
#15385
0&
0C
0D
#15390
b00000000000000000000011000000011 "
b00000000000000000000011000000011 $
1&
b0011000000000 >
b0011000000001 A
1C
1D
#15395
0&
0C
0D
#15400
b00000000000000000000011000000100 "
b00000000000000000000011000000100 $
1&
b0011000000001 >
b0011000000010 A
1C
1D
#15405
0&
0C
0D
#15410
b00000000000000000000011000000101 "
b00000000000000000000011000000101 $
1&
b0011000000010 >
b0011000000011 A
1C
1D
#15415
0&
0C
0D
#15420
b00000000000000000000011000000110 "
b00000000000000000000011000000110 $
1&
b0011000000011 >
b0011000000100 A
1C
1D
#15425
0&
0C
0D
#15430
b00000000000000000000011000000111 "
b00000000000000000000011000000111 $
1&
b0011000000100 >
b0011000000101 A
1C
1D
#15435
0&
0C
0D
#15440
b00000000000000000000011000001000 "
b00000000000000000000011000001000 $
1&
b0011000000101 >
b0011000000110 A
1C
1D
#15445
0&
0C
0D
#15450
b00000000000000000000011000001001 "
b00000000000000000000011000001001 $
1&
b0011000000110 >
b0011000000111 A
1C
1D
#15455
0&
0C
0D
#15460
b00000000000000000000011000001010 "
b00000000000000000000011000001010 $
1&
b0011000000111 >
b0011000001000 A
1C
1D
#15465
0&
0C
0D
#15470
b00000000000000000000011000001011 "
b00000000000000000000011000001011 $
1&
b0011000001000 >
b0011000001001 A
1C
1D
#15475
0&
0C
0D
#15480
b00000000000000000000011000001100 "
b00000000000000000000011000001100 $
1&
b0011000001001 >
b0011000001010 A
1C
1D
#15485
0&
0C
0D
#15490
b00000000000000000000011000001101 "
b00000000000000000000011000001101 $
1&
b0011000001010 >
b0011000001011 A
1C
1D
#15495
0&
0C
0D
#15500
b00000000000000000000011000001110 "
b00000000000000000000011000001110 $
1&
b0011000001011 >
b0011000001100 A
1C
1D
#15505
0&
0C
0D
#15510
b00000000000000000000011000001111 "
b00000000000000000000011000001111 $
1&
b0011000001100 >
b0011000001101 A
1C
1D
#15515
0&
0C
0D
#15520
b00000000000000000000011000010000 "
b00000000000000000000011000010000 $
1&
b0011000001101 >
b0011000001110 A
1C
1D
#15525
0&
0C
0D
#15530
b00000000000000000000011000010001 "
b00000000000000000000011000010001 $
1&
b0011000001110 >
b0011000001111 A
1C
1D
#15535
0&
0C
0D
#15540
b00000000000000000000011000010010 "
b00000000000000000000011000010010 $
1&
b0011000001111 >
b0011000010000 A
1C
1D
#15545
0&
0C
0D
#15550
b00000000000000000000011000010011 "
b00000000000000000000011000010011 $
1&
b0011000010000 >
b0011000010001 A
1C
1D
#15555
0&
0C
0D
#15560
b00000000000000000000011000010100 "
b00000000000000000000011000010100 $
1&
b0011000010001 >
b0011000010010 A
1C
1D
#15565
0&
0C
0D
#15570
b00000000000000000000011000010101 "
b00000000000000000000011000010101 $
1&
b0011000010010 >
b0011000010011 A
1C
1D
#15575
0&
0C
0D
#15580
b00000000000000000000011000010110 "
b00000000000000000000011000010110 $
1&
b0011000010011 >
b0011000010100 A
1C
1D
#15585
0&
0C
0D
#15590
b00000000000000000000011000010111 "
b00000000000000000000011000010111 $
1&
b0011000010100 >
b0011000010101 A
1C
1D
#15595
0&
0C
0D
#15600
b00000000000000000000011000011000 "
b00000000000000000000011000011000 $
1&
b0011000010101 >
b0011000010110 A
1C
1D
#15605
0&
0C
0D
#15610
b00000000000000000000011000011001 "
b00000000000000000000011000011001 $
1&
b0011000010110 >
b0011000010111 A
1C
1D
#15615
0&
0C
0D
#15620
b00000000000000000000011000011010 "
b00000000000000000000011000011010 $
1&
b0011000010111 >
b0011000011000 A
1C
1D
#15625
0&
0C
0D
#15630
b00000000000000000000011000011011 "
b00000000000000000000011000011011 $
1&
b0011000011000 >
b0011000011001 A
1C
1D
#15635
0&
0C
0D
#15640
b00000000000000000000011000011100 "
b00000000000000000000011000011100 $
1&
b0011000011001 >
b0011000011010 A
1C
1D
#15645
0&
0C
0D
#15650
b00000000000000000000011000011101 "
b00000000000000000000011000011101 $
1&
b0011000011010 >
b0011000011011 A
1C
1D
#15655
0&
0C
0D
#15660
b00000000000000000000011000011110 "
b00000000000000000000011000011110 $
1&
b0011000011011 >
b0011000011100 A
1C
1D
#15665
0&
0C
0D
#15670
b00000000000000000000011000011111 "
b00000000000000000000011000011111 $
1&
b0011000011100 >
b0011000011101 A
1C
1D
#15675
0&
0C
0D
#15680
b00000000000000000000011000100000 "
b00000000000000000000011000100000 $
1&
b0011000011101 >
b0011000011110 A
1C
1D
#15685
0&
0C
0D
#15690
b00000000000000000000011000100001 "
b00000000000000000000011000100001 $
1&
b0011000011110 >
b0011000011111 A
1C
1D
#15695
0&
0C
0D
#15700
b00000000000000000000011000100010 "
b00000000000000000000011000100010 $
1&
b0011000011111 >
b0011000100000 A
1C
1D
#15705
0&
0C
0D
#15710
b00000000000000000000011000100011 "
b00000000000000000000011000100011 $
1&
b0011000100000 >
b0011000100001 A
1C
1D
#15715
0&
0C
0D
#15720
b00000000000000000000011000100100 "
b00000000000000000000011000100100 $
1&
b0011000100001 >
b0011000100010 A
1C
1D
#15725
0&
0C
0D
#15730
b00000000000000000000011000100101 "
b00000000000000000000011000100101 $
1&
b0011000100010 >
b0011000100011 A
1C
1D
#15735
0&
0C
0D
#15740
b00000000000000000000011000100110 "
b00000000000000000000011000100110 $
1&
b0011000100011 >
b0011000100100 A
1C
1D
#15745
0&
0C
0D
#15750
b00000000000000000000011000100111 "
b00000000000000000000011000100111 $
1&
b0011000100100 >
b0011000100101 A
1C
1D
#15755
0&
0C
0D
#15760
b00000000000000000000011000101000 "
b00000000000000000000011000101000 $
1&
b0011000100101 >
b0011000100110 A
1C
1D
#15765
0&
0C
0D
#15770
b00000000000000000000011000101001 "
b00000000000000000000011000101001 $
1&
b0011000100110 >
b0011000100111 A
1C
1D
#15775
0&
0C
0D
#15780
b00000000000000000000011000101010 "
b00000000000000000000011000101010 $
1&
b0011000100111 >
b0011000101000 A
1C
1D
#15785
0&
0C
0D
#15790
b00000000000000000000011000101011 "
b00000000000000000000011000101011 $
1&
b0011000101000 >
b0011000101001 A
1C
1D
#15795
0&
0C
0D
#15800
b00000000000000000000011000101100 "
b00000000000000000000011000101100 $
1&
b0011000101001 >
b0011000101010 A
1C
1D
#15805
0&
0C
0D
#15810
b00000000000000000000011000101101 "
b00000000000000000000011000101101 $
1&
b0011000101010 >
b0011000101011 A
1C
1D
#15815
0&
0C
0D
#15820
b00000000000000000000011000101110 "
b00000000000000000000011000101110 $
1&
b0011000101011 >
b0011000101100 A
1C
1D
#15825
0&
0C
0D
#15830
b00000000000000000000011000101111 "
b00000000000000000000011000101111 $
1&
b0011000101100 >
b0011000101101 A
1C
1D
#15835
0&
0C
0D
#15840
b00000000000000000000011000110000 "
b00000000000000000000011000110000 $
1&
b0011000101101 >
b0011000101110 A
1C
1D
#15845
0&
0C
0D
#15850
b00000000000000000000011000110001 "
b00000000000000000000011000110001 $
1&
b0011000101110 >
b0011000101111 A
1C
1D
#15855
0&
0C
0D
#15860
b00000000000000000000011000110010 "
b00000000000000000000011000110010 $
1&
b0011000101111 >
b0011000110000 A
1C
1D
#15865
0&
0C
0D
#15870
b00000000000000000000011000110011 "
b00000000000000000000011000110011 $
1&
b0011000110000 >
b0011000110001 A
1C
1D
#15875
0&
0C
0D
#15880
b00000000000000000000011000110100 "
b00000000000000000000011000110100 $
1&
b0011000110001 >
b0011000110010 A
1C
1D
#15885
0&
0C
0D
#15890
b00000000000000000000011000110101 "
b00000000000000000000011000110101 $
1&
b0011000110010 >
b0011000110011 A
1C
1D
#15895
0&
0C
0D
#15900
b00000000000000000000011000110110 "
b00000000000000000000011000110110 $
1&
b0011000110011 >
b0011000110100 A
1C
1D
#15905
0&
0C
0D
#15910
b00000000000000000000011000110111 "
b00000000000000000000011000110111 $
1&
b0011000110100 >
b0011000110101 A
1C
1D
#15915
0&
0C
0D
#15920
b00000000000000000000011000111000 "
b00000000000000000000011000111000 $
1&
b0011000110101 >
b0011000110110 A
1C
1D
#15925
0&
0C
0D
#15930
b00000000000000000000011000111001 "
b00000000000000000000011000111001 $
1&
b0011000110110 >
b0011000110111 A
1C
1D
#15935
0&
0C
0D
#15940
b00000000000000000000011000111010 "
b00000000000000000000011000111010 $
1&
b0011000110111 >
b0011000111000 A
1C
1D
#15945
0&
0C
0D
#15950
b00000000000000000000011000111011 "
b00000000000000000000011000111011 $
1&
b0011000111000 >
b0011000111001 A
1C
1D
#15955
0&
0C
0D
#15960
b00000000000000000000011000111100 "
b00000000000000000000011000111100 $
1&
b0011000111001 >
b0011000111010 A
1C
1D
#15965
0&
0C
0D
#15970
b00000000000000000000011000111101 "
b00000000000000000000011000111101 $
1&
b0011000111010 >
b0011000111011 A
1C
1D
#15975
0&
0C
0D
#15980
b00000000000000000000011000111110 "
b00000000000000000000011000111110 $
1&
b0011000111011 >
b0011000111100 A
1C
1D
#15985
0&
0C
0D
#15990
b00000000000000000000011000111111 "
b00000000000000000000011000111111 $
1&
b0011000111100 >
b0011000111101 A
1C
1D
#15995
0&
0C
0D
#16000
b00000000000000000000011001000000 "
b00000000000000000000011001000000 $
1&
b0011000111101 >
b0011000111110 A
1C
1D
#16005
0&
0C
0D
#16010
b00000000000000000000011001000001 "
b00000000000000000000011001000001 $
1&
b0011000111110 >
b0011000111111 A
1C
1D
#16015
0&
0C
0D
#16020
b00000000000000000000011001000010 "
b00000000000000000000011001000010 $
1&
b0011000111111 >
b0011001000000 A
1C
1D
#16025
0&
0C
0D
#16030
b00000000000000000000011001000011 "
b00000000000000000000011001000011 $
1&
b0011001000000 >
b0011001000001 A
1C
1D
#16035
0&
0C
0D
#16040
b00000000000000000000011001000100 "
b00000000000000000000011001000100 $
1&
b0011001000001 >
b0011001000010 A
1C
1D
#16045
0&
0C
0D
#16050
b00000000000000000000011001000101 "
b00000000000000000000011001000101 $
1&
b0011001000010 >
b0011001000011 A
1C
1D
#16055
0&
0C
0D
#16060
b00000000000000000000011001000110 "
b00000000000000000000011001000110 $
1&
b0011001000011 >
b0011001000100 A
1C
1D
#16065
0&
0C
0D
#16070
b00000000000000000000011001000111 "
b00000000000000000000011001000111 $
1&
b0011001000100 >
b0011001000101 A
1C
1D
#16075
0&
0C
0D
#16080
b00000000000000000000011001001000 "
b00000000000000000000011001001000 $
1&
b0011001000101 >
b0011001000110 A
1C
1D
#16085
0&
0C
0D
#16090
b00000000000000000000011001001001 "
b00000000000000000000011001001001 $
1&
b0011001000110 >
b0011001000111 A
1C
1D
#16095
0&
0C
0D
#16100
b00000000000000000000011001001010 "
b00000000000000000000011001001010 $
1&
b0011001000111 >
b0011001001000 A
1C
1D
#16105
0&
0C
0D
#16110
b00000000000000000000011001001011 "
b00000000000000000000011001001011 $
1&
b0011001001000 >
b0011001001001 A
1C
1D
#16115
0&
0C
0D
#16120
b00000000000000000000011001001100 "
b00000000000000000000011001001100 $
1&
b0011001001001 >
b0011001001010 A
1C
1D
#16125
0&
0C
0D
#16130
b00000000000000000000011001001101 "
b00000000000000000000011001001101 $
1&
b0011001001010 >
b0011001001011 A
1C
1D
#16135
0&
0C
0D
#16140
b00000000000000000000011001001110 "
b00000000000000000000011001001110 $
1&
b0011001001011 >
b0011001001100 A
1C
1D
#16145
0&
0C
0D
#16150
b00000000000000000000011001001111 "
b00000000000000000000011001001111 $
1&
b0011001001100 >
b0011001001101 A
1C
1D
#16155
0&
0C
0D
#16160
b00000000000000000000011001010000 "
b00000000000000000000011001010000 $
1&
b0011001001101 >
b0011001001110 A
1C
1D
#16165
0&
0C
0D
#16170
b00000000000000000000011001010001 "
b00000000000000000000011001010001 $
1&
b0011001001110 >
b0011001001111 A
1C
1D
#16175
0&
0C
0D
#16180
b00000000000000000000011001010010 "
b00000000000000000000011001010010 $
1&
b0011001001111 >
b0011001010000 A
1C
1D
#16185
0&
0C
0D
#16190
b00000000000000000000011001010011 "
b00000000000000000000011001010011 $
1&
b0011001010000 >
b0011001010001 A
1C
1D
#16195
0&
0C
0D
#16200
b00000000000000000000011001010100 "
b00000000000000000000011001010100 $
1&
b0011001010001 >
b0011001010010 A
1C
1D
#16205
0&
0C
0D
#16210
b00000000000000000000011001010101 "
b00000000000000000000011001010101 $
1&
b0011001010010 >
b0011001010011 A
1C
1D
#16215
0&
0C
0D
#16220
b00000000000000000000011001010110 "
b00000000000000000000011001010110 $
1&
b0011001010011 >
b0011001010100 A
1C
1D
#16225
0&
0C
0D
#16230
b00000000000000000000011001010111 "
b00000000000000000000011001010111 $
1&
b0011001010100 >
b0011001010101 A
1C
1D
#16235
0&
0C
0D
#16240
b00000000000000000000011001011000 "
b00000000000000000000011001011000 $
1&
b0011001010101 >
b0011001010110 A
1C
1D
#16245
0&
0C
0D
#16250
b00000000000000000000011001011001 "
b00000000000000000000011001011001 $
1&
b0011001010110 >
b0011001010111 A
1C
1D
#16255
0&
0C
0D
#16260
b00000000000000000000011001011010 "
b00000000000000000000011001011010 $
1&
b0011001010111 >
b0011001011000 A
1C
1D
#16265
0&
0C
0D
#16270
b00000000000000000000011001011011 "
b00000000000000000000011001011011 $
1&
b0011001011000 >
b0011001011001 A
1C
1D
#16275
0&
0C
0D
#16280
b00000000000000000000011001011100 "
b00000000000000000000011001011100 $
1&
b0011001011001 >
b0011001011010 A
1C
1D
#16285
0&
0C
0D
#16290
b00000000000000000000011001011101 "
b00000000000000000000011001011101 $
1&
b0011001011010 >
b0011001011011 A
1C
1D
#16295
0&
0C
0D
#16300
b00000000000000000000011001011110 "
b00000000000000000000011001011110 $
1&
b0011001011011 >
b0011001011100 A
1C
1D
#16305
0&
0C
0D
#16310
b00000000000000000000011001011111 "
b00000000000000000000011001011111 $
1&
b0011001011100 >
b0011001011101 A
1C
1D
#16315
0&
0C
0D
#16320
b00000000000000000000011001100000 "
b00000000000000000000011001100000 $
1&
b0011001011101 >
b0011001011110 A
1C
1D
#16325
0&
0C
0D
#16330
b00000000000000000000011001100001 "
b00000000000000000000011001100001 $
1&
b0011001011110 >
b0011001011111 A
1C
1D
#16335
0&
0C
0D
#16340
b00000000000000000000011001100010 "
b00000000000000000000011001100010 $
1&
b0011001011111 >
b0011001100000 A
1C
1D
#16345
0&
0C
0D
#16350
b00000000000000000000011001100011 "
b00000000000000000000011001100011 $
1&
b0011001100000 >
b0011001100001 A
1C
1D
#16355
0&
0C
0D
#16360
b00000000000000000000011001100100 "
b00000000000000000000011001100100 $
1&
b0011001100001 >
b0011001100010 A
1C
1D
#16365
0&
0C
0D
#16370
b00000000000000000000011001100101 "
b00000000000000000000011001100101 $
1&
b0011001100010 >
b0011001100011 A
1C
1D
#16375
0&
0C
0D
#16380
b00000000000000000000011001100110 "
b00000000000000000000011001100110 $
1&
b0011001100011 >
b0011001100100 A
1C
1D
#16385
0&
0C
0D
#16390
b00000000000000000000011001100111 "
b00000000000000000000011001100111 $
1&
b0011001100100 >
b0011001100101 A
1C
1D
#16395
0&
0C
0D
#16400
b00000000000000000000011001101000 "
b00000000000000000000011001101000 $
1&
b0011001100101 >
b0011001100110 A
1C
1D
#16405
0&
0C
0D
#16410
b00000000000000000000011001101001 "
b00000000000000000000011001101001 $
1&
b0011001100110 >
b0011001100111 A
1C
1D
#16415
0&
0C
0D
#16420
b00000000000000000000011001101010 "
b00000000000000000000011001101010 $
1&
b0011001100111 >
b0011001101000 A
1C
1D
#16425
0&
0C
0D
#16430
b00000000000000000000011001101011 "
b00000000000000000000011001101011 $
1&
b0011001101000 >
b0011001101001 A
1C
1D
#16435
0&
0C
0D
#16440
b00000000000000000000011001101100 "
b00000000000000000000011001101100 $
1&
b0011001101001 >
b0011001101010 A
1C
1D
#16445
0&
0C
0D
#16450
b00000000000000000000011001101101 "
b00000000000000000000011001101101 $
1&
b0011001101010 >
b0011001101011 A
1C
1D
#16455
0&
0C
0D
#16460
b00000000000000000000011001101110 "
b00000000000000000000011001101110 $
1&
b0011001101011 >
b0011001101100 A
1C
1D
#16465
0&
0C
0D
#16470
b00000000000000000000011001101111 "
b00000000000000000000011001101111 $
1&
b0011001101100 >
b0011001101101 A
1C
1D
#16475
0&
0C
0D
#16480
b00000000000000000000011001110000 "
b00000000000000000000011001110000 $
1&
b0011001101101 >
b0011001101110 A
1C
1D
#16485
0&
0C
0D
#16490
b00000000000000000000011001110001 "
b00000000000000000000011001110001 $
1&
b0011001101110 >
b0011001101111 A
1C
1D
#16495
0&
0C
0D
#16500
b00000000000000000000011001110010 "
b00000000000000000000011001110010 $
1&
b0011001101111 >
b0011001110000 A
1C
1D
#16505
0&
0C
0D
#16510
b00000000000000000000011001110011 "
b00000000000000000000011001110011 $
1&
b0011001110000 >
b0011001110001 A
1C
1D
#16515
0&
0C
0D
#16520
b00000000000000000000011001110100 "
b00000000000000000000011001110100 $
1&
b0011001110001 >
b0011001110010 A
1C
1D
#16525
0&
0C
0D
#16530
b00000000000000000000011001110101 "
b00000000000000000000011001110101 $
1&
b0011001110010 >
b0011001110011 A
1C
1D
#16535
0&
0C
0D
#16540
b00000000000000000000011001110110 "
b00000000000000000000011001110110 $
1&
b0011001110011 >
b0011001110100 A
1C
1D
#16545
0&
0C
0D
#16550
b00000000000000000000011001110111 "
b00000000000000000000011001110111 $
1&
b0011001110100 >
b0011001110101 A
1C
1D
#16555
0&
0C
0D
#16560
b00000000000000000000011001111000 "
b00000000000000000000011001111000 $
1&
b0011001110101 >
b0011001110110 A
1C
1D
#16565
0&
0C
0D
#16570
b00000000000000000000011001111001 "
b00000000000000000000011001111001 $
1&
b0011001110110 >
b0011001110111 A
1C
1D
#16575
0&
0C
0D
#16580
b00000000000000000000011001111010 "
b00000000000000000000011001111010 $
1&
b0011001110111 >
b0011001111000 A
1C
1D
#16585
0&
0C
0D
#16590
b00000000000000000000011001111011 "
b00000000000000000000011001111011 $
1&
b0011001111000 >
b0011001111001 A
1C
1D
#16595
0&
0C
0D
#16600
b00000000000000000000011001111100 "
b00000000000000000000011001111100 $
1&
b0011001111001 >
b0011001111010 A
1C
1D
#16605
0&
0C
0D
#16610
b00000000000000000000011001111101 "
b00000000000000000000011001111101 $
1&
b0011001111010 >
b0011001111011 A
1C
1D
#16615
0&
0C
0D
#16620
b00000000000000000000011001111110 "
b00000000000000000000011001111110 $
1&
b0011001111011 >
b0011001111100 A
1C
1D
#16625
0&
0C
0D
#16630
b00000000000000000000011001111111 "
b00000000000000000000011001111111 $
1&
b0011001111100 >
b0011001111101 A
1C
1D
#16635
0&
0C
0D
#16640
b00000000000000000000011010000000 "
b00000000000000000000011010000000 $
1&
b0011001111101 >
b0011001111110 A
1C
1D
#16645
0&
0C
0D
#16650
b00000000000000000000011010000001 "
b00000000000000000000011010000001 $
1&
b0011001111110 >
b0011001111111 A
1C
1D
#16655
0&
0C
0D
#16660
b00000000000000000000011010000010 "
b00000000000000000000011010000010 $
1&
b0011001111111 >
b0011010000000 A
1C
1D
#16665
0&
0C
0D
#16670
b00000000000000000000011010000011 "
b00000000000000000000011010000011 $
1&
b0011010000000 >
b0011010000001 A
1C
1D
#16675
0&
0C
0D
#16680
b00000000000000000000011010000100 "
b00000000000000000000011010000100 $
1&
b0011010000001 >
b0011010000010 A
1C
1D
#16685
0&
0C
0D
#16690
b00000000000000000000011010000101 "
b00000000000000000000011010000101 $
1&
b0011010000010 >
b0011010000011 A
1C
1D
#16695
0&
0C
0D
#16700
b00000000000000000000011010000110 "
b00000000000000000000011010000110 $
1&
b0011010000011 >
b0011010000100 A
1C
1D
#16705
0&
0C
0D
#16710
b00000000000000000000011010000111 "
b00000000000000000000011010000111 $
1&
b0011010000100 >
b0011010000101 A
1C
1D
#16715
0&
0C
0D
#16720
b00000000000000000000011010001000 "
b00000000000000000000011010001000 $
1&
b0011010000101 >
b0011010000110 A
1C
1D
#16725
0&
0C
0D
#16730
b00000000000000000000011010001001 "
b00000000000000000000011010001001 $
1&
b0011010000110 >
b0011010000111 A
1C
1D
#16735
0&
0C
0D
#16740
b00000000000000000000011010001010 "
b00000000000000000000011010001010 $
1&
b0011010000111 >
b0011010001000 A
1C
1D
#16745
0&
0C
0D
#16750
b00000000000000000000011010001011 "
b00000000000000000000011010001011 $
1&
b0011010001000 >
b0011010001001 A
1C
1D
#16755
0&
0C
0D
#16760
b00000000000000000000011010001100 "
b00000000000000000000011010001100 $
1&
b0011010001001 >
b0011010001010 A
1C
1D
#16765
0&
0C
0D
#16770
b00000000000000000000011010001101 "
b00000000000000000000011010001101 $
1&
b0011010001010 >
b0011010001011 A
1C
1D
#16775
0&
0C
0D
#16780
b00000000000000000000011010001110 "
b00000000000000000000011010001110 $
1&
b0011010001011 >
b0011010001100 A
1C
1D
#16785
0&
0C
0D
#16790
b00000000000000000000011010001111 "
b00000000000000000000011010001111 $
1&
b0011010001100 >
b0011010001101 A
1C
1D
#16795
0&
0C
0D
#16800
b00000000000000000000011010010000 "
b00000000000000000000011010010000 $
1&
b0011010001101 >
b0011010001110 A
1C
1D
#16805
0&
0C
0D
#16810
b00000000000000000000011010010001 "
b00000000000000000000011010010001 $
1&
b0011010001110 >
b0011010001111 A
1C
1D
#16815
0&
0C
0D
#16820
b00000000000000000000011010010010 "
b00000000000000000000011010010010 $
1&
b0011010001111 >
b0011010010000 A
1C
1D
#16825
0&
0C
0D
#16830
b00000000000000000000011010010011 "
b00000000000000000000011010010011 $
1&
b0011010010000 >
b0011010010001 A
1C
1D
#16835
0&
0C
0D
#16840
b00000000000000000000011010010100 "
b00000000000000000000011010010100 $
1&
b0011010010001 >
b0011010010010 A
1C
1D
#16845
0&
0C
0D
#16850
b00000000000000000000011010010101 "
b00000000000000000000011010010101 $
1&
b0011010010010 >
b0011010010011 A
1C
1D
#16855
0&
0C
0D
#16860
b00000000000000000000011010010110 "
b00000000000000000000011010010110 $
1&
b0011010010011 >
b0011010010100 A
1C
1D
#16865
0&
0C
0D
#16870
b00000000000000000000011010010111 "
b00000000000000000000011010010111 $
1&
b0011010010100 >
b0011010010101 A
1C
1D
#16875
0&
0C
0D
#16880
b00000000000000000000011010011000 "
b00000000000000000000011010011000 $
1&
b0011010010101 >
b0011010010110 A
1C
1D
#16885
0&
0C
0D
#16890
b00000000000000000000011010011001 "
b00000000000000000000011010011001 $
1&
b0011010010110 >
b0011010010111 A
1C
1D
#16895
0&
0C
0D
#16900
b00000000000000000000011010011010 "
b00000000000000000000011010011010 $
1&
b0011010010111 >
b0011010011000 A
1C
1D
#16905
0&
0C
0D
#16910
b00000000000000000000011010011011 "
b00000000000000000000011010011011 $
1&
b0011010011000 >
b0011010011001 A
1C
1D
#16915
0&
0C
0D
#16920
b00000000000000000000011010011100 "
b00000000000000000000011010011100 $
1&
b0011010011001 >
b0011010011010 A
1C
1D
#16925
0&
0C
0D
#16930
b00000000000000000000011010011101 "
b00000000000000000000011010011101 $
1&
b0011010011010 >
b0011010011011 A
1C
1D
#16935
0&
0C
0D
#16940
b00000000000000000000011010011110 "
b00000000000000000000011010011110 $
1&
b0011010011011 >
b0011010011100 A
1C
1D
#16945
0&
0C
0D
#16950
b00000000000000000000011010011111 "
b00000000000000000000011010011111 $
1&
b0011010011100 >
b0011010011101 A
1C
1D
#16955
0&
0C
0D
#16960
b00000000000000000000011010100000 "
b00000000000000000000011010100000 $
1&
b0011010011101 >
b0011010011110 A
1C
1D
#16965
0&
0C
0D
#16970
b00000000000000000000011010100001 "
b00000000000000000000011010100001 $
1&
b0011010011110 >
b0011010011111 A
1C
1D
#16975
0&
0C
0D
#16980
b00000000000000000000011010100010 "
b00000000000000000000011010100010 $
1&
b0011010011111 >
b0011010100000 A
1C
1D
#16985
0&
0C
0D
#16990
b00000000000000000000011010100011 "
b00000000000000000000011010100011 $
1&
b0011010100000 >
b0011010100001 A
1C
1D
#16995
0&
0C
0D
#17000
b00000000000000000000011010100100 "
b00000000000000000000011010100100 $
1&
b0011010100001 >
b0011010100010 A
1C
1D
#17005
0&
0C
0D
#17010
b00000000000000000000011010100101 "
b00000000000000000000011010100101 $
1&
b0011010100010 >
b0011010100011 A
1C
1D
#17015
0&
0C
0D
#17020
b00000000000000000000011010100110 "
b00000000000000000000011010100110 $
1&
b0011010100011 >
b0011010100100 A
1C
1D
#17025
0&
0C
0D
#17030
b00000000000000000000011010100111 "
b00000000000000000000011010100111 $
1&
b0011010100100 >
b0011010100101 A
1C
1D
#17035
0&
0C
0D
#17040
b00000000000000000000011010101000 "
b00000000000000000000011010101000 $
1&
b0011010100101 >
b0011010100110 A
1C
1D
#17045
0&
0C
0D
#17050
b00000000000000000000011010101001 "
b00000000000000000000011010101001 $
1&
b0011010100110 >
b0011010100111 A
1C
1D
#17055
0&
0C
0D
#17060
b00000000000000000000011010101010 "
b00000000000000000000011010101010 $
1&
b0011010100111 >
b0011010101000 A
1C
1D
#17065
0&
0C
0D
#17070
b00000000000000000000011010101011 "
b00000000000000000000011010101011 $
1&
b0011010101000 >
b0011010101001 A
1C
1D
#17075
0&
0C
0D
#17080
b00000000000000000000011010101100 "
b00000000000000000000011010101100 $
1&
b0011010101001 >
b0011010101010 A
1C
1D
#17085
0&
0C
0D
#17090
b00000000000000000000011010101101 "
b00000000000000000000011010101101 $
1&
b0011010101010 >
b0011010101011 A
1C
1D
#17095
0&
0C
0D
#17100
b00000000000000000000011010101110 "
b00000000000000000000011010101110 $
1&
b0011010101011 >
b0011010101100 A
1C
1D
#17105
0&
0C
0D
#17110
b00000000000000000000011010101111 "
b00000000000000000000011010101111 $
1&
b0011010101100 >
b0011010101101 A
1C
1D
#17115
0&
0C
0D
#17120
b00000000000000000000011010110000 "
b00000000000000000000011010110000 $
1&
b0011010101101 >
b0011010101110 A
1C
1D
#17125
0&
0C
0D
#17130
b00000000000000000000011010110001 "
b00000000000000000000011010110001 $
1&
b0011010101110 >
b0011010101111 A
1C
1D
#17135
0&
0C
0D
#17140
b00000000000000000000011010110010 "
b00000000000000000000011010110010 $
1&
b0011010101111 >
b0011010110000 A
1C
1D
#17145
0&
0C
0D
#17150
b00000000000000000000011010110011 "
b00000000000000000000011010110011 $
1&
b0011010110000 >
b0011010110001 A
1C
1D
#17155
0&
0C
0D
#17160
b00000000000000000000011010110100 "
b00000000000000000000011010110100 $
1&
b0011010110001 >
b0011010110010 A
1C
1D
#17165
0&
0C
0D
#17170
b00000000000000000000011010110101 "
b00000000000000000000011010110101 $
1&
b0011010110010 >
b0011010110011 A
1C
1D
#17175
0&
0C
0D
#17180
b00000000000000000000011010110110 "
b00000000000000000000011010110110 $
1&
b0011010110011 >
b0011010110100 A
1C
1D
#17185
0&
0C
0D
#17190
b00000000000000000000011010110111 "
b00000000000000000000011010110111 $
1&
b0011010110100 >
b0011010110101 A
1C
1D
#17195
0&
0C
0D
#17200
b00000000000000000000011010111000 "
b00000000000000000000011010111000 $
1&
b0011010110101 >
b0011010110110 A
1C
1D
#17205
0&
0C
0D
#17210
b00000000000000000000011010111001 "
b00000000000000000000011010111001 $
1&
b0011010110110 >
b0011010110111 A
1C
1D
#17215
0&
0C
0D
#17220
b00000000000000000000011010111010 "
b00000000000000000000011010111010 $
1&
b0011010110111 >
b0011010111000 A
1C
1D
#17225
0&
0C
0D
#17230
b00000000000000000000011010111011 "
b00000000000000000000011010111011 $
1&
b0011010111000 >
b0011010111001 A
1C
1D
#17235
0&
0C
0D
#17240
b00000000000000000000011010111100 "
b00000000000000000000011010111100 $
1&
b0011010111001 >
b0011010111010 A
1C
1D
#17245
0&
0C
0D
#17250
b00000000000000000000011010111101 "
b00000000000000000000011010111101 $
1&
b0011010111010 >
b0011010111011 A
1C
1D
#17255
0&
0C
0D
#17260
b00000000000000000000011010111110 "
b00000000000000000000011010111110 $
1&
b0011010111011 >
b0011010111100 A
1C
1D
#17265
0&
0C
0D
#17270
b00000000000000000000011010111111 "
b00000000000000000000011010111111 $
1&
b0011010111100 >
b0011010111101 A
1C
1D
#17275
0&
0C
0D
#17280
b00000000000000000000011011000000 "
b00000000000000000000011011000000 $
1&
b0011010111101 >
b0011010111110 A
1C
1D
#17285
0&
0C
0D
#17290
b00000000000000000000011011000001 "
b00000000000000000000011011000001 $
1&
b0011010111110 >
b0011010111111 A
1C
1D
#17295
0&
0C
0D
#17300
b00000000000000000000011011000010 "
b00000000000000000000011011000010 $
1&
b0011010111111 >
b0011011000000 A
1C
1D
#17305
0&
0C
0D
#17310
b00000000000000000000011011000011 "
b00000000000000000000011011000011 $
1&
b0011011000000 >
b0011011000001 A
1C
1D
#17315
0&
0C
0D
#17320
b00000000000000000000011011000100 "
b00000000000000000000011011000100 $
1&
b0011011000001 >
b0011011000010 A
1C
1D
#17325
0&
0C
0D
#17330
b00000000000000000000011011000101 "
b00000000000000000000011011000101 $
1&
b0011011000010 >
b0011011000011 A
1C
1D
#17335
0&
0C
0D
#17340
b00000000000000000000011011000110 "
b00000000000000000000011011000110 $
1&
b0011011000011 >
b0011011000100 A
1C
1D
#17345
0&
0C
0D
#17350
b00000000000000000000011011000111 "
b00000000000000000000011011000111 $
1&
b0011011000100 >
b0011011000101 A
1C
1D
#17355
0&
0C
0D
#17360
b00000000000000000000011011001000 "
b00000000000000000000011011001000 $
1&
b0011011000101 >
b0011011000110 A
1C
1D
#17365
0&
0C
0D
#17370
b00000000000000000000011011001001 "
b00000000000000000000011011001001 $
1&
b0011011000110 >
b0011011000111 A
1C
1D
#17375
0&
0C
0D
#17380
b00000000000000000000011011001010 "
b00000000000000000000011011001010 $
1&
b0011011000111 >
b0011011001000 A
1C
1D
#17385
0&
0C
0D
#17390
b00000000000000000000011011001011 "
b00000000000000000000011011001011 $
1&
b0011011001000 >
b0011011001001 A
1C
1D
#17395
0&
0C
0D
#17400
b00000000000000000000011011001100 "
b00000000000000000000011011001100 $
1&
b0011011001001 >
b0011011001010 A
1C
1D
#17405
0&
0C
0D
#17410
b00000000000000000000011011001101 "
b00000000000000000000011011001101 $
1&
b0011011001010 >
b0011011001011 A
1C
1D
#17415
0&
0C
0D
#17420
b00000000000000000000011011001110 "
b00000000000000000000011011001110 $
1&
b0011011001011 >
b0011011001100 A
1C
1D
#17425
0&
0C
0D
#17430
b00000000000000000000011011001111 "
b00000000000000000000011011001111 $
1&
b0011011001100 >
b0011011001101 A
1C
1D
#17435
0&
0C
0D
#17440
b00000000000000000000011011010000 "
b00000000000000000000011011010000 $
1&
b0011011001101 >
b0011011001110 A
1C
1D
#17445
0&
0C
0D
#17450
b00000000000000000000011011010001 "
b00000000000000000000011011010001 $
1&
b0011011001110 >
b0011011001111 A
1C
1D
#17455
0&
0C
0D
#17460
b00000000000000000000011011010010 "
b00000000000000000000011011010010 $
1&
b0011011001111 >
b0011011010000 A
1C
1D
#17465
0&
0C
0D
#17470
b00000000000000000000011011010011 "
b00000000000000000000011011010011 $
1&
b0011011010000 >
b0011011010001 A
1C
1D
#17475
0&
0C
0D
#17480
b00000000000000000000011011010100 "
b00000000000000000000011011010100 $
1&
b0011011010001 >
b0011011010010 A
1C
1D
#17485
0&
0C
0D
#17490
b00000000000000000000011011010101 "
b00000000000000000000011011010101 $
1&
b0011011010010 >
b0011011010011 A
1C
1D
#17495
0&
0C
0D
#17500
b00000000000000000000011011010110 "
b00000000000000000000011011010110 $
1&
b0011011010011 >
b0011011010100 A
1C
1D
#17505
0&
0C
0D
#17510
b00000000000000000000011011010111 "
b00000000000000000000011011010111 $
1&
b0011011010100 >
b0011011010101 A
1C
1D
#17515
0&
0C
0D
#17520
b00000000000000000000011011011000 "
b00000000000000000000011011011000 $
1&
b0011011010101 >
b0011011010110 A
1C
1D
#17525
0&
0C
0D
#17530
b00000000000000000000011011011001 "
b00000000000000000000011011011001 $
1&
b0011011010110 >
b0011011010111 A
1C
1D
#17535
0&
0C
0D
#17540
b00000000000000000000011011011010 "
b00000000000000000000011011011010 $
1&
b0011011010111 >
b0011011011000 A
1C
1D
#17545
0&
0C
0D
#17550
b00000000000000000000011011011011 "
b00000000000000000000011011011011 $
1&
b0011011011000 >
b0011011011001 A
1C
1D
#17555
0&
0C
0D
#17560
b00000000000000000000011011011100 "
b00000000000000000000011011011100 $
1&
b0011011011001 >
b0011011011010 A
1C
1D
#17565
0&
0C
0D
#17570
b00000000000000000000011011011101 "
b00000000000000000000011011011101 $
1&
b0011011011010 >
b0011011011011 A
1C
1D
#17575
0&
0C
0D
#17580
b00000000000000000000011011011110 "
b00000000000000000000011011011110 $
1&
b0011011011011 >
b0011011011100 A
1C
1D
#17585
0&
0C
0D
#17590
b00000000000000000000011011011111 "
b00000000000000000000011011011111 $
1&
b0011011011100 >
b0011011011101 A
1C
1D
#17595
0&
0C
0D
#17600
b00000000000000000000011011100000 "
b00000000000000000000011011100000 $
1&
b0011011011101 >
b0011011011110 A
1C
1D
#17605
0&
0C
0D
#17610
b00000000000000000000011011100001 "
b00000000000000000000011011100001 $
1&
b0011011011110 >
b0011011011111 A
1C
1D
#17615
0&
0C
0D
#17620
b00000000000000000000011011100010 "
b00000000000000000000011011100010 $
1&
b0011011011111 >
b0011011100000 A
1C
1D
#17625
0&
0C
0D
#17630
b00000000000000000000011011100011 "
b00000000000000000000011011100011 $
1&
b0011011100000 >
b0011011100001 A
1C
1D
#17635
0&
0C
0D
#17640
b00000000000000000000011011100100 "
b00000000000000000000011011100100 $
1&
b0011011100001 >
b0011011100010 A
1C
1D
#17645
0&
0C
0D
#17650
b00000000000000000000011011100101 "
b00000000000000000000011011100101 $
1&
b0011011100010 >
b0011011100011 A
1C
1D
#17655
0&
0C
0D
#17660
b00000000000000000000011011100110 "
b00000000000000000000011011100110 $
1&
b0011011100011 >
b0011011100100 A
1C
1D
#17665
0&
0C
0D
#17670
b00000000000000000000011011100111 "
b00000000000000000000011011100111 $
1&
b0011011100100 >
b0011011100101 A
1C
1D
#17675
0&
0C
0D
#17680
b00000000000000000000011011101000 "
b00000000000000000000011011101000 $
1&
b0011011100101 >
b0011011100110 A
1C
1D
#17685
0&
0C
0D
#17690
b00000000000000000000011011101001 "
b00000000000000000000011011101001 $
1&
b0011011100110 >
b0011011100111 A
1C
1D
#17695
0&
0C
0D
#17700
b00000000000000000000011011101010 "
b00000000000000000000011011101010 $
1&
b0011011100111 >
b0011011101000 A
1C
1D
#17705
0&
0C
0D
#17710
b00000000000000000000011011101011 "
b00000000000000000000011011101011 $
1&
b0011011101000 >
b0011011101001 A
1C
1D
#17715
0&
0C
0D
#17720
b00000000000000000000011011101100 "
b00000000000000000000011011101100 $
1&
b0011011101001 >
b0011011101010 A
1C
1D
#17725
0&
0C
0D
#17730
b00000000000000000000011011101101 "
b00000000000000000000011011101101 $
1&
b0011011101010 >
b0011011101011 A
1C
1D
#17735
0&
0C
0D
#17740
b00000000000000000000011011101110 "
b00000000000000000000011011101110 $
1&
b0011011101011 >
b0011011101100 A
1C
1D
#17745
0&
0C
0D
#17750
b00000000000000000000011011101111 "
b00000000000000000000011011101111 $
1&
b0011011101100 >
b0011011101101 A
1C
1D
#17755
0&
0C
0D
#17760
b00000000000000000000011011110000 "
b00000000000000000000011011110000 $
1&
b0011011101101 >
b0011011101110 A
1C
1D
#17765
0&
0C
0D
#17770
b00000000000000000000011011110001 "
b00000000000000000000011011110001 $
1&
b0011011101110 >
b0011011101111 A
1C
1D
#17775
0&
0C
0D
#17780
b00000000000000000000011011110010 "
b00000000000000000000011011110010 $
1&
b0011011101111 >
b0011011110000 A
1C
1D
#17785
0&
0C
0D
#17790
b00000000000000000000011011110011 "
b00000000000000000000011011110011 $
1&
b0011011110000 >
b0011011110001 A
1C
1D
#17795
0&
0C
0D
#17800
b00000000000000000000011011110100 "
b00000000000000000000011011110100 $
1&
b0011011110001 >
b0011011110010 A
1C
1D
#17805
0&
0C
0D
#17810
b00000000000000000000011011110101 "
b00000000000000000000011011110101 $
1&
b0011011110010 >
b0011011110011 A
1C
1D
#17815
0&
0C
0D
#17820
b00000000000000000000011011110110 "
b00000000000000000000011011110110 $
1&
b0011011110011 >
b0011011110100 A
1C
1D
#17825
0&
0C
0D
#17830
b00000000000000000000011011110111 "
b00000000000000000000011011110111 $
1&
b0011011110100 >
b0011011110101 A
1C
1D
#17835
0&
0C
0D
#17840
b00000000000000000000011011111000 "
b00000000000000000000011011111000 $
1&
b0011011110101 >
b0011011110110 A
1C
1D
#17845
0&
0C
0D
#17850
b00000000000000000000011011111001 "
b00000000000000000000011011111001 $
1&
b0011011110110 >
b0011011110111 A
1C
1D
#17855
0&
0C
0D
#17860
b00000000000000000000011011111010 "
b00000000000000000000011011111010 $
1&
b0011011110111 >
b0011011111000 A
1C
1D
#17865
0&
0C
0D
#17870
b00000000000000000000011011111011 "
b00000000000000000000011011111011 $
1&
b0011011111000 >
b0011011111001 A
1C
1D
#17875
0&
0C
0D
#17880
b00000000000000000000011011111100 "
b00000000000000000000011011111100 $
1&
b0011011111001 >
b0011011111010 A
1C
1D
#17885
0&
0C
0D
#17890
b00000000000000000000011011111101 "
b00000000000000000000011011111101 $
1&
b0011011111010 >
b0011011111011 A
1C
1D
#17895
0&
0C
0D
#17900
b00000000000000000000011011111110 "
b00000000000000000000011011111110 $
1&
b0011011111011 >
b0011011111100 A
1C
1D
#17905
0&
0C
0D
#17910
b00000000000000000000011011111111 "
b00000000000000000000011011111111 $
1&
b0011011111100 >
b0011011111101 A
1C
1D
#17915
0&
0C
0D
#17920
b00000000000000000000011100000000 "
b00000000000000000000011100000000 $
1&
b0011011111101 >
b0011011111110 A
1C
1D
#17925
0&
0C
0D
#17930
b00000000000000000000011100000001 "
b00000000000000000000011100000001 $
1&
b0011011111110 >
b0011011111111 A
1C
1D
#17935
0&
0C
0D
#17940
b00000000000000000000011100000010 "
b00000000000000000000011100000010 $
1&
b0011011111111 >
b0011100000000 A
1C
1D
#17945
0&
0C
0D
#17950
b00000000000000000000011100000011 "
b00000000000000000000011100000011 $
1&
b0011100000000 >
b0011100000001 A
1C
1D
#17955
0&
0C
0D
#17960
b00000000000000000000011100000100 "
b00000000000000000000011100000100 $
1&
b0011100000001 >
b0011100000010 A
1C
1D
#17965
0&
0C
0D
#17970
b00000000000000000000011100000101 "
b00000000000000000000011100000101 $
1&
b0011100000010 >
b0011100000011 A
1C
1D
#17975
0&
0C
0D
#17980
b00000000000000000000011100000110 "
b00000000000000000000011100000110 $
1&
b0011100000011 >
b0011100000100 A
1C
1D
#17985
0&
0C
0D
#17990
b00000000000000000000011100000111 "
b00000000000000000000011100000111 $
1&
b0011100000100 >
b0011100000101 A
1C
1D
#17995
0&
0C
0D
#18000
b00000000000000000000011100001000 "
b00000000000000000000011100001000 $
1&
b0011100000101 >
b0011100000110 A
1C
1D
#18005
0&
0C
0D
#18010
b00000000000000000000011100001001 "
b00000000000000000000011100001001 $
1&
b0011100000110 >
b0011100000111 A
1C
1D
#18015
0&
0C
0D
#18020
b00000000000000000000011100001010 "
b00000000000000000000011100001010 $
1&
b0011100000111 >
b0011100001000 A
1C
1D
#18025
0&
0C
0D
#18030
b00000000000000000000011100001011 "
b00000000000000000000011100001011 $
1&
b0011100001000 >
b0011100001001 A
1C
1D
#18035
0&
0C
0D
#18040
b00000000000000000000011100001100 "
b00000000000000000000011100001100 $
1&
b0011100001001 >
b0011100001010 A
1C
1D
#18045
0&
0C
0D
#18050
b00000000000000000000011100001101 "
b00000000000000000000011100001101 $
1&
b0011100001010 >
b0011100001011 A
1C
1D
#18055
0&
0C
0D
#18060
b00000000000000000000011100001110 "
b00000000000000000000011100001110 $
1&
b0011100001011 >
b0011100001100 A
1C
1D
#18065
0&
0C
0D
#18070
b00000000000000000000011100001111 "
b00000000000000000000011100001111 $
1&
b0011100001100 >
b0011100001101 A
1C
1D
#18075
0&
0C
0D
#18080
b00000000000000000000011100010000 "
b00000000000000000000011100010000 $
1&
b0011100001101 >
b0011100001110 A
1C
1D
#18085
0&
0C
0D
#18090
b00000000000000000000011100010001 "
b00000000000000000000011100010001 $
1&
b0011100001110 >
b0011100001111 A
1C
1D
#18095
0&
0C
0D
#18100
b00000000000000000000011100010010 "
b00000000000000000000011100010010 $
1&
b0011100001111 >
b0011100010000 A
1C
1D
#18105
0&
0C
0D
#18110
b00000000000000000000011100010011 "
b00000000000000000000011100010011 $
1&
b0011100010000 >
b0011100010001 A
1C
1D
#18115
0&
0C
0D
#18120
b00000000000000000000011100010100 "
b00000000000000000000011100010100 $
1&
b0011100010001 >
b0011100010010 A
1C
1D
#18125
0&
0C
0D
#18130
b00000000000000000000011100010101 "
b00000000000000000000011100010101 $
1&
b0011100010010 >
b0011100010011 A
1C
1D
#18135
0&
0C
0D
#18140
b00000000000000000000011100010110 "
b00000000000000000000011100010110 $
1&
b0011100010011 >
b0011100010100 A
1C
1D
#18145
0&
0C
0D
#18150
b00000000000000000000011100010111 "
b00000000000000000000011100010111 $
1&
b0011100010100 >
b0011100010101 A
1C
1D
#18155
0&
0C
0D
#18160
b00000000000000000000011100011000 "
b00000000000000000000011100011000 $
1&
b0011100010101 >
b0011100010110 A
1C
1D
#18165
0&
0C
0D
#18170
b00000000000000000000011100011001 "
b00000000000000000000011100011001 $
1&
b0011100010110 >
b0011100010111 A
1C
1D
#18175
0&
0C
0D
#18180
b00000000000000000000011100011010 "
b00000000000000000000011100011010 $
1&
b0011100010111 >
b0011100011000 A
1C
1D
#18185
0&
0C
0D
#18190
b00000000000000000000011100011011 "
b00000000000000000000011100011011 $
1&
b0011100011000 >
b0011100011001 A
1C
1D
#18195
0&
0C
0D
#18200
b00000000000000000000011100011100 "
b00000000000000000000011100011100 $
1&
b0011100011001 >
b0011100011010 A
1C
1D
#18205
0&
0C
0D
#18210
b00000000000000000000011100011101 "
b00000000000000000000011100011101 $
1&
b0011100011010 >
b0011100011011 A
1C
1D
#18215
0&
0C
0D
#18220
b00000000000000000000011100011110 "
b00000000000000000000011100011110 $
1&
b0011100011011 >
b0011100011100 A
1C
1D
#18225
0&
0C
0D
#18230
b00000000000000000000011100011111 "
b00000000000000000000011100011111 $
1&
b0011100011100 >
b0011100011101 A
1C
1D
#18235
0&
0C
0D
#18240
b00000000000000000000011100100000 "
b00000000000000000000011100100000 $
1&
b0011100011101 >
b0011100011110 A
1C
1D
#18245
0&
0C
0D
#18250
b00000000000000000000011100100001 "
b00000000000000000000011100100001 $
1&
b0011100011110 >
b0011100011111 A
1C
1D
#18255
0&
0C
0D
#18260
b00000000000000000000011100100010 "
b00000000000000000000011100100010 $
1&
b0011100011111 >
b0011100100000 A
1C
1D
#18265
0&
0C
0D
#18270
b00000000000000000000011100100011 "
b00000000000000000000011100100011 $
1&
b0011100100000 >
b0011100100001 A
1C
1D
#18275
0&
0C
0D
#18280
b00000000000000000000011100100100 "
b00000000000000000000011100100100 $
1&
b0011100100001 >
b0011100100010 A
1C
1D
#18285
0&
0C
0D
#18290
b00000000000000000000011100100101 "
b00000000000000000000011100100101 $
1&
b0011100100010 >
b0011100100011 A
1C
1D
#18295
0&
0C
0D
#18300
b00000000000000000000011100100110 "
b00000000000000000000011100100110 $
1&
b0011100100011 >
b0011100100100 A
1C
1D
#18305
0&
0C
0D
#18310
b00000000000000000000011100100111 "
b00000000000000000000011100100111 $
1&
b0011100100100 >
b0011100100101 A
1C
1D
#18315
0&
0C
0D
#18320
b00000000000000000000011100101000 "
b00000000000000000000011100101000 $
1&
b0011100100101 >
b0011100100110 A
1C
1D
#18325
0&
0C
0D
#18330
b00000000000000000000011100101001 "
b00000000000000000000011100101001 $
1&
b0011100100110 >
b0011100100111 A
1C
1D
#18335
0&
0C
0D
#18340
b00000000000000000000011100101010 "
b00000000000000000000011100101010 $
1&
b0011100100111 >
b0011100101000 A
1C
1D
#18345
0&
0C
0D
#18350
b00000000000000000000011100101011 "
b00000000000000000000011100101011 $
1&
b0011100101000 >
b0011100101001 A
1C
1D
#18355
0&
0C
0D
#18360
b00000000000000000000011100101100 "
b00000000000000000000011100101100 $
1&
b0011100101001 >
b0011100101010 A
1C
1D
#18365
0&
0C
0D
#18370
b00000000000000000000011100101101 "
b00000000000000000000011100101101 $
1&
b0011100101010 >
b0011100101011 A
1C
1D
#18375
0&
0C
0D
#18380
b00000000000000000000011100101110 "
b00000000000000000000011100101110 $
1&
b0011100101011 >
b0011100101100 A
1C
1D
#18385
0&
0C
0D
#18390
b00000000000000000000011100101111 "
b00000000000000000000011100101111 $
1&
b0011100101100 >
b0011100101101 A
1C
1D
#18395
0&
0C
0D
#18400
b00000000000000000000011100110000 "
b00000000000000000000011100110000 $
1&
b0011100101101 >
b0011100101110 A
1C
1D
#18405
0&
0C
0D
#18410
b00000000000000000000011100110001 "
b00000000000000000000011100110001 $
1&
b0011100101110 >
b0011100101111 A
1C
1D
#18415
0&
0C
0D
#18420
b00000000000000000000011100110010 "
b00000000000000000000011100110010 $
1&
b0011100101111 >
b0011100110000 A
1C
1D
#18425
0&
0C
0D
#18430
b00000000000000000000011100110011 "
b00000000000000000000011100110011 $
1&
b0011100110000 >
b0011100110001 A
1C
1D
#18435
0&
0C
0D
#18440
b00000000000000000000011100110100 "
b00000000000000000000011100110100 $
1&
b0011100110001 >
b0011100110010 A
1C
1D
#18445
0&
0C
0D
#18450
b00000000000000000000011100110101 "
b00000000000000000000011100110101 $
1&
b0011100110010 >
b0011100110011 A
1C
1D
#18455
0&
0C
0D
#18460
b00000000000000000000011100110110 "
b00000000000000000000011100110110 $
1&
b0011100110011 >
b0011100110100 A
1C
1D
#18465
0&
0C
0D
#18470
b00000000000000000000011100110111 "
b00000000000000000000011100110111 $
1&
b0011100110100 >
b0011100110101 A
1C
1D
#18475
0&
0C
0D
#18480
b00000000000000000000011100111000 "
b00000000000000000000011100111000 $
1&
b0011100110101 >
b0011100110110 A
1C
1D
#18485
0&
0C
0D
#18490
b00000000000000000000011100111001 "
b00000000000000000000011100111001 $
1&
b0011100110110 >
b0011100110111 A
1C
1D
#18495
0&
0C
0D
#18500
b00000000000000000000011100111010 "
b00000000000000000000011100111010 $
1&
b0011100110111 >
b0011100111000 A
1C
1D
#18505
0&
0C
0D
#18510
b00000000000000000000011100111011 "
b00000000000000000000011100111011 $
1&
b0011100111000 >
b0011100111001 A
1C
1D
#18515
0&
0C
0D
#18520
b00000000000000000000011100111100 "
b00000000000000000000011100111100 $
1&
b0011100111001 >
b0011100111010 A
1C
1D
#18525
0&
0C
0D
#18530
b00000000000000000000011100111101 "
b00000000000000000000011100111101 $
1&
b0011100111010 >
b0011100111011 A
1C
1D
#18535
0&
0C
0D
#18540
b00000000000000000000011100111110 "
b00000000000000000000011100111110 $
1&
b0011100111011 >
b0011100111100 A
1C
1D
#18545
0&
0C
0D
#18550
b00000000000000000000011100111111 "
b00000000000000000000011100111111 $
1&
b0011100111100 >
b0011100111101 A
1C
1D
#18555
0&
0C
0D
#18560
b00000000000000000000011101000000 "
b00000000000000000000011101000000 $
1&
b0011100111101 >
b0011100111110 A
1C
1D
#18565
0&
0C
0D
#18570
b00000000000000000000011101000001 "
b00000000000000000000011101000001 $
1&
b0011100111110 >
b0011100111111 A
1C
1D
#18575
0&
0C
0D
#18580
b00000000000000000000011101000010 "
b00000000000000000000011101000010 $
1&
b0011100111111 >
b0011101000000 A
1C
1D
#18585
0&
0C
0D
#18590
b00000000000000000000011101000011 "
b00000000000000000000011101000011 $
1&
b0011101000000 >
b0011101000001 A
1C
1D
#18595
0&
0C
0D
#18600
b00000000000000000000011101000100 "
b00000000000000000000011101000100 $
1&
b0011101000001 >
b0011101000010 A
1C
1D
#18605
0&
0C
0D
#18610
b00000000000000000000011101000101 "
b00000000000000000000011101000101 $
1&
b0011101000010 >
b0011101000011 A
1C
1D
#18615
0&
0C
0D
#18620
b00000000000000000000011101000110 "
b00000000000000000000011101000110 $
1&
b0011101000011 >
b0011101000100 A
1C
1D
#18625
0&
0C
0D
#18630
b00000000000000000000011101000111 "
b00000000000000000000011101000111 $
1&
b0011101000100 >
b0011101000101 A
1C
1D
#18635
0&
0C
0D
#18640
b00000000000000000000011101001000 "
b00000000000000000000011101001000 $
1&
b0011101000101 >
b0011101000110 A
1C
1D
#18645
0&
0C
0D
#18650
b00000000000000000000011101001001 "
b00000000000000000000011101001001 $
1&
b0011101000110 >
b0011101000111 A
1C
1D
#18655
0&
0C
0D
#18660
b00000000000000000000011101001010 "
b00000000000000000000011101001010 $
1&
b0011101000111 >
b0011101001000 A
1C
1D
#18665
0&
0C
0D
#18670
b00000000000000000000011101001011 "
b00000000000000000000011101001011 $
1&
b0011101001000 >
b0011101001001 A
1C
1D
#18675
0&
0C
0D
#18680
b00000000000000000000011101001100 "
b00000000000000000000011101001100 $
1&
b0011101001001 >
b0011101001010 A
1C
1D
#18685
0&
0C
0D
#18690
b00000000000000000000011101001101 "
b00000000000000000000011101001101 $
1&
b0011101001010 >
b0011101001011 A
1C
1D
#18695
0&
0C
0D
#18700
b00000000000000000000011101001110 "
b00000000000000000000011101001110 $
1&
b0011101001011 >
b0011101001100 A
1C
1D
#18705
0&
0C
0D
#18710
b00000000000000000000011101001111 "
b00000000000000000000011101001111 $
1&
b0011101001100 >
b0011101001101 A
1C
1D
#18715
0&
0C
0D
#18720
b00000000000000000000011101010000 "
b00000000000000000000011101010000 $
1&
b0011101001101 >
b0011101001110 A
1C
1D
#18725
0&
0C
0D
#18730
b00000000000000000000011101010001 "
b00000000000000000000011101010001 $
1&
b0011101001110 >
b0011101001111 A
1C
1D
#18735
0&
0C
0D
#18740
b00000000000000000000011101010010 "
b00000000000000000000011101010010 $
1&
b0011101001111 >
b0011101010000 A
1C
1D
#18745
0&
0C
0D
#18750
b00000000000000000000011101010011 "
b00000000000000000000011101010011 $
1&
b0011101010000 >
b0011101010001 A
1C
1D
#18755
0&
0C
0D
#18760
b00000000000000000000011101010100 "
b00000000000000000000011101010100 $
1&
b0011101010001 >
b0011101010010 A
1C
1D
#18765
0&
0C
0D
#18770
b00000000000000000000011101010101 "
b00000000000000000000011101010101 $
1&
b0011101010010 >
b0011101010011 A
1C
1D
#18775
0&
0C
0D
#18780
b00000000000000000000011101010110 "
b00000000000000000000011101010110 $
1&
b0011101010011 >
b0011101010100 A
1C
1D
#18785
0&
0C
0D
#18790
b00000000000000000000011101010111 "
b00000000000000000000011101010111 $
1&
b0011101010100 >
b0011101010101 A
1C
1D
#18795
0&
0C
0D
#18800
b00000000000000000000011101011000 "
b00000000000000000000011101011000 $
1&
b0011101010101 >
b0011101010110 A
1C
1D
#18805
0&
0C
0D
#18810
b00000000000000000000011101011001 "
b00000000000000000000011101011001 $
1&
b0011101010110 >
b0011101010111 A
1C
1D
#18815
0&
0C
0D
#18820
b00000000000000000000011101011010 "
b00000000000000000000011101011010 $
1&
b0011101010111 >
b0011101011000 A
1C
1D
#18825
0&
0C
0D
#18830
b00000000000000000000011101011011 "
b00000000000000000000011101011011 $
1&
b0011101011000 >
b0011101011001 A
1C
1D
#18835
0&
0C
0D
#18840
b00000000000000000000011101011100 "
b00000000000000000000011101011100 $
1&
b0011101011001 >
b0011101011010 A
1C
1D
#18845
0&
0C
0D
#18850
b00000000000000000000011101011101 "
b00000000000000000000011101011101 $
1&
b0011101011010 >
b0011101011011 A
1C
1D
#18855
0&
0C
0D
#18860
b00000000000000000000011101011110 "
b00000000000000000000011101011110 $
1&
b0011101011011 >
b0011101011100 A
1C
1D
#18865
0&
0C
0D
#18870
b00000000000000000000011101011111 "
b00000000000000000000011101011111 $
1&
b0011101011100 >
b0011101011101 A
1C
1D
#18875
0&
0C
0D
#18880
b00000000000000000000011101100000 "
b00000000000000000000011101100000 $
1&
b0011101011101 >
b0011101011110 A
1C
1D
#18885
0&
0C
0D
#18890
b00000000000000000000011101100001 "
b00000000000000000000011101100001 $
1&
b0011101011110 >
b0011101011111 A
1C
1D
#18895
0&
0C
0D
#18900
b00000000000000000000011101100010 "
b00000000000000000000011101100010 $
1&
b0011101011111 >
b0011101100000 A
1C
1D
#18905
0&
0C
0D
#18910
b00000000000000000000011101100011 "
b00000000000000000000011101100011 $
1&
b0011101100000 >
b0011101100001 A
1C
1D
#18915
0&
0C
0D
#18920
b00000000000000000000011101100100 "
b00000000000000000000011101100100 $
1&
b0011101100001 >
b0011101100010 A
1C
1D
#18925
0&
0C
0D
#18930
b00000000000000000000011101100101 "
b00000000000000000000011101100101 $
1&
b0011101100010 >
b0011101100011 A
1C
1D
#18935
0&
0C
0D
#18940
b00000000000000000000011101100110 "
b00000000000000000000011101100110 $
1&
b0011101100011 >
b0011101100100 A
1C
1D
#18945
0&
0C
0D
#18950
b00000000000000000000011101100111 "
b00000000000000000000011101100111 $
1&
b0011101100100 >
b0011101100101 A
1C
1D
#18955
0&
0C
0D
#18960
b00000000000000000000011101101000 "
b00000000000000000000011101101000 $
1&
b0011101100101 >
b0011101100110 A
1C
1D
#18965
0&
0C
0D
#18970
b00000000000000000000011101101001 "
b00000000000000000000011101101001 $
1&
b0011101100110 >
b0011101100111 A
1C
1D
#18975
0&
0C
0D
#18980
b00000000000000000000011101101010 "
b00000000000000000000011101101010 $
1&
b0011101100111 >
b0011101101000 A
1C
1D
#18985
0&
0C
0D
#18990
b00000000000000000000011101101011 "
b00000000000000000000011101101011 $
1&
b0011101101000 >
b0011101101001 A
1C
1D
#18995
0&
0C
0D
#19000
b00000000000000000000011101101100 "
b00000000000000000000011101101100 $
1&
b0011101101001 >
b0011101101010 A
1C
1D
#19005
0&
0C
0D
#19010
b00000000000000000000011101101101 "
b00000000000000000000011101101101 $
1&
b0011101101010 >
b0011101101011 A
1C
1D
#19015
0&
0C
0D
#19020
b00000000000000000000011101101110 "
b00000000000000000000011101101110 $
1&
b0011101101011 >
b0011101101100 A
1C
1D
#19025
0&
0C
0D
#19030
b00000000000000000000011101101111 "
b00000000000000000000011101101111 $
1&
b0011101101100 >
b0011101101101 A
1C
1D
#19035
0&
0C
0D
#19040
b00000000000000000000011101110000 "
b00000000000000000000011101110000 $
1&
b0011101101101 >
b0011101101110 A
1C
1D
#19045
0&
0C
0D
#19050
b00000000000000000000011101110001 "
b00000000000000000000011101110001 $
1&
b0011101101110 >
b0011101101111 A
1C
1D
#19055
0&
0C
0D
#19060
b00000000000000000000011101110010 "
b00000000000000000000011101110010 $
1&
b0011101101111 >
b0011101110000 A
1C
1D
#19065
0&
0C
0D
#19070
b00000000000000000000011101110011 "
b00000000000000000000011101110011 $
1&
b0011101110000 >
b0011101110001 A
1C
1D
#19075
0&
0C
0D
#19080
b00000000000000000000011101110100 "
b00000000000000000000011101110100 $
1&
b0011101110001 >
b0011101110010 A
1C
1D
#19085
0&
0C
0D
#19090
b00000000000000000000011101110101 "
b00000000000000000000011101110101 $
1&
b0011101110010 >
b0011101110011 A
1C
1D
#19095
0&
0C
0D
#19100
b00000000000000000000011101110110 "
b00000000000000000000011101110110 $
1&
b0011101110011 >
b0011101110100 A
1C
1D
#19105
0&
0C
0D
#19110
b00000000000000000000011101110111 "
b00000000000000000000011101110111 $
1&
b0011101110100 >
b0011101110101 A
1C
1D
#19115
0&
0C
0D
#19120
b00000000000000000000011101111000 "
b00000000000000000000011101111000 $
1&
b0011101110101 >
b0011101110110 A
1C
1D
#19125
0&
0C
0D
#19130
b00000000000000000000011101111001 "
b00000000000000000000011101111001 $
1&
b0011101110110 >
b0011101110111 A
1C
1D
#19135
0&
0C
0D
#19140
b00000000000000000000011101111010 "
b00000000000000000000011101111010 $
1&
b0011101110111 >
b0011101111000 A
1C
1D
#19145
0&
0C
0D
#19150
b00000000000000000000011101111011 "
b00000000000000000000011101111011 $
1&
b0011101111000 >
b0011101111001 A
1C
1D
#19155
0&
0C
0D
#19160
b00000000000000000000011101111100 "
b00000000000000000000011101111100 $
1&
b0011101111001 >
b0011101111010 A
1C
1D
#19165
0&
0C
0D
#19170
b00000000000000000000011101111101 "
b00000000000000000000011101111101 $
1&
b0011101111010 >
b0011101111011 A
1C
1D
#19175
0&
0C
0D
#19180
b00000000000000000000011101111110 "
b00000000000000000000011101111110 $
1&
b0011101111011 >
b0011101111100 A
1C
1D
#19185
0&
0C
0D
#19190
b00000000000000000000011101111111 "
b00000000000000000000011101111111 $
1&
b0011101111100 >
b0011101111101 A
1C
1D
#19195
0&
0C
0D
#19200
b00000000000000000000011110000000 "
b00000000000000000000011110000000 $
1&
b0011101111101 >
b0011101111110 A
1C
1D
#19205
0&
0C
0D
#19210
b00000000000000000000011110000001 "
b00000000000000000000011110000001 $
1&
b0011101111110 >
b0011101111111 A
1C
1D
#19215
0&
0C
0D
#19220
b00000000000000000000011110000010 "
b00000000000000000000011110000010 $
1&
b0011101111111 >
b0011110000000 A
1C
1D
#19225
0&
0C
0D
#19230
b00000000000000000000011110000011 "
b00000000000000000000011110000011 $
1&
b0011110000000 >
b0011110000001 A
1C
1D
#19235
0&
0C
0D
#19240
b00000000000000000000011110000100 "
b00000000000000000000011110000100 $
1&
b0011110000001 >
b0011110000010 A
1C
1D
#19245
0&
0C
0D
#19250
b00000000000000000000011110000101 "
b00000000000000000000011110000101 $
1&
b0011110000010 >
b0011110000011 A
1C
1D
#19255
0&
0C
0D
#19260
b00000000000000000000011110000110 "
b00000000000000000000011110000110 $
1&
b0011110000011 >
b0011110000100 A
1C
1D
#19265
0&
0C
0D
#19270
b00000000000000000000011110000111 "
b00000000000000000000011110000111 $
1&
b0011110000100 >
b0011110000101 A
1C
1D
#19275
0&
0C
0D
#19280
b00000000000000000000011110001000 "
b00000000000000000000011110001000 $
1&
b0011110000101 >
b0011110000110 A
1C
1D
#19285
0&
0C
0D
#19290
b00000000000000000000011110001001 "
b00000000000000000000011110001001 $
1&
b0011110000110 >
b0011110000111 A
1C
1D
#19295
0&
0C
0D
#19300
b00000000000000000000011110001010 "
b00000000000000000000011110001010 $
1&
b0011110000111 >
b0011110001000 A
1C
1D
#19305
0&
0C
0D
#19310
b00000000000000000000011110001011 "
b00000000000000000000011110001011 $
1&
b0011110001000 >
b0011110001001 A
1C
1D
#19315
0&
0C
0D
#19320
b00000000000000000000011110001100 "
b00000000000000000000011110001100 $
1&
b0011110001001 >
b0011110001010 A
1C
1D
#19325
0&
0C
0D
#19330
b00000000000000000000011110001101 "
b00000000000000000000011110001101 $
1&
b0011110001010 >
b0011110001011 A
1C
1D
#19335
0&
0C
0D
#19340
b00000000000000000000011110001110 "
b00000000000000000000011110001110 $
1&
b0011110001011 >
b0011110001100 A
1C
1D
#19345
0&
0C
0D
#19350
b00000000000000000000011110001111 "
b00000000000000000000011110001111 $
1&
b0011110001100 >
b0011110001101 A
1C
1D
#19355
0&
0C
0D
#19360
b00000000000000000000011110010000 "
b00000000000000000000011110010000 $
1&
b0011110001101 >
b0011110001110 A
1C
1D
#19365
0&
0C
0D
#19370
b00000000000000000000011110010001 "
b00000000000000000000011110010001 $
1&
b0011110001110 >
b0011110001111 A
1C
1D
#19375
0&
0C
0D
#19380
b00000000000000000000011110010010 "
b00000000000000000000011110010010 $
1&
b0011110001111 >
b0011110010000 A
1C
1D
#19385
0&
0C
0D
#19390
b00000000000000000000011110010011 "
b00000000000000000000011110010011 $
1&
b0011110010000 >
b0011110010001 A
1C
1D
#19395
0&
0C
0D
#19400
b00000000000000000000011110010100 "
b00000000000000000000011110010100 $
1&
b0011110010001 >
b0011110010010 A
1C
1D
#19405
0&
0C
0D
#19410
b00000000000000000000011110010101 "
b00000000000000000000011110010101 $
1&
b0011110010010 >
b0011110010011 A
1C
1D
#19415
0&
0C
0D
#19420
b00000000000000000000011110010110 "
b00000000000000000000011110010110 $
1&
b0011110010011 >
b0011110010100 A
1C
1D
#19425
0&
0C
0D
#19430
b00000000000000000000011110010111 "
b00000000000000000000011110010111 $
1&
b0011110010100 >
b0011110010101 A
1C
1D
#19435
0&
0C
0D
#19440
b00000000000000000000011110011000 "
b00000000000000000000011110011000 $
1&
b0011110010101 >
b0011110010110 A
1C
1D
#19445
0&
0C
0D
#19450
b00000000000000000000011110011001 "
b00000000000000000000011110011001 $
1&
b0011110010110 >
b0011110010111 A
1C
1D
#19455
0&
0C
0D
#19460
b00000000000000000000011110011010 "
b00000000000000000000011110011010 $
1&
b0011110010111 >
b0011110011000 A
1C
1D
#19465
0&
0C
0D
#19470
b00000000000000000000011110011011 "
b00000000000000000000011110011011 $
1&
b0011110011000 >
b0011110011001 A
1C
1D
#19475
0&
0C
0D
#19480
b00000000000000000000011110011100 "
b00000000000000000000011110011100 $
1&
b0011110011001 >
b0011110011010 A
1C
1D
#19485
0&
0C
0D
#19490
b00000000000000000000011110011101 "
b00000000000000000000011110011101 $
1&
b0011110011010 >
b0011110011011 A
1C
1D
#19495
0&
0C
0D
#19500
b00000000000000000000011110011110 "
b00000000000000000000011110011110 $
1&
b0011110011011 >
b0011110011100 A
1C
1D
#19505
0&
0C
0D
#19510
b00000000000000000000011110011111 "
b00000000000000000000011110011111 $
1&
b0011110011100 >
b0011110011101 A
1C
1D
#19515
0&
0C
0D
#19520
b00000000000000000000011110100000 "
b00000000000000000000011110100000 $
1&
b0011110011101 >
b0011110011110 A
1C
1D
#19525
0&
0C
0D
#19530
b00000000000000000000011110100001 "
b00000000000000000000011110100001 $
1&
b0011110011110 >
b0011110011111 A
1C
1D
#19535
0&
0C
0D
#19540
b00000000000000000000011110100010 "
b00000000000000000000011110100010 $
1&
b0011110011111 >
b0011110100000 A
1C
1D
#19545
0&
0C
0D
#19550
b00000000000000000000011110100011 "
b00000000000000000000011110100011 $
1&
b0011110100000 >
b0011110100001 A
1C
1D
#19555
0&
0C
0D
#19560
b00000000000000000000011110100100 "
b00000000000000000000011110100100 $
1&
b0011110100001 >
b0011110100010 A
1C
1D
#19565
0&
0C
0D
#19570
b00000000000000000000011110100101 "
b00000000000000000000011110100101 $
1&
b0011110100010 >
b0011110100011 A
1C
1D
#19575
0&
0C
0D
#19580
b00000000000000000000011110100110 "
b00000000000000000000011110100110 $
1&
b0011110100011 >
b0011110100100 A
1C
1D
#19585
0&
0C
0D
#19590
b00000000000000000000011110100111 "
b00000000000000000000011110100111 $
1&
b0011110100100 >
b0011110100101 A
1C
1D
#19595
0&
0C
0D
#19600
b00000000000000000000011110101000 "
b00000000000000000000011110101000 $
1&
b0011110100101 >
b0011110100110 A
1C
1D
#19605
0&
0C
0D
#19610
b00000000000000000000011110101001 "
b00000000000000000000011110101001 $
1&
b0011110100110 >
b0011110100111 A
1C
1D
#19615
0&
0C
0D
#19620
b00000000000000000000011110101010 "
b00000000000000000000011110101010 $
1&
b0011110100111 >
b0011110101000 A
1C
1D
#19625
0&
0C
0D
#19630
b00000000000000000000011110101011 "
b00000000000000000000011110101011 $
1&
b0011110101000 >
b0011110101001 A
1C
1D
#19635
0&
0C
0D
#19640
b00000000000000000000011110101100 "
b00000000000000000000011110101100 $
1&
b0011110101001 >
b0011110101010 A
1C
1D
#19645
0&
0C
0D
#19650
b00000000000000000000011110101101 "
b00000000000000000000011110101101 $
1&
b0011110101010 >
b0011110101011 A
1C
1D
#19655
0&
0C
0D
#19660
b00000000000000000000011110101110 "
b00000000000000000000011110101110 $
1&
b0011110101011 >
b0011110101100 A
1C
1D
#19665
0&
0C
0D
#19670
b00000000000000000000011110101111 "
b00000000000000000000011110101111 $
1&
b0011110101100 >
b0011110101101 A
1C
1D
#19675
0&
0C
0D
#19680
b00000000000000000000011110110000 "
b00000000000000000000011110110000 $
1&
b0011110101101 >
b0011110101110 A
1C
1D
#19685
0&
0C
0D
#19690
b00000000000000000000011110110001 "
b00000000000000000000011110110001 $
1&
b0011110101110 >
b0011110101111 A
1C
1D
#19695
0&
0C
0D
#19700
b00000000000000000000011110110010 "
b00000000000000000000011110110010 $
1&
b0011110101111 >
b0011110110000 A
1C
1D
#19705
0&
0C
0D
#19710
b00000000000000000000011110110011 "
b00000000000000000000011110110011 $
1&
b0011110110000 >
b0011110110001 A
1C
1D
#19715
0&
0C
0D
#19720
b00000000000000000000011110110100 "
b00000000000000000000011110110100 $
1&
b0011110110001 >
b0011110110010 A
1C
1D
#19725
0&
0C
0D
#19730
b00000000000000000000011110110101 "
b00000000000000000000011110110101 $
1&
b0011110110010 >
b0011110110011 A
1C
1D
#19735
0&
0C
0D
#19740
b00000000000000000000011110110110 "
b00000000000000000000011110110110 $
1&
b0011110110011 >
b0011110110100 A
1C
1D
#19745
0&
0C
0D
#19750
b00000000000000000000011110110111 "
b00000000000000000000011110110111 $
1&
b0011110110100 >
b0011110110101 A
1C
1D
#19755
0&
0C
0D
#19760
b00000000000000000000011110111000 "
b00000000000000000000011110111000 $
1&
b0011110110101 >
b0011110110110 A
1C
1D
#19765
0&
0C
0D
#19770
b00000000000000000000011110111001 "
b00000000000000000000011110111001 $
1&
b0011110110110 >
b0011110110111 A
1C
1D
#19775
0&
0C
0D
#19780
b00000000000000000000011110111010 "
b00000000000000000000011110111010 $
1&
b0011110110111 >
b0011110111000 A
1C
1D
#19785
0&
0C
0D
#19790
b00000000000000000000011110111011 "
b00000000000000000000011110111011 $
1&
b0011110111000 >
b0011110111001 A
1C
1D
#19795
0&
0C
0D
#19800
b00000000000000000000011110111100 "
b00000000000000000000011110111100 $
1&
b0011110111001 >
b0011110111010 A
1C
1D
#19805
0&
0C
0D
#19810
b00000000000000000000011110111101 "
b00000000000000000000011110111101 $
1&
b0011110111010 >
b0011110111011 A
1C
1D
#19815
0&
0C
0D
#19820
b00000000000000000000011110111110 "
b00000000000000000000011110111110 $
1&
b0011110111011 >
b0011110111100 A
1C
1D
#19825
0&
0C
0D
#19830
b00000000000000000000011110111111 "
b00000000000000000000011110111111 $
1&
b0011110111100 >
b0011110111101 A
1C
1D
#19835
0&
0C
0D
#19840
b00000000000000000000011111000000 "
b00000000000000000000011111000000 $
1&
b0011110111101 >
b0011110111110 A
1C
1D
#19845
0&
0C
0D
#19850
b00000000000000000000011111000001 "
b00000000000000000000011111000001 $
1&
b0011110111110 >
b0011110111111 A
1C
1D
#19855
0&
0C
0D
#19860
b00000000000000000000011111000010 "
b00000000000000000000011111000010 $
1&
b0011110111111 >
b0011111000000 A
1C
1D
#19865
0&
0C
0D
#19870
b00000000000000000000011111000011 "
b00000000000000000000011111000011 $
1&
b0011111000000 >
b0011111000001 A
1C
1D
#19875
0&
0C
0D
#19880
b00000000000000000000011111000100 "
b00000000000000000000011111000100 $
1&
b0011111000001 >
b0011111000010 A
1C
1D
#19885
0&
0C
0D
#19890
b00000000000000000000011111000101 "
b00000000000000000000011111000101 $
1&
b0011111000010 >
b0011111000011 A
1C
1D
#19895
0&
0C
0D
#19900
b00000000000000000000011111000110 "
b00000000000000000000011111000110 $
1&
b0011111000011 >
b0011111000100 A
1C
1D
#19905
0&
0C
0D
#19910
b00000000000000000000011111000111 "
b00000000000000000000011111000111 $
1&
b0011111000100 >
b0011111000101 A
1C
1D
#19915
0&
0C
0D
#19920
b00000000000000000000011111001000 "
b00000000000000000000011111001000 $
1&
b0011111000101 >
b0011111000110 A
1C
1D
#19925
0&
0C
0D
#19930
b00000000000000000000011111001001 "
b00000000000000000000011111001001 $
1&
b0011111000110 >
b0011111000111 A
1C
1D
#19935
0&
0C
0D
#19940
b00000000000000000000011111001010 "
b00000000000000000000011111001010 $
1&
b0011111000111 >
b0011111001000 A
1C
1D
#19945
0&
0C
0D
#19950
b00000000000000000000011111001011 "
b00000000000000000000011111001011 $
1&
b0011111001000 >
b0011111001001 A
1C
1D
#19955
0&
0C
0D
#19960
b00000000000000000000011111001100 "
b00000000000000000000011111001100 $
1&
b0011111001001 >
b0011111001010 A
1C
1D
#19965
0&
0C
0D
#19970
b00000000000000000000011111001101 "
b00000000000000000000011111001101 $
1&
b0011111001010 >
b0011111001011 A
1C
1D
#19975
0&
0C
0D
#19980
b00000000000000000000011111001110 "
b00000000000000000000011111001110 $
1&
b0011111001011 >
b0011111001100 A
1C
1D
#19985
0&
0C
0D
#19990
b00000000000000000000011111001111 "
b00000000000000000000011111001111 $
1&
b0011111001100 >
b0011111001101 A
1C
1D
#19995
0&
0C
0D
#20000
b00000000000000000000011111010000 "
b00000000000000000000011111010000 $
1&
b0011111001101 >
b0011111001110 A
1C
1D
#20005
0&
0C
0D
#20010
b00000000000000000000011111010001 "
b00000000000000000000011111010001 $
1&
b0011111001110 >
b0011111001111 A
1C
1D
#20015
0&
0C
0D
#20020
b00000000000000000000011111010010 "
b00000000000000000000011111010010 $
1&
b0011111001111 >
b0011111010000 A
1C
1D
#20025
0&
0C
0D
#20030
b00000000000000000000011111010011 "
b00000000000000000000011111010011 $
1&
b0011111010000 >
b0011111010001 A
1C
1D
#20035
0&
0C
0D
#20040
b00000000000000000000011111010100 "
b00000000000000000000011111010100 $
1&
b0011111010001 >
b0011111010010 A
1C
1D
#20045
0&
0C
0D
#20050
b00000000000000000000011111010101 "
b00000000000000000000011111010101 $
1&
b0011111010010 >
b0011111010011 A
1C
1D
#20055
0&
0C
0D
#20060
b00000000000000000000011111010110 "
b00000000000000000000011111010110 $
1&
b0011111010011 >
b0011111010100 A
1C
1D
#20065
0&
0C
0D
#20070
b00000000000000000000011111010111 "
b00000000000000000000011111010111 $
1&
b0011111010100 >
b0011111010101 A
1C
1D
#20075
0&
0C
0D
#20080
b00000000000000000000011111011000 "
b00000000000000000000011111011000 $
1&
b0011111010101 >
b0011111010110 A
1C
1D
#20085
0&
0C
0D
#20090
b00000000000000000000011111011001 "
b00000000000000000000011111011001 $
1&
b0011111010110 >
b0011111010111 A
1C
1D
#20095
0&
0C
0D
#20100
b00000000000000000000011111011010 "
b00000000000000000000011111011010 $
1&
b0011111010111 >
b0011111011000 A
1C
1D
#20105
0&
0C
0D
#20110
b00000000000000000000011111011011 "
b00000000000000000000011111011011 $
1&
b0011111011000 >
b0011111011001 A
1C
1D
#20115
0&
0C
0D
#20120
b00000000000000000000011111011100 "
b00000000000000000000011111011100 $
1&
b0011111011001 >
b0011111011010 A
1C
1D
#20125
0&
0C
0D
#20130
b00000000000000000000011111011101 "
b00000000000000000000011111011101 $
1&
b0011111011010 >
b0011111011011 A
1C
1D
#20135
0&
0C
0D
#20140
b00000000000000000000011111011110 "
b00000000000000000000011111011110 $
1&
b0011111011011 >
b0011111011100 A
1C
1D
#20145
0&
0C
0D
#20150
b00000000000000000000011111011111 "
b00000000000000000000011111011111 $
1&
b0011111011100 >
b0011111011101 A
1C
1D
#20155
0&
0C
0D
#20160
b00000000000000000000011111100000 "
b00000000000000000000011111100000 $
1&
b0011111011101 >
b0011111011110 A
1C
1D
#20165
0&
0C
0D
#20170
b00000000000000000000011111100001 "
b00000000000000000000011111100001 $
1&
b0011111011110 >
b0011111011111 A
1C
1D
#20175
0&
0C
0D
#20180
b00000000000000000000011111100010 "
b00000000000000000000011111100010 $
1&
b0011111011111 >
b0011111100000 A
1C
1D
#20185
0&
0C
0D
#20190
b00000000000000000000011111100011 "
b00000000000000000000011111100011 $
1&
b0011111100000 >
b0011111100001 A
1C
1D
#20195
0&
0C
0D
#20200
b00000000000000000000011111100100 "
b00000000000000000000011111100100 $
1&
b0011111100001 >
b0011111100010 A
1C
1D
#20205
0&
0C
0D
#20210
b00000000000000000000011111100101 "
b00000000000000000000011111100101 $
1&
b0011111100010 >
b0011111100011 A
1C
1D
#20215
0&
0C
0D
#20220
b00000000000000000000011111100110 "
b00000000000000000000011111100110 $
1&
b0011111100011 >
b0011111100100 A
1C
1D
#20225
0&
0C
0D
#20230
b00000000000000000000011111100111 "
b00000000000000000000011111100111 $
1&
b0011111100100 >
b0011111100101 A
1C
1D
#20235
0&
0C
0D
#20240
b00000000000000000000011111101000 "
b00000000000000000000011111101000 $
1&
b0011111100101 >
b0011111100110 A
1C
1D
#20245
0&
0C
0D
#20250
b00000000000000000000011111101001 "
b00000000000000000000011111101001 $
1&
b0011111100110 >
b0011111100111 A
1C
1D
#20255
0&
0C
0D
#20260
b00000000000000000000011111101010 "
b00000000000000000000011111101010 $
1&
b0011111100111 >
b0011111101000 A
1C
1D
#20265
0&
0C
0D
#20270
b00000000000000000000011111101011 "
b00000000000000000000011111101011 $
1&
b0011111101000 >
b0011111101001 A
1C
1D
#20275
0&
0C
0D
#20280
b00000000000000000000011111101100 "
b00000000000000000000011111101100 $
1&
b0011111101001 >
b0011111101010 A
1C
1D
#20285
0&
0C
0D
#20290
b00000000000000000000011111101101 "
b00000000000000000000011111101101 $
1&
b0011111101010 >
b0011111101011 A
1C
1D
#20295
0&
0C
0D
#20300
b00000000000000000000011111101110 "
b00000000000000000000011111101110 $
1&
b0011111101011 >
b0011111101100 A
1C
1D
#20305
0&
0C
0D
#20310
b00000000000000000000011111101111 "
b00000000000000000000011111101111 $
1&
b0011111101100 >
b0011111101101 A
1C
1D
#20315
0&
0C
0D
#20320
b00000000000000000000011111110000 "
b00000000000000000000011111110000 $
1&
b0011111101101 >
b0011111101110 A
1C
1D
#20325
0&
0C
0D
#20330
b00000000000000000000011111110001 "
b00000000000000000000011111110001 $
1&
b0011111101110 >
b0011111101111 A
1C
1D
#20335
0&
0C
0D
#20340
b00000000000000000000011111110010 "
b00000000000000000000011111110010 $
1&
b0011111101111 >
b0011111110000 A
1C
1D
#20345
0&
0C
0D
#20350
b00000000000000000000011111110011 "
b00000000000000000000011111110011 $
1&
b0011111110000 >
b0011111110001 A
1C
1D
#20355
0&
0C
0D
#20360
b00000000000000000000011111110100 "
b00000000000000000000011111110100 $
1&
b0011111110001 >
b0011111110010 A
1C
1D
#20365
0&
0C
0D
#20370
b00000000000000000000011111110101 "
b00000000000000000000011111110101 $
1&
b0011111110010 >
b0011111110011 A
1C
1D
#20375
0&
0C
0D
#20380
b00000000000000000000011111110110 "
b00000000000000000000011111110110 $
1&
b0011111110011 >
b0011111110100 A
1C
1D
#20385
0&
0C
0D
#20390
b00000000000000000000011111110111 "
b00000000000000000000011111110111 $
1&
b0011111110100 >
b0011111110101 A
1C
1D
#20395
0&
0C
0D
#20400
b00000000000000000000011111111000 "
b00000000000000000000011111111000 $
1&
b0011111110101 >
b0011111110110 A
1C
1D
#20405
0&
0C
0D
#20410
b00000000000000000000011111111001 "
b00000000000000000000011111111001 $
1&
b0011111110110 >
b0011111110111 A
1C
1D
#20415
0&
0C
0D
#20420
b00000000000000000000011111111010 "
b00000000000000000000011111111010 $
1&
b0011111110111 >
b0011111111000 A
1C
1D
#20425
0&
0C
0D
#20430
b00000000000000000000011111111011 "
b00000000000000000000011111111011 $
1&
b0011111111000 >
b0011111111001 A
1C
1D
#20435
0&
0C
0D
#20440
b00000000000000000000011111111100 "
b00000000000000000000011111111100 $
1&
b0011111111001 >
b0011111111010 A
1C
1D
#20445
0&
0C
0D
#20450
b00000000000000000000011111111101 "
b00000000000000000000011111111101 $
1&
b0011111111010 >
b0011111111011 A
1C
1D
#20455
0&
0C
0D
#20460
b00000000000000000000011111111110 "
b00000000000000000000011111111110 $
1&
b0011111111011 >
b0011111111100 A
1C
1D
#20465
0&
0C
0D
#20470
b00000000000000000000011111111111 "
b00000000000000000000011111111111 $
1&
b0011111111100 >
b0011111111101 A
1C
1D
#20475
0&
0C
0D
#20480
b00000000000000000000100000000000 "
b00000000000000000000100000000000 $
1&
b0011111111101 >
b0011111111110 A
1C
1D
#20485
0&
0C
0D
#20490
b00000000000000000000100000000001 "
b00000000000000000000100000000001 $
1&
b0011111111110 >
b0011111111111 A
1C
1D
#20495
0&
0C
0D
#20500
b00000000000000000000100000000010 "
b00000000000000000000100000000010 $
1&
b0011111111111 >
b0100000000000 A
1C
1D
#20505
0&
0C
0D
#20510
b00000000000000000000100000000011 "
b00000000000000000000100000000011 $
1&
b0100000000000 >
b0100000000001 A
1C
1D
#20515
0&
0C
0D
#20520
b00000000000000000000100000000100 "
b00000000000000000000100000000100 $
1&
b0100000000001 >
b0100000000010 A
1C
1D
#20525
0&
0C
0D
#20530
b00000000000000000000100000000101 "
b00000000000000000000100000000101 $
1&
b0100000000010 >
b0100000000011 A
1C
1D
#20535
0&
0C
0D
#20540
b00000000000000000000100000000110 "
b00000000000000000000100000000110 $
1&
b0100000000011 >
b0100000000100 A
1C
1D
#20545
0&
0C
0D
#20550
b00000000000000000000100000000111 "
b00000000000000000000100000000111 $
1&
b0100000000100 >
b0100000000101 A
1C
1D
#20555
0&
0C
0D
#20560
b00000000000000000000100000001000 "
b00000000000000000000100000001000 $
1&
b0100000000101 >
b0100000000110 A
1C
1D
#20565
0&
0C
0D
#20570
b00000000000000000000100000001001 "
b00000000000000000000100000001001 $
1&
b0100000000110 >
b0100000000111 A
1C
1D
#20575
0&
0C
0D
#20580
b00000000000000000000100000001010 "
b00000000000000000000100000001010 $
1&
b0100000000111 >
b0100000001000 A
1C
1D
#20585
0&
0C
0D
#20590
b00000000000000000000100000001011 "
b00000000000000000000100000001011 $
1&
b0100000001000 >
b0100000001001 A
1C
1D
#20595
0&
0C
0D
#20600
b00000000000000000000100000001100 "
b00000000000000000000100000001100 $
1&
b0100000001001 >
b0100000001010 A
1C
1D
#20605
0&
0C
0D
#20610
b00000000000000000000100000001101 "
b00000000000000000000100000001101 $
1&
b0100000001010 >
b0100000001011 A
1C
1D
#20615
0&
0C
0D
#20620
b00000000000000000000100000001110 "
b00000000000000000000100000001110 $
1&
b0100000001011 >
b0100000001100 A
1C
1D
#20625
0&
0C
0D
#20630
b00000000000000000000100000001111 "
b00000000000000000000100000001111 $
1&
b0100000001100 >
b0100000001101 A
1C
1D
#20635
0&
0C
0D
#20640
b00000000000000000000100000010000 "
b00000000000000000000100000010000 $
1&
b0100000001101 >
b0100000001110 A
1C
1D
#20645
0&
0C
0D
#20650
b00000000000000000000100000010001 "
b00000000000000000000100000010001 $
1&
b0100000001110 >
b0100000001111 A
1C
1D
#20655
0&
0C
0D
#20660
b00000000000000000000100000010010 "
b00000000000000000000100000010010 $
1&
b0100000001111 >
b0100000010000 A
1C
1D
#20665
0&
0C
0D
#20670
b00000000000000000000100000010011 "
b00000000000000000000100000010011 $
1&
b0100000010000 >
b0100000010001 A
1C
1D
#20675
0&
0C
0D
#20680
b00000000000000000000100000010100 "
b00000000000000000000100000010100 $
1&
b0100000010001 >
b0100000010010 A
1C
1D
#20685
0&
0C
0D
#20690
b00000000000000000000100000010101 "
b00000000000000000000100000010101 $
1&
b0100000010010 >
b0100000010011 A
1C
1D
#20695
0&
0C
0D
#20700
b00000000000000000000100000010110 "
b00000000000000000000100000010110 $
1&
b0100000010011 >
b0100000010100 A
1C
1D
#20705
0&
0C
0D
#20710
b00000000000000000000100000010111 "
b00000000000000000000100000010111 $
1&
b0100000010100 >
b0100000010101 A
1C
1D
#20715
0&
0C
0D
#20720
b00000000000000000000100000011000 "
b00000000000000000000100000011000 $
1&
b0100000010101 >
b0100000010110 A
1C
1D
#20725
0&
0C
0D
#20730
b00000000000000000000100000011001 "
b00000000000000000000100000011001 $
1&
b0100000010110 >
b0100000010111 A
1C
1D
#20735
0&
0C
0D
#20740
b00000000000000000000100000011010 "
b00000000000000000000100000011010 $
1&
b0100000010111 >
b0100000011000 A
1C
1D
#20745
0&
0C
0D
#20750
b00000000000000000000100000011011 "
b00000000000000000000100000011011 $
1&
b0100000011000 >
b0100000011001 A
1C
1D
#20755
0&
0C
0D
#20760
b00000000000000000000100000011100 "
b00000000000000000000100000011100 $
1&
b0100000011001 >
b0100000011010 A
1C
1D
#20765
0&
0C
0D
#20770
b00000000000000000000100000011101 "
b00000000000000000000100000011101 $
1&
b0100000011010 >
b0100000011011 A
1C
1D
#20775
0&
0C
0D
#20780
b00000000000000000000100000011110 "
b00000000000000000000100000011110 $
1&
b0100000011011 >
b0100000011100 A
1C
1D
#20785
0&
0C
0D
#20790
b00000000000000000000100000011111 "
b00000000000000000000100000011111 $
1&
b0100000011100 >
b0100000011101 A
1C
1D
#20795
0&
0C
0D
#20800
b00000000000000000000100000100000 "
b00000000000000000000100000100000 $
1&
b0100000011101 >
b0100000011110 A
1C
1D
#20805
0&
0C
0D
#20810
b00000000000000000000100000100001 "
b00000000000000000000100000100001 $
1&
b0100000011110 >
b0100000011111 A
1C
1D
#20815
0&
0C
0D
#20820
b00000000000000000000100000100010 "
b00000000000000000000100000100010 $
1&
b0100000011111 >
b0100000100000 A
1C
1D
#20825
0&
0C
0D
#20830
b00000000000000000000100000100011 "
b00000000000000000000100000100011 $
1&
b0100000100000 >
b0100000100001 A
1C
1D
#20835
0&
0C
0D
#20840
b00000000000000000000100000100100 "
b00000000000000000000100000100100 $
1&
b0100000100001 >
b0100000100010 A
1C
1D
#20845
0&
0C
0D
#20850
b00000000000000000000100000100101 "
b00000000000000000000100000100101 $
1&
b0100000100010 >
b0100000100011 A
1C
1D
#20855
0&
0C
0D
#20860
b00000000000000000000100000100110 "
b00000000000000000000100000100110 $
1&
b0100000100011 >
b0100000100100 A
1C
1D
#20865
0&
0C
0D
#20870
b00000000000000000000100000100111 "
b00000000000000000000100000100111 $
1&
b0100000100100 >
b0100000100101 A
1C
1D
#20875
0&
0C
0D
#20880
b00000000000000000000100000101000 "
b00000000000000000000100000101000 $
1&
b0100000100101 >
b0100000100110 A
1C
1D
#20885
0&
0C
0D
#20890
b00000000000000000000100000101001 "
b00000000000000000000100000101001 $
1&
b0100000100110 >
b0100000100111 A
1C
1D
#20895
0&
0C
0D
#20900
b00000000000000000000100000101010 "
b00000000000000000000100000101010 $
1&
b0100000100111 >
b0100000101000 A
1C
1D
#20905
0&
0C
0D
#20910
b00000000000000000000100000101011 "
b00000000000000000000100000101011 $
1&
b0100000101000 >
b0100000101001 A
1C
1D
#20915
0&
0C
0D
#20920
b00000000000000000000100000101100 "
b00000000000000000000100000101100 $
1&
b0100000101001 >
b0100000101010 A
1C
1D
#20925
0&
0C
0D
#20930
b00000000000000000000100000101101 "
b00000000000000000000100000101101 $
1&
b0100000101010 >
b0100000101011 A
1C
1D
#20935
0&
0C
0D
#20940
b00000000000000000000100000101110 "
b00000000000000000000100000101110 $
1&
b0100000101011 >
b0100000101100 A
1C
1D
#20945
0&
0C
0D
#20950
b00000000000000000000100000101111 "
b00000000000000000000100000101111 $
1&
b0100000101100 >
b0100000101101 A
1C
1D
#20955
0&
0C
0D
#20960
b00000000000000000000100000110000 "
b00000000000000000000100000110000 $
1&
b0100000101101 >
b0100000101110 A
1C
1D
#20965
0&
0C
0D
#20970
b00000000000000000000100000110001 "
b00000000000000000000100000110001 $
1&
b0100000101110 >
b0100000101111 A
1C
1D
#20975
0&
0C
0D
#20980
b00000000000000000000100000110010 "
b00000000000000000000100000110010 $
1&
b0100000101111 >
b0100000110000 A
1C
1D
#20985
0&
0C
0D
#20990
b00000000000000000000100000110011 "
b00000000000000000000100000110011 $
1&
b0100000110000 >
b0100000110001 A
1C
1D
#20995
0&
0C
0D
#21000
b00000000000000000000100000110100 "
b00000000000000000000100000110100 $
1&
b0100000110001 >
b0100000110010 A
1C
1D
#21005
0&
0C
0D
#21010
b00000000000000000000100000110101 "
b00000000000000000000100000110101 $
1&
b0100000110010 >
b0100000110011 A
1C
1D
#21015
0&
0C
0D
#21020
b00000000000000000000100000110110 "
b00000000000000000000100000110110 $
1&
b0100000110011 >
b0100000110100 A
1C
1D
#21025
0&
0C
0D
#21030
b00000000000000000000100000110111 "
b00000000000000000000100000110111 $
1&
b0100000110100 >
b0100000110101 A
1C
1D
#21035
0&
0C
0D
#21040
b00000000000000000000100000111000 "
b00000000000000000000100000111000 $
1&
b0100000110101 >
b0100000110110 A
1C
1D
#21045
0&
0C
0D
#21050
b00000000000000000000100000111001 "
b00000000000000000000100000111001 $
1&
b0100000110110 >
b0100000110111 A
1C
1D
#21055
0&
0C
0D
#21060
b00000000000000000000100000111010 "
b00000000000000000000100000111010 $
1&
b0100000110111 >
b0100000111000 A
1C
1D
#21065
0&
0C
0D
#21070
b00000000000000000000100000111011 "
b00000000000000000000100000111011 $
1&
b0100000111000 >
b0100000111001 A
1C
1D
#21075
0&
0C
0D
#21080
b00000000000000000000100000111100 "
b00000000000000000000100000111100 $
1&
b0100000111001 >
b0100000111010 A
1C
1D
#21085
0&
0C
0D
#21090
b00000000000000000000100000111101 "
b00000000000000000000100000111101 $
1&
b0100000111010 >
b0100000111011 A
1C
1D
#21095
0&
0C
0D
#21100
b00000000000000000000100000111110 "
b00000000000000000000100000111110 $
1&
b0100000111011 >
b0100000111100 A
1C
1D
#21105
0&
0C
0D
#21110
b00000000000000000000100000111111 "
b00000000000000000000100000111111 $
1&
b0100000111100 >
b0100000111101 A
1C
1D
#21115
0&
0C
0D
#21120
b00000000000000000000100001000000 "
b00000000000000000000100001000000 $
1&
b0100000111101 >
b0100000111110 A
1C
1D
#21125
0&
0C
0D
#21130
b00000000000000000000100001000001 "
b00000000000000000000100001000001 $
1&
b0100000111110 >
b0100000111111 A
1C
1D
#21135
0&
0C
0D
#21140
b00000000000000000000100001000010 "
b00000000000000000000100001000010 $
1&
b0100000111111 >
b0100001000000 A
1C
1D
#21145
0&
0C
0D
#21150
b00000000000000000000100001000011 "
b00000000000000000000100001000011 $
1&
b0100001000000 >
b0100001000001 A
1C
1D
#21155
0&
0C
0D
#21160
b00000000000000000000100001000100 "
b00000000000000000000100001000100 $
1&
b0100001000001 >
b0100001000010 A
1C
1D
#21165
0&
0C
0D
#21170
b00000000000000000000100001000101 "
b00000000000000000000100001000101 $
1&
b0100001000010 >
b0100001000011 A
1C
1D
#21175
0&
0C
0D
#21180
b00000000000000000000100001000110 "
b00000000000000000000100001000110 $
1&
b0100001000011 >
b0100001000100 A
1C
1D
#21185
0&
0C
0D
#21190
b00000000000000000000100001000111 "
b00000000000000000000100001000111 $
1&
b0100001000100 >
b0100001000101 A
1C
1D
#21195
0&
0C
0D
#21200
b00000000000000000000100001001000 "
b00000000000000000000100001001000 $
1&
b0100001000101 >
b0100001000110 A
1C
1D
#21205
0&
0C
0D
#21210
b00000000000000000000100001001001 "
b00000000000000000000100001001001 $
1&
b0100001000110 >
b0100001000111 A
1C
1D
#21215
0&
0C
0D
#21220
b00000000000000000000100001001010 "
b00000000000000000000100001001010 $
1&
b0100001000111 >
b0100001001000 A
1C
1D
#21225
0&
0C
0D
#21230
b00000000000000000000100001001011 "
b00000000000000000000100001001011 $
1&
b0100001001000 >
b0100001001001 A
1C
1D
#21235
0&
0C
0D
#21240
b00000000000000000000100001001100 "
b00000000000000000000100001001100 $
1&
b0100001001001 >
b0100001001010 A
1C
1D
#21245
0&
0C
0D
#21250
b00000000000000000000100001001101 "
b00000000000000000000100001001101 $
1&
b0100001001010 >
b0100001001011 A
1C
1D
#21255
0&
0C
0D
#21260
b00000000000000000000100001001110 "
b00000000000000000000100001001110 $
1&
b0100001001011 >
b0100001001100 A
1C
1D
#21265
0&
0C
0D
#21270
b00000000000000000000100001001111 "
b00000000000000000000100001001111 $
1&
b0100001001100 >
b0100001001101 A
1C
1D
#21275
0&
0C
0D
#21280
b00000000000000000000100001010000 "
b00000000000000000000100001010000 $
1&
b0100001001101 >
b0100001001110 A
1C
1D
#21285
0&
0C
0D
#21290
b00000000000000000000100001010001 "
b00000000000000000000100001010001 $
1&
b0100001001110 >
b0100001001111 A
1C
1D
#21295
0&
0C
0D
#21300
b00000000000000000000100001010010 "
b00000000000000000000100001010010 $
1&
b0100001001111 >
b0100001010000 A
1C
1D
#21305
0&
0C
0D
#21310
b00000000000000000000100001010011 "
b00000000000000000000100001010011 $
1&
b0100001010000 >
b0100001010001 A
1C
1D
#21315
0&
0C
0D
#21320
b00000000000000000000100001010100 "
b00000000000000000000100001010100 $
1&
b0100001010001 >
b0100001010010 A
1C
1D
#21325
0&
0C
0D
#21330
b00000000000000000000100001010101 "
b00000000000000000000100001010101 $
1&
b0100001010010 >
b0100001010011 A
1C
1D
#21335
0&
0C
0D
#21340
b00000000000000000000100001010110 "
b00000000000000000000100001010110 $
1&
b0100001010011 >
b0100001010100 A
1C
1D
#21345
0&
0C
0D
#21350
b00000000000000000000100001010111 "
b00000000000000000000100001010111 $
1&
b0100001010100 >
b0100001010101 A
1C
1D
#21355
0&
0C
0D
#21360
b00000000000000000000100001011000 "
b00000000000000000000100001011000 $
1&
b0100001010101 >
b0100001010110 A
1C
1D
#21365
0&
0C
0D
#21370
b00000000000000000000100001011001 "
b00000000000000000000100001011001 $
1&
b0100001010110 >
b0100001010111 A
1C
1D
#21375
0&
0C
0D
#21380
b00000000000000000000100001011010 "
b00000000000000000000100001011010 $
1&
b0100001010111 >
b0100001011000 A
1C
1D
#21385
0&
0C
0D
#21390
b00000000000000000000100001011011 "
b00000000000000000000100001011011 $
1&
b0100001011000 >
b0100001011001 A
1C
1D
#21395
0&
0C
0D
#21400
b00000000000000000000100001011100 "
b00000000000000000000100001011100 $
1&
b0100001011001 >
b0100001011010 A
1C
1D
#21405
0&
0C
0D
#21410
b00000000000000000000100001011101 "
b00000000000000000000100001011101 $
1&
b0100001011010 >
b0100001011011 A
1C
1D
#21415
0&
0C
0D
#21420
b00000000000000000000100001011110 "
b00000000000000000000100001011110 $
1&
b0100001011011 >
b0100001011100 A
1C
1D
#21425
0&
0C
0D
#21430
b00000000000000000000100001011111 "
b00000000000000000000100001011111 $
1&
b0100001011100 >
b0100001011101 A
1C
1D
#21435
0&
0C
0D
#21440
b00000000000000000000100001100000 "
b00000000000000000000100001100000 $
1&
b0100001011101 >
b0100001011110 A
1C
1D
#21445
0&
0C
0D
#21450
b00000000000000000000100001100001 "
b00000000000000000000100001100001 $
1&
b0100001011110 >
b0100001011111 A
1C
1D
#21455
0&
0C
0D
#21460
b00000000000000000000100001100010 "
b00000000000000000000100001100010 $
1&
b0100001011111 >
b0100001100000 A
1C
1D
#21465
0&
0C
0D
#21470
b00000000000000000000100001100011 "
b00000000000000000000100001100011 $
1&
b0100001100000 >
b0100001100001 A
1C
1D
#21475
0&
0C
0D
#21480
b00000000000000000000100001100100 "
b00000000000000000000100001100100 $
1&
b0100001100001 >
b0100001100010 A
1C
1D
#21485
0&
0C
0D
#21490
b00000000000000000000100001100101 "
b00000000000000000000100001100101 $
1&
b0100001100010 >
b0100001100011 A
1C
1D
#21495
0&
0C
0D
#21500
b00000000000000000000100001100110 "
b00000000000000000000100001100110 $
1&
b0100001100011 >
b0100001100100 A
1C
1D
#21505
0&
0C
0D
#21510
b00000000000000000000100001100111 "
b00000000000000000000100001100111 $
1&
b0100001100100 >
b0100001100101 A
1C
1D
#21515
0&
0C
0D
#21520
b00000000000000000000100001101000 "
b00000000000000000000100001101000 $
1&
b0100001100101 >
b0100001100110 A
1C
1D
#21525
0&
0C
0D
#21530
b00000000000000000000100001101001 "
b00000000000000000000100001101001 $
1&
b0100001100110 >
b0100001100111 A
1C
1D
#21535
0&
0C
0D
#21540
b00000000000000000000100001101010 "
b00000000000000000000100001101010 $
1&
b0100001100111 >
b0100001101000 A
1C
1D
#21545
0&
0C
0D
#21550
b00000000000000000000100001101011 "
b00000000000000000000100001101011 $
1&
b0100001101000 >
b0100001101001 A
1C
1D
#21555
0&
0C
0D
#21560
b00000000000000000000100001101100 "
b00000000000000000000100001101100 $
1&
b0100001101001 >
b0100001101010 A
1C
1D
#21565
0&
0C
0D
#21570
b00000000000000000000100001101101 "
b00000000000000000000100001101101 $
1&
b0100001101010 >
b0100001101011 A
1C
1D
#21575
0&
0C
0D
#21580
b00000000000000000000100001101110 "
b00000000000000000000100001101110 $
1&
b0100001101011 >
b0100001101100 A
1C
1D
#21585
0&
0C
0D
#21590
b00000000000000000000100001101111 "
b00000000000000000000100001101111 $
1&
b0100001101100 >
b0100001101101 A
1C
1D
#21595
0&
0C
0D
#21600
b00000000000000000000100001110000 "
b00000000000000000000100001110000 $
1&
b0100001101101 >
b0100001101110 A
1C
1D
#21605
0&
0C
0D
#21610
b00000000000000000000100001110001 "
b00000000000000000000100001110001 $
1&
b0100001101110 >
b0100001101111 A
1C
1D
#21615
0&
0C
0D
#21620
b00000000000000000000100001110010 "
b00000000000000000000100001110010 $
1&
b0100001101111 >
b0100001110000 A
1C
1D
#21625
0&
0C
0D
#21630
b00000000000000000000100001110011 "
b00000000000000000000100001110011 $
1&
b0100001110000 >
b0100001110001 A
1C
1D
#21635
0&
0C
0D
#21640
b00000000000000000000100001110100 "
b00000000000000000000100001110100 $
1&
b0100001110001 >
b0100001110010 A
1C
1D
#21645
0&
0C
0D
#21650
b00000000000000000000100001110101 "
b00000000000000000000100001110101 $
1&
b0100001110010 >
b0100001110011 A
1C
1D
#21655
0&
0C
0D
#21660
b00000000000000000000100001110110 "
b00000000000000000000100001110110 $
1&
b0100001110011 >
b0100001110100 A
1C
1D
#21665
0&
0C
0D
#21670
b00000000000000000000100001110111 "
b00000000000000000000100001110111 $
1&
b0100001110100 >
b0100001110101 A
1C
1D
#21675
0&
0C
0D
#21680
b00000000000000000000100001111000 "
b00000000000000000000100001111000 $
1&
b0100001110101 >
b0100001110110 A
1C
1D
#21685
0&
0C
0D
#21690
b00000000000000000000100001111001 "
b00000000000000000000100001111001 $
1&
b0100001110110 >
b0100001110111 A
1C
1D
#21695
0&
0C
0D
#21700
b00000000000000000000100001111010 "
b00000000000000000000100001111010 $
1&
b0100001110111 >
b0100001111000 A
1C
1D
#21705
0&
0C
0D
#21710
b00000000000000000000100001111011 "
b00000000000000000000100001111011 $
1&
b0100001111000 >
b0100001111001 A
1C
1D
#21715
0&
0C
0D
#21720
b00000000000000000000100001111100 "
b00000000000000000000100001111100 $
1&
b0100001111001 >
b0100001111010 A
1C
1D
#21725
0&
0C
0D
#21730
b00000000000000000000100001111101 "
b00000000000000000000100001111101 $
1&
b0100001111010 >
b0100001111011 A
1C
1D
#21735
0&
0C
0D
#21740
b00000000000000000000100001111110 "
b00000000000000000000100001111110 $
1&
b0100001111011 >
b0100001111100 A
1C
1D
#21745
0&
0C
0D
#21750
b00000000000000000000100001111111 "
b00000000000000000000100001111111 $
1&
b0100001111100 >
b0100001111101 A
1C
1D
#21755
0&
0C
0D
#21760
b00000000000000000000100010000000 "
b00000000000000000000100010000000 $
1&
b0100001111101 >
b0100001111110 A
1C
1D
#21765
0&
0C
0D
#21770
b00000000000000000000100010000001 "
b00000000000000000000100010000001 $
1&
b0100001111110 >
b0100001111111 A
1C
1D
#21775
0&
0C
0D
#21780
b00000000000000000000100010000010 "
b00000000000000000000100010000010 $
1&
b0100001111111 >
b0100010000000 A
1C
1D
#21785
0&
0C
0D
#21790
b00000000000000000000100010000011 "
b00000000000000000000100010000011 $
1&
b0100010000000 >
b0100010000001 A
1C
1D
#21795
0&
0C
0D
#21800
b00000000000000000000100010000100 "
b00000000000000000000100010000100 $
1&
b0100010000001 >
b0100010000010 A
1C
1D
#21805
0&
0C
0D
#21810
b00000000000000000000100010000101 "
b00000000000000000000100010000101 $
1&
b0100010000010 >
b0100010000011 A
1C
1D
#21815
0&
0C
0D
#21820
b00000000000000000000100010000110 "
b00000000000000000000100010000110 $
1&
b0100010000011 >
b0100010000100 A
1C
1D
#21825
0&
0C
0D
#21830
b00000000000000000000100010000111 "
b00000000000000000000100010000111 $
1&
b0100010000100 >
b0100010000101 A
1C
1D
#21835
0&
0C
0D
#21840
b00000000000000000000100010001000 "
b00000000000000000000100010001000 $
1&
b0100010000101 >
b0100010000110 A
1C
1D
#21845
0&
0C
0D
#21850
b00000000000000000000100010001001 "
b00000000000000000000100010001001 $
1&
b0100010000110 >
b0100010000111 A
1C
1D
#21855
0&
0C
0D
#21860
b00000000000000000000100010001010 "
b00000000000000000000100010001010 $
1&
b0100010000111 >
b0100010001000 A
1C
1D
#21865
0&
0C
0D
#21870
b00000000000000000000100010001011 "
b00000000000000000000100010001011 $
1&
b0100010001000 >
b0100010001001 A
1C
1D
#21875
0&
0C
0D
#21880
b00000000000000000000100010001100 "
b00000000000000000000100010001100 $
1&
b0100010001001 >
b0100010001010 A
1C
1D
#21885
0&
0C
0D
#21890
b00000000000000000000100010001101 "
b00000000000000000000100010001101 $
1&
b0100010001010 >
b0100010001011 A
1C
1D
#21895
0&
0C
0D
#21900
b00000000000000000000100010001110 "
b00000000000000000000100010001110 $
1&
b0100010001011 >
b0100010001100 A
1C
1D
#21905
0&
0C
0D
#21910
b00000000000000000000100010001111 "
b00000000000000000000100010001111 $
1&
b0100010001100 >
b0100010001101 A
1C
1D
#21915
0&
0C
0D
#21920
b00000000000000000000100010010000 "
b00000000000000000000100010010000 $
1&
b0100010001101 >
b0100010001110 A
1C
1D
#21925
0&
0C
0D
#21930
b00000000000000000000100010010001 "
b00000000000000000000100010010001 $
1&
b0100010001110 >
b0100010001111 A
1C
1D
#21935
0&
0C
0D
#21940
b00000000000000000000100010010010 "
b00000000000000000000100010010010 $
1&
b0100010001111 >
b0100010010000 A
1C
1D
#21945
0&
0C
0D
#21950
b00000000000000000000100010010011 "
b00000000000000000000100010010011 $
1&
b0100010010000 >
b0100010010001 A
1C
1D
#21955
0&
0C
0D
#21960
b00000000000000000000100010010100 "
b00000000000000000000100010010100 $
1&
b0100010010001 >
b0100010010010 A
1C
1D
#21965
0&
0C
0D
#21970
b00000000000000000000100010010101 "
b00000000000000000000100010010101 $
1&
b0100010010010 >
b0100010010011 A
1C
1D
#21975
0&
0C
0D
#21980
b00000000000000000000100010010110 "
b00000000000000000000100010010110 $
1&
b0100010010011 >
b0100010010100 A
1C
1D
#21985
0&
0C
0D
#21990
b00000000000000000000100010010111 "
b00000000000000000000100010010111 $
1&
b0100010010100 >
b0100010010101 A
1C
1D
#21995
0&
0C
0D
#22000
b00000000000000000000100010011000 "
b00000000000000000000100010011000 $
1&
b0100010010101 >
b0100010010110 A
1C
1D
#22005
0&
0C
0D
#22010
b00000000000000000000100010011001 "
b00000000000000000000100010011001 $
1&
b0100010010110 >
b0100010010111 A
1C
1D
#22015
0&
0C
0D
#22020
b00000000000000000000100010011010 "
b00000000000000000000100010011010 $
1&
b0100010010111 >
b0100010011000 A
1C
1D
#22025
0&
0C
0D
#22030
b00000000000000000000100010011011 "
b00000000000000000000100010011011 $
1&
b0100010011000 >
b0100010011001 A
1C
1D
#22035
0&
0C
0D
#22040
b00000000000000000000100010011100 "
b00000000000000000000100010011100 $
1&
b0100010011001 >
b0100010011010 A
1C
1D
#22045
0&
0C
0D
#22050
b00000000000000000000100010011101 "
b00000000000000000000100010011101 $
1&
b0100010011010 >
b0100010011011 A
1C
1D
#22055
0&
0C
0D
#22060
b00000000000000000000100010011110 "
b00000000000000000000100010011110 $
1&
b0100010011011 >
b0100010011100 A
1C
1D
#22065
0&
0C
0D
#22070
b00000000000000000000100010011111 "
b00000000000000000000100010011111 $
1&
b0100010011100 >
b0100010011101 A
1C
1D
#22075
0&
0C
0D
#22080
b00000000000000000000100010100000 "
b00000000000000000000100010100000 $
1&
b0100010011101 >
b0100010011110 A
1C
1D
#22085
0&
0C
0D
#22090
b00000000000000000000100010100001 "
b00000000000000000000100010100001 $
1&
b0100010011110 >
b0100010011111 A
1C
1D
#22095
0&
0C
0D
#22100
b00000000000000000000100010100010 "
b00000000000000000000100010100010 $
1&
b0100010011111 >
b0100010100000 A
1C
1D
#22105
0&
0C
0D
#22110
b00000000000000000000100010100011 "
b00000000000000000000100010100011 $
1&
b0100010100000 >
b0100010100001 A
1C
1D
#22115
0&
0C
0D
#22120
b00000000000000000000100010100100 "
b00000000000000000000100010100100 $
1&
b0100010100001 >
b0100010100010 A
1C
1D
#22125
0&
0C
0D
#22130
b00000000000000000000100010100101 "
b00000000000000000000100010100101 $
1&
b0100010100010 >
b0100010100011 A
1C
1D
#22135
0&
0C
0D
#22140
b00000000000000000000100010100110 "
b00000000000000000000100010100110 $
1&
b0100010100011 >
b0100010100100 A
1C
1D
#22145
0&
0C
0D
#22150
b00000000000000000000100010100111 "
b00000000000000000000100010100111 $
1&
b0100010100100 >
b0100010100101 A
1C
1D
#22155
0&
0C
0D
#22160
b00000000000000000000100010101000 "
b00000000000000000000100010101000 $
1&
b0100010100101 >
b0100010100110 A
1C
1D
#22165
0&
0C
0D
#22170
b00000000000000000000100010101001 "
b00000000000000000000100010101001 $
1&
b0100010100110 >
b0100010100111 A
1C
1D
#22175
0&
0C
0D
#22180
b00000000000000000000100010101010 "
b00000000000000000000100010101010 $
1&
b0100010100111 >
b0100010101000 A
1C
1D
#22185
0&
0C
0D
#22190
b00000000000000000000100010101011 "
b00000000000000000000100010101011 $
1&
b0100010101000 >
b0100010101001 A
1C
1D
#22195
0&
0C
0D
#22200
b00000000000000000000100010101100 "
b00000000000000000000100010101100 $
1&
b0100010101001 >
b0100010101010 A
1C
1D
#22205
0&
0C
0D
#22210
b00000000000000000000100010101101 "
b00000000000000000000100010101101 $
1&
b0100010101010 >
b0100010101011 A
1C
1D
#22215
0&
0C
0D
#22220
b00000000000000000000100010101110 "
b00000000000000000000100010101110 $
1&
b0100010101011 >
b0100010101100 A
1C
1D
#22225
0&
0C
0D
#22230
b00000000000000000000100010101111 "
b00000000000000000000100010101111 $
1&
b0100010101100 >
b0100010101101 A
1C
1D
#22235
0&
0C
0D
#22240
b00000000000000000000100010110000 "
b00000000000000000000100010110000 $
1&
b0100010101101 >
b0100010101110 A
1C
1D
#22245
0&
0C
0D
#22250
b00000000000000000000100010110001 "
b00000000000000000000100010110001 $
1&
b0100010101110 >
b0100010101111 A
1C
1D
#22255
0&
0C
0D
#22260
b00000000000000000000100010110010 "
b00000000000000000000100010110010 $
1&
b0100010101111 >
b0100010110000 A
1C
1D
#22265
0&
0C
0D
#22270
b00000000000000000000100010110011 "
b00000000000000000000100010110011 $
1&
b0100010110000 >
b0100010110001 A
1C
1D
#22275
0&
0C
0D
#22280
b00000000000000000000100010110100 "
b00000000000000000000100010110100 $
1&
b0100010110001 >
b0100010110010 A
1C
1D
#22285
0&
0C
0D
#22290
b00000000000000000000100010110101 "
b00000000000000000000100010110101 $
1&
b0100010110010 >
b0100010110011 A
1C
1D
#22295
0&
0C
0D
#22300
b00000000000000000000100010110110 "
b00000000000000000000100010110110 $
1&
b0100010110011 >
b0100010110100 A
1C
1D
#22305
0&
0C
0D
#22310
b00000000000000000000100010110111 "
b00000000000000000000100010110111 $
1&
b0100010110100 >
b0100010110101 A
1C
1D
#22315
0&
0C
0D
#22320
b00000000000000000000100010111000 "
b00000000000000000000100010111000 $
1&
b0100010110101 >
b0100010110110 A
1C
1D
#22325
0&
0C
0D
#22330
b00000000000000000000100010111001 "
b00000000000000000000100010111001 $
1&
b0100010110110 >
b0100010110111 A
1C
1D
#22335
0&
0C
0D
#22340
b00000000000000000000100010111010 "
b00000000000000000000100010111010 $
1&
b0100010110111 >
b0100010111000 A
1C
1D
#22345
0&
0C
0D
#22350
b00000000000000000000100010111011 "
b00000000000000000000100010111011 $
1&
b0100010111000 >
b0100010111001 A
1C
1D
#22355
0&
0C
0D
#22360
b00000000000000000000100010111100 "
b00000000000000000000100010111100 $
1&
b0100010111001 >
b0100010111010 A
1C
1D
#22365
0&
0C
0D
#22370
b00000000000000000000100010111101 "
b00000000000000000000100010111101 $
1&
b0100010111010 >
b0100010111011 A
1C
1D
#22375
0&
0C
0D
#22380
b00000000000000000000100010111110 "
b00000000000000000000100010111110 $
1&
b0100010111011 >
b0100010111100 A
1C
1D
#22385
0&
0C
0D
#22390
b00000000000000000000100010111111 "
b00000000000000000000100010111111 $
1&
b0100010111100 >
b0100010111101 A
1C
1D
#22395
0&
0C
0D
#22400
b00000000000000000000100011000000 "
b00000000000000000000100011000000 $
1&
b0100010111101 >
b0100010111110 A
1C
1D
#22405
0&
0C
0D
#22410
b00000000000000000000100011000001 "
b00000000000000000000100011000001 $
1&
b0100010111110 >
b0100010111111 A
1C
1D
#22415
0&
0C
0D
#22420
b00000000000000000000100011000010 "
b00000000000000000000100011000010 $
1&
b0100010111111 >
b0100011000000 A
1C
1D
#22425
0&
0C
0D
#22430
b00000000000000000000100011000011 "
b00000000000000000000100011000011 $
1&
b0100011000000 >
b0100011000001 A
1C
1D
#22435
0&
0C
0D
#22440
b00000000000000000000100011000100 "
b00000000000000000000100011000100 $
1&
b0100011000001 >
b0100011000010 A
1C
1D
#22445
0&
0C
0D
#22450
b00000000000000000000100011000101 "
b00000000000000000000100011000101 $
1&
b0100011000010 >
b0100011000011 A
1C
1D
#22455
0&
0C
0D
#22460
b00000000000000000000100011000110 "
b00000000000000000000100011000110 $
1&
b0100011000011 >
b0100011000100 A
1C
1D
#22465
0&
0C
0D
#22470
b00000000000000000000100011000111 "
b00000000000000000000100011000111 $
1&
b0100011000100 >
b0100011000101 A
1C
1D
#22475
0&
0C
0D
#22480
b00000000000000000000100011001000 "
b00000000000000000000100011001000 $
1&
b0100011000101 >
b0100011000110 A
1C
1D
#22485
0&
0C
0D
#22490
b00000000000000000000100011001001 "
b00000000000000000000100011001001 $
1&
b0100011000110 >
b0100011000111 A
1C
1D
#22495
0&
0C
0D
#22500
b00000000000000000000100011001010 "
b00000000000000000000100011001010 $
1&
b0100011000111 >
b0100011001000 A
1C
1D
#22505
0&
0C
0D
#22510
b00000000000000000000100011001011 "
b00000000000000000000100011001011 $
1&
b0100011001000 >
b0100011001001 A
1C
1D
#22515
0&
0C
0D
#22520
b00000000000000000000100011001100 "
b00000000000000000000100011001100 $
1&
b0100011001001 >
b0100011001010 A
1C
1D
#22525
0&
0C
0D
#22530
b00000000000000000000100011001101 "
b00000000000000000000100011001101 $
1&
b0100011001010 >
b0100011001011 A
1C
1D
#22535
0&
0C
0D
#22540
b00000000000000000000100011001110 "
b00000000000000000000100011001110 $
1&
b0100011001011 >
b0100011001100 A
1C
1D
#22545
0&
0C
0D
#22550
b00000000000000000000100011001111 "
b00000000000000000000100011001111 $
1&
b0100011001100 >
b0100011001101 A
1C
1D
#22555
0&
0C
0D
#22560
b00000000000000000000100011010000 "
b00000000000000000000100011010000 $
1&
b0100011001101 >
b0100011001110 A
1C
1D
#22565
0&
0C
0D
#22570
b00000000000000000000100011010001 "
b00000000000000000000100011010001 $
1&
b0100011001110 >
b0100011001111 A
1C
1D
#22575
0&
0C
0D
#22580
b00000000000000000000100011010010 "
b00000000000000000000100011010010 $
1&
b0100011001111 >
b0100011010000 A
1C
1D
#22585
0&
0C
0D
#22590
b00000000000000000000100011010011 "
b00000000000000000000100011010011 $
1&
b0100011010000 >
b0100011010001 A
1C
1D
#22595
0&
0C
0D
#22600
b00000000000000000000100011010100 "
b00000000000000000000100011010100 $
1&
b0100011010001 >
b0100011010010 A
1C
1D
#22605
0&
0C
0D
#22610
b00000000000000000000100011010101 "
b00000000000000000000100011010101 $
1&
b0100011010010 >
b0100011010011 A
1C
1D
#22615
0&
0C
0D
#22620
b00000000000000000000100011010110 "
b00000000000000000000100011010110 $
1&
b0100011010011 >
b0100011010100 A
1C
1D
#22625
0&
0C
0D
#22630
b00000000000000000000100011010111 "
b00000000000000000000100011010111 $
1&
b0100011010100 >
b0100011010101 A
1C
1D
#22635
0&
0C
0D
#22640
b00000000000000000000100011011000 "
b00000000000000000000100011011000 $
1&
b0100011010101 >
b0100011010110 A
1C
1D
#22645
0&
0C
0D
#22650
b00000000000000000000100011011001 "
b00000000000000000000100011011001 $
1&
b0100011010110 >
b0100011010111 A
1C
1D
#22655
0&
0C
0D
#22660
b00000000000000000000100011011010 "
b00000000000000000000100011011010 $
1&
b0100011010111 >
b0100011011000 A
1C
1D
#22665
0&
0C
0D
#22670
b00000000000000000000100011011011 "
b00000000000000000000100011011011 $
1&
b0100011011000 >
b0100011011001 A
1C
1D
#22675
0&
0C
0D
#22680
b00000000000000000000100011011100 "
b00000000000000000000100011011100 $
1&
b0100011011001 >
b0100011011010 A
1C
1D
#22685
0&
0C
0D
#22690
b00000000000000000000100011011101 "
b00000000000000000000100011011101 $
1&
b0100011011010 >
b0100011011011 A
1C
1D
#22695
0&
0C
0D
#22700
b00000000000000000000100011011110 "
b00000000000000000000100011011110 $
1&
b0100011011011 >
b0100011011100 A
1C
1D
#22705
0&
0C
0D
#22710
b00000000000000000000100011011111 "
b00000000000000000000100011011111 $
1&
b0100011011100 >
b0100011011101 A
1C
1D
#22715
0&
0C
0D
#22720
b00000000000000000000100011100000 "
b00000000000000000000100011100000 $
1&
b0100011011101 >
b0100011011110 A
1C
1D
#22725
0&
0C
0D
#22730
b00000000000000000000100011100001 "
b00000000000000000000100011100001 $
1&
b0100011011110 >
b0100011011111 A
1C
1D
#22735
0&
0C
0D
#22740
b00000000000000000000100011100010 "
b00000000000000000000100011100010 $
1&
b0100011011111 >
b0100011100000 A
1C
1D
#22745
0&
0C
0D
#22750
b00000000000000000000100011100011 "
b00000000000000000000100011100011 $
1&
b0100011100000 >
b0100011100001 A
1C
1D
#22755
0&
0C
0D
#22760
b00000000000000000000100011100100 "
b00000000000000000000100011100100 $
1&
b0100011100001 >
b0100011100010 A
1C
1D
#22765
0&
0C
0D
#22770
b00000000000000000000100011100101 "
b00000000000000000000100011100101 $
1&
b0100011100010 >
b0100011100011 A
1C
1D
#22775
0&
0C
0D
#22780
b00000000000000000000100011100110 "
b00000000000000000000100011100110 $
1&
b0100011100011 >
b0100011100100 A
1C
1D
#22785
0&
0C
0D
#22790
b00000000000000000000100011100111 "
b00000000000000000000100011100111 $
1&
b0100011100100 >
b0100011100101 A
1C
1D
#22795
0&
0C
0D
#22800
b00000000000000000000100011101000 "
b00000000000000000000100011101000 $
1&
b0100011100101 >
b0100011100110 A
1C
1D
#22805
0&
0C
0D
#22810
b00000000000000000000100011101001 "
b00000000000000000000100011101001 $
1&
b0100011100110 >
b0100011100111 A
1C
1D
#22815
0&
0C
0D
#22820
b00000000000000000000100011101010 "
b00000000000000000000100011101010 $
1&
b0100011100111 >
b0100011101000 A
1C
1D
#22825
0&
0C
0D
#22830
b00000000000000000000100011101011 "
b00000000000000000000100011101011 $
1&
b0100011101000 >
b0100011101001 A
1C
1D
#22835
0&
0C
0D
#22840
b00000000000000000000100011101100 "
b00000000000000000000100011101100 $
1&
b0100011101001 >
b0100011101010 A
1C
1D
#22845
0&
0C
0D
#22850
b00000000000000000000100011101101 "
b00000000000000000000100011101101 $
1&
b0100011101010 >
b0100011101011 A
1C
1D
#22855
0&
0C
0D
#22860
b00000000000000000000100011101110 "
b00000000000000000000100011101110 $
1&
b0100011101011 >
b0100011101100 A
1C
1D
#22865
0&
0C
0D
#22870
b00000000000000000000100011101111 "
b00000000000000000000100011101111 $
1&
b0100011101100 >
b0100011101101 A
1C
1D
#22875
0&
0C
0D
#22880
b00000000000000000000100011110000 "
b00000000000000000000100011110000 $
1&
b0100011101101 >
b0100011101110 A
1C
1D
#22885
0&
0C
0D
#22890
b00000000000000000000100011110001 "
b00000000000000000000100011110001 $
1&
b0100011101110 >
b0100011101111 A
1C
1D
#22895
0&
0C
0D
#22900
b00000000000000000000100011110010 "
b00000000000000000000100011110010 $
1&
b0100011101111 >
b0100011110000 A
1C
1D
#22905
0&
0C
0D
#22910
b00000000000000000000100011110011 "
b00000000000000000000100011110011 $
1&
b0100011110000 >
b0100011110001 A
1C
1D
#22915
0&
0C
0D
#22920
b00000000000000000000100011110100 "
b00000000000000000000100011110100 $
1&
b0100011110001 >
b0100011110010 A
1C
1D
#22925
0&
0C
0D
#22930
b00000000000000000000100011110101 "
b00000000000000000000100011110101 $
1&
b0100011110010 >
b0100011110011 A
1C
1D
#22935
0&
0C
0D
#22940
b00000000000000000000100011110110 "
b00000000000000000000100011110110 $
1&
b0100011110011 >
b0100011110100 A
1C
1D
#22945
0&
0C
0D
#22950
b00000000000000000000100011110111 "
b00000000000000000000100011110111 $
1&
b0100011110100 >
b0100011110101 A
1C
1D
#22955
0&
0C
0D
#22960
b00000000000000000000100011111000 "
b00000000000000000000100011111000 $
1&
b0100011110101 >
b0100011110110 A
1C
1D
#22965
0&
0C
0D
#22970
b00000000000000000000100011111001 "
b00000000000000000000100011111001 $
1&
b0100011110110 >
b0100011110111 A
1C
1D
#22975
0&
0C
0D
#22980
b00000000000000000000100011111010 "
b00000000000000000000100011111010 $
1&
b0100011110111 >
b0100011111000 A
1C
1D
#22985
0&
0C
0D
#22990
b00000000000000000000100011111011 "
b00000000000000000000100011111011 $
1&
b0100011111000 >
b0100011111001 A
1C
1D
#22995
0&
0C
0D
#23000
b00000000000000000000100011111100 "
b00000000000000000000100011111100 $
1&
b0100011111001 >
b0100011111010 A
1C
1D
#23005
0&
0C
0D
#23010
b00000000000000000000100011111101 "
b00000000000000000000100011111101 $
1&
b0100011111010 >
b0100011111011 A
1C
1D
#23015
0&
0C
0D
#23020
b00000000000000000000100011111110 "
b00000000000000000000100011111110 $
1&
b0100011111011 >
b0100011111100 A
1C
1D
#23025
0&
0C
0D
#23030
b00000000000000000000100011111111 "
b00000000000000000000100011111111 $
1&
b0100011111100 >
b0100011111101 A
1C
1D
#23035
0&
0C
0D
#23040
b00000000000000000000100100000000 "
b00000000000000000000100100000000 $
1&
b0100011111101 >
b0100011111110 A
1C
1D
#23045
0&
0C
0D
#23050
b00000000000000000000100100000001 "
b00000000000000000000100100000001 $
1&
b0100011111110 >
b0100011111111 A
1C
1D
#23055
0&
0C
0D
#23060
b00000000000000000000100100000010 "
b00000000000000000000100100000010 $
1&
b0100011111111 >
b0100100000000 A
1C
1D
#23065
0&
0C
0D
#23070
b00000000000000000000100100000011 "
b00000000000000000000100100000011 $
1&
b0100100000000 >
b0100100000001 A
1C
1D
#23075
0&
0C
0D
#23080
b00000000000000000000100100000100 "
b00000000000000000000100100000100 $
1&
b0100100000001 >
b0100100000010 A
1C
1D
#23085
0&
0C
0D
#23090
b00000000000000000000100100000101 "
b00000000000000000000100100000101 $
1&
b0100100000010 >
b0100100000011 A
1C
1D
#23095
0&
0C
0D
#23100
b00000000000000000000100100000110 "
b00000000000000000000100100000110 $
1&
b0100100000011 >
b0100100000100 A
1C
1D
#23105
0&
0C
0D
#23110
b00000000000000000000100100000111 "
b00000000000000000000100100000111 $
1&
b0100100000100 >
b0100100000101 A
1C
1D
#23115
0&
0C
0D
#23120
b00000000000000000000100100001000 "
b00000000000000000000100100001000 $
1&
b0100100000101 >
b0100100000110 A
1C
1D
#23125
0&
0C
0D
#23130
b00000000000000000000100100001001 "
b00000000000000000000100100001001 $
1&
b0100100000110 >
b0100100000111 A
1C
1D
#23135
0&
0C
0D
#23140
b00000000000000000000100100001010 "
b00000000000000000000100100001010 $
1&
b0100100000111 >
b0100100001000 A
1C
1D
#23145
0&
0C
0D
#23150
b00000000000000000000100100001011 "
b00000000000000000000100100001011 $
1&
b0100100001000 >
b0100100001001 A
1C
1D
#23155
0&
0C
0D
#23160
b00000000000000000000100100001100 "
b00000000000000000000100100001100 $
1&
b0100100001001 >
b0100100001010 A
1C
1D
#23165
0&
0C
0D
#23170
b00000000000000000000100100001101 "
b00000000000000000000100100001101 $
1&
b0100100001010 >
b0100100001011 A
1C
1D
#23175
0&
0C
0D
#23180
b00000000000000000000100100001110 "
b00000000000000000000100100001110 $
1&
b0100100001011 >
b0100100001100 A
1C
1D
#23185
0&
0C
0D
#23190
b00000000000000000000100100001111 "
b00000000000000000000100100001111 $
1&
b0100100001100 >
b0100100001101 A
1C
1D
#23195
0&
0C
0D
#23200
b00000000000000000000100100010000 "
b00000000000000000000100100010000 $
1&
b0100100001101 >
b0100100001110 A
1C
1D
#23205
0&
0C
0D
#23210
b00000000000000000000100100010001 "
b00000000000000000000100100010001 $
1&
b0100100001110 >
b0100100001111 A
1C
1D
#23215
0&
0C
0D
#23220
b00000000000000000000100100010010 "
b00000000000000000000100100010010 $
1&
b0100100001111 >
b0100100010000 A
1C
1D
#23225
0&
0C
0D
#23230
b00000000000000000000100100010011 "
b00000000000000000000100100010011 $
1&
b0100100010000 >
b0100100010001 A
1C
1D
#23235
0&
0C
0D
#23240
b00000000000000000000100100010100 "
b00000000000000000000100100010100 $
1&
b0100100010001 >
b0100100010010 A
1C
1D
#23245
0&
0C
0D
#23250
b00000000000000000000100100010101 "
b00000000000000000000100100010101 $
1&
b0100100010010 >
b0100100010011 A
1C
1D
#23255
0&
0C
0D
#23260
b00000000000000000000100100010110 "
b00000000000000000000100100010110 $
1&
b0100100010011 >
b0100100010100 A
1C
1D
#23265
0&
0C
0D
#23270
b00000000000000000000100100010111 "
b00000000000000000000100100010111 $
1&
b0100100010100 >
b0100100010101 A
1C
1D
#23275
0&
0C
0D
#23280
b00000000000000000000100100011000 "
b00000000000000000000100100011000 $
1&
b0100100010101 >
b0100100010110 A
1C
1D
#23285
0&
0C
0D
#23290
b00000000000000000000100100011001 "
b00000000000000000000100100011001 $
1&
b0100100010110 >
b0100100010111 A
1C
1D
#23295
0&
0C
0D
#23300
b00000000000000000000100100011010 "
b00000000000000000000100100011010 $
1&
b0100100010111 >
b0100100011000 A
1C
1D
#23305
0&
0C
0D
#23310
b00000000000000000000100100011011 "
b00000000000000000000100100011011 $
1&
b0100100011000 >
b0100100011001 A
1C
1D
#23315
0&
0C
0D
#23320
b00000000000000000000100100011100 "
b00000000000000000000100100011100 $
1&
b0100100011001 >
b0100100011010 A
1C
1D
#23325
0&
0C
0D
#23330
b00000000000000000000100100011101 "
b00000000000000000000100100011101 $
1&
b0100100011010 >
b0100100011011 A
1C
1D
#23335
0&
0C
0D
#23340
b00000000000000000000100100011110 "
b00000000000000000000100100011110 $
1&
b0100100011011 >
b0100100011100 A
1C
1D
#23345
0&
0C
0D
#23350
b00000000000000000000100100011111 "
b00000000000000000000100100011111 $
1&
b0100100011100 >
b0100100011101 A
1C
1D
#23355
0&
0C
0D
#23360
b00000000000000000000100100100000 "
b00000000000000000000100100100000 $
1&
b0100100011101 >
b0100100011110 A
1C
1D
#23365
0&
0C
0D
#23370
b00000000000000000000100100100001 "
b00000000000000000000100100100001 $
1&
b0100100011110 >
b0100100011111 A
1C
1D
#23375
0&
0C
0D
#23380
b00000000000000000000100100100010 "
b00000000000000000000100100100010 $
1&
b0100100011111 >
b0100100100000 A
1C
1D
#23385
0&
0C
0D
#23390
b00000000000000000000100100100011 "
b00000000000000000000100100100011 $
1&
b0100100100000 >
b0100100100001 A
1C
1D
#23395
0&
0C
0D
#23400
b00000000000000000000100100100100 "
b00000000000000000000100100100100 $
1&
b0100100100001 >
b0100100100010 A
1C
1D
#23405
0&
0C
0D
#23410
b00000000000000000000100100100101 "
b00000000000000000000100100100101 $
1&
b0100100100010 >
b0100100100011 A
1C
1D
#23415
0&
0C
0D
#23420
b00000000000000000000100100100110 "
b00000000000000000000100100100110 $
1&
b0100100100011 >
b0100100100100 A
1C
1D
#23425
0&
0C
0D
#23430
b00000000000000000000100100100111 "
b00000000000000000000100100100111 $
1&
b0100100100100 >
b0100100100101 A
1C
1D
#23435
0&
0C
0D
#23440
b00000000000000000000100100101000 "
b00000000000000000000100100101000 $
1&
b0100100100101 >
b0100100100110 A
1C
1D
#23445
0&
0C
0D
#23450
b00000000000000000000100100101001 "
b00000000000000000000100100101001 $
1&
b0100100100110 >
b0100100100111 A
1C
1D
#23455
0&
0C
0D
#23460
b00000000000000000000100100101010 "
b00000000000000000000100100101010 $
1&
b0100100100111 >
b0100100101000 A
1C
1D
#23465
0&
0C
0D
#23470
b00000000000000000000100100101011 "
b00000000000000000000100100101011 $
1&
b0100100101000 >
b0100100101001 A
1C
1D
#23475
0&
0C
0D
#23480
b00000000000000000000100100101100 "
b00000000000000000000100100101100 $
1&
b0100100101001 >
b0100100101010 A
1C
1D
#23485
0&
0C
0D
#23490
b00000000000000000000100100101101 "
b00000000000000000000100100101101 $
1&
b0100100101010 >
b0100100101011 A
1C
1D
#23495
0&
0C
0D
#23500
b00000000000000000000100100101110 "
b00000000000000000000100100101110 $
1&
b0100100101011 >
b0100100101100 A
1C
1D
#23505
0&
0C
0D
#23510
b00000000000000000000100100101111 "
b00000000000000000000100100101111 $
1&
b0100100101100 >
b0100100101101 A
1C
1D
#23515
0&
0C
0D
#23520
b00000000000000000000100100110000 "
b00000000000000000000100100110000 $
1&
b0100100101101 >
b0100100101110 A
1C
1D
#23525
0&
0C
0D
#23530
b00000000000000000000100100110001 "
b00000000000000000000100100110001 $
1&
b0100100101110 >
b0100100101111 A
1C
1D
#23535
0&
0C
0D
#23540
b00000000000000000000100100110010 "
b00000000000000000000100100110010 $
1&
b0100100101111 >
b0100100110000 A
1C
1D
#23545
0&
0C
0D
#23550
b00000000000000000000100100110011 "
b00000000000000000000100100110011 $
1&
b0100100110000 >
b0100100110001 A
1C
1D
#23555
0&
0C
0D
#23560
b00000000000000000000100100110100 "
b00000000000000000000100100110100 $
1&
b0100100110001 >
b0100100110010 A
1C
1D
#23565
0&
0C
0D
#23570
b00000000000000000000100100110101 "
b00000000000000000000100100110101 $
1&
b0100100110010 >
b0100100110011 A
1C
1D
#23575
0&
0C
0D
#23580
b00000000000000000000100100110110 "
b00000000000000000000100100110110 $
1&
b0100100110011 >
b0100100110100 A
1C
1D
#23585
0&
0C
0D
#23590
b00000000000000000000100100110111 "
b00000000000000000000100100110111 $
1&
b0100100110100 >
b0100100110101 A
1C
1D
#23595
0&
0C
0D
#23600
b00000000000000000000100100111000 "
b00000000000000000000100100111000 $
1&
b0100100110101 >
b0100100110110 A
1C
1D
#23605
0&
0C
0D
#23610
b00000000000000000000100100111001 "
b00000000000000000000100100111001 $
1&
b0100100110110 >
b0100100110111 A
1C
1D
#23615
0&
0C
0D
#23620
b00000000000000000000100100111010 "
b00000000000000000000100100111010 $
1&
b0100100110111 >
b0100100111000 A
1C
1D
#23625
0&
0C
0D
#23630
b00000000000000000000100100111011 "
b00000000000000000000100100111011 $
1&
b0100100111000 >
b0100100111001 A
1C
1D
#23635
0&
0C
0D
#23640
b00000000000000000000100100111100 "
b00000000000000000000100100111100 $
1&
b0100100111001 >
b0100100111010 A
1C
1D
#23645
0&
0C
0D
#23650
b00000000000000000000100100111101 "
b00000000000000000000100100111101 $
1&
b0100100111010 >
b0100100111011 A
1C
1D
#23655
0&
0C
0D
#23660
b00000000000000000000100100111110 "
b00000000000000000000100100111110 $
1&
b0100100111011 >
b0100100111100 A
1C
1D
#23665
0&
0C
0D
#23670
b00000000000000000000100100111111 "
b00000000000000000000100100111111 $
1&
b0100100111100 >
b0100100111101 A
1C
1D
#23675
0&
0C
0D
#23680
b00000000000000000000100101000000 "
b00000000000000000000100101000000 $
1&
b0100100111101 >
b0100100111110 A
1C
1D
#23685
0&
0C
0D
#23690
b00000000000000000000100101000001 "
b00000000000000000000100101000001 $
1&
b0100100111110 >
b0100100111111 A
1C
1D
#23695
0&
0C
0D
#23700
b00000000000000000000100101000010 "
b00000000000000000000100101000010 $
1&
b0100100111111 >
b0100101000000 A
1C
1D
#23705
0&
0C
0D
#23710
b00000000000000000000100101000011 "
b00000000000000000000100101000011 $
1&
b0100101000000 >
b0100101000001 A
1C
1D
#23715
0&
0C
0D
#23720
b00000000000000000000100101000100 "
b00000000000000000000100101000100 $
1&
b0100101000001 >
b0100101000010 A
1C
1D
#23725
0&
0C
0D
#23730
b00000000000000000000100101000101 "
b00000000000000000000100101000101 $
1&
b0100101000010 >
b0100101000011 A
1C
1D
#23735
0&
0C
0D
#23740
b00000000000000000000100101000110 "
b00000000000000000000100101000110 $
1&
b0100101000011 >
b0100101000100 A
1C
1D
#23745
0&
0C
0D
#23750
b00000000000000000000100101000111 "
b00000000000000000000100101000111 $
1&
b0100101000100 >
b0100101000101 A
1C
1D
#23755
0&
0C
0D
#23760
b00000000000000000000100101001000 "
b00000000000000000000100101001000 $
1&
b0100101000101 >
b0100101000110 A
1C
1D
#23765
0&
0C
0D
#23770
b00000000000000000000100101001001 "
b00000000000000000000100101001001 $
1&
b0100101000110 >
b0100101000111 A
1C
1D
#23775
0&
0C
0D
#23780
b00000000000000000000100101001010 "
b00000000000000000000100101001010 $
1&
b0100101000111 >
b0100101001000 A
1C
1D
#23785
0&
0C
0D
#23790
b00000000000000000000100101001011 "
b00000000000000000000100101001011 $
1&
b0100101001000 >
b0100101001001 A
1C
1D
#23795
0&
0C
0D
#23800
b00000000000000000000100101001100 "
b00000000000000000000100101001100 $
1&
b0100101001001 >
b0100101001010 A
1C
1D
#23805
0&
0C
0D
#23810
b00000000000000000000100101001101 "
b00000000000000000000100101001101 $
1&
b0100101001010 >
b0100101001011 A
1C
1D
#23815
0&
0C
0D
#23820
b00000000000000000000100101001110 "
b00000000000000000000100101001110 $
1&
b0100101001011 >
b0100101001100 A
1C
1D
#23825
0&
0C
0D
#23830
b00000000000000000000100101001111 "
b00000000000000000000100101001111 $
1&
b0100101001100 >
b0100101001101 A
1C
1D
#23835
0&
0C
0D
#23840
b00000000000000000000100101010000 "
b00000000000000000000100101010000 $
1&
b0100101001101 >
b0100101001110 A
1C
1D
#23845
0&
0C
0D
#23850
b00000000000000000000100101010001 "
b00000000000000000000100101010001 $
1&
b0100101001110 >
b0100101001111 A
1C
1D
#23855
0&
0C
0D
#23860
b00000000000000000000100101010010 "
b00000000000000000000100101010010 $
1&
b0100101001111 >
b0100101010000 A
1C
1D
#23865
0&
0C
0D
#23870
b00000000000000000000100101010011 "
b00000000000000000000100101010011 $
1&
b0100101010000 >
b0100101010001 A
1C
1D
#23875
0&
0C
0D
#23880
b00000000000000000000100101010100 "
b00000000000000000000100101010100 $
1&
b0100101010001 >
b0100101010010 A
1C
1D
#23885
0&
0C
0D
#23890
b00000000000000000000100101010101 "
b00000000000000000000100101010101 $
1&
b0100101010010 >
b0100101010011 A
1C
1D
#23895
0&
0C
0D
#23900
b00000000000000000000100101010110 "
b00000000000000000000100101010110 $
1&
b0100101010011 >
b0100101010100 A
1C
1D
#23905
0&
0C
0D
#23910
b00000000000000000000100101010111 "
b00000000000000000000100101010111 $
1&
b0100101010100 >
b0100101010101 A
1C
1D
#23915
0&
0C
0D
#23920
b00000000000000000000100101011000 "
b00000000000000000000100101011000 $
1&
b0100101010101 >
b0100101010110 A
1C
1D
#23925
0&
0C
0D
#23930
b00000000000000000000100101011001 "
b00000000000000000000100101011001 $
1&
b0100101010110 >
b0100101010111 A
1C
1D
#23935
0&
0C
0D
#23940
b00000000000000000000100101011010 "
b00000000000000000000100101011010 $
1&
b0100101010111 >
b0100101011000 A
1C
1D
#23945
0&
0C
0D
#23950
b00000000000000000000100101011011 "
b00000000000000000000100101011011 $
1&
b0100101011000 >
b0100101011001 A
1C
1D
#23955
0&
0C
0D
#23960
b00000000000000000000100101011100 "
b00000000000000000000100101011100 $
1&
b0100101011001 >
b0100101011010 A
1C
1D
#23965
0&
0C
0D
#23970
b00000000000000000000100101011101 "
b00000000000000000000100101011101 $
1&
b0100101011010 >
b0100101011011 A
1C
1D
#23975
0&
0C
0D
#23980
b00000000000000000000100101011110 "
b00000000000000000000100101011110 $
1&
b0100101011011 >
b0100101011100 A
1C
1D
#23985
0&
0C
0D
#23990
b00000000000000000000100101011111 "
b00000000000000000000100101011111 $
1&
b0100101011100 >
b0100101011101 A
1C
1D
#23995
0&
0C
0D
#24000
b00000000000000000000100101100000 "
b00000000000000000000100101100000 $
1&
b0100101011101 >
b0100101011110 A
1C
1D
#24005
0&
0C
0D
#24010
b00000000000000000000100101100001 "
b00000000000000000000100101100001 $
1&
b0100101011110 >
b0100101011111 A
1C
1D
#24015
0&
0C
0D
#24020
b00000000000000000000100101100010 "
b00000000000000000000100101100010 $
1&
b0100101011111 >
b0100101100000 A
1C
1D
#24025
0&
0C
0D
#24030
b00000000000000000000100101100011 "
b00000000000000000000100101100011 $
1&
b0100101100000 >
b0100101100001 A
1C
1D
#24035
0&
0C
0D
#24040
b00000000000000000000100101100100 "
b00000000000000000000100101100100 $
1&
b0100101100001 >
b0100101100010 A
1C
1D
#24045
0&
0C
0D
#24050
b00000000000000000000100101100101 "
b00000000000000000000100101100101 $
1&
b0100101100010 >
b0100101100011 A
1C
1D
#24055
0&
0C
0D
#24060
b00000000000000000000100101100110 "
b00000000000000000000100101100110 $
1&
b0100101100011 >
b0100101100100 A
1C
1D
#24065
0&
0C
0D
#24070
b00000000000000000000100101100111 "
b00000000000000000000100101100111 $
1&
b0100101100100 >
b0100101100101 A
1C
1D
#24075
0&
0C
0D
#24080
b00000000000000000000100101101000 "
b00000000000000000000100101101000 $
1&
b0100101100101 >
b0100101100110 A
1C
1D
#24085
0&
0C
0D
#24090
b00000000000000000000100101101001 "
b00000000000000000000100101101001 $
1&
b0100101100110 >
b0100101100111 A
1C
1D
#24095
0&
0C
0D
#24100
b00000000000000000000100101101010 "
b00000000000000000000100101101010 $
1&
b0100101100111 >
b0100101101000 A
1C
1D
#24105
0&
0C
0D
#24110
b00000000000000000000100101101011 "
b00000000000000000000100101101011 $
1&
b0100101101000 >
b0100101101001 A
1C
1D
#24115
0&
0C
0D
#24120
b00000000000000000000100101101100 "
b00000000000000000000100101101100 $
1&
b0100101101001 >
b0100101101010 A
1C
1D
#24125
0&
0C
0D
#24130
b00000000000000000000100101101101 "
b00000000000000000000100101101101 $
1&
b0100101101010 >
b0100101101011 A
1C
1D
#24135
0&
0C
0D
#24140
b00000000000000000000100101101110 "
b00000000000000000000100101101110 $
1&
b0100101101011 >
b0100101101100 A
1C
1D
#24145
0&
0C
0D
#24150
b00000000000000000000100101101111 "
b00000000000000000000100101101111 $
1&
b0100101101100 >
b0100101101101 A
1C
1D
#24155
0&
0C
0D
#24160
b00000000000000000000100101110000 "
b00000000000000000000100101110000 $
1&
b0100101101101 >
b0100101101110 A
1C
1D
#24165
0&
0C
0D
#24170
b00000000000000000000100101110001 "
b00000000000000000000100101110001 $
1&
b0100101101110 >
b0100101101111 A
1C
1D
#24175
0&
0C
0D
#24180
b00000000000000000000100101110010 "
b00000000000000000000100101110010 $
1&
b0100101101111 >
b0100101110000 A
1C
1D
#24185
0&
0C
0D
#24190
b00000000000000000000100101110011 "
b00000000000000000000100101110011 $
1&
b0100101110000 >
b0100101110001 A
1C
1D
#24195
0&
0C
0D
#24200
b00000000000000000000100101110100 "
b00000000000000000000100101110100 $
1&
b0100101110001 >
b0100101110010 A
1C
1D
#24205
0&
0C
0D
#24210
b00000000000000000000100101110101 "
b00000000000000000000100101110101 $
1&
b0100101110010 >
b0100101110011 A
1C
1D
#24215
0&
0C
0D
#24220
b00000000000000000000100101110110 "
b00000000000000000000100101110110 $
1&
b0100101110011 >
b0100101110100 A
1C
1D
#24225
0&
0C
0D
#24230
b00000000000000000000100101110111 "
b00000000000000000000100101110111 $
1&
b0100101110100 >
b0100101110101 A
1C
1D
#24235
0&
0C
0D
#24240
b00000000000000000000100101111000 "
b00000000000000000000100101111000 $
1&
b0100101110101 >
b0100101110110 A
1C
1D
#24245
0&
0C
0D
#24250
b00000000000000000000100101111001 "
b00000000000000000000100101111001 $
1&
b0100101110110 >
b0100101110111 A
1C
1D
#24255
0&
0C
0D
#24260
b00000000000000000000100101111010 "
b00000000000000000000100101111010 $
1&
b0100101110111 >
b0100101111000 A
1C
1D
#24265
0&
0C
0D
#24270
b00000000000000000000100101111011 "
b00000000000000000000100101111011 $
1&
b0100101111000 >
b0100101111001 A
1C
1D
#24275
0&
0C
0D
#24280
b00000000000000000000100101111100 "
b00000000000000000000100101111100 $
1&
b0100101111001 >
b0100101111010 A
1C
1D
#24285
0&
0C
0D
#24290
b00000000000000000000100101111101 "
b00000000000000000000100101111101 $
1&
b0100101111010 >
b0100101111011 A
1C
1D
#24295
0&
0C
0D
#24300
b00000000000000000000100101111110 "
b00000000000000000000100101111110 $
1&
b0100101111011 >
b0100101111100 A
1C
1D
#24305
0&
0C
0D
#24310
b00000000000000000000100101111111 "
b00000000000000000000100101111111 $
1&
b0100101111100 >
b0100101111101 A
1C
1D
#24315
0&
0C
0D
#24320
b00000000000000000000100110000000 "
b00000000000000000000100110000000 $
1&
b0100101111101 >
b0100101111110 A
1C
1D
#24325
0&
0C
0D
#24330
b00000000000000000000100110000001 "
b00000000000000000000100110000001 $
1&
b0100101111110 >
b0100101111111 A
1C
1D
#24335
0&
0C
0D
#24340
b00000000000000000000100110000010 "
b00000000000000000000100110000010 $
1&
b0100101111111 >
b0100110000000 A
1C
1D
#24345
0&
0C
0D
#24350
b00000000000000000000100110000011 "
b00000000000000000000100110000011 $
1&
b0100110000000 >
b0100110000001 A
1C
1D
#24355
0&
0C
0D
#24360
b00000000000000000000100110000100 "
b00000000000000000000100110000100 $
1&
b0100110000001 >
b0100110000010 A
1C
1D
#24365
0&
0C
0D
#24370
b00000000000000000000100110000101 "
b00000000000000000000100110000101 $
1&
b0100110000010 >
b0100110000011 A
1C
1D
#24375
0&
0C
0D
#24380
b00000000000000000000100110000110 "
b00000000000000000000100110000110 $
1&
b0100110000011 >
b0100110000100 A
1C
1D
#24385
0&
0C
0D
#24390
b00000000000000000000100110000111 "
b00000000000000000000100110000111 $
1&
b0100110000100 >
b0100110000101 A
1C
1D
#24395
0&
0C
0D
#24400
b00000000000000000000100110001000 "
b00000000000000000000100110001000 $
1&
b0100110000101 >
b0100110000110 A
1C
1D
#24405
0&
0C
0D
#24410
b00000000000000000000100110001001 "
b00000000000000000000100110001001 $
1&
b0100110000110 >
b0100110000111 A
1C
1D
#24415
0&
0C
0D
#24420
b00000000000000000000100110001010 "
b00000000000000000000100110001010 $
1&
b0100110000111 >
b0100110001000 A
1C
1D
#24425
0&
0C
0D
#24430
b00000000000000000000100110001011 "
b00000000000000000000100110001011 $
1&
b0100110001000 >
b0100110001001 A
1C
1D
#24435
0&
0C
0D
#24440
b00000000000000000000100110001100 "
b00000000000000000000100110001100 $
1&
b0100110001001 >
b0100110001010 A
1C
1D
#24445
0&
0C
0D
#24450
b00000000000000000000100110001101 "
b00000000000000000000100110001101 $
1&
b0100110001010 >
b0100110001011 A
1C
1D
#24455
0&
0C
0D
#24460
b00000000000000000000100110001110 "
b00000000000000000000100110001110 $
1&
b0100110001011 >
b0100110001100 A
1C
1D
#24465
0&
0C
0D
#24470
b00000000000000000000100110001111 "
b00000000000000000000100110001111 $
1&
b0100110001100 >
b0100110001101 A
1C
1D
#24475
0&
0C
0D
#24480
b00000000000000000000100110010000 "
b00000000000000000000100110010000 $
1&
b0100110001101 >
b0100110001110 A
1C
1D
#24485
0&
0C
0D
#24490
b00000000000000000000100110010001 "
b00000000000000000000100110010001 $
1&
b0100110001110 >
b0100110001111 A
1C
1D
#24495
0&
0C
0D
#24500
b00000000000000000000100110010010 "
b00000000000000000000100110010010 $
1&
b0100110001111 >
b0100110010000 A
1C
1D
#24505
0&
0C
0D
#24510
b00000000000000000000100110010011 "
b00000000000000000000100110010011 $
1&
b0100110010000 >
b0100110010001 A
1C
1D
#24515
0&
0C
0D
#24520
b00000000000000000000100110010100 "
b00000000000000000000100110010100 $
1&
b0100110010001 >
b0100110010010 A
1C
1D
#24525
0&
0C
0D
#24530
b00000000000000000000100110010101 "
b00000000000000000000100110010101 $
1&
b0100110010010 >
b0100110010011 A
1C
1D
#24535
0&
0C
0D
#24540
b00000000000000000000100110010110 "
b00000000000000000000100110010110 $
1&
b0100110010011 >
b0100110010100 A
1C
1D
#24545
0&
0C
0D
#24550
b00000000000000000000100110010111 "
b00000000000000000000100110010111 $
1&
b0100110010100 >
b0100110010101 A
1C
1D
#24555
0&
0C
0D
#24560
b00000000000000000000100110011000 "
b00000000000000000000100110011000 $
1&
b0100110010101 >
b0100110010110 A
1C
1D
#24565
0&
0C
0D
#24570
b00000000000000000000100110011001 "
b00000000000000000000100110011001 $
1&
b0100110010110 >
b0100110010111 A
1C
1D
#24575
0&
0C
0D
#24580
b00000000000000000000100110011010 "
b00000000000000000000100110011010 $
1&
b0100110010111 >
b0100110011000 A
1C
1D
#24585
0&
0C
0D
#24590
b00000000000000000000100110011011 "
b00000000000000000000100110011011 $
1&
b0100110011000 >
b0100110011001 A
1C
1D
#24595
0&
0C
0D
#24600
b00000000000000000000100110011100 "
b00000000000000000000100110011100 $
1&
b0100110011001 >
b0100110011010 A
1C
1D
#24605
0&
0C
0D
#24610
b00000000000000000000100110011101 "
b00000000000000000000100110011101 $
1&
b0100110011010 >
b0100110011011 A
1C
1D
#24615
0&
0C
0D
#24620
b00000000000000000000100110011110 "
b00000000000000000000100110011110 $
1&
b0100110011011 >
b0100110011100 A
1C
1D
#24625
0&
0C
0D
#24630
b00000000000000000000100110011111 "
b00000000000000000000100110011111 $
1&
b0100110011100 >
b0100110011101 A
1C
1D
#24635
0&
0C
0D
#24640
b00000000000000000000100110100000 "
b00000000000000000000100110100000 $
1&
b0100110011101 >
b0100110011110 A
1C
1D
#24645
0&
0C
0D
#24650
b00000000000000000000100110100001 "
b00000000000000000000100110100001 $
1&
b0100110011110 >
b0100110011111 A
1C
1D
#24655
0&
0C
0D
#24660
b00000000000000000000100110100010 "
b00000000000000000000100110100010 $
1&
b0100110011111 >
b0100110100000 A
1C
1D
#24665
0&
0C
0D
#24670
b00000000000000000000100110100011 "
b00000000000000000000100110100011 $
1&
b0100110100000 >
b0100110100001 A
1C
1D
#24675
0&
0C
0D
#24680
b00000000000000000000100110100100 "
b00000000000000000000100110100100 $
1&
b0100110100001 >
b0100110100010 A
1C
1D
#24685
0&
0C
0D
#24690
b00000000000000000000100110100101 "
b00000000000000000000100110100101 $
1&
b0100110100010 >
b0100110100011 A
1C
1D
#24695
0&
0C
0D
#24700
b00000000000000000000100110100110 "
b00000000000000000000100110100110 $
1&
b0100110100011 >
b0100110100100 A
1C
1D
#24705
0&
0C
0D
#24710
b00000000000000000000100110100111 "
b00000000000000000000100110100111 $
1&
b0100110100100 >
b0100110100101 A
1C
1D
#24715
0&
0C
0D
#24720
b00000000000000000000100110101000 "
b00000000000000000000100110101000 $
1&
b0100110100101 >
b0100110100110 A
1C
1D
#24725
0&
0C
0D
#24730
b00000000000000000000100110101001 "
b00000000000000000000100110101001 $
1&
b0100110100110 >
b0100110100111 A
1C
1D
#24735
0&
0C
0D
#24740
b00000000000000000000100110101010 "
b00000000000000000000100110101010 $
1&
b0100110100111 >
b0100110101000 A
1C
1D
#24745
0&
0C
0D
#24750
b00000000000000000000100110101011 "
b00000000000000000000100110101011 $
1&
b0100110101000 >
b0100110101001 A
1C
1D
#24755
0&
0C
0D
#24760
b00000000000000000000100110101100 "
b00000000000000000000100110101100 $
1&
b0100110101001 >
b0100110101010 A
1C
1D
#24765
0&
0C
0D
#24770
b00000000000000000000100110101101 "
b00000000000000000000100110101101 $
1&
b0100110101010 >
b0100110101011 A
1C
1D
#24775
0&
0C
0D
#24780
b00000000000000000000100110101110 "
b00000000000000000000100110101110 $
1&
b0100110101011 >
b0100110101100 A
1C
1D
#24785
0&
0C
0D
#24790
b00000000000000000000100110101111 "
b00000000000000000000100110101111 $
1&
b0100110101100 >
b0100110101101 A
1C
1D
#24795
0&
0C
0D
#24800
b00000000000000000000100110110000 "
b00000000000000000000100110110000 $
1&
b0100110101101 >
b0100110101110 A
1C
1D
#24805
0&
0C
0D
#24810
b00000000000000000000100110110001 "
b00000000000000000000100110110001 $
1&
b0100110101110 >
b0100110101111 A
1C
1D
#24815
0&
0C
0D
#24820
b00000000000000000000100110110010 "
b00000000000000000000100110110010 $
1&
b0100110101111 >
b0100110110000 A
1C
1D
#24825
0&
0C
0D
#24830
b00000000000000000000100110110011 "
b00000000000000000000100110110011 $
1&
b0100110110000 >
b0100110110001 A
1C
1D
#24835
0&
0C
0D
#24840
b00000000000000000000100110110100 "
b00000000000000000000100110110100 $
1&
b0100110110001 >
b0100110110010 A
1C
1D
#24845
0&
0C
0D
#24850
b00000000000000000000100110110101 "
b00000000000000000000100110110101 $
1&
b0100110110010 >
b0100110110011 A
1C
1D
#24855
0&
0C
0D
#24860
b00000000000000000000100110110110 "
b00000000000000000000100110110110 $
1&
b0100110110011 >
b0100110110100 A
1C
1D
#24865
0&
0C
0D
#24870
b00000000000000000000100110110111 "
b00000000000000000000100110110111 $
1&
b0100110110100 >
b0100110110101 A
1C
1D
#24875
0&
0C
0D
#24880
b00000000000000000000100110111000 "
b00000000000000000000100110111000 $
1&
b0100110110101 >
b0100110110110 A
1C
1D
#24885
0&
0C
0D
#24890
b00000000000000000000100110111001 "
b00000000000000000000100110111001 $
1&
b0100110110110 >
b0100110110111 A
1C
1D
#24895
0&
0C
0D
#24900
b00000000000000000000100110111010 "
b00000000000000000000100110111010 $
1&
b0100110110111 >
b0100110111000 A
1C
1D
#24905
0&
0C
0D
#24910
b00000000000000000000100110111011 "
b00000000000000000000100110111011 $
1&
b0100110111000 >
b0100110111001 A
1C
1D
#24915
0&
0C
0D
#24920
b00000000000000000000100110111100 "
b00000000000000000000100110111100 $
1&
b0100110111001 >
b0100110111010 A
1C
1D
#24925
0&
0C
0D
#24930
b00000000000000000000100110111101 "
b00000000000000000000100110111101 $
1&
b0100110111010 >
b0100110111011 A
1C
1D
#24935
0&
0C
0D
#24940
b00000000000000000000100110111110 "
b00000000000000000000100110111110 $
1&
b0100110111011 >
b0100110111100 A
1C
1D
#24945
0&
0C
0D
#24950
b00000000000000000000100110111111 "
b00000000000000000000100110111111 $
1&
b0100110111100 >
b0100110111101 A
1C
1D
#24955
0&
0C
0D
#24960
b00000000000000000000100111000000 "
b00000000000000000000100111000000 $
1&
b0100110111101 >
b0100110111110 A
1C
1D
#24965
0&
0C
0D
#24970
b00000000000000000000100111000001 "
b00000000000000000000100111000001 $
1&
b0100110111110 >
b0100110111111 A
1C
1D
#24975
0&
0C
0D
#24980
b00000000000000000000100111000010 "
b00000000000000000000100111000010 $
1&
b0100110111111 >
b0100111000000 A
1C
1D
#24985
0&
0C
0D
#24990
b00000000000000000000100111000011 "
b00000000000000000000100111000011 $
1&
b0100111000000 >
b0100111000001 A
1C
1D
#24995
0&
0C
0D
#25000
b00000000000000000000100111000100 "
b00000000000000000000100111000100 $
1&
b0100111000001 >
b0100111000010 A
1C
1D
#25005
0&
0C
0D
#25010
b00000000000000000000100111000101 "
b00000000000000000000100111000101 $
1&
b0100111000010 >
b0100111000011 A
1C
1D
#25015
0&
0C
0D
#25020
b00000000000000000000100111000110 "
b00000000000000000000100111000110 $
1&
b0100111000011 >
b0100111000100 A
1C
1D
#25025
0&
0C
0D
#25030
b00000000000000000000100111000111 "
b00000000000000000000100111000111 $
1&
b0100111000100 >
b0100111000101 A
1C
1D
#25035
0&
0C
0D
#25040
b00000000000000000000100111001000 "
b00000000000000000000100111001000 $
1&
b0100111000101 >
b0100111000110 A
1C
1D
#25045
0&
0C
0D
#25050
b00000000000000000000100111001001 "
b00000000000000000000100111001001 $
1&
b0100111000110 >
b0100111000111 A
1C
1D
#25055
0&
0C
0D
#25060
b00000000000000000000100111001010 "
b00000000000000000000100111001010 $
1&
b0100111000111 >
b0100111001000 A
1C
1D
#25065
0&
0C
0D
#25070
b00000000000000000000100111001011 "
b00000000000000000000100111001011 $
1&
b0100111001000 >
b0100111001001 A
1C
1D
#25075
0&
0C
0D
#25080
b00000000000000000000100111001100 "
b00000000000000000000100111001100 $
1&
b0100111001001 >
b0100111001010 A
1C
1D
#25085
0&
0C
0D
#25090
b00000000000000000000100111001101 "
b00000000000000000000100111001101 $
1&
b0100111001010 >
b0100111001011 A
1C
1D
#25095
0&
0C
0D
#25100
b00000000000000000000100111001110 "
b00000000000000000000100111001110 $
1&
b0100111001011 >
b0100111001100 A
1C
1D
#25105
0&
0C
0D
#25110
b00000000000000000000100111001111 "
b00000000000000000000100111001111 $
1&
b0100111001100 >
b0100111001101 A
1C
1D
#25115
0&
0C
0D
#25120
b00000000000000000000100111010000 "
b00000000000000000000100111010000 $
1&
b0100111001101 >
b0100111001110 A
1C
1D
#25125
0&
0C
0D
#25130
b00000000000000000000100111010001 "
b00000000000000000000100111010001 $
1&
b0100111001110 >
b0100111001111 A
1C
1D
#25135
0&
0C
0D
#25140
b00000000000000000000100111010010 "
b00000000000000000000100111010010 $
1&
b0100111001111 >
b0100111010000 A
1C
1D
#25145
0&
0C
0D
#25150
b00000000000000000000100111010011 "
b00000000000000000000100111010011 $
1&
b0100111010000 >
b0100111010001 A
1C
1D
#25155
0&
0C
0D
#25160
b00000000000000000000100111010100 "
b00000000000000000000100111010100 $
1&
b0100111010001 >
b0100111010010 A
1C
1D
#25165
0&
0C
0D
#25170
b00000000000000000000100111010101 "
b00000000000000000000100111010101 $
1&
b0100111010010 >
b0100111010011 A
1C
1D
#25175
0&
0C
0D
#25180
b00000000000000000000100111010110 "
b00000000000000000000100111010110 $
1&
b0100111010011 >
b0100111010100 A
1C
1D
#25185
0&
0C
0D
#25190
b00000000000000000000100111010111 "
b00000000000000000000100111010111 $
1&
b0100111010100 >
b0100111010101 A
1C
1D
#25195
0&
0C
0D
#25200
b00000000000000000000100111011000 "
b00000000000000000000100111011000 $
1&
b0100111010101 >
b0100111010110 A
1C
1D
#25205
0&
0C
0D
#25210
b00000000000000000000100111011001 "
b00000000000000000000100111011001 $
1&
b0100111010110 >
b0100111010111 A
1C
1D
#25215
0&
0C
0D
#25220
b00000000000000000000100111011010 "
b00000000000000000000100111011010 $
1&
b0100111010111 >
b0100111011000 A
1C
1D
#25225
0&
0C
0D
#25230
b00000000000000000000100111011011 "
b00000000000000000000100111011011 $
1&
b0100111011000 >
b0100111011001 A
1C
1D
#25235
0&
0C
0D
#25240
b00000000000000000000100111011100 "
b00000000000000000000100111011100 $
1&
b0100111011001 >
b0100111011010 A
1C
1D
#25245
0&
0C
0D
#25250
b00000000000000000000100111011101 "
b00000000000000000000100111011101 $
1&
b0100111011010 >
b0100111011011 A
1C
1D
#25255
0&
0C
0D
#25260
b00000000000000000000100111011110 "
b00000000000000000000100111011110 $
1&
b0100111011011 >
b0100111011100 A
1C
1D
#25265
0&
0C
0D
#25270
b00000000000000000000100111011111 "
b00000000000000000000100111011111 $
1&
b0100111011100 >
b0100111011101 A
1C
1D
#25275
0&
0C
0D
#25280
b00000000000000000000100111100000 "
b00000000000000000000100111100000 $
1&
b0100111011101 >
b0100111011110 A
1C
1D
#25285
0&
0C
0D
#25290
b00000000000000000000100111100001 "
b00000000000000000000100111100001 $
1&
b0100111011110 >
b0100111011111 A
1C
1D
#25295
0&
0C
0D
#25300
b00000000000000000000100111100010 "
b00000000000000000000100111100010 $
1&
b0100111011111 >
b0100111100000 A
1C
1D
#25305
0&
0C
0D
#25310
b00000000000000000000100111100011 "
b00000000000000000000100111100011 $
1&
b0100111100000 >
b0100111100001 A
1C
1D
#25315
0&
0C
0D
#25320
b00000000000000000000100111100100 "
b00000000000000000000100111100100 $
1&
b0100111100001 >
b0100111100010 A
1C
1D
#25325
0&
0C
0D
#25330
b00000000000000000000100111100101 "
b00000000000000000000100111100101 $
1&
b0100111100010 >
b0100111100011 A
1C
1D
#25335
0&
0C
0D
#25340
b00000000000000000000100111100110 "
b00000000000000000000100111100110 $
1&
b0100111100011 >
b0100111100100 A
1C
1D
#25345
0&
0C
0D
#25350
b00000000000000000000100111100111 "
b00000000000000000000100111100111 $
1&
b0100111100100 >
b0100111100101 A
1C
1D
#25355
0&
0C
0D
#25360
b00000000000000000000100111101000 "
b00000000000000000000100111101000 $
1&
b0100111100101 >
b0100111100110 A
1C
1D
#25365
0&
0C
0D
#25370
b00000000000000000000100111101001 "
b00000000000000000000100111101001 $
1&
b0100111100110 >
b0100111100111 A
1C
1D
#25375
0&
0C
0D
#25380
b00000000000000000000100111101010 "
b00000000000000000000100111101010 $
1&
b0100111100111 >
b0100111101000 A
1C
1D
#25385
0&
0C
0D
#25390
b00000000000000000000100111101011 "
b00000000000000000000100111101011 $
1&
b0100111101000 >
b0100111101001 A
1C
1D
#25395
0&
0C
0D
#25400
b00000000000000000000100111101100 "
b00000000000000000000100111101100 $
1&
b0100111101001 >
b0100111101010 A
1C
1D
#25405
0&
0C
0D
#25410
b00000000000000000000100111101101 "
b00000000000000000000100111101101 $
1&
b0100111101010 >
b0100111101011 A
1C
1D
#25415
0&
0C
0D
#25420
b00000000000000000000100111101110 "
b00000000000000000000100111101110 $
1&
b0100111101011 >
b0100111101100 A
1C
1D
#25425
0&
0C
0D
#25430
b00000000000000000000100111101111 "
b00000000000000000000100111101111 $
1&
b0100111101100 >
b0100111101101 A
1C
1D
#25435
0&
0C
0D
#25440
b00000000000000000000100111110000 "
b00000000000000000000100111110000 $
1&
b0100111101101 >
b0100111101110 A
1C
1D
#25445
0&
0C
0D
#25450
b00000000000000000000100111110001 "
b00000000000000000000100111110001 $
1&
b0100111101110 >
b0100111101111 A
1C
1D
#25455
0&
0C
0D
#25460
b00000000000000000000100111110010 "
b00000000000000000000100111110010 $
1&
b0100111101111 >
b0100111110000 A
1C
1D
#25465
0&
0C
0D
#25470
b00000000000000000000100111110011 "
b00000000000000000000100111110011 $
1&
b0100111110000 >
b0100111110001 A
1C
1D
#25475
0&
0C
0D
#25480
b00000000000000000000100111110100 "
b00000000000000000000100111110100 $
1&
b0100111110001 >
b0100111110010 A
1C
1D
#25485
0&
0C
0D
#25490
b00000000000000000000100111110101 "
b00000000000000000000100111110101 $
1&
b0100111110010 >
b0100111110011 A
1C
1D
#25495
0&
0C
0D
#25500
b00000000000000000000100111110110 "
b00000000000000000000100111110110 $
1&
b0100111110011 >
b0100111110100 A
1C
1D
#25505
0&
0C
0D
#25510
b00000000000000000000100111110111 "
b00000000000000000000100111110111 $
1&
b0100111110100 >
b0100111110101 A
1C
1D
#25515
0&
0C
0D
#25520
b00000000000000000000100111111000 "
b00000000000000000000100111111000 $
1&
b0100111110101 >
b0100111110110 A
1C
1D
#25525
0&
0C
0D
#25530
b00000000000000000000100111111001 "
b00000000000000000000100111111001 $
1&
b0100111110110 >
b0100111110111 A
1C
1D
#25535
0&
0C
0D
#25540
b00000000000000000000100111111010 "
b00000000000000000000100111111010 $
1&
b0100111110111 >
b0100111111000 A
1C
1D
#25545
0&
0C
0D
#25550
b00000000000000000000100111111011 "
b00000000000000000000100111111011 $
1&
b0100111111000 >
b0100111111001 A
1C
1D
#25555
0&
0C
0D
#25560
b00000000000000000000100111111100 "
b00000000000000000000100111111100 $
1&
b0100111111001 >
b0100111111010 A
1C
1D
#25565
0&
0C
0D
#25570
b00000000000000000000100111111101 "
b00000000000000000000100111111101 $
1&
b0100111111010 >
b0100111111011 A
1C
1D
#25575
0&
0C
0D
#25580
b00000000000000000000100111111110 "
b00000000000000000000100111111110 $
1&
b0100111111011 >
b0100111111100 A
1C
1D
#25585
0&
0C
0D
#25590
b00000000000000000000100111111111 "
b00000000000000000000100111111111 $
1&
b0100111111100 >
b0100111111101 A
1C
1D
#25595
0&
0C
0D
#25600
b00000000000000000000101000000000 "
b00000000000000000000101000000000 $
1&
b0100111111101 >
b0100111111110 A
1C
1D
#25605
0&
0C
0D
#25610
b00000000000000000000101000000001 "
b00000000000000000000101000000001 $
1&
b0100111111110 >
b0100111111111 A
1C
1D
#25615
0&
0C
0D
#25620
b00000000000000000000101000000010 "
b00000000000000000000101000000010 $
1&
b0100111111111 >
b0101000000000 A
1C
1D
#25625
0&
0C
0D
#25630
b00000000000000000000101000000011 "
b00000000000000000000101000000011 $
1&
b0101000000000 >
b0101000000001 A
1C
1D
#25635
0&
0C
0D
#25640
b00000000000000000000101000000100 "
b00000000000000000000101000000100 $
1&
b0101000000001 >
b0101000000010 A
1C
1D
#25645
0&
0C
0D
#25650
b00000000000000000000101000000101 "
b00000000000000000000101000000101 $
1&
b0101000000010 >
b0101000000011 A
1C
1D
#25655
0&
0C
0D
#25660
b00000000000000000000101000000110 "
b00000000000000000000101000000110 $
1&
b0101000000011 >
b0101000000100 A
1C
1D
#25665
0&
0C
0D
#25670
b00000000000000000000101000000111 "
b00000000000000000000101000000111 $
1&
b0101000000100 >
b0101000000101 A
1C
1D
#25675
0&
0C
0D
#25680
b00000000000000000000101000001000 "
b00000000000000000000101000001000 $
1&
b0101000000101 >
b0101000000110 A
1C
1D
#25685
0&
0C
0D
#25690
b00000000000000000000101000001001 "
b00000000000000000000101000001001 $
1&
b0101000000110 >
b0101000000111 A
1C
1D
#25695
0&
0C
0D
#25700
b00000000000000000000101000001010 "
b00000000000000000000101000001010 $
1&
b0101000000111 >
b0101000001000 A
1C
1D
#25705
0&
0C
0D
#25710
b00000000000000000000101000001011 "
b00000000000000000000101000001011 $
1&
b0101000001000 >
b0101000001001 A
1C
1D
#25715
0&
0C
0D
#25720
b00000000000000000000101000001100 "
b00000000000000000000101000001100 $
1&
b0101000001001 >
b0101000001010 A
1C
1D
#25725
0&
0C
0D
#25730
b00000000000000000000101000001101 "
b00000000000000000000101000001101 $
1&
b0101000001010 >
b0101000001011 A
1C
1D
#25735
0&
0C
0D
#25740
b00000000000000000000101000001110 "
b00000000000000000000101000001110 $
1&
b0101000001011 >
b0101000001100 A
1C
1D
#25745
0&
0C
0D
#25750
b00000000000000000000101000001111 "
b00000000000000000000101000001111 $
1&
b0101000001100 >
b0101000001101 A
1C
1D
#25755
0&
0C
0D
#25760
b00000000000000000000101000010000 "
b00000000000000000000101000010000 $
1&
b0101000001101 >
b0101000001110 A
1C
1D
#25765
0&
0C
0D
#25770
b00000000000000000000101000010001 "
b00000000000000000000101000010001 $
1&
b0101000001110 >
b0101000001111 A
1C
1D
#25775
0&
0C
0D
#25780
b00000000000000000000101000010010 "
b00000000000000000000101000010010 $
1&
b0101000001111 >
b0101000010000 A
1C
1D
#25785
0&
0C
0D
#25790
b00000000000000000000101000010011 "
b00000000000000000000101000010011 $
1&
b0101000010000 >
b0101000010001 A
1C
1D
#25795
0&
0C
0D
#25800
b00000000000000000000101000010100 "
b00000000000000000000101000010100 $
1&
b0101000010001 >
b0101000010010 A
1C
1D
#25805
0&
0C
0D
#25810
b00000000000000000000101000010101 "
b00000000000000000000101000010101 $
1&
b0101000010010 >
b0101000010011 A
1C
1D
#25815
0&
0C
0D
#25820
b00000000000000000000101000010110 "
b00000000000000000000101000010110 $
1&
b0101000010011 >
b0101000010100 A
1C
1D
#25825
0&
0C
0D
#25830
b00000000000000000000101000010111 "
b00000000000000000000101000010111 $
1&
b0101000010100 >
b0101000010101 A
1C
1D
#25835
0&
0C
0D
#25840
b00000000000000000000101000011000 "
b00000000000000000000101000011000 $
1&
b0101000010101 >
b0101000010110 A
1C
1D
#25845
0&
0C
0D
#25850
b00000000000000000000101000011001 "
b00000000000000000000101000011001 $
1&
b0101000010110 >
b0101000010111 A
1C
1D
#25855
0&
0C
0D
#25860
b00000000000000000000101000011010 "
b00000000000000000000101000011010 $
1&
b0101000010111 >
b0101000011000 A
1C
1D
#25865
0&
0C
0D
#25870
b00000000000000000000101000011011 "
b00000000000000000000101000011011 $
1&
b0101000011000 >
b0101000011001 A
1C
1D
#25875
0&
0C
0D
#25880
b00000000000000000000101000011100 "
b00000000000000000000101000011100 $
1&
b0101000011001 >
b0101000011010 A
1C
1D
#25885
0&
0C
0D
#25890
b00000000000000000000101000011101 "
b00000000000000000000101000011101 $
1&
b0101000011010 >
b0101000011011 A
1C
1D
#25895
0&
0C
0D
#25900
b00000000000000000000101000011110 "
b00000000000000000000101000011110 $
1&
b0101000011011 >
b0101000011100 A
1C
1D
#25905
0&
0C
0D
#25910
b00000000000000000000101000011111 "
b00000000000000000000101000011111 $
1&
b0101000011100 >
b0101000011101 A
1C
1D
#25915
0&
0C
0D
#25920
b00000000000000000000101000100000 "
b00000000000000000000101000100000 $
1&
b0101000011101 >
b0101000011110 A
1C
1D
#25925
0&
0C
0D
#25930
b00000000000000000000101000100001 "
b00000000000000000000101000100001 $
1&
b0101000011110 >
b0101000011111 A
1C
1D
#25935
0&
0C
0D
#25940
b00000000000000000000101000100010 "
b00000000000000000000101000100010 $
1&
b0101000011111 >
b0101000100000 A
1C
1D
#25945
0&
0C
0D
#25950
b00000000000000000000101000100011 "
b00000000000000000000101000100011 $
1&
b0101000100000 >
b0101000100001 A
1C
1D
#25955
0&
0C
0D
#25960
b00000000000000000000101000100100 "
b00000000000000000000101000100100 $
1&
b0101000100001 >
b0101000100010 A
1C
1D
#25965
0&
0C
0D
#25970
b00000000000000000000101000100101 "
b00000000000000000000101000100101 $
1&
b0101000100010 >
b0101000100011 A
1C
1D
#25975
0&
0C
0D
#25980
b00000000000000000000101000100110 "
b00000000000000000000101000100110 $
1&
b0101000100011 >
b0101000100100 A
1C
1D
#25985
0&
0C
0D
#25990
b00000000000000000000101000100111 "
b00000000000000000000101000100111 $
1&
b0101000100100 >
b0101000100101 A
1C
1D
#25995
0&
0C
0D
#26000
b00000000000000000000101000101000 "
b00000000000000000000101000101000 $
1&
b0101000100101 >
b0101000100110 A
1C
1D
#26005
0&
0C
0D
#26010
b00000000000000000000101000101001 "
b00000000000000000000101000101001 $
1&
b0101000100110 >
b0101000100111 A
1C
1D
#26015
0&
0C
0D
#26020
b00000000000000000000101000101010 "
b00000000000000000000101000101010 $
1&
b0101000100111 >
b0101000101000 A
1C
1D
#26025
0&
0C
0D
#26030
b00000000000000000000101000101011 "
b00000000000000000000101000101011 $
1&
b0101000101000 >
b0101000101001 A
1C
1D
#26035
0&
0C
0D
#26040
b00000000000000000000101000101100 "
b00000000000000000000101000101100 $
1&
b0101000101001 >
b0101000101010 A
1C
1D
#26045
0&
0C
0D
#26050
b00000000000000000000101000101101 "
b00000000000000000000101000101101 $
1&
b0101000101010 >
b0101000101011 A
1C
1D
#26055
0&
0C
0D
#26060
b00000000000000000000101000101110 "
b00000000000000000000101000101110 $
1&
b0101000101011 >
b0101000101100 A
1C
1D
#26065
0&
0C
0D
#26070
b00000000000000000000101000101111 "
b00000000000000000000101000101111 $
1&
b0101000101100 >
b0101000101101 A
1C
1D
#26075
0&
0C
0D
#26080
b00000000000000000000101000110000 "
b00000000000000000000101000110000 $
1&
b0101000101101 >
b0101000101110 A
1C
1D
#26085
0&
0C
0D
#26090
b00000000000000000000101000110001 "
b00000000000000000000101000110001 $
1&
b0101000101110 >
b0101000101111 A
1C
1D
#26095
0&
0C
0D
#26100
b00000000000000000000101000110010 "
b00000000000000000000101000110010 $
1&
b0101000101111 >
b0101000110000 A
1C
1D
#26105
0&
0C
0D
#26110
b00000000000000000000101000110011 "
b00000000000000000000101000110011 $
1&
b0101000110000 >
b0101000110001 A
1C
1D
#26115
0&
0C
0D
#26120
b00000000000000000000101000110100 "
b00000000000000000000101000110100 $
1&
b0101000110001 >
b0101000110010 A
1C
1D
#26125
0&
0C
0D
#26130
b00000000000000000000101000110101 "
b00000000000000000000101000110101 $
1&
b0101000110010 >
b0101000110011 A
1C
1D
#26135
0&
0C
0D
#26140
b00000000000000000000101000110110 "
b00000000000000000000101000110110 $
1&
b0101000110011 >
b0101000110100 A
1C
1D
#26145
0&
0C
0D
#26150
b00000000000000000000101000110111 "
b00000000000000000000101000110111 $
1&
b0101000110100 >
b0101000110101 A
1C
1D
#26155
0&
0C
0D
#26160
b00000000000000000000101000111000 "
b00000000000000000000101000111000 $
1&
b0101000110101 >
b0101000110110 A
1C
1D
#26165
0&
0C
0D
#26170
b00000000000000000000101000111001 "
b00000000000000000000101000111001 $
1&
b0101000110110 >
b0101000110111 A
1C
1D
#26175
0&
0C
0D
#26180
b00000000000000000000101000111010 "
b00000000000000000000101000111010 $
1&
b0101000110111 >
b0101000111000 A
1C
1D
#26185
0&
0C
0D
#26190
b00000000000000000000101000111011 "
b00000000000000000000101000111011 $
1&
b0101000111000 >
b0101000111001 A
1C
1D
#26195
0&
0C
0D
#26200
b00000000000000000000101000111100 "
b00000000000000000000101000111100 $
1&
b0101000111001 >
b0101000111010 A
1C
1D
#26205
0&
0C
0D
#26210
b00000000000000000000101000111101 "
b00000000000000000000101000111101 $
1&
b0101000111010 >
b0101000111011 A
1C
1D
#26215
0&
0C
0D
#26220
b00000000000000000000101000111110 "
b00000000000000000000101000111110 $
1&
b0101000111011 >
b0101000111100 A
1C
1D
#26225
0&
0C
0D
#26230
b00000000000000000000101000111111 "
b00000000000000000000101000111111 $
1&
b0101000111100 >
b0101000111101 A
1C
1D
#26235
0&
0C
0D
#26240
b00000000000000000000101001000000 "
b00000000000000000000101001000000 $
1&
b0101000111101 >
b0101000111110 A
1C
1D
#26245
0&
0C
0D
#26250
b00000000000000000000101001000001 "
b00000000000000000000101001000001 $
1&
b0101000111110 >
b0101000111111 A
1C
1D
#26255
0&
0C
0D
#26260
b00000000000000000000101001000010 "
b00000000000000000000101001000010 $
1&
b0101000111111 >
b0101001000000 A
1C
1D
#26265
0&
0C
0D
#26270
b00000000000000000000101001000011 "
b00000000000000000000101001000011 $
1&
b0101001000000 >
b0101001000001 A
1C
1D
#26275
0&
0C
0D
#26280
b00000000000000000000101001000100 "
b00000000000000000000101001000100 $
1&
b0101001000001 >
b0101001000010 A
1C
1D
#26285
0&
0C
0D
#26290
b00000000000000000000101001000101 "
b00000000000000000000101001000101 $
1&
b0101001000010 >
b0101001000011 A
1C
1D
#26295
0&
0C
0D
#26300
b00000000000000000000101001000110 "
b00000000000000000000101001000110 $
1&
b0101001000011 >
b0101001000100 A
1C
1D
#26305
0&
0C
0D
#26310
b00000000000000000000101001000111 "
b00000000000000000000101001000111 $
1&
b0101001000100 >
b0101001000101 A
1C
1D
#26315
0&
0C
0D
#26320
b00000000000000000000101001001000 "
b00000000000000000000101001001000 $
1&
b0101001000101 >
b0101001000110 A
1C
1D
#26325
0&
0C
0D
#26330
b00000000000000000000101001001001 "
b00000000000000000000101001001001 $
1&
b0101001000110 >
b0101001000111 A
1C
1D
#26335
0&
0C
0D
#26340
b00000000000000000000101001001010 "
b00000000000000000000101001001010 $
1&
b0101001000111 >
b0101001001000 A
1C
1D
#26345
0&
0C
0D
#26350
b00000000000000000000101001001011 "
b00000000000000000000101001001011 $
1&
b0101001001000 >
b0101001001001 A
1C
1D
#26355
0&
0C
0D
#26360
b00000000000000000000101001001100 "
b00000000000000000000101001001100 $
1&
b0101001001001 >
b0101001001010 A
1C
1D
#26365
0&
0C
0D
#26370
b00000000000000000000101001001101 "
b00000000000000000000101001001101 $
1&
b0101001001010 >
b0101001001011 A
1C
1D
#26375
0&
0C
0D
#26380
b00000000000000000000101001001110 "
b00000000000000000000101001001110 $
1&
b0101001001011 >
b0101001001100 A
1C
1D
#26385
0&
0C
0D
#26390
b00000000000000000000101001001111 "
b00000000000000000000101001001111 $
1&
b0101001001100 >
b0101001001101 A
1C
1D
#26395
0&
0C
0D
#26400
b00000000000000000000101001010000 "
b00000000000000000000101001010000 $
1&
b0101001001101 >
b0101001001110 A
1C
1D
#26405
0&
0C
0D
#26410
b00000000000000000000101001010001 "
b00000000000000000000101001010001 $
1&
b0101001001110 >
b0101001001111 A
1C
1D
#26415
0&
0C
0D
#26420
b00000000000000000000101001010010 "
b00000000000000000000101001010010 $
1&
b0101001001111 >
b0101001010000 A
1C
1D
#26425
0&
0C
0D
#26430
b00000000000000000000101001010011 "
b00000000000000000000101001010011 $
1&
b0101001010000 >
b0101001010001 A
1C
1D
#26435
0&
0C
0D
#26440
b00000000000000000000101001010100 "
b00000000000000000000101001010100 $
1&
b0101001010001 >
b0101001010010 A
1C
1D
#26445
0&
0C
0D
#26450
b00000000000000000000101001010101 "
b00000000000000000000101001010101 $
1&
b0101001010010 >
b0101001010011 A
1C
1D
#26455
0&
0C
0D
#26460
b00000000000000000000101001010110 "
b00000000000000000000101001010110 $
1&
b0101001010011 >
b0101001010100 A
1C
1D
#26465
0&
0C
0D
#26470
b00000000000000000000101001010111 "
b00000000000000000000101001010111 $
1&
b0101001010100 >
b0101001010101 A
1C
1D
#26475
0&
0C
0D
#26480
b00000000000000000000101001011000 "
b00000000000000000000101001011000 $
1&
b0101001010101 >
b0101001010110 A
1C
1D
#26485
0&
0C
0D
#26490
b00000000000000000000101001011001 "
b00000000000000000000101001011001 $
1&
b0101001010110 >
b0101001010111 A
1C
1D
#26495
0&
0C
0D
#26500
b00000000000000000000101001011010 "
b00000000000000000000101001011010 $
1&
b0101001010111 >
b0101001011000 A
1C
1D
#26505
0&
0C
0D
#26510
b00000000000000000000101001011011 "
b00000000000000000000101001011011 $
1&
b0101001011000 >
b0101001011001 A
1C
1D
#26515
0&
0C
0D
#26520
b00000000000000000000101001011100 "
b00000000000000000000101001011100 $
1&
b0101001011001 >
b0101001011010 A
1C
1D
#26525
0&
0C
0D
#26530
b00000000000000000000101001011101 "
b00000000000000000000101001011101 $
1&
b0101001011010 >
b0101001011011 A
1C
1D
#26535
0&
0C
0D
#26540
b00000000000000000000101001011110 "
b00000000000000000000101001011110 $
1&
b0101001011011 >
b0101001011100 A
1C
1D
#26545
0&
0C
0D
#26550
b00000000000000000000101001011111 "
b00000000000000000000101001011111 $
1&
b0101001011100 >
b0101001011101 A
1C
1D
#26555
0&
0C
0D
#26560
b00000000000000000000101001100000 "
b00000000000000000000101001100000 $
1&
b0101001011101 >
b0101001011110 A
1C
1D
#26565
0&
0C
0D
#26570
b00000000000000000000101001100001 "
b00000000000000000000101001100001 $
1&
b0101001011110 >
b0101001011111 A
1C
1D
#26575
0&
0C
0D
#26580
b00000000000000000000101001100010 "
b00000000000000000000101001100010 $
1&
b0101001011111 >
b0101001100000 A
1C
1D
#26585
0&
0C
0D
#26590
b00000000000000000000101001100011 "
b00000000000000000000101001100011 $
1&
b0101001100000 >
b0101001100001 A
1C
1D
#26595
0&
0C
0D
#26600
b00000000000000000000101001100100 "
b00000000000000000000101001100100 $
1&
b0101001100001 >
b0101001100010 A
1C
1D
#26605
0&
0C
0D
#26610
b00000000000000000000101001100101 "
b00000000000000000000101001100101 $
1&
b0101001100010 >
b0101001100011 A
1C
1D
#26615
0&
0C
0D
#26620
b00000000000000000000101001100110 "
b00000000000000000000101001100110 $
1&
b0101001100011 >
b0101001100100 A
1C
1D
#26625
0&
0C
0D
#26630
b00000000000000000000101001100111 "
b00000000000000000000101001100111 $
1&
b0101001100100 >
b0101001100101 A
1C
1D
#26635
0&
0C
0D
#26640
b00000000000000000000101001101000 "
b00000000000000000000101001101000 $
1&
b0101001100101 >
b0101001100110 A
1C
1D
#26645
0&
0C
0D
#26650
b00000000000000000000101001101001 "
b00000000000000000000101001101001 $
1&
b0101001100110 >
b0101001100111 A
1C
1D
#26655
0&
0C
0D
#26660
b00000000000000000000101001101010 "
b00000000000000000000101001101010 $
1&
b0101001100111 >
b0101001101000 A
1C
1D
#26665
0&
0C
0D
#26670
b00000000000000000000101001101011 "
b00000000000000000000101001101011 $
1&
b0101001101000 >
b0101001101001 A
1C
1D
#26675
0&
0C
0D
#26680
b00000000000000000000101001101100 "
b00000000000000000000101001101100 $
1&
b0101001101001 >
b0101001101010 A
1C
1D
#26685
0&
0C
0D
#26690
b00000000000000000000101001101101 "
b00000000000000000000101001101101 $
1&
b0101001101010 >
b0101001101011 A
1C
1D
#26695
0&
0C
0D
#26700
b00000000000000000000101001101110 "
b00000000000000000000101001101110 $
1&
b0101001101011 >
b0101001101100 A
1C
1D
#26705
0&
0C
0D
#26710
b00000000000000000000101001101111 "
b00000000000000000000101001101111 $
1&
b0101001101100 >
b0101001101101 A
1C
1D
#26715
0&
0C
0D
#26720
b00000000000000000000101001110000 "
b00000000000000000000101001110000 $
1&
b0101001101101 >
b0101001101110 A
1C
1D
#26725
0&
0C
0D
#26730
b00000000000000000000101001110001 "
b00000000000000000000101001110001 $
1&
b0101001101110 >
b0101001101111 A
1C
1D
#26735
0&
0C
0D
#26740
b00000000000000000000101001110010 "
b00000000000000000000101001110010 $
1&
b0101001101111 >
b0101001110000 A
1C
1D
#26745
0&
0C
0D
#26750
b00000000000000000000101001110011 "
b00000000000000000000101001110011 $
1&
b0101001110000 >
b0101001110001 A
1C
1D
#26755
0&
0C
0D
#26760
b00000000000000000000101001110100 "
b00000000000000000000101001110100 $
1&
b0101001110001 >
b0101001110010 A
1C
1D
#26765
0&
0C
0D
#26770
b00000000000000000000101001110101 "
b00000000000000000000101001110101 $
1&
b0101001110010 >
b0101001110011 A
1C
1D
#26775
0&
0C
0D
#26780
b00000000000000000000101001110110 "
b00000000000000000000101001110110 $
1&
b0101001110011 >
b0101001110100 A
1C
1D
#26785
0&
0C
0D
#26790
b00000000000000000000101001110111 "
b00000000000000000000101001110111 $
1&
b0101001110100 >
b0101001110101 A
1C
1D
#26795
0&
0C
0D
#26800
b00000000000000000000101001111000 "
b00000000000000000000101001111000 $
1&
b0101001110101 >
b0101001110110 A
1C
1D
#26805
0&
0C
0D
#26810
b00000000000000000000101001111001 "
b00000000000000000000101001111001 $
1&
b0101001110110 >
b0101001110111 A
1C
1D
#26815
0&
0C
0D
#26820
b00000000000000000000101001111010 "
b00000000000000000000101001111010 $
1&
b0101001110111 >
b0101001111000 A
1C
1D
#26825
0&
0C
0D
#26830
b00000000000000000000101001111011 "
b00000000000000000000101001111011 $
1&
b0101001111000 >
b0101001111001 A
1C
1D
#26835
0&
0C
0D
#26840
b00000000000000000000101001111100 "
b00000000000000000000101001111100 $
1&
b0101001111001 >
b0101001111010 A
1C
1D
#26845
0&
0C
0D
#26850
b00000000000000000000101001111101 "
b00000000000000000000101001111101 $
1&
b0101001111010 >
b0101001111011 A
1C
1D
#26855
0&
0C
0D
#26860
b00000000000000000000101001111110 "
b00000000000000000000101001111110 $
1&
b0101001111011 >
b0101001111100 A
1C
1D
#26865
0&
0C
0D
#26870
b00000000000000000000101001111111 "
b00000000000000000000101001111111 $
1&
b0101001111100 >
b0101001111101 A
1C
1D
#26875
0&
0C
0D
#26880
b00000000000000000000101010000000 "
b00000000000000000000101010000000 $
1&
b0101001111101 >
b0101001111110 A
1C
1D
#26885
0&
0C
0D
#26890
b00000000000000000000101010000001 "
b00000000000000000000101010000001 $
1&
b0101001111110 >
b0101001111111 A
1C
1D
#26895
0&
0C
0D
#26900
b00000000000000000000101010000010 "
b00000000000000000000101010000010 $
1&
b0101001111111 >
b0101010000000 A
1C
1D
#26905
0&
0C
0D
#26910
b00000000000000000000101010000011 "
b00000000000000000000101010000011 $
1&
b0101010000000 >
b0101010000001 A
1C
1D
#26915
0&
0C
0D
#26920
b00000000000000000000101010000100 "
b00000000000000000000101010000100 $
1&
b0101010000001 >
b0101010000010 A
1C
1D
#26925
0&
0C
0D
#26930
b00000000000000000000101010000101 "
b00000000000000000000101010000101 $
1&
b0101010000010 >
b0101010000011 A
1C
1D
#26935
0&
0C
0D
#26940
b00000000000000000000101010000110 "
b00000000000000000000101010000110 $
1&
b0101010000011 >
b0101010000100 A
1C
1D
#26945
0&
0C
0D
#26950
b00000000000000000000101010000111 "
b00000000000000000000101010000111 $
1&
b0101010000100 >
b0101010000101 A
1C
1D
#26955
0&
0C
0D
#26960
b00000000000000000000101010001000 "
b00000000000000000000101010001000 $
1&
b0101010000101 >
b0101010000110 A
1C
1D
#26965
0&
0C
0D
#26970
b00000000000000000000101010001001 "
b00000000000000000000101010001001 $
1&
b0101010000110 >
b0101010000111 A
1C
1D
#26975
0&
0C
0D
#26980
b00000000000000000000101010001010 "
b00000000000000000000101010001010 $
1&
b0101010000111 >
b0101010001000 A
1C
1D
#26985
0&
0C
0D
#26990
b00000000000000000000101010001011 "
b00000000000000000000101010001011 $
1&
b0101010001000 >
b0101010001001 A
1C
1D
#26995
0&
0C
0D
#27000
b00000000000000000000101010001100 "
b00000000000000000000101010001100 $
1&
b0101010001001 >
b0101010001010 A
1C
1D
#27005
0&
0C
0D
#27010
b00000000000000000000101010001101 "
b00000000000000000000101010001101 $
1&
b0101010001010 >
b0101010001011 A
1C
1D
#27015
0&
0C
0D
#27020
b00000000000000000000101010001110 "
b00000000000000000000101010001110 $
1&
b0101010001011 >
b0101010001100 A
1C
1D
#27025
0&
0C
0D
#27030
b00000000000000000000101010001111 "
b00000000000000000000101010001111 $
1&
b0101010001100 >
b0101010001101 A
1C
1D
#27035
0&
0C
0D
#27040
b00000000000000000000101010010000 "
b00000000000000000000101010010000 $
1&
b0101010001101 >
b0101010001110 A
1C
1D
#27045
0&
0C
0D
#27050
b00000000000000000000101010010001 "
b00000000000000000000101010010001 $
1&
b0101010001110 >
b0101010001111 A
1C
1D
#27055
0&
0C
0D
#27060
b00000000000000000000101010010010 "
b00000000000000000000101010010010 $
1&
b0101010001111 >
b0101010010000 A
1C
1D
#27065
0&
0C
0D
#27070
b00000000000000000000101010010011 "
b00000000000000000000101010010011 $
1&
b0101010010000 >
b0101010010001 A
1C
1D
#27075
0&
0C
0D
#27080
b00000000000000000000101010010100 "
b00000000000000000000101010010100 $
1&
b0101010010001 >
b0101010010010 A
1C
1D
#27085
0&
0C
0D
#27090
b00000000000000000000101010010101 "
b00000000000000000000101010010101 $
1&
b0101010010010 >
b0101010010011 A
1C
1D
#27095
0&
0C
0D
#27100
b00000000000000000000101010010110 "
b00000000000000000000101010010110 $
1&
b0101010010011 >
b0101010010100 A
1C
1D
#27105
0&
0C
0D
#27110
b00000000000000000000101010010111 "
b00000000000000000000101010010111 $
1&
b0101010010100 >
b0101010010101 A
1C
1D
#27115
0&
0C
0D
#27120
b00000000000000000000101010011000 "
b00000000000000000000101010011000 $
1&
b0101010010101 >
b0101010010110 A
1C
1D
#27125
0&
0C
0D
#27130
b00000000000000000000101010011001 "
b00000000000000000000101010011001 $
1&
b0101010010110 >
b0101010010111 A
1C
1D
#27135
0&
0C
0D
#27140
b00000000000000000000101010011010 "
b00000000000000000000101010011010 $
1&
b0101010010111 >
b0101010011000 A
1C
1D
#27145
0&
0C
0D
#27150
b00000000000000000000101010011011 "
b00000000000000000000101010011011 $
1&
b0101010011000 >
b0101010011001 A
1C
1D
#27155
0&
0C
0D
#27160
b00000000000000000000101010011100 "
b00000000000000000000101010011100 $
1&
b0101010011001 >
b0101010011010 A
1C
1D
#27165
0&
0C
0D
#27170
b00000000000000000000101010011101 "
b00000000000000000000101010011101 $
1&
b0101010011010 >
b0101010011011 A
1C
1D
#27175
0&
0C
0D
#27180
b00000000000000000000101010011110 "
b00000000000000000000101010011110 $
1&
b0101010011011 >
b0101010011100 A
1C
1D
#27185
0&
0C
0D
#27190
b00000000000000000000101010011111 "
b00000000000000000000101010011111 $
1&
b0101010011100 >
b0101010011101 A
1C
1D
#27195
0&
0C
0D
#27200
b00000000000000000000101010100000 "
b00000000000000000000101010100000 $
1&
b0101010011101 >
b0101010011110 A
1C
1D
#27205
0&
0C
0D
#27210
b00000000000000000000101010100001 "
b00000000000000000000101010100001 $
1&
b0101010011110 >
b0101010011111 A
1C
1D
#27215
0&
0C
0D
#27220
b00000000000000000000101010100010 "
b00000000000000000000101010100010 $
1&
b0101010011111 >
b0101010100000 A
1C
1D
#27225
0&
0C
0D
#27230
b00000000000000000000101010100011 "
b00000000000000000000101010100011 $
1&
b0101010100000 >
b0101010100001 A
1C
1D
#27235
0&
0C
0D
#27240
b00000000000000000000101010100100 "
b00000000000000000000101010100100 $
1&
b0101010100001 >
b0101010100010 A
1C
1D
#27245
0&
0C
0D
#27250
b00000000000000000000101010100101 "
b00000000000000000000101010100101 $
1&
b0101010100010 >
b0101010100011 A
1C
1D
#27255
0&
0C
0D
#27260
b00000000000000000000101010100110 "
b00000000000000000000101010100110 $
1&
b0101010100011 >
b0101010100100 A
1C
1D
#27265
0&
0C
0D
#27270
b00000000000000000000101010100111 "
b00000000000000000000101010100111 $
1&
b0101010100100 >
b0101010100101 A
1C
1D
#27275
0&
0C
0D
#27280
b00000000000000000000101010101000 "
b00000000000000000000101010101000 $
1&
b0101010100101 >
b0101010100110 A
1C
1D
#27285
0&
0C
0D
#27290
b00000000000000000000101010101001 "
b00000000000000000000101010101001 $
1&
b0101010100110 >
b0101010100111 A
1C
1D
#27295
0&
0C
0D
#27300
b00000000000000000000101010101010 "
b00000000000000000000101010101010 $
1&
b0101010100111 >
b0101010101000 A
1C
1D
#27305
0&
0C
0D
#27310
b00000000000000000000101010101011 "
b00000000000000000000101010101011 $
1&
b0101010101000 >
b0101010101001 A
1C
1D
#27315
0&
0C
0D
#27320
b00000000000000000000101010101100 "
b00000000000000000000101010101100 $
1&
b0101010101001 >
b0101010101010 A
1C
1D
#27325
0&
0C
0D
#27330
b00000000000000000000101010101101 "
b00000000000000000000101010101101 $
1&
b0101010101010 >
b0101010101011 A
1C
1D
#27335
0&
0C
0D
#27340
b00000000000000000000101010101110 "
b00000000000000000000101010101110 $
1&
b0101010101011 >
b0101010101100 A
1C
1D
#27345
0&
0C
0D
#27350
b00000000000000000000101010101111 "
b00000000000000000000101010101111 $
1&
b0101010101100 >
b0101010101101 A
1C
1D
#27355
0&
0C
0D
#27360
b00000000000000000000101010110000 "
b00000000000000000000101010110000 $
1&
b0101010101101 >
b0101010101110 A
1C
1D
#27365
0&
0C
0D
#27370
b00000000000000000000101010110001 "
b00000000000000000000101010110001 $
1&
b0101010101110 >
b0101010101111 A
1C
1D
#27375
0&
0C
0D
#27380
b00000000000000000000101010110010 "
b00000000000000000000101010110010 $
1&
b0101010101111 >
b0101010110000 A
1C
1D
#27385
0&
0C
0D
#27390
b00000000000000000000101010110011 "
b00000000000000000000101010110011 $
1&
b0101010110000 >
b0101010110001 A
1C
1D
#27395
0&
0C
0D
#27400
b00000000000000000000101010110100 "
b00000000000000000000101010110100 $
1&
b0101010110001 >
b0101010110010 A
1C
1D
#27405
0&
0C
0D
#27410
b00000000000000000000101010110101 "
b00000000000000000000101010110101 $
1&
b0101010110010 >
b0101010110011 A
1C
1D
#27415
0&
0C
0D
#27420
b00000000000000000000101010110110 "
b00000000000000000000101010110110 $
1&
b0101010110011 >
b0101010110100 A
1C
1D
#27425
0&
0C
0D
#27430
b00000000000000000000101010110111 "
b00000000000000000000101010110111 $
1&
b0101010110100 >
b0101010110101 A
1C
1D
#27435
0&
0C
0D
#27440
b00000000000000000000101010111000 "
b00000000000000000000101010111000 $
1&
b0101010110101 >
b0101010110110 A
1C
1D
#27445
0&
0C
0D
#27450
b00000000000000000000101010111001 "
b00000000000000000000101010111001 $
1&
b0101010110110 >
b0101010110111 A
1C
1D
#27455
0&
0C
0D
#27460
b00000000000000000000101010111010 "
b00000000000000000000101010111010 $
1&
b0101010110111 >
b0101010111000 A
1C
1D
#27465
0&
0C
0D
#27470
b00000000000000000000101010111011 "
b00000000000000000000101010111011 $
1&
b0101010111000 >
b0101010111001 A
1C
1D
#27475
0&
0C
0D
#27480
b00000000000000000000101010111100 "
b00000000000000000000101010111100 $
1&
b0101010111001 >
b0101010111010 A
1C
1D
#27485
0&
0C
0D
#27490
b00000000000000000000101010111101 "
b00000000000000000000101010111101 $
1&
b0101010111010 >
b0101010111011 A
1C
1D
#27495
0&
0C
0D
#27500
b00000000000000000000101010111110 "
b00000000000000000000101010111110 $
1&
b0101010111011 >
b0101010111100 A
1C
1D
#27505
0&
0C
0D
#27510
b00000000000000000000101010111111 "
b00000000000000000000101010111111 $
1&
b0101010111100 >
b0101010111101 A
1C
1D
#27515
0&
0C
0D
#27520
b00000000000000000000101011000000 "
b00000000000000000000101011000000 $
1&
b0101010111101 >
b0101010111110 A
1C
1D
#27525
0&
0C
0D
#27530
b00000000000000000000101011000001 "
b00000000000000000000101011000001 $
1&
b0101010111110 >
b0101010111111 A
1C
1D
#27535
0&
0C
0D
#27540
b00000000000000000000101011000010 "
b00000000000000000000101011000010 $
1&
b0101010111111 >
b0101011000000 A
1C
1D
#27545
0&
0C
0D
#27550
b00000000000000000000101011000011 "
b00000000000000000000101011000011 $
1&
b0101011000000 >
b0101011000001 A
1C
1D
#27555
0&
0C
0D
#27560
b00000000000000000000101011000100 "
b00000000000000000000101011000100 $
1&
b0101011000001 >
b0101011000010 A
1C
1D
#27565
0&
0C
0D
#27570
b00000000000000000000101011000101 "
b00000000000000000000101011000101 $
1&
b0101011000010 >
b0101011000011 A
1C
1D
#27575
0&
0C
0D
#27580
b00000000000000000000101011000110 "
b00000000000000000000101011000110 $
1&
b0101011000011 >
b0101011000100 A
1C
1D
#27585
0&
0C
0D
#27590
b00000000000000000000101011000111 "
b00000000000000000000101011000111 $
1&
b0101011000100 >
b0101011000101 A
1C
1D
#27595
0&
0C
0D
#27600
b00000000000000000000101011001000 "
b00000000000000000000101011001000 $
1&
b0101011000101 >
b0101011000110 A
1C
1D
#27605
0&
0C
0D
#27610
b00000000000000000000101011001001 "
b00000000000000000000101011001001 $
1&
b0101011000110 >
b0101011000111 A
1C
1D
#27615
0&
0C
0D
#27620
b00000000000000000000101011001010 "
b00000000000000000000101011001010 $
1&
b0101011000111 >
b0101011001000 A
1C
1D
#27625
0&
0C
0D
#27630
b00000000000000000000101011001011 "
b00000000000000000000101011001011 $
1&
b0101011001000 >
b0101011001001 A
1C
1D
#27635
0&
0C
0D
#27640
b00000000000000000000101011001100 "
b00000000000000000000101011001100 $
1&
b0101011001001 >
b0101011001010 A
1C
1D
#27645
0&
0C
0D
#27650
b00000000000000000000101011001101 "
b00000000000000000000101011001101 $
1&
b0101011001010 >
b0101011001011 A
1C
1D
#27655
0&
0C
0D
#27660
b00000000000000000000101011001110 "
b00000000000000000000101011001110 $
1&
b0101011001011 >
b0101011001100 A
1C
1D
#27665
0&
0C
0D
#27670
b00000000000000000000101011001111 "
b00000000000000000000101011001111 $
1&
b0101011001100 >
b0101011001101 A
1C
1D
#27675
0&
0C
0D
#27680
b00000000000000000000101011010000 "
b00000000000000000000101011010000 $
1&
b0101011001101 >
b0101011001110 A
1C
1D
#27685
0&
0C
0D
#27690
b00000000000000000000101011010001 "
b00000000000000000000101011010001 $
1&
b0101011001110 >
b0101011001111 A
1C
1D
#27695
0&
0C
0D
#27700
b00000000000000000000101011010010 "
b00000000000000000000101011010010 $
1&
b0101011001111 >
b0101011010000 A
1C
1D
#27705
0&
0C
0D
#27710
b00000000000000000000101011010011 "
b00000000000000000000101011010011 $
1&
b0101011010000 >
b0101011010001 A
1C
1D
#27715
0&
0C
0D
#27720
b00000000000000000000101011010100 "
b00000000000000000000101011010100 $
1&
b0101011010001 >
b0101011010010 A
1C
1D
#27725
0&
0C
0D
#27730
b00000000000000000000101011010101 "
b00000000000000000000101011010101 $
1&
b0101011010010 >
b0101011010011 A
1C
1D
#27735
0&
0C
0D
#27740
b00000000000000000000101011010110 "
b00000000000000000000101011010110 $
1&
b0101011010011 >
b0101011010100 A
1C
1D
#27745
0&
0C
0D
#27750
b00000000000000000000101011010111 "
b00000000000000000000101011010111 $
1&
b0101011010100 >
b0101011010101 A
1C
1D
#27755
0&
0C
0D
#27760
b00000000000000000000101011011000 "
b00000000000000000000101011011000 $
1&
b0101011010101 >
b0101011010110 A
1C
1D
#27765
0&
0C
0D
#27770
b00000000000000000000101011011001 "
b00000000000000000000101011011001 $
1&
b0101011010110 >
b0101011010111 A
1C
1D
#27775
0&
0C
0D
#27780
b00000000000000000000101011011010 "
b00000000000000000000101011011010 $
1&
b0101011010111 >
b0101011011000 A
1C
1D
#27785
0&
0C
0D
#27790
b00000000000000000000101011011011 "
b00000000000000000000101011011011 $
1&
b0101011011000 >
b0101011011001 A
1C
1D
#27795
0&
0C
0D
#27800
b00000000000000000000101011011100 "
b00000000000000000000101011011100 $
1&
b0101011011001 >
b0101011011010 A
1C
1D
#27805
0&
0C
0D
#27810
b00000000000000000000101011011101 "
b00000000000000000000101011011101 $
1&
b0101011011010 >
b0101011011011 A
1C
1D
#27815
0&
0C
0D
#27820
b00000000000000000000101011011110 "
b00000000000000000000101011011110 $
1&
b0101011011011 >
b0101011011100 A
1C
1D
#27825
0&
0C
0D
#27830
b00000000000000000000101011011111 "
b00000000000000000000101011011111 $
1&
b0101011011100 >
b0101011011101 A
1C
1D
#27835
0&
0C
0D
#27840
b00000000000000000000101011100000 "
b00000000000000000000101011100000 $
1&
b0101011011101 >
b0101011011110 A
1C
1D
#27845
0&
0C
0D
#27850
b00000000000000000000101011100001 "
b00000000000000000000101011100001 $
1&
b0101011011110 >
b0101011011111 A
1C
1D
#27855
0&
0C
0D
#27860
b00000000000000000000101011100010 "
b00000000000000000000101011100010 $
1&
b0101011011111 >
b0101011100000 A
1C
1D
#27865
0&
0C
0D
#27870
b00000000000000000000101011100011 "
b00000000000000000000101011100011 $
1&
b0101011100000 >
b0101011100001 A
1C
1D
#27875
0&
0C
0D
#27880
b00000000000000000000101011100100 "
b00000000000000000000101011100100 $
1&
b0101011100001 >
b0101011100010 A
1C
1D
#27885
0&
0C
0D
#27890
b00000000000000000000101011100101 "
b00000000000000000000101011100101 $
1&
b0101011100010 >
b0101011100011 A
1C
1D
#27895
0&
0C
0D
#27900
b00000000000000000000101011100110 "
b00000000000000000000101011100110 $
1&
b0101011100011 >
b0101011100100 A
1C
1D
#27905
0&
0C
0D
#27910
b00000000000000000000101011100111 "
b00000000000000000000101011100111 $
1&
b0101011100100 >
b0101011100101 A
1C
1D
#27915
0&
0C
0D
#27920
b00000000000000000000101011101000 "
b00000000000000000000101011101000 $
1&
b0101011100101 >
b0101011100110 A
1C
1D
#27925
0&
0C
0D
#27930
b00000000000000000000101011101001 "
b00000000000000000000101011101001 $
1&
b0101011100110 >
b0101011100111 A
1C
1D
#27935
0&
0C
0D
#27940
b00000000000000000000101011101010 "
b00000000000000000000101011101010 $
1&
b0101011100111 >
b0101011101000 A
1C
1D
#27945
0&
0C
0D
#27950
b00000000000000000000101011101011 "
b00000000000000000000101011101011 $
1&
b0101011101000 >
b0101011101001 A
1C
1D
#27955
0&
0C
0D
#27960
b00000000000000000000101011101100 "
b00000000000000000000101011101100 $
1&
b0101011101001 >
b0101011101010 A
1C
1D
#27965
0&
0C
0D
#27970
b00000000000000000000101011101101 "
b00000000000000000000101011101101 $
1&
b0101011101010 >
b0101011101011 A
1C
1D
#27975
0&
0C
0D
#27980
b00000000000000000000101011101110 "
b00000000000000000000101011101110 $
1&
b0101011101011 >
b0101011101100 A
1C
1D
#27985
0&
0C
0D
#27990
b00000000000000000000101011101111 "
b00000000000000000000101011101111 $
1&
b0101011101100 >
b0101011101101 A
1C
1D
#27995
0&
0C
0D
#28000
b00000000000000000000101011110000 "
b00000000000000000000101011110000 $
1&
b0101011101101 >
b0101011101110 A
1C
1D
#28005
0&
0C
0D
#28010
b00000000000000000000101011110001 "
b00000000000000000000101011110001 $
1&
b0101011101110 >
b0101011101111 A
1C
1D
#28015
0&
0C
0D
#28020
b00000000000000000000101011110010 "
b00000000000000000000101011110010 $
1&
b0101011101111 >
b0101011110000 A
1C
1D
#28025
0&
0C
0D
#28030
b00000000000000000000101011110011 "
b00000000000000000000101011110011 $
1&
b0101011110000 >
b0101011110001 A
1C
1D
#28035
0&
0C
0D
#28040
b00000000000000000000101011110100 "
b00000000000000000000101011110100 $
1&
b0101011110001 >
b0101011110010 A
1C
1D
#28045
0&
0C
0D
#28050
b00000000000000000000101011110101 "
b00000000000000000000101011110101 $
1&
b0101011110010 >
b0101011110011 A
1C
1D
#28055
0&
0C
0D
#28060
b00000000000000000000101011110110 "
b00000000000000000000101011110110 $
1&
b0101011110011 >
b0101011110100 A
1C
1D
#28065
0&
0C
0D
#28070
b00000000000000000000101011110111 "
b00000000000000000000101011110111 $
1&
b0101011110100 >
b0101011110101 A
1C
1D
#28075
0&
0C
0D
#28080
b00000000000000000000101011111000 "
b00000000000000000000101011111000 $
1&
b0101011110101 >
b0101011110110 A
1C
1D
#28085
0&
0C
0D
#28090
b00000000000000000000101011111001 "
b00000000000000000000101011111001 $
1&
b0101011110110 >
b0101011110111 A
1C
1D
#28095
0&
0C
0D
#28100
b00000000000000000000101011111010 "
b00000000000000000000101011111010 $
1&
b0101011110111 >
b0101011111000 A
1C
1D
#28105
0&
0C
0D
#28110
b00000000000000000000101011111011 "
b00000000000000000000101011111011 $
1&
b0101011111000 >
b0101011111001 A
1C
1D
#28115
0&
0C
0D
#28120
b00000000000000000000101011111100 "
b00000000000000000000101011111100 $
1&
b0101011111001 >
b0101011111010 A
1C
1D
#28125
0&
0C
0D
#28130
b00000000000000000000101011111101 "
b00000000000000000000101011111101 $
1&
b0101011111010 >
b0101011111011 A
1C
1D
#28135
0&
0C
0D
#28140
b00000000000000000000101011111110 "
b00000000000000000000101011111110 $
1&
b0101011111011 >
b0101011111100 A
1C
1D
#28145
0&
0C
0D
#28150
b00000000000000000000101011111111 "
b00000000000000000000101011111111 $
1&
b0101011111100 >
b0101011111101 A
1C
1D
#28155
0&
0C
0D
#28160
b00000000000000000000101100000000 "
b00000000000000000000101100000000 $
1&
b0101011111101 >
b0101011111110 A
1C
1D
#28165
0&
0C
0D
#28170
b00000000000000000000101100000001 "
b00000000000000000000101100000001 $
1&
b0101011111110 >
b0101011111111 A
1C
1D
#28175
0&
0C
0D
#28180
b00000000000000000000101100000010 "
b00000000000000000000101100000010 $
1&
b0101011111111 >
b0101100000000 A
1C
1D
#28185
0&
0C
0D
#28190
b00000000000000000000101100000011 "
b00000000000000000000101100000011 $
1&
b0101100000000 >
b0101100000001 A
1C
1D
#28195
0&
0C
0D
#28200
b00000000000000000000101100000100 "
b00000000000000000000101100000100 $
1&
b0101100000001 >
b0101100000010 A
1C
1D
#28205
0&
0C
0D
#28210
b00000000000000000000101100000101 "
b00000000000000000000101100000101 $
1&
b0101100000010 >
b0101100000011 A
1C
1D
#28215
0&
0C
0D
#28220
b00000000000000000000101100000110 "
b00000000000000000000101100000110 $
1&
b0101100000011 >
b0101100000100 A
1C
1D
#28225
0&
0C
0D
#28230
b00000000000000000000101100000111 "
b00000000000000000000101100000111 $
1&
b0101100000100 >
b0101100000101 A
1C
1D
#28235
0&
0C
0D
#28240
b00000000000000000000101100001000 "
b00000000000000000000101100001000 $
1&
b0101100000101 >
b0101100000110 A
1C
1D
#28245
0&
0C
0D
#28250
b00000000000000000000101100001001 "
b00000000000000000000101100001001 $
1&
b0101100000110 >
b0101100000111 A
1C
1D
#28255
0&
0C
0D
#28260
b00000000000000000000101100001010 "
b00000000000000000000101100001010 $
1&
b0101100000111 >
b0101100001000 A
1C
1D
#28265
0&
0C
0D
#28270
b00000000000000000000101100001011 "
b00000000000000000000101100001011 $
1&
b0101100001000 >
b0101100001001 A
1C
1D
#28275
0&
0C
0D
#28280
b00000000000000000000101100001100 "
b00000000000000000000101100001100 $
1&
b0101100001001 >
b0101100001010 A
1C
1D
#28285
0&
0C
0D
#28290
b00000000000000000000101100001101 "
b00000000000000000000101100001101 $
1&
b0101100001010 >
b0101100001011 A
1C
1D
#28295
0&
0C
0D
#28300
b00000000000000000000101100001110 "
b00000000000000000000101100001110 $
1&
b0101100001011 >
b0101100001100 A
1C
1D
#28305
0&
0C
0D
#28310
b00000000000000000000101100001111 "
b00000000000000000000101100001111 $
1&
b0101100001100 >
b0101100001101 A
1C
1D
#28315
0&
0C
0D
#28320
b00000000000000000000101100010000 "
b00000000000000000000101100010000 $
1&
b0101100001101 >
b0101100001110 A
1C
1D
#28325
0&
0C
0D
#28330
b00000000000000000000101100010001 "
b00000000000000000000101100010001 $
1&
b0101100001110 >
b0101100001111 A
1C
1D
#28335
0&
0C
0D
#28340
b00000000000000000000101100010010 "
b00000000000000000000101100010010 $
1&
b0101100001111 >
b0101100010000 A
1C
1D
#28345
0&
0C
0D
#28350
b00000000000000000000101100010011 "
b00000000000000000000101100010011 $
1&
b0101100010000 >
b0101100010001 A
1C
1D
#28355
0&
0C
0D
#28360
b00000000000000000000101100010100 "
b00000000000000000000101100010100 $
1&
b0101100010001 >
b0101100010010 A
1C
1D
#28365
0&
0C
0D
#28370
b00000000000000000000101100010101 "
b00000000000000000000101100010101 $
1&
b0101100010010 >
b0101100010011 A
1C
1D
#28375
0&
0C
0D
#28380
b00000000000000000000101100010110 "
b00000000000000000000101100010110 $
1&
b0101100010011 >
b0101100010100 A
1C
1D
#28385
0&
0C
0D
#28390
b00000000000000000000101100010111 "
b00000000000000000000101100010111 $
1&
b0101100010100 >
b0101100010101 A
1C
1D
#28395
0&
0C
0D
#28400
b00000000000000000000101100011000 "
b00000000000000000000101100011000 $
1&
b0101100010101 >
b0101100010110 A
1C
1D
#28405
0&
0C
0D
#28410
b00000000000000000000101100011001 "
b00000000000000000000101100011001 $
1&
b0101100010110 >
b0101100010111 A
1C
1D
#28415
0&
0C
0D
#28420
b00000000000000000000101100011010 "
b00000000000000000000101100011010 $
1&
b0101100010111 >
b0101100011000 A
1C
1D
#28425
0&
0C
0D
#28430
b00000000000000000000101100011011 "
b00000000000000000000101100011011 $
1&
b0101100011000 >
b0101100011001 A
1C
1D
#28435
0&
0C
0D
#28440
b00000000000000000000101100011100 "
b00000000000000000000101100011100 $
1&
b0101100011001 >
b0101100011010 A
1C
1D
#28445
0&
0C
0D
#28450
b00000000000000000000101100011101 "
b00000000000000000000101100011101 $
1&
b0101100011010 >
b0101100011011 A
1C
1D
#28455
0&
0C
0D
#28460
b00000000000000000000101100011110 "
b00000000000000000000101100011110 $
1&
b0101100011011 >
b0101100011100 A
1C
1D
#28465
0&
0C
0D
#28470
b00000000000000000000101100011111 "
b00000000000000000000101100011111 $
1&
b0101100011100 >
b0101100011101 A
1C
1D
#28475
0&
0C
0D
#28480
b00000000000000000000101100100000 "
b00000000000000000000101100100000 $
1&
b0101100011101 >
b0101100011110 A
1C
1D
#28485
0&
0C
0D
#28490
b00000000000000000000101100100001 "
b00000000000000000000101100100001 $
1&
b0101100011110 >
b0101100011111 A
1C
1D
#28495
0&
0C
0D
#28500
b00000000000000000000101100100010 "
b00000000000000000000101100100010 $
1&
b0101100011111 >
b0101100100000 A
1C
1D
#28505
0&
0C
0D
#28510
b00000000000000000000101100100011 "
b00000000000000000000101100100011 $
1&
b0101100100000 >
b0101100100001 A
1C
1D
#28515
0&
0C
0D
#28520
b00000000000000000000101100100100 "
b00000000000000000000101100100100 $
1&
b0101100100001 >
b0101100100010 A
1C
1D
#28525
0&
0C
0D
#28530
b00000000000000000000101100100101 "
b00000000000000000000101100100101 $
1&
b0101100100010 >
b0101100100011 A
1C
1D
#28535
0&
0C
0D
#28540
b00000000000000000000101100100110 "
b00000000000000000000101100100110 $
1&
b0101100100011 >
b0101100100100 A
1C
1D
#28545
0&
0C
0D
#28550
b00000000000000000000101100100111 "
b00000000000000000000101100100111 $
1&
b0101100100100 >
b0101100100101 A
1C
1D
#28555
0&
0C
0D
#28560
b00000000000000000000101100101000 "
b00000000000000000000101100101000 $
1&
b0101100100101 >
b0101100100110 A
1C
1D
#28565
0&
0C
0D
#28570
b00000000000000000000101100101001 "
b00000000000000000000101100101001 $
1&
b0101100100110 >
b0101100100111 A
1C
1D
#28575
0&
0C
0D
#28580
b00000000000000000000101100101010 "
b00000000000000000000101100101010 $
1&
b0101100100111 >
b0101100101000 A
1C
1D
#28585
0&
0C
0D
#28590
b00000000000000000000101100101011 "
b00000000000000000000101100101011 $
1&
b0101100101000 >
b0101100101001 A
1C
1D
#28595
0&
0C
0D
#28600
b00000000000000000000101100101100 "
b00000000000000000000101100101100 $
1&
b0101100101001 >
b0101100101010 A
1C
1D
#28605
0&
0C
0D
#28610
b00000000000000000000101100101101 "
b00000000000000000000101100101101 $
1&
b0101100101010 >
b0101100101011 A
1C
1D
#28615
0&
0C
0D
#28620
b00000000000000000000101100101110 "
b00000000000000000000101100101110 $
1&
b0101100101011 >
b0101100101100 A
1C
1D
#28625
0&
0C
0D
#28630
b00000000000000000000101100101111 "
b00000000000000000000101100101111 $
1&
b0101100101100 >
b0101100101101 A
1C
1D
#28635
0&
0C
0D
#28640
b00000000000000000000101100110000 "
b00000000000000000000101100110000 $
1&
b0101100101101 >
b0101100101110 A
1C
1D
#28645
0&
0C
0D
#28650
b00000000000000000000101100110001 "
b00000000000000000000101100110001 $
1&
b0101100101110 >
b0101100101111 A
1C
1D
#28655
0&
0C
0D
#28660
b00000000000000000000101100110010 "
b00000000000000000000101100110010 $
1&
b0101100101111 >
b0101100110000 A
1C
1D
#28665
0&
0C
0D
#28670
b00000000000000000000101100110011 "
b00000000000000000000101100110011 $
1&
b0101100110000 >
b0101100110001 A
1C
1D
#28675
0&
0C
0D
#28680
b00000000000000000000101100110100 "
b00000000000000000000101100110100 $
1&
b0101100110001 >
b0101100110010 A
1C
1D
#28685
0&
0C
0D
#28690
b00000000000000000000101100110101 "
b00000000000000000000101100110101 $
1&
b0101100110010 >
b0101100110011 A
1C
1D
#28695
0&
0C
0D
#28700
b00000000000000000000101100110110 "
b00000000000000000000101100110110 $
1&
b0101100110011 >
b0101100110100 A
1C
1D
#28705
0&
0C
0D
#28710
b00000000000000000000101100110111 "
b00000000000000000000101100110111 $
1&
b0101100110100 >
b0101100110101 A
1C
1D
#28715
0&
0C
0D
#28720
b00000000000000000000101100111000 "
b00000000000000000000101100111000 $
1&
b0101100110101 >
b0101100110110 A
1C
1D
#28725
0&
0C
0D
#28730
b00000000000000000000101100111001 "
b00000000000000000000101100111001 $
1&
b0101100110110 >
b0101100110111 A
1C
1D
#28735
0&
0C
0D
#28740
b00000000000000000000101100111010 "
b00000000000000000000101100111010 $
1&
b0101100110111 >
b0101100111000 A
1C
1D
#28745
0&
0C
0D
#28750
b00000000000000000000101100111011 "
b00000000000000000000101100111011 $
1&
b0101100111000 >
b0101100111001 A
1C
1D
#28755
0&
0C
0D
#28760
b00000000000000000000101100111100 "
b00000000000000000000101100111100 $
1&
b0101100111001 >
b0101100111010 A
1C
1D
#28765
0&
0C
0D
#28770
b00000000000000000000101100111101 "
b00000000000000000000101100111101 $
1&
b0101100111010 >
b0101100111011 A
1C
1D
#28775
0&
0C
0D
#28780
b00000000000000000000101100111110 "
b00000000000000000000101100111110 $
1&
b0101100111011 >
b0101100111100 A
1C
1D
#28785
0&
0C
0D
#28790
b00000000000000000000101100111111 "
b00000000000000000000101100111111 $
1&
b0101100111100 >
b0101100111101 A
1C
1D
#28795
0&
0C
0D
#28800
b00000000000000000000101101000000 "
b00000000000000000000101101000000 $
1&
b0101100111101 >
b0101100111110 A
1C
1D
#28805
0&
0C
0D
#28810
b00000000000000000000101101000001 "
b00000000000000000000101101000001 $
1&
b0101100111110 >
b0101100111111 A
1C
1D
#28815
0&
0C
0D
#28820
b00000000000000000000101101000010 "
b00000000000000000000101101000010 $
1&
b0101100111111 >
b0101101000000 A
1C
1D
#28825
0&
0C
0D
#28830
b00000000000000000000101101000011 "
b00000000000000000000101101000011 $
1&
b0101101000000 >
b0101101000001 A
1C
1D
#28835
0&
0C
0D
#28840
b00000000000000000000101101000100 "
b00000000000000000000101101000100 $
1&
b0101101000001 >
b0101101000010 A
1C
1D
#28845
0&
0C
0D
#28850
b00000000000000000000101101000101 "
b00000000000000000000101101000101 $
1&
b0101101000010 >
b0101101000011 A
1C
1D
#28855
0&
0C
0D
#28860
b00000000000000000000101101000110 "
b00000000000000000000101101000110 $
1&
b0101101000011 >
b0101101000100 A
1C
1D
#28865
0&
0C
0D
#28870
b00000000000000000000101101000111 "
b00000000000000000000101101000111 $
1&
b0101101000100 >
b0101101000101 A
1C
1D
#28875
0&
0C
0D
#28880
b00000000000000000000101101001000 "
b00000000000000000000101101001000 $
1&
b0101101000101 >
b0101101000110 A
1C
1D
#28885
0&
0C
0D
#28890
b00000000000000000000101101001001 "
b00000000000000000000101101001001 $
1&
b0101101000110 >
b0101101000111 A
1C
1D
#28895
0&
0C
0D
#28900
b00000000000000000000101101001010 "
b00000000000000000000101101001010 $
1&
b0101101000111 >
b0101101001000 A
1C
1D
#28905
0&
0C
0D
#28910
b00000000000000000000101101001011 "
b00000000000000000000101101001011 $
1&
b0101101001000 >
b0101101001001 A
1C
1D
#28915
0&
0C
0D
#28920
b00000000000000000000101101001100 "
b00000000000000000000101101001100 $
1&
b0101101001001 >
b0101101001010 A
1C
1D
#28925
0&
0C
0D
#28930
b00000000000000000000101101001101 "
b00000000000000000000101101001101 $
1&
b0101101001010 >
b0101101001011 A
1C
1D
#28935
0&
0C
0D
#28940
b00000000000000000000101101001110 "
b00000000000000000000101101001110 $
1&
b0101101001011 >
b0101101001100 A
1C
1D
#28945
0&
0C
0D
#28950
b00000000000000000000101101001111 "
b00000000000000000000101101001111 $
1&
b0101101001100 >
b0101101001101 A
1C
1D
#28955
0&
0C
0D
#28960
b00000000000000000000101101010000 "
b00000000000000000000101101010000 $
1&
b0101101001101 >
b0101101001110 A
1C
1D
#28965
0&
0C
0D
#28970
b00000000000000000000101101010001 "
b00000000000000000000101101010001 $
1&
b0101101001110 >
b0101101001111 A
1C
1D
#28975
0&
0C
0D
#28980
b00000000000000000000101101010010 "
b00000000000000000000101101010010 $
1&
b0101101001111 >
b0101101010000 A
1C
1D
#28985
0&
0C
0D
#28990
b00000000000000000000101101010011 "
b00000000000000000000101101010011 $
1&
b0101101010000 >
b0101101010001 A
1C
1D
#28995
0&
0C
0D
#29000
b00000000000000000000101101010100 "
b00000000000000000000101101010100 $
1&
b0101101010001 >
b0101101010010 A
1C
1D
#29005
0&
0C
0D
#29010
b00000000000000000000101101010101 "
b00000000000000000000101101010101 $
1&
b0101101010010 >
b0101101010011 A
1C
1D
#29015
0&
0C
0D
#29020
b00000000000000000000101101010110 "
b00000000000000000000101101010110 $
1&
b0101101010011 >
b0101101010100 A
1C
1D
#29025
0&
0C
0D
#29030
b00000000000000000000101101010111 "
b00000000000000000000101101010111 $
1&
b0101101010100 >
b0101101010101 A
1C
1D
#29035
0&
0C
0D
#29040
b00000000000000000000101101011000 "
b00000000000000000000101101011000 $
1&
b0101101010101 >
b0101101010110 A
1C
1D
#29045
0&
0C
0D
#29050
b00000000000000000000101101011001 "
b00000000000000000000101101011001 $
1&
b0101101010110 >
b0101101010111 A
1C
1D
#29055
0&
0C
0D
#29060
b00000000000000000000101101011010 "
b00000000000000000000101101011010 $
1&
b0101101010111 >
b0101101011000 A
1C
1D
#29065
0&
0C
0D
#29070
b00000000000000000000101101011011 "
b00000000000000000000101101011011 $
1&
b0101101011000 >
b0101101011001 A
1C
1D
#29075
0&
0C
0D
#29080
b00000000000000000000101101011100 "
b00000000000000000000101101011100 $
1&
b0101101011001 >
b0101101011010 A
1C
1D
#29085
0&
0C
0D
#29090
b00000000000000000000101101011101 "
b00000000000000000000101101011101 $
1&
b0101101011010 >
b0101101011011 A
1C
1D
#29095
0&
0C
0D
#29100
b00000000000000000000101101011110 "
b00000000000000000000101101011110 $
1&
b0101101011011 >
b0101101011100 A
1C
1D
#29105
0&
0C
0D
#29110
b00000000000000000000101101011111 "
b00000000000000000000101101011111 $
1&
b0101101011100 >
b0101101011101 A
1C
1D
#29115
0&
0C
0D
#29120
b00000000000000000000101101100000 "
b00000000000000000000101101100000 $
1&
b0101101011101 >
b0101101011110 A
1C
1D
#29125
0&
0C
0D
#29130
b00000000000000000000101101100001 "
b00000000000000000000101101100001 $
1&
b0101101011110 >
b0101101011111 A
1C
1D
#29135
0&
0C
0D
#29140
b00000000000000000000101101100010 "
b00000000000000000000101101100010 $
1&
b0101101011111 >
b0101101100000 A
1C
1D
#29145
0&
0C
0D
#29150
b00000000000000000000101101100011 "
b00000000000000000000101101100011 $
1&
b0101101100000 >
b0101101100001 A
1C
1D
#29155
0&
0C
0D
#29160
b00000000000000000000101101100100 "
b00000000000000000000101101100100 $
1&
b0101101100001 >
b0101101100010 A
1C
1D
#29165
0&
0C
0D
#29170
b00000000000000000000101101100101 "
b00000000000000000000101101100101 $
1&
b0101101100010 >
b0101101100011 A
1C
1D
#29175
0&
0C
0D
#29180
b00000000000000000000101101100110 "
b00000000000000000000101101100110 $
1&
b0101101100011 >
b0101101100100 A
1C
1D
#29185
0&
0C
0D
#29190
b00000000000000000000101101100111 "
b00000000000000000000101101100111 $
1&
b0101101100100 >
b0101101100101 A
1C
1D
#29195
0&
0C
0D
#29200
b00000000000000000000101101101000 "
b00000000000000000000101101101000 $
1&
b0101101100101 >
b0101101100110 A
1C
1D
#29205
0&
0C
0D
#29210
b00000000000000000000101101101001 "
b00000000000000000000101101101001 $
1&
b0101101100110 >
b0101101100111 A
1C
1D
#29215
0&
0C
0D
#29220
b00000000000000000000101101101010 "
b00000000000000000000101101101010 $
1&
b0101101100111 >
b0101101101000 A
1C
1D
#29225
0&
0C
0D
#29230
b00000000000000000000101101101011 "
b00000000000000000000101101101011 $
1&
b0101101101000 >
b0101101101001 A
1C
1D
#29235
0&
0C
0D
#29240
b00000000000000000000101101101100 "
b00000000000000000000101101101100 $
1&
b0101101101001 >
b0101101101010 A
1C
1D
#29245
0&
0C
0D
#29250
b00000000000000000000101101101101 "
b00000000000000000000101101101101 $
1&
b0101101101010 >
b0101101101011 A
1C
1D
#29255
0&
0C
0D
#29260
b00000000000000000000101101101110 "
b00000000000000000000101101101110 $
1&
b0101101101011 >
b0101101101100 A
1C
1D
#29265
0&
0C
0D
#29270
b00000000000000000000101101101111 "
b00000000000000000000101101101111 $
1&
b0101101101100 >
b0101101101101 A
1C
1D
#29275
0&
0C
0D
#29280
b00000000000000000000101101110000 "
b00000000000000000000101101110000 $
1&
b0101101101101 >
b0101101101110 A
1C
1D
#29285
0&
0C
0D
#29290
b00000000000000000000101101110001 "
b00000000000000000000101101110001 $
1&
b0101101101110 >
b0101101101111 A
1C
1D
#29295
0&
0C
0D
#29300
b00000000000000000000101101110010 "
b00000000000000000000101101110010 $
1&
b0101101101111 >
b0101101110000 A
1C
1D
#29305
0&
0C
0D
#29310
b00000000000000000000101101110011 "
b00000000000000000000101101110011 $
1&
b0101101110000 >
b0101101110001 A
1C
1D
#29315
0&
0C
0D
#29320
b00000000000000000000101101110100 "
b00000000000000000000101101110100 $
1&
b0101101110001 >
b0101101110010 A
1C
1D
#29325
0&
0C
0D
#29330
b00000000000000000000101101110101 "
b00000000000000000000101101110101 $
1&
b0101101110010 >
b0101101110011 A
1C
1D
#29335
0&
0C
0D
#29340
b00000000000000000000101101110110 "
b00000000000000000000101101110110 $
1&
b0101101110011 >
b0101101110100 A
1C
1D
#29345
0&
0C
0D
#29350
b00000000000000000000101101110111 "
b00000000000000000000101101110111 $
1&
b0101101110100 >
b0101101110101 A
1C
1D
#29355
0&
0C
0D
#29360
b00000000000000000000101101111000 "
b00000000000000000000101101111000 $
1&
b0101101110101 >
b0101101110110 A
1C
1D
#29365
0&
0C
0D
#29370
b00000000000000000000101101111001 "
b00000000000000000000101101111001 $
1&
b0101101110110 >
b0101101110111 A
1C
1D
#29375
0&
0C
0D
#29380
b00000000000000000000101101111010 "
b00000000000000000000101101111010 $
1&
b0101101110111 >
b0101101111000 A
1C
1D
#29385
0&
0C
0D
#29390
b00000000000000000000101101111011 "
b00000000000000000000101101111011 $
1&
b0101101111000 >
b0101101111001 A
1C
1D
#29395
0&
0C
0D
#29400
b00000000000000000000101101111100 "
b00000000000000000000101101111100 $
1&
b0101101111001 >
b0101101111010 A
1C
1D
#29405
0&
0C
0D
#29410
b00000000000000000000101101111101 "
b00000000000000000000101101111101 $
1&
b0101101111010 >
b0101101111011 A
1C
1D
#29415
0&
0C
0D
#29420
b00000000000000000000101101111110 "
b00000000000000000000101101111110 $
1&
b0101101111011 >
b0101101111100 A
1C
1D
#29425
0&
0C
0D
#29430
b00000000000000000000101101111111 "
b00000000000000000000101101111111 $
1&
b0101101111100 >
b0101101111101 A
1C
1D
#29435
0&
0C
0D
#29440
b00000000000000000000101110000000 "
b00000000000000000000101110000000 $
1&
b0101101111101 >
b0101101111110 A
1C
1D
#29445
0&
0C
0D
#29450
b00000000000000000000101110000001 "
b00000000000000000000101110000001 $
1&
b0101101111110 >
b0101101111111 A
1C
1D
#29455
0&
0C
0D
#29460
b00000000000000000000101110000010 "
b00000000000000000000101110000010 $
1&
b0101101111111 >
b0101110000000 A
1C
1D
#29465
0&
0C
0D
#29470
b00000000000000000000101110000011 "
b00000000000000000000101110000011 $
1&
b0101110000000 >
b0101110000001 A
1C
1D
#29475
0&
0C
0D
#29480
b00000000000000000000101110000100 "
b00000000000000000000101110000100 $
1&
b0101110000001 >
b0101110000010 A
1C
1D
#29485
0&
0C
0D
#29490
b00000000000000000000101110000101 "
b00000000000000000000101110000101 $
1&
b0101110000010 >
b0101110000011 A
1C
1D
#29495
0&
0C
0D
#29500
b00000000000000000000101110000110 "
b00000000000000000000101110000110 $
1&
b0101110000011 >
b0101110000100 A
1C
1D
#29505
0&
0C
0D
#29510
b00000000000000000000101110000111 "
b00000000000000000000101110000111 $
1&
b0101110000100 >
b0101110000101 A
1C
1D
#29515
0&
0C
0D
#29520
b00000000000000000000101110001000 "
b00000000000000000000101110001000 $
1&
b0101110000101 >
b0101110000110 A
1C
1D
#29525
0&
0C
0D
#29530
b00000000000000000000101110001001 "
b00000000000000000000101110001001 $
1&
b0101110000110 >
b0101110000111 A
1C
1D
#29535
0&
0C
0D
#29540
b00000000000000000000101110001010 "
b00000000000000000000101110001010 $
1&
b0101110000111 >
b0101110001000 A
1C
1D
#29545
0&
0C
0D
#29550
b00000000000000000000101110001011 "
b00000000000000000000101110001011 $
1&
b0101110001000 >
b0101110001001 A
1C
1D
#29555
0&
0C
0D
#29560
b00000000000000000000101110001100 "
b00000000000000000000101110001100 $
1&
b0101110001001 >
b0101110001010 A
1C
1D
#29565
0&
0C
0D
#29570
b00000000000000000000101110001101 "
b00000000000000000000101110001101 $
1&
b0101110001010 >
b0101110001011 A
1C
1D
#29575
0&
0C
0D
#29580
b00000000000000000000101110001110 "
b00000000000000000000101110001110 $
1&
b0101110001011 >
b0101110001100 A
1C
1D
#29585
0&
0C
0D
#29590
b00000000000000000000101110001111 "
b00000000000000000000101110001111 $
1&
b0101110001100 >
b0101110001101 A
1C
1D
#29595
0&
0C
0D
#29600
b00000000000000000000101110010000 "
b00000000000000000000101110010000 $
1&
b0101110001101 >
b0101110001110 A
1C
1D
#29605
0&
0C
0D
#29610
b00000000000000000000101110010001 "
b00000000000000000000101110010001 $
1&
b0101110001110 >
b0101110001111 A
1C
1D
#29615
0&
0C
0D
#29620
b00000000000000000000101110010010 "
b00000000000000000000101110010010 $
1&
b0101110001111 >
b0101110010000 A
1C
1D
#29625
0&
0C
0D
#29630
b00000000000000000000101110010011 "
b00000000000000000000101110010011 $
1&
b0101110010000 >
b0101110010001 A
1C
1D
#29635
0&
0C
0D
#29640
b00000000000000000000101110010100 "
b00000000000000000000101110010100 $
1&
b0101110010001 >
b0101110010010 A
1C
1D
#29645
0&
0C
0D
#29650
b00000000000000000000101110010101 "
b00000000000000000000101110010101 $
1&
b0101110010010 >
b0101110010011 A
1C
1D
#29655
0&
0C
0D
#29660
b00000000000000000000101110010110 "
b00000000000000000000101110010110 $
1&
b0101110010011 >
b0101110010100 A
1C
1D
#29665
0&
0C
0D
#29670
b00000000000000000000101110010111 "
b00000000000000000000101110010111 $
1&
b0101110010100 >
b0101110010101 A
1C
1D
#29675
0&
0C
0D
#29680
b00000000000000000000101110011000 "
b00000000000000000000101110011000 $
1&
b0101110010101 >
b0101110010110 A
1C
1D
#29685
0&
0C
0D
#29690
b00000000000000000000101110011001 "
b00000000000000000000101110011001 $
1&
b0101110010110 >
b0101110010111 A
1C
1D
#29695
0&
0C
0D
#29700
b00000000000000000000101110011010 "
b00000000000000000000101110011010 $
1&
b0101110010111 >
b0101110011000 A
1C
1D
#29705
0&
0C
0D
#29710
b00000000000000000000101110011011 "
b00000000000000000000101110011011 $
1&
b0101110011000 >
b0101110011001 A
1C
1D
#29715
0&
0C
0D
#29720
b00000000000000000000101110011100 "
b00000000000000000000101110011100 $
1&
b0101110011001 >
b0101110011010 A
1C
1D
#29725
0&
0C
0D
#29730
b00000000000000000000101110011101 "
b00000000000000000000101110011101 $
1&
b0101110011010 >
b0101110011011 A
1C
1D
#29735
0&
0C
0D
#29740
b00000000000000000000101110011110 "
b00000000000000000000101110011110 $
1&
b0101110011011 >
b0101110011100 A
1C
1D
#29745
0&
0C
0D
#29750
b00000000000000000000101110011111 "
b00000000000000000000101110011111 $
1&
b0101110011100 >
b0101110011101 A
1C
1D
#29755
0&
0C
0D
#29760
b00000000000000000000101110100000 "
b00000000000000000000101110100000 $
1&
b0101110011101 >
b0101110011110 A
1C
1D
#29765
0&
0C
0D
#29770
b00000000000000000000101110100001 "
b00000000000000000000101110100001 $
1&
b0101110011110 >
b0101110011111 A
1C
1D
#29775
0&
0C
0D
#29780
b00000000000000000000101110100010 "
b00000000000000000000101110100010 $
1&
b0101110011111 >
b0101110100000 A
1C
1D
#29785
0&
0C
0D
#29790
b00000000000000000000101110100011 "
b00000000000000000000101110100011 $
1&
b0101110100000 >
b0101110100001 A
1C
1D
#29795
0&
0C
0D
#29800
b00000000000000000000101110100100 "
b00000000000000000000101110100100 $
1&
b0101110100001 >
b0101110100010 A
1C
1D
#29805
0&
0C
0D
#29810
b00000000000000000000101110100101 "
b00000000000000000000101110100101 $
1&
b0101110100010 >
b0101110100011 A
1C
1D
#29815
0&
0C
0D
#29820
b00000000000000000000101110100110 "
b00000000000000000000101110100110 $
1&
b0101110100011 >
b0101110100100 A
1C
1D
#29825
0&
0C
0D
#29830
b00000000000000000000101110100111 "
b00000000000000000000101110100111 $
1&
b0101110100100 >
b0101110100101 A
1C
1D
#29835
0&
0C
0D
#29840
b00000000000000000000101110101000 "
b00000000000000000000101110101000 $
1&
b0101110100101 >
b0101110100110 A
1C
1D
#29845
0&
0C
0D
#29850
b00000000000000000000101110101001 "
b00000000000000000000101110101001 $
1&
b0101110100110 >
b0101110100111 A
1C
1D
#29855
0&
0C
0D
#29860
b00000000000000000000101110101010 "
b00000000000000000000101110101010 $
1&
b0101110100111 >
b0101110101000 A
1C
1D
#29865
0&
0C
0D
#29870
b00000000000000000000101110101011 "
b00000000000000000000101110101011 $
1&
b0101110101000 >
b0101110101001 A
1C
1D
#29875
0&
0C
0D
#29880
b00000000000000000000101110101100 "
b00000000000000000000101110101100 $
1&
b0101110101001 >
b0101110101010 A
1C
1D
#29885
0&
0C
0D
#29890
b00000000000000000000101110101101 "
b00000000000000000000101110101101 $
1&
b0101110101010 >
b0101110101011 A
1C
1D
#29895
0&
0C
0D
#29900
b00000000000000000000101110101110 "
b00000000000000000000101110101110 $
1&
b0101110101011 >
b0101110101100 A
1C
1D
#29905
0&
0C
0D
#29910
b00000000000000000000101110101111 "
b00000000000000000000101110101111 $
1&
b0101110101100 >
b0101110101101 A
1C
1D
#29915
0&
0C
0D
#29920
b00000000000000000000101110110000 "
b00000000000000000000101110110000 $
1&
b0101110101101 >
b0101110101110 A
1C
1D
#29925
0&
0C
0D
#29930
b00000000000000000000101110110001 "
b00000000000000000000101110110001 $
1&
b0101110101110 >
b0101110101111 A
1C
1D
#29935
0&
0C
0D
#29940
b00000000000000000000101110110010 "
b00000000000000000000101110110010 $
1&
b0101110101111 >
b0101110110000 A
1C
1D
#29945
0&
0C
0D
#29950
b00000000000000000000101110110011 "
b00000000000000000000101110110011 $
1&
b0101110110000 >
b0101110110001 A
1C
1D
#29955
0&
0C
0D
#29960
b00000000000000000000101110110100 "
b00000000000000000000101110110100 $
1&
b0101110110001 >
b0101110110010 A
1C
1D
#29965
0&
0C
0D
#29970
b00000000000000000000101110110101 "
b00000000000000000000101110110101 $
1&
b0101110110010 >
b0101110110011 A
1C
1D
#29975
0&
0C
0D
#29980
b00000000000000000000101110110110 "
b00000000000000000000101110110110 $
1&
b0101110110011 >
b0101110110100 A
1C
1D
#29985
0&
0C
0D
#29990
b00000000000000000000101110110111 "
b00000000000000000000101110110111 $
1&
b0101110110100 >
b0101110110101 A
1C
1D
#29995
0&
0C
0D
#30000
b00000000000000000000101110111000 "
b00000000000000000000101110111000 $
1&
b0101110110101 >
b0101110110110 A
1C
1D
#30005
0&
0C
0D
#30010
b00000000000000000000101110111001 "
b00000000000000000000101110111001 $
1&
b0101110110110 >
b0101110110111 A
1C
1D
#30015
0&
0C
0D
#30020
b00000000000000000000101110111010 "
b00000000000000000000101110111010 $
1&
b0101110110111 >
b0101110111000 A
1C
1D
#30025
0&
0C
0D
#30030
b00000000000000000000101110111011 "
b00000000000000000000101110111011 $
1&
b0101110111000 >
b0101110111001 A
1C
1D
#30035
0&
0C
0D
#30040
b00000000000000000000101110111100 "
b00000000000000000000101110111100 $
1&
b0101110111001 >
b0101110111010 A
1C
1D
#30045
0&
0C
0D
#30050
b00000000000000000000101110111101 "
b00000000000000000000101110111101 $
1&
b0101110111010 >
b0101110111011 A
1C
1D
#30055
0&
0C
0D
#30060
b00000000000000000000101110111110 "
b00000000000000000000101110111110 $
1&
b0101110111011 >
b0101110111100 A
1C
1D
#30065
0&
0C
0D
#30070
b00000000000000000000101110111111 "
b00000000000000000000101110111111 $
1&
b0101110111100 >
b0101110111101 A
1C
1D
#30075
0&
0C
0D
#30080
b00000000000000000000101111000000 "
b00000000000000000000101111000000 $
1&
b0101110111101 >
b0101110111110 A
1C
1D
#30085
0&
0C
0D
#30090
b00000000000000000000101111000001 "
b00000000000000000000101111000001 $
1&
b0101110111110 >
b0101110111111 A
1C
1D
#30095
0&
0C
0D
#30100
b00000000000000000000101111000010 "
b00000000000000000000101111000010 $
1&
b0101110111111 >
b0101111000000 A
1C
1D
#30105
0&
0C
0D
#30110
b00000000000000000000101111000011 "
b00000000000000000000101111000011 $
1&
b0101111000000 >
b0101111000001 A
1C
1D
#30115
0&
0C
0D
#30120
b00000000000000000000101111000100 "
b00000000000000000000101111000100 $
1&
b0101111000001 >
b0101111000010 A
1C
1D
#30125
0&
0C
0D
#30130
b00000000000000000000101111000101 "
b00000000000000000000101111000101 $
1&
b0101111000010 >
b0101111000011 A
1C
1D
#30135
0&
0C
0D
#30140
b00000000000000000000101111000110 "
b00000000000000000000101111000110 $
1&
b0101111000011 >
b0101111000100 A
1C
1D
#30145
0&
0C
0D
#30150
b00000000000000000000101111000111 "
b00000000000000000000101111000111 $
1&
b0101111000100 >
b0101111000101 A
1C
1D
#30155
0&
0C
0D
#30160
b00000000000000000000101111001000 "
b00000000000000000000101111001000 $
1&
b0101111000101 >
b0101111000110 A
1C
1D
#30165
0&
0C
0D
#30170
b00000000000000000000101111001001 "
b00000000000000000000101111001001 $
1&
b0101111000110 >
b0101111000111 A
1C
1D
#30175
0&
0C
0D
#30180
b00000000000000000000101111001010 "
b00000000000000000000101111001010 $
1&
b0101111000111 >
b0101111001000 A
1C
1D
#30185
0&
0C
0D
#30190
b00000000000000000000101111001011 "
b00000000000000000000101111001011 $
1&
b0101111001000 >
b0101111001001 A
1C
1D
#30195
0&
0C
0D
#30200
b00000000000000000000101111001100 "
b00000000000000000000101111001100 $
1&
b0101111001001 >
b0101111001010 A
1C
1D
#30205
0&
0C
0D
#30210
b00000000000000000000101111001101 "
b00000000000000000000101111001101 $
1&
b0101111001010 >
b0101111001011 A
1C
1D
#30215
0&
0C
0D
#30220
b00000000000000000000101111001110 "
b00000000000000000000101111001110 $
1&
b0101111001011 >
b0101111001100 A
1C
1D
#30225
0&
0C
0D
#30230
b00000000000000000000101111001111 "
b00000000000000000000101111001111 $
1&
b0101111001100 >
b0101111001101 A
1C
1D
#30235
0&
0C
0D
#30240
b00000000000000000000101111010000 "
b00000000000000000000101111010000 $
1&
b0101111001101 >
b0101111001110 A
1C
1D
#30245
0&
0C
0D
#30250
b00000000000000000000101111010001 "
b00000000000000000000101111010001 $
1&
b0101111001110 >
b0101111001111 A
1C
1D
#30255
0&
0C
0D
#30260
b00000000000000000000101111010010 "
b00000000000000000000101111010010 $
1&
b0101111001111 >
b0101111010000 A
1C
1D
#30265
0&
0C
0D
#30270
b00000000000000000000101111010011 "
b00000000000000000000101111010011 $
1&
b0101111010000 >
b0101111010001 A
1C
1D
#30275
0&
0C
0D
#30280
b00000000000000000000101111010100 "
b00000000000000000000101111010100 $
1&
b0101111010001 >
b0101111010010 A
1C
1D
#30285
0&
0C
0D
#30290
b00000000000000000000101111010101 "
b00000000000000000000101111010101 $
1&
b0101111010010 >
b0101111010011 A
1C
1D
#30295
0&
0C
0D
#30300
b00000000000000000000101111010110 "
b00000000000000000000101111010110 $
1&
b0101111010011 >
b0101111010100 A
1C
1D
#30305
0&
0C
0D
#30310
b00000000000000000000101111010111 "
b00000000000000000000101111010111 $
1&
b0101111010100 >
b0101111010101 A
1C
1D
#30315
0&
0C
0D
#30320
b00000000000000000000101111011000 "
b00000000000000000000101111011000 $
1&
b0101111010101 >
b0101111010110 A
1C
1D
#30325
0&
0C
0D
#30330
b00000000000000000000101111011001 "
b00000000000000000000101111011001 $
1&
b0101111010110 >
b0101111010111 A
1C
1D
#30335
0&
0C
0D
#30340
b00000000000000000000101111011010 "
b00000000000000000000101111011010 $
1&
b0101111010111 >
b0101111011000 A
1C
1D
#30345
0&
0C
0D
#30350
b00000000000000000000101111011011 "
b00000000000000000000101111011011 $
1&
b0101111011000 >
b0101111011001 A
1C
1D
#30355
0&
0C
0D
#30360
b00000000000000000000101111011100 "
b00000000000000000000101111011100 $
1&
b0101111011001 >
b0101111011010 A
1C
1D
#30365
0&
0C
0D
#30370
b00000000000000000000101111011101 "
b00000000000000000000101111011101 $
1&
b0101111011010 >
b0101111011011 A
1C
1D
#30375
0&
0C
0D
#30380
b00000000000000000000101111011110 "
b00000000000000000000101111011110 $
1&
b0101111011011 >
b0101111011100 A
1C
1D
#30385
0&
0C
0D
#30390
b00000000000000000000101111011111 "
b00000000000000000000101111011111 $
1&
b0101111011100 >
b0101111011101 A
1C
1D
#30395
0&
0C
0D
#30400
b00000000000000000000101111100000 "
b00000000000000000000101111100000 $
1&
b0101111011101 >
b0101111011110 A
1C
1D
#30405
0&
0C
0D
#30410
b00000000000000000000101111100001 "
b00000000000000000000101111100001 $
1&
b0101111011110 >
b0101111011111 A
1C
1D
#30415
0&
0C
0D
#30420
b00000000000000000000101111100010 "
b00000000000000000000101111100010 $
1&
b0101111011111 >
b0101111100000 A
1C
1D
#30425
0&
0C
0D
#30430
b00000000000000000000101111100011 "
b00000000000000000000101111100011 $
1&
b0101111100000 >
b0101111100001 A
1C
1D
#30435
0&
0C
0D
#30440
b00000000000000000000101111100100 "
b00000000000000000000101111100100 $
1&
b0101111100001 >
b0101111100010 A
1C
1D
#30445
0&
0C
0D
#30450
b00000000000000000000101111100101 "
b00000000000000000000101111100101 $
1&
b0101111100010 >
b0101111100011 A
1C
1D
#30455
0&
0C
0D
#30460
b00000000000000000000101111100110 "
b00000000000000000000101111100110 $
1&
b0101111100011 >
b0101111100100 A
1C
1D
#30465
0&
0C
0D
#30470
b00000000000000000000101111100111 "
b00000000000000000000101111100111 $
1&
b0101111100100 >
b0101111100101 A
1C
1D
#30475
0&
0C
0D
#30480
b00000000000000000000101111101000 "
b00000000000000000000101111101000 $
1&
b0101111100101 >
b0101111100110 A
1C
1D
#30485
0&
0C
0D
#30490
b00000000000000000000101111101001 "
b00000000000000000000101111101001 $
1&
b0101111100110 >
b0101111100111 A
1C
1D
#30495
0&
0C
0D
#30500
b00000000000000000000101111101010 "
b00000000000000000000101111101010 $
1&
b0101111100111 >
b0101111101000 A
1C
1D
#30505
0&
0C
0D
#30510
b00000000000000000000101111101011 "
b00000000000000000000101111101011 $
1&
b0101111101000 >
b0101111101001 A
1C
1D
#30515
0&
0C
0D
#30520
b00000000000000000000101111101100 "
b00000000000000000000101111101100 $
1&
b0101111101001 >
b0101111101010 A
1C
1D
#30525
0&
0C
0D
#30530
b00000000000000000000101111101101 "
b00000000000000000000101111101101 $
1&
b0101111101010 >
b0101111101011 A
1C
1D
#30535
0&
0C
0D
#30540
b00000000000000000000101111101110 "
b00000000000000000000101111101110 $
1&
b0101111101011 >
b0101111101100 A
1C
1D
#30545
0&
0C
0D
#30550
b00000000000000000000101111101111 "
b00000000000000000000101111101111 $
1&
b0101111101100 >
b0101111101101 A
1C
1D
#30555
0&
0C
0D
#30560
b00000000000000000000101111110000 "
b00000000000000000000101111110000 $
1&
b0101111101101 >
b0101111101110 A
1C
1D
#30565
0&
0C
0D
#30570
b00000000000000000000101111110001 "
b00000000000000000000101111110001 $
1&
b0101111101110 >
b0101111101111 A
1C
1D
#30575
0&
0C
0D
#30580
b00000000000000000000101111110010 "
b00000000000000000000101111110010 $
1&
b0101111101111 >
b0101111110000 A
1C
1D
#30585
0&
0C
0D
#30590
b00000000000000000000101111110011 "
b00000000000000000000101111110011 $
1&
b0101111110000 >
b0101111110001 A
1C
1D
#30595
0&
0C
0D
#30600
b00000000000000000000101111110100 "
b00000000000000000000101111110100 $
1&
b0101111110001 >
b0101111110010 A
1C
1D
#30605
0&
0C
0D
#30610
b00000000000000000000101111110101 "
b00000000000000000000101111110101 $
1&
b0101111110010 >
b0101111110011 A
1C
1D
#30615
0&
0C
0D
#30620
b00000000000000000000101111110110 "
b00000000000000000000101111110110 $
1&
b0101111110011 >
b0101111110100 A
1C
1D
#30625
0&
0C
0D
#30630
b00000000000000000000101111110111 "
b00000000000000000000101111110111 $
1&
b0101111110100 >
b0101111110101 A
1C
1D
#30635
0&
0C
0D
#30640
b00000000000000000000101111111000 "
b00000000000000000000101111111000 $
1&
b0101111110101 >
b0101111110110 A
1C
1D
#30645
0&
0C
0D
#30650
b00000000000000000000101111111001 "
b00000000000000000000101111111001 $
1&
b0101111110110 >
b0101111110111 A
1C
1D
#30655
0&
0C
0D
#30660
b00000000000000000000101111111010 "
b00000000000000000000101111111010 $
1&
b0101111110111 >
b0101111111000 A
1C
1D
#30665
0&
0C
0D
#30670
b00000000000000000000101111111011 "
b00000000000000000000101111111011 $
1&
b0101111111000 >
b0101111111001 A
1C
1D
#30675
0&
0C
0D
#30680
b00000000000000000000101111111100 "
b00000000000000000000101111111100 $
1&
b0101111111001 >
b0101111111010 A
1C
1D
#30685
0&
0C
0D
#30690
b00000000000000000000101111111101 "
b00000000000000000000101111111101 $
1&
b0101111111010 >
b0101111111011 A
1C
1D
#30695
0&
0C
0D
#30700
b00000000000000000000101111111110 "
b00000000000000000000101111111110 $
1&
b0101111111011 >
b0101111111100 A
1C
1D
#30705
0&
0C
0D
#30710
b00000000000000000000101111111111 "
b00000000000000000000101111111111 $
1&
b0101111111100 >
b0101111111101 A
1C
1D
#30715
0&
0C
0D
#30720
b00000000000000000000110000000000 "
b00000000000000000000110000000000 $
1&
b0101111111101 >
b0101111111110 A
1C
1D
#30725
0&
0C
0D
#30730
b00000000000000000000110000000001 "
b00000000000000000000110000000001 $
1&
b0101111111110 >
b0101111111111 A
1C
1D
#30735
0&
0C
0D
#30740
b00000000000000000000110000000010 "
b00000000000000000000110000000010 $
1&
b0101111111111 >
b0110000000000 A
1C
1D
#30745
0&
0C
0D
#30750
b00000000000000000000110000000011 "
b00000000000000000000110000000011 $
1&
b0110000000000 >
b0110000000001 A
1C
1D
#30755
0&
0C
0D
#30760
b00000000000000000000110000000100 "
b00000000000000000000110000000100 $
1&
b0110000000001 >
b0110000000010 A
1C
1D
#30765
0&
0C
0D
#30770
b00000000000000000000110000000101 "
b00000000000000000000110000000101 $
1&
b0110000000010 >
b0110000000011 A
1C
1D
#30775
0&
0C
0D
#30780
b00000000000000000000110000000110 "
b00000000000000000000110000000110 $
1&
b0110000000011 >
b0110000000100 A
1C
1D
#30785
0&
0C
0D
#30790
b00000000000000000000110000000111 "
b00000000000000000000110000000111 $
1&
b0110000000100 >
b0110000000101 A
1C
1D
#30795
0&
0C
0D
#30800
b00000000000000000000110000001000 "
b00000000000000000000110000001000 $
1&
b0110000000101 >
b0110000000110 A
1C
1D
#30805
0&
0C
0D
#30810
b00000000000000000000110000001001 "
b00000000000000000000110000001001 $
1&
b0110000000110 >
b0110000000111 A
1C
1D
#30815
0&
0C
0D
#30820
b00000000000000000000110000001010 "
b00000000000000000000110000001010 $
1&
b0110000000111 >
b0110000001000 A
1C
1D
#30825
0&
0C
0D
#30830
b00000000000000000000110000001011 "
b00000000000000000000110000001011 $
1&
b0110000001000 >
b0110000001001 A
1C
1D
#30835
0&
0C
0D
#30840
b00000000000000000000110000001100 "
b00000000000000000000110000001100 $
1&
b0110000001001 >
b0110000001010 A
1C
1D
#30845
0&
0C
0D
#30850
b00000000000000000000110000001101 "
b00000000000000000000110000001101 $
1&
b0110000001010 >
b0110000001011 A
1C
1D
#30855
0&
0C
0D
#30860
b00000000000000000000110000001110 "
b00000000000000000000110000001110 $
1&
b0110000001011 >
b0110000001100 A
1C
1D
#30865
0&
0C
0D
#30870
b00000000000000000000110000001111 "
b00000000000000000000110000001111 $
1&
b0110000001100 >
b0110000001101 A
1C
1D
#30875
0&
0C
0D
#30880
b00000000000000000000110000010000 "
b00000000000000000000110000010000 $
1&
b0110000001101 >
b0110000001110 A
1C
1D
#30885
0&
0C
0D
#30890
b00000000000000000000110000010001 "
b00000000000000000000110000010001 $
1&
b0110000001110 >
b0110000001111 A
1C
1D
#30895
0&
0C
0D
#30900
b00000000000000000000110000010010 "
b00000000000000000000110000010010 $
1&
b0110000001111 >
b0110000010000 A
1C
1D
#30905
0&
0C
0D
#30910
b00000000000000000000110000010011 "
b00000000000000000000110000010011 $
1&
b0110000010000 >
b0110000010001 A
1C
1D
#30915
0&
0C
0D
#30920
b00000000000000000000110000010100 "
b00000000000000000000110000010100 $
1&
b0110000010001 >
b0110000010010 A
1C
1D
#30925
0&
0C
0D
#30930
b00000000000000000000110000010101 "
b00000000000000000000110000010101 $
1&
b0110000010010 >
b0110000010011 A
1C
1D
#30935
0&
0C
0D
#30940
b00000000000000000000110000010110 "
b00000000000000000000110000010110 $
1&
b0110000010011 >
b0110000010100 A
1C
1D
#30945
0&
0C
0D
#30950
b00000000000000000000110000010111 "
b00000000000000000000110000010111 $
1&
b0110000010100 >
b0110000010101 A
1C
1D
#30955
0&
0C
0D
#30960
b00000000000000000000110000011000 "
b00000000000000000000110000011000 $
1&
b0110000010101 >
b0110000010110 A
1C
1D
#30965
0&
0C
0D
#30970
b00000000000000000000110000011001 "
b00000000000000000000110000011001 $
1&
b0110000010110 >
b0110000010111 A
1C
1D
#30975
0&
0C
0D
#30980
b00000000000000000000110000011010 "
b00000000000000000000110000011010 $
1&
b0110000010111 >
b0110000011000 A
1C
1D
#30985
0&
0C
0D
#30990
b00000000000000000000110000011011 "
b00000000000000000000110000011011 $
1&
b0110000011000 >
b0110000011001 A
1C
1D
#30995
0&
0C
0D
#31000
b00000000000000000000110000011100 "
b00000000000000000000110000011100 $
1&
b0110000011001 >
b0110000011010 A
1C
1D
#31005
0&
0C
0D
#31010
b00000000000000000000110000011101 "
b00000000000000000000110000011101 $
1&
b0110000011010 >
b0110000011011 A
1C
1D
#31015
0&
0C
0D
#31020
b00000000000000000000110000011110 "
b00000000000000000000110000011110 $
1&
b0110000011011 >
b0110000011100 A
1C
1D
#31025
0&
0C
0D
#31030
b00000000000000000000110000011111 "
b00000000000000000000110000011111 $
1&
b0110000011100 >
b0110000011101 A
1C
1D
#31035
0&
0C
0D
#31040
b00000000000000000000110000100000 "
b00000000000000000000110000100000 $
1&
b0110000011101 >
b0110000011110 A
1C
1D
#31045
0&
0C
0D
#31050
b00000000000000000000110000100001 "
b00000000000000000000110000100001 $
1&
b0110000011110 >
b0110000011111 A
1C
1D
#31055
0&
0C
0D
#31060
b00000000000000000000110000100010 "
b00000000000000000000110000100010 $
1&
b0110000011111 >
b0110000100000 A
1C
1D
#31065
0&
0C
0D
#31070
b00000000000000000000110000100011 "
b00000000000000000000110000100011 $
1&
b0110000100000 >
b0110000100001 A
1C
1D
#31075
0&
0C
0D
#31080
b00000000000000000000110000100100 "
b00000000000000000000110000100100 $
1&
b0110000100001 >
b0110000100010 A
1C
1D
#31085
0&
0C
0D
#31090
b00000000000000000000110000100101 "
b00000000000000000000110000100101 $
1&
b0110000100010 >
b0110000100011 A
1C
1D
#31095
0&
0C
0D
#31100
b00000000000000000000110000100110 "
b00000000000000000000110000100110 $
1&
b0110000100011 >
b0110000100100 A
1C
1D
#31105
0&
0C
0D
#31110
b00000000000000000000110000100111 "
b00000000000000000000110000100111 $
1&
b0110000100100 >
b0110000100101 A
1C
1D
#31115
0&
0C
0D
#31120
b00000000000000000000110000101000 "
b00000000000000000000110000101000 $
1&
b0110000100101 >
b0110000100110 A
1C
1D
#31125
0&
0C
0D
#31130
b00000000000000000000110000101001 "
b00000000000000000000110000101001 $
1&
b0110000100110 >
b0110000100111 A
1C
1D
#31135
0&
0C
0D
#31140
b00000000000000000000110000101010 "
b00000000000000000000110000101010 $
1&
b0110000100111 >
b0110000101000 A
1C
1D
#31145
0&
0C
0D
#31150
b00000000000000000000110000101011 "
b00000000000000000000110000101011 $
1&
b0110000101000 >
b0110000101001 A
1C
1D
#31155
0&
0C
0D
#31160
b00000000000000000000110000101100 "
b00000000000000000000110000101100 $
1&
b0110000101001 >
b0110000101010 A
1C
1D
#31165
0&
0C
0D
#31170
b00000000000000000000110000101101 "
b00000000000000000000110000101101 $
1&
b0110000101010 >
b0110000101011 A
1C
1D
#31175
0&
0C
0D
#31180
b00000000000000000000110000101110 "
b00000000000000000000110000101110 $
1&
b0110000101011 >
b0110000101100 A
1C
1D
#31185
0&
0C
0D
#31190
b00000000000000000000110000101111 "
b00000000000000000000110000101111 $
1&
b0110000101100 >
b0110000101101 A
1C
1D
#31195
0&
0C
0D
#31200
b00000000000000000000110000110000 "
b00000000000000000000110000110000 $
1&
b0110000101101 >
b0110000101110 A
1C
1D
#31205
0&
0C
0D
#31210
b00000000000000000000110000110001 "
b00000000000000000000110000110001 $
1&
b0110000101110 >
b0110000101111 A
1C
1D
#31215
0&
0C
0D
#31220
b00000000000000000000110000110010 "
b00000000000000000000110000110010 $
1&
b0110000101111 >
b0110000110000 A
1C
1D
#31225
0&
0C
0D
#31230
b00000000000000000000110000110011 "
b00000000000000000000110000110011 $
1&
b0110000110000 >
b0110000110001 A
1C
1D
#31235
0&
0C
0D
#31240
b00000000000000000000110000110100 "
b00000000000000000000110000110100 $
1&
b0110000110001 >
b0110000110010 A
1C
1D
#31245
0&
0C
0D
#31250
b00000000000000000000110000110101 "
b00000000000000000000110000110101 $
1&
b0110000110010 >
b0110000110011 A
1C
1D
#31255
0&
0C
0D
#31260
b00000000000000000000110000110110 "
b00000000000000000000110000110110 $
1&
b0110000110011 >
b0110000110100 A
1C
1D
#31265
0&
0C
0D
#31270
b00000000000000000000110000110111 "
b00000000000000000000110000110111 $
1&
b0110000110100 >
b0110000110101 A
1C
1D
#31275
0&
0C
0D
#31280
b00000000000000000000110000111000 "
b00000000000000000000110000111000 $
1&
b0110000110101 >
b0110000110110 A
1C
1D
#31285
0&
0C
0D
#31290
b00000000000000000000110000111001 "
b00000000000000000000110000111001 $
1&
b0110000110110 >
b0110000110111 A
1C
1D
#31295
0&
0C
0D
#31300
b00000000000000000000110000111010 "
b00000000000000000000110000111010 $
1&
b0110000110111 >
b0110000111000 A
1C
1D
#31305
0&
0C
0D
#31310
b00000000000000000000110000111011 "
b00000000000000000000110000111011 $
1&
b0110000111000 >
b0110000111001 A
1C
1D
#31315
0&
0C
0D
#31320
b00000000000000000000110000111100 "
b00000000000000000000110000111100 $
1&
b0110000111001 >
b0110000111010 A
1C
1D
#31325
0&
0C
0D
#31330
b00000000000000000000110000111101 "
b00000000000000000000110000111101 $
1&
b0110000111010 >
b0110000111011 A
1C
1D
#31335
0&
0C
0D
#31340
b00000000000000000000110000111110 "
b00000000000000000000110000111110 $
1&
b0110000111011 >
b0110000111100 A
1C
1D
#31345
0&
0C
0D
#31350
b00000000000000000000110000111111 "
b00000000000000000000110000111111 $
1&
b0110000111100 >
b0110000111101 A
1C
1D
#31355
0&
0C
0D
#31360
b00000000000000000000110001000000 "
b00000000000000000000110001000000 $
1&
b0110000111101 >
b0110000111110 A
1C
1D
#31365
0&
0C
0D
#31370
b00000000000000000000110001000001 "
b00000000000000000000110001000001 $
1&
b0110000111110 >
b0110000111111 A
1C
1D
#31375
0&
0C
0D
#31380
b00000000000000000000110001000010 "
b00000000000000000000110001000010 $
1&
b0110000111111 >
b0110001000000 A
1C
1D
#31385
0&
0C
0D
#31390
b00000000000000000000110001000011 "
b00000000000000000000110001000011 $
1&
b0110001000000 >
b0110001000001 A
1C
1D
#31395
0&
0C
0D
#31400
b00000000000000000000110001000100 "
b00000000000000000000110001000100 $
1&
b0110001000001 >
b0110001000010 A
1C
1D
#31405
0&
0C
0D
#31410
b00000000000000000000110001000101 "
b00000000000000000000110001000101 $
1&
b0110001000010 >
b0110001000011 A
1C
1D
#31415
0&
0C
0D
#31420
b00000000000000000000110001000110 "
b00000000000000000000110001000110 $
1&
b0110001000011 >
b0110001000100 A
1C
1D
#31425
0&
0C
0D
#31430
b00000000000000000000110001000111 "
b00000000000000000000110001000111 $
1&
b0110001000100 >
b0110001000101 A
1C
1D
#31435
0&
0C
0D
#31440
b00000000000000000000110001001000 "
b00000000000000000000110001001000 $
1&
b0110001000101 >
b0110001000110 A
1C
1D
#31445
0&
0C
0D
#31450
b00000000000000000000110001001001 "
b00000000000000000000110001001001 $
1&
b0110001000110 >
b0110001000111 A
1C
1D
#31455
0&
0C
0D
#31460
b00000000000000000000110001001010 "
b00000000000000000000110001001010 $
1&
b0110001000111 >
b0110001001000 A
1C
1D
#31465
0&
0C
0D
#31470
b00000000000000000000110001001011 "
b00000000000000000000110001001011 $
1&
b0110001001000 >
b0110001001001 A
1C
1D
#31475
0&
0C
0D
#31480
b00000000000000000000110001001100 "
b00000000000000000000110001001100 $
1&
b0110001001001 >
b0110001001010 A
1C
1D
#31485
0&
0C
0D
#31490
b00000000000000000000110001001101 "
b00000000000000000000110001001101 $
1&
b0110001001010 >
b0110001001011 A
1C
1D
#31495
0&
0C
0D
#31500
b00000000000000000000110001001110 "
b00000000000000000000110001001110 $
1&
b0110001001011 >
b0110001001100 A
1C
1D
#31505
0&
0C
0D
#31510
b00000000000000000000110001001111 "
b00000000000000000000110001001111 $
1&
b0110001001100 >
b0110001001101 A
1C
1D
#31515
0&
0C
0D
#31520
b00000000000000000000110001010000 "
b00000000000000000000110001010000 $
1&
b0110001001101 >
b0110001001110 A
1C
1D
#31525
0&
0C
0D
#31530
b00000000000000000000110001010001 "
b00000000000000000000110001010001 $
1&
b0110001001110 >
b0110001001111 A
1C
1D
#31535
0&
0C
0D
#31540
b00000000000000000000110001010010 "
b00000000000000000000110001010010 $
1&
b0110001001111 >
b0110001010000 A
1C
1D
#31545
0&
0C
0D
#31550
b00000000000000000000110001010011 "
b00000000000000000000110001010011 $
1&
b0110001010000 >
b0110001010001 A
1C
1D
#31555
0&
0C
0D
#31560
b00000000000000000000110001010100 "
b00000000000000000000110001010100 $
1&
b0110001010001 >
b0110001010010 A
1C
1D
#31565
0&
0C
0D
#31570
b00000000000000000000110001010101 "
b00000000000000000000110001010101 $
1&
b0110001010010 >
b0110001010011 A
1C
1D
#31575
0&
0C
0D
#31580
b00000000000000000000110001010110 "
b00000000000000000000110001010110 $
1&
b0110001010011 >
b0110001010100 A
1C
1D
#31585
0&
0C
0D
#31590
b00000000000000000000110001010111 "
b00000000000000000000110001010111 $
1&
b0110001010100 >
b0110001010101 A
1C
1D
#31595
0&
0C
0D
#31600
b00000000000000000000110001011000 "
b00000000000000000000110001011000 $
1&
b0110001010101 >
b0110001010110 A
1C
1D
#31605
0&
0C
0D
#31610
b00000000000000000000110001011001 "
b00000000000000000000110001011001 $
1&
b0110001010110 >
b0110001010111 A
1C
1D
#31615
0&
0C
0D
#31620
b00000000000000000000110001011010 "
b00000000000000000000110001011010 $
1&
b0110001010111 >
b0110001011000 A
1C
1D
#31625
0&
0C
0D
#31630
b00000000000000000000110001011011 "
b00000000000000000000110001011011 $
1&
b0110001011000 >
b0110001011001 A
1C
1D
#31635
0&
0C
0D
#31640
b00000000000000000000110001011100 "
b00000000000000000000110001011100 $
1&
b0110001011001 >
b0110001011010 A
1C
1D
#31645
0&
0C
0D
#31650
b00000000000000000000110001011101 "
b00000000000000000000110001011101 $
1&
b0110001011010 >
b0110001011011 A
1C
1D
#31655
0&
0C
0D
#31660
b00000000000000000000110001011110 "
b00000000000000000000110001011110 $
1&
b0110001011011 >
b0110001011100 A
1C
1D
#31665
0&
0C
0D
#31670
b00000000000000000000110001011111 "
b00000000000000000000110001011111 $
1&
b0110001011100 >
b0110001011101 A
1C
1D
#31675
0&
0C
0D
#31680
b00000000000000000000110001100000 "
b00000000000000000000110001100000 $
1&
b0110001011101 >
b0110001011110 A
1C
1D
#31685
0&
0C
0D
#31690
b00000000000000000000110001100001 "
b00000000000000000000110001100001 $
1&
b0110001011110 >
b0110001011111 A
1C
1D
#31695
0&
0C
0D
#31700
b00000000000000000000110001100010 "
b00000000000000000000110001100010 $
1&
b0110001011111 >
b0110001100000 A
1C
1D
#31705
0&
0C
0D
#31710
b00000000000000000000110001100011 "
b00000000000000000000110001100011 $
1&
b0110001100000 >
b0110001100001 A
1C
1D
#31715
0&
0C
0D
#31720
b00000000000000000000110001100100 "
b00000000000000000000110001100100 $
1&
b0110001100001 >
b0110001100010 A
1C
1D
#31725
0&
0C
0D
#31730
b00000000000000000000110001100101 "
b00000000000000000000110001100101 $
1&
b0110001100010 >
b0110001100011 A
1C
1D
#31735
0&
0C
0D
#31740
b00000000000000000000110001100110 "
b00000000000000000000110001100110 $
1&
b0110001100011 >
b0110001100100 A
1C
1D
#31745
0&
0C
0D
#31750
b00000000000000000000110001100111 "
b00000000000000000000110001100111 $
1&
b0110001100100 >
b0110001100101 A
1C
1D
#31755
0&
0C
0D
#31760
b00000000000000000000110001101000 "
b00000000000000000000110001101000 $
1&
b0110001100101 >
b0110001100110 A
1C
1D
#31765
0&
0C
0D
#31770
b00000000000000000000110001101001 "
b00000000000000000000110001101001 $
1&
b0110001100110 >
b0110001100111 A
1C
1D
#31775
0&
0C
0D
#31780
b00000000000000000000110001101010 "
b00000000000000000000110001101010 $
1&
b0110001100111 >
b0110001101000 A
1C
1D
#31785
0&
0C
0D
#31790
b00000000000000000000110001101011 "
b00000000000000000000110001101011 $
1&
b0110001101000 >
b0110001101001 A
1C
1D
#31795
0&
0C
0D
#31800
b00000000000000000000110001101100 "
b00000000000000000000110001101100 $
1&
b0110001101001 >
b0110001101010 A
1C
1D
#31805
0&
0C
0D
#31810
b00000000000000000000110001101101 "
b00000000000000000000110001101101 $
1&
b0110001101010 >
b0110001101011 A
1C
1D
#31815
0&
0C
0D
#31820
b00000000000000000000110001101110 "
b00000000000000000000110001101110 $
1&
b0110001101011 >
b0110001101100 A
1C
1D
#31825
0&
0C
0D
#31830
b00000000000000000000110001101111 "
b00000000000000000000110001101111 $
1&
b0110001101100 >
b0110001101101 A
1C
1D
#31835
0&
0C
0D
#31840
b00000000000000000000110001110000 "
b00000000000000000000110001110000 $
1&
b0110001101101 >
b0110001101110 A
1C
1D
#31845
0&
0C
0D
#31850
b00000000000000000000110001110001 "
b00000000000000000000110001110001 $
1&
b0110001101110 >
b0110001101111 A
1C
1D
#31855
0&
0C
0D
#31860
b00000000000000000000110001110010 "
b00000000000000000000110001110010 $
1&
b0110001101111 >
b0110001110000 A
1C
1D
#31865
0&
0C
0D
#31870
b00000000000000000000110001110011 "
b00000000000000000000110001110011 $
1&
b0110001110000 >
b0110001110001 A
1C
1D
#31875
0&
0C
0D
#31880
b00000000000000000000110001110100 "
b00000000000000000000110001110100 $
1&
b0110001110001 >
b0110001110010 A
1C
1D
#31885
0&
0C
0D
#31890
b00000000000000000000110001110101 "
b00000000000000000000110001110101 $
1&
b0110001110010 >
b0110001110011 A
1C
1D
#31895
0&
0C
0D
#31900
b00000000000000000000110001110110 "
b00000000000000000000110001110110 $
1&
b0110001110011 >
b0110001110100 A
1C
1D
#31905
0&
0C
0D
#31910
b00000000000000000000110001110111 "
b00000000000000000000110001110111 $
1&
b0110001110100 >
b0110001110101 A
1C
1D
#31915
0&
0C
0D
#31920
b00000000000000000000110001111000 "
b00000000000000000000110001111000 $
1&
b0110001110101 >
b0110001110110 A
1C
1D
#31925
0&
0C
0D
#31930
b00000000000000000000110001111001 "
b00000000000000000000110001111001 $
1&
b0110001110110 >
b0110001110111 A
1C
1D
#31935
0&
0C
0D
#31940
b00000000000000000000110001111010 "
b00000000000000000000110001111010 $
1&
b0110001110111 >
b0110001111000 A
1C
1D
#31945
0&
0C
0D
#31950
b00000000000000000000110001111011 "
b00000000000000000000110001111011 $
1&
b0110001111000 >
b0110001111001 A
1C
1D
#31955
0&
0C
0D
#31960
b00000000000000000000110001111100 "
b00000000000000000000110001111100 $
1&
b0110001111001 >
b0110001111010 A
1C
1D
#31965
0&
0C
0D
#31970
b00000000000000000000110001111101 "
b00000000000000000000110001111101 $
1&
b0110001111010 >
b0110001111011 A
1C
1D
#31975
0&
0C
0D
#31980
b00000000000000000000110001111110 "
b00000000000000000000110001111110 $
1&
b0110001111011 >
b0110001111100 A
1C
1D
#31985
0&
0C
0D
#31990
b00000000000000000000110001111111 "
b00000000000000000000110001111111 $
1&
b0110001111100 >
b0110001111101 A
1C
1D
#31995
0&
0C
0D
#32000
b00000000000000000000110010000000 "
b00000000000000000000110010000000 $
1&
b0110001111101 >
b0110001111110 A
1C
1D
#32005
0&
0C
0D
#32010
b00000000000000000000110010000001 "
b00000000000000000000110010000001 $
1&
b0110001111110 >
b0110001111111 A
1C
1D
#32015
0&
0C
0D
#32020
b00000000000000000000110010000010 "
b00000000000000000000110010000010 $
1&
b0110001111111 >
b0110010000000 A
1C
1D
#32025
0&
0C
0D
#32030
b00000000000000000000110010000011 "
b00000000000000000000110010000011 $
1&
b0110010000000 >
b0110010000001 A
1C
1D
#32035
0&
0C
0D
#32040
b00000000000000000000110010000100 "
b00000000000000000000110010000100 $
1&
b0110010000001 >
b0110010000010 A
1C
1D
#32045
0&
0C
0D
#32050
b00000000000000000000110010000101 "
b00000000000000000000110010000101 $
1&
b0110010000010 >
b0110010000011 A
1C
1D
#32055
0&
0C
0D
#32060
b00000000000000000000110010000110 "
b00000000000000000000110010000110 $
1&
b0110010000011 >
b0110010000100 A
1C
1D
#32065
0&
0C
0D
#32070
b00000000000000000000110010000111 "
b00000000000000000000110010000111 $
1&
b0110010000100 >
b0110010000101 A
1C
1D
#32075
0&
0C
0D
#32080
b00000000000000000000110010001000 "
b00000000000000000000110010001000 $
1&
b0110010000101 >
b0110010000110 A
1C
1D
#32085
0&
0C
0D
#32090
b00000000000000000000110010001001 "
b00000000000000000000110010001001 $
1&
b0110010000110 >
b0110010000111 A
1C
1D
#32095
0&
0C
0D
#32100
b00000000000000000000110010001010 "
b00000000000000000000110010001010 $
1&
b0110010000111 >
b0110010001000 A
1C
1D
#32105
0&
0C
0D
#32110
b00000000000000000000110010001011 "
b00000000000000000000110010001011 $
1&
b0110010001000 >
b0110010001001 A
1C
1D
#32115
0&
0C
0D
#32120
b00000000000000000000110010001100 "
b00000000000000000000110010001100 $
1&
b0110010001001 >
b0110010001010 A
1C
1D
#32125
0&
0C
0D
#32130
b00000000000000000000110010001101 "
b00000000000000000000110010001101 $
1&
b0110010001010 >
b0110010001011 A
1C
1D
#32135
0&
0C
0D
#32140
b00000000000000000000110010001110 "
b00000000000000000000110010001110 $
1&
b0110010001011 >
b0110010001100 A
1C
1D
#32145
0&
0C
0D
#32150
b00000000000000000000110010001111 "
b00000000000000000000110010001111 $
1&
b0110010001100 >
b0110010001101 A
1C
1D
#32155
0&
0C
0D
#32160
b00000000000000000000110010010000 "
b00000000000000000000110010010000 $
1&
b0110010001101 >
b0110010001110 A
1C
1D
#32165
0&
0C
0D
#32170
b00000000000000000000110010010001 "
b00000000000000000000110010010001 $
1&
b0110010001110 >
b0110010001111 A
1C
1D
#32175
0&
0C
0D
#32180
b00000000000000000000110010010010 "
b00000000000000000000110010010010 $
1&
b0110010001111 >
b0110010010000 A
1C
1D
#32185
0&
0C
0D
#32190
b00000000000000000000110010010011 "
b00000000000000000000110010010011 $
1&
b0110010010000 >
b0110010010001 A
1C
1D
#32195
0&
0C
0D
#32200
b00000000000000000000110010010100 "
b00000000000000000000110010010100 $
1&
b0110010010001 >
b0110010010010 A
1C
1D
#32205
0&
0C
0D
#32210
b00000000000000000000110010010101 "
b00000000000000000000110010010101 $
1&
b0110010010010 >
b0110010010011 A
1C
1D
#32215
0&
0C
0D
#32220
b00000000000000000000110010010110 "
b00000000000000000000110010010110 $
1&
b0110010010011 >
b0110010010100 A
1C
1D
#32225
0&
0C
0D
#32230
b00000000000000000000110010010111 "
b00000000000000000000110010010111 $
1&
b0110010010100 >
b0110010010101 A
1C
1D
#32235
0&
0C
0D
#32240
b00000000000000000000110010011000 "
b00000000000000000000110010011000 $
1&
b0110010010101 >
b0110010010110 A
1C
1D
#32245
0&
0C
0D
#32250
b00000000000000000000110010011001 "
b00000000000000000000110010011001 $
1&
b0110010010110 >
b0110010010111 A
1C
1D
#32255
0&
0C
0D
#32260
b00000000000000000000110010011010 "
b00000000000000000000110010011010 $
1&
b0110010010111 >
b0110010011000 A
1C
1D
#32265
0&
0C
0D
#32270
b00000000000000000000110010011011 "
b00000000000000000000110010011011 $
1&
b0110010011000 >
b0110010011001 A
1C
1D
#32275
0&
0C
0D
#32280
b00000000000000000000110010011100 "
b00000000000000000000110010011100 $
1&
b0110010011001 >
b0110010011010 A
1C
1D
#32285
0&
0C
0D
#32290
b00000000000000000000110010011101 "
b00000000000000000000110010011101 $
1&
b0110010011010 >
b0110010011011 A
1C
1D
#32295
0&
0C
0D
#32300
b00000000000000000000110010011110 "
b00000000000000000000110010011110 $
1&
b0110010011011 >
b0110010011100 A
1C
1D
#32305
0&
0C
0D
#32310
b00000000000000000000110010011111 "
b00000000000000000000110010011111 $
1&
b0110010011100 >
b0110010011101 A
1C
1D
#32315
0&
0C
0D
#32320
b00000000000000000000110010100000 "
b00000000000000000000110010100000 $
1&
b0110010011101 >
b0110010011110 A
1C
1D
#32325
0&
0C
0D
#32330
b00000000000000000000110010100001 "
b00000000000000000000110010100001 $
1&
b0110010011110 >
b0110010011111 A
1C
1D
#32335
0&
0C
0D
#32340
b00000000000000000000110010100010 "
b00000000000000000000110010100010 $
1&
b0110010011111 >
b0110010100000 A
1C
1D
#32345
0&
0C
0D
#32350
b00000000000000000000110010100011 "
b00000000000000000000110010100011 $
1&
b0110010100000 >
b0110010100001 A
1C
1D
#32355
0&
0C
0D
#32360
b00000000000000000000110010100100 "
b00000000000000000000110010100100 $
1&
b0110010100001 >
b0110010100010 A
1C
1D
#32365
0&
0C
0D
#32370
b00000000000000000000110010100101 "
b00000000000000000000110010100101 $
1&
b0110010100010 >
b0110010100011 A
1C
1D
#32375
0&
0C
0D
#32380
b00000000000000000000110010100110 "
b00000000000000000000110010100110 $
1&
b0110010100011 >
b0110010100100 A
1C
1D
#32385
0&
0C
0D
#32390
b00000000000000000000110010100111 "
b00000000000000000000110010100111 $
1&
b0110010100100 >
b0110010100101 A
1C
1D
#32395
0&
0C
0D
#32400
b00000000000000000000110010101000 "
b00000000000000000000110010101000 $
1&
b0110010100101 >
b0110010100110 A
1C
1D
#32405
0&
0C
0D
#32410
b00000000000000000000110010101001 "
b00000000000000000000110010101001 $
1&
b0110010100110 >
b0110010100111 A
1C
1D
#32415
0&
0C
0D
#32420
b00000000000000000000110010101010 "
b00000000000000000000110010101010 $
1&
b0110010100111 >
b0110010101000 A
1C
1D
#32425
0&
0C
0D
#32430
b00000000000000000000110010101011 "
b00000000000000000000110010101011 $
1&
b0110010101000 >
b0110010101001 A
1C
1D
#32435
0&
0C
0D
#32440
b00000000000000000000110010101100 "
b00000000000000000000110010101100 $
1&
b0110010101001 >
b0110010101010 A
1C
1D
#32445
0&
0C
0D
#32450
b00000000000000000000110010101101 "
b00000000000000000000110010101101 $
1&
b0110010101010 >
b0110010101011 A
1C
1D
#32455
0&
0C
0D
#32460
b00000000000000000000110010101110 "
b00000000000000000000110010101110 $
1&
b0110010101011 >
b0110010101100 A
1C
1D
#32465
0&
0C
0D
#32470
b00000000000000000000110010101111 "
b00000000000000000000110010101111 $
1&
b0110010101100 >
b0110010101101 A
1C
1D
#32475
0&
0C
0D
#32480
b00000000000000000000110010110000 "
b00000000000000000000110010110000 $
1&
b0110010101101 >
b0110010101110 A
1C
1D
#32485
0&
0C
0D
#32490
b00000000000000000000110010110001 "
b00000000000000000000110010110001 $
1&
b0110010101110 >
b0110010101111 A
1C
1D
#32495
0&
0C
0D
#32500
b00000000000000000000110010110010 "
b00000000000000000000110010110010 $
1&
b0110010101111 >
b0110010110000 A
1C
1D
#32505
0&
0C
0D
#32510
b00000000000000000000110010110011 "
b00000000000000000000110010110011 $
1&
b0110010110000 >
b0110010110001 A
1C
1D
#32515
0&
0C
0D
#32520
b00000000000000000000110010110100 "
b00000000000000000000110010110100 $
1&
b0110010110001 >
b0110010110010 A
1C
1D
#32525
0&
0C
0D
#32530
b00000000000000000000110010110101 "
b00000000000000000000110010110101 $
1&
b0110010110010 >
b0110010110011 A
1C
1D
#32535
0&
0C
0D
#32540
b00000000000000000000110010110110 "
b00000000000000000000110010110110 $
1&
b0110010110011 >
b0110010110100 A
1C
1D
#32545
0&
0C
0D
#32550
b00000000000000000000110010110111 "
b00000000000000000000110010110111 $
1&
b0110010110100 >
b0110010110101 A
1C
1D
#32555
0&
0C
0D
#32560
b00000000000000000000110010111000 "
b00000000000000000000110010111000 $
1&
b0110010110101 >
b0110010110110 A
1C
1D
#32565
0&
0C
0D
#32570
b00000000000000000000110010111001 "
b00000000000000000000110010111001 $
1&
b0110010110110 >
b0110010110111 A
1C
1D
#32575
0&
0C
0D
#32580
b00000000000000000000110010111010 "
b00000000000000000000110010111010 $
1&
b0110010110111 >
b0110010111000 A
1C
1D
#32585
0&
0C
0D
#32590
b00000000000000000000110010111011 "
b00000000000000000000110010111011 $
1&
b0110010111000 >
b0110010111001 A
1C
1D
#32595
0&
0C
0D
#32600
b00000000000000000000110010111100 "
b00000000000000000000110010111100 $
1&
b0110010111001 >
b0110010111010 A
1C
1D
#32605
0&
0C
0D
#32610
b00000000000000000000110010111101 "
b00000000000000000000110010111101 $
1&
b0110010111010 >
b0110010111011 A
1C
1D
#32615
0&
0C
0D
#32620
b00000000000000000000110010111110 "
b00000000000000000000110010111110 $
1&
b0110010111011 >
b0110010111100 A
1C
1D
#32625
0&
0C
0D
#32630
b00000000000000000000110010111111 "
b00000000000000000000110010111111 $
1&
b0110010111100 >
b0110010111101 A
1C
1D
#32635
0&
0C
0D
#32640
b00000000000000000000110011000000 "
b00000000000000000000110011000000 $
1&
b0110010111101 >
b0110010111110 A
1C
1D
#32645
0&
0C
0D
#32650
b00000000000000000000110011000001 "
b00000000000000000000110011000001 $
1&
b0110010111110 >
b0110010111111 A
1C
1D
#32655
0&
0C
0D
#32660
b00000000000000000000110011000010 "
b00000000000000000000110011000010 $
1&
b0110010111111 >
b0110011000000 A
1C
1D
#32665
0&
0C
0D
#32670
b00000000000000000000110011000011 "
b00000000000000000000110011000011 $
1&
b0110011000000 >
b0110011000001 A
1C
1D
#32675
0&
0C
0D
#32680
b00000000000000000000110011000100 "
b00000000000000000000110011000100 $
1&
b0110011000001 >
b0110011000010 A
1C
1D
#32685
0&
0C
0D
#32690
b00000000000000000000110011000101 "
b00000000000000000000110011000101 $
1&
b0110011000010 >
b0110011000011 A
1C
1D
#32695
0&
0C
0D
#32700
b00000000000000000000110011000110 "
b00000000000000000000110011000110 $
1&
b0110011000011 >
b0110011000100 A
1C
1D
#32705
0&
0C
0D
#32710
b00000000000000000000110011000111 "
b00000000000000000000110011000111 $
1&
b0110011000100 >
b0110011000101 A
1C
1D
#32715
0&
0C
0D
#32720
b00000000000000000000110011001000 "
b00000000000000000000110011001000 $
1&
b0110011000101 >
b0110011000110 A
1C
1D
#32725
0&
0C
0D
#32730
b00000000000000000000110011001001 "
b00000000000000000000110011001001 $
1&
b0110011000110 >
b0110011000111 A
1C
1D
#32735
0&
0C
0D
#32740
b00000000000000000000110011001010 "
b00000000000000000000110011001010 $
1&
b0110011000111 >
b0110011001000 A
1C
1D
#32745
0&
0C
0D
#32750
b00000000000000000000110011001011 "
b00000000000000000000110011001011 $
1&
b0110011001000 >
b0110011001001 A
1C
1D
#32755
0&
0C
0D
#32760
b00000000000000000000110011001100 "
b00000000000000000000110011001100 $
1&
b0110011001001 >
b0110011001010 A
1C
1D
#32765
0&
0C
0D
#32770
b00000000000000000000110011001101 "
b00000000000000000000110011001101 $
1&
b0110011001010 >
b0110011001011 A
1C
1D
#32775
0&
0C
0D
#32780
b00000000000000000000110011001110 "
b00000000000000000000110011001110 $
1&
b0110011001011 >
b0110011001100 A
1C
1D
#32785
0&
0C
0D
#32790
b00000000000000000000110011001111 "
b00000000000000000000110011001111 $
1&
b0110011001100 >
b0110011001101 A
1C
1D
#32795
0&
0C
0D
#32800
b00000000000000000000110011010000 "
b00000000000000000000110011010000 $
1&
b0110011001101 >
b0110011001110 A
1C
1D
#32805
0&
0C
0D
#32810
b00000000000000000000110011010001 "
b00000000000000000000110011010001 $
1&
b0110011001110 >
b0110011001111 A
1C
1D
#32815
0&
0C
0D
#32820
b00000000000000000000110011010010 "
b00000000000000000000110011010010 $
1&
b0110011001111 >
b0110011010000 A
1C
1D
#32825
0&
0C
0D
#32830
b00000000000000000000110011010011 "
b00000000000000000000110011010011 $
1&
b0110011010000 >
b0110011010001 A
1C
1D
#32835
0&
0C
0D
#32840
b00000000000000000000110011010100 "
b00000000000000000000110011010100 $
1&
b0110011010001 >
b0110011010010 A
1C
1D
#32845
0&
0C
0D
#32850
b00000000000000000000110011010101 "
b00000000000000000000110011010101 $
1&
b0110011010010 >
b0110011010011 A
1C
1D
#32855
0&
0C
0D
#32860
b00000000000000000000110011010110 "
b00000000000000000000110011010110 $
1&
b0110011010011 >
b0110011010100 A
1C
1D
#32865
0&
0C
0D
#32870
b00000000000000000000110011010111 "
b00000000000000000000110011010111 $
1&
b0110011010100 >
b0110011010101 A
1C
1D
#32875
0&
0C
0D
#32880
b00000000000000000000110011011000 "
b00000000000000000000110011011000 $
1&
b0110011010101 >
b0110011010110 A
1C
1D
#32885
0&
0C
0D
#32890
b00000000000000000000110011011001 "
b00000000000000000000110011011001 $
1&
b0110011010110 >
b0110011010111 A
1C
1D
#32895
0&
0C
0D
#32900
b00000000000000000000110011011010 "
b00000000000000000000110011011010 $
1&
b0110011010111 >
b0110011011000 A
1C
1D
#32905
0&
0C
0D
#32910
b00000000000000000000110011011011 "
b00000000000000000000110011011011 $
1&
b0110011011000 >
b0110011011001 A
1C
1D
#32915
0&
0C
0D
#32920
b00000000000000000000110011011100 "
b00000000000000000000110011011100 $
1&
b0110011011001 >
b0110011011010 A
1C
1D
#32925
0&
0C
0D
#32930
b00000000000000000000110011011101 "
b00000000000000000000110011011101 $
1&
b0110011011010 >
b0110011011011 A
1C
1D
#32935
0&
0C
0D
#32940
b00000000000000000000110011011110 "
b00000000000000000000110011011110 $
1&
b0110011011011 >
b0110011011100 A
1C
1D
#32945
0&
0C
0D
#32950
b00000000000000000000110011011111 "
b00000000000000000000110011011111 $
1&
b0110011011100 >
b0110011011101 A
1C
1D
#32955
0&
0C
0D
#32960
b00000000000000000000110011100000 "
b00000000000000000000110011100000 $
1&
b0110011011101 >
b0110011011110 A
1C
1D
#32965
0&
0C
0D
#32970
b00000000000000000000110011100001 "
b00000000000000000000110011100001 $
1&
b0110011011110 >
b0110011011111 A
1C
1D
#32975
0&
0C
0D
#32980
b00000000000000000000110011100010 "
b00000000000000000000110011100010 $
1&
b0110011011111 >
b0110011100000 A
1C
1D
#32985
0&
0C
0D
#32990
b00000000000000000000110011100011 "
b00000000000000000000110011100011 $
1&
b0110011100000 >
b0110011100001 A
1C
1D
#32995
0&
0C
0D
#33000
b00000000000000000000110011100100 "
b00000000000000000000110011100100 $
1&
b0110011100001 >
b0110011100010 A
1C
1D
#33005
0&
0C
0D
#33010
b00000000000000000000110011100101 "
b00000000000000000000110011100101 $
1&
b0110011100010 >
b0110011100011 A
1C
1D
#33015
0&
0C
0D
#33020
b00000000000000000000110011100110 "
b00000000000000000000110011100110 $
1&
b0110011100011 >
b0110011100100 A
1C
1D
#33025
0&
0C
0D
#33030
b00000000000000000000110011100111 "
b00000000000000000000110011100111 $
1&
b0110011100100 >
b0110011100101 A
1C
1D
#33035
0&
0C
0D
#33040
b00000000000000000000110011101000 "
b00000000000000000000110011101000 $
1&
b0110011100101 >
b0110011100110 A
1C
1D
#33045
0&
0C
0D
#33050
b00000000000000000000110011101001 "
b00000000000000000000110011101001 $
1&
b0110011100110 >
b0110011100111 A
1C
1D
#33055
0&
0C
0D
#33060
b00000000000000000000110011101010 "
b00000000000000000000110011101010 $
1&
b0110011100111 >
b0110011101000 A
1C
1D
#33065
0&
0C
0D
#33070
b00000000000000000000110011101011 "
b00000000000000000000110011101011 $
1&
b0110011101000 >
b0110011101001 A
1C
1D
#33075
0&
0C
0D
#33080
b00000000000000000000110011101100 "
b00000000000000000000110011101100 $
1&
b0110011101001 >
b0110011101010 A
1C
1D
#33085
0&
0C
0D
#33090
b00000000000000000000110011101101 "
b00000000000000000000110011101101 $
1&
b0110011101010 >
b0110011101011 A
1C
1D
#33095
0&
0C
0D
#33100
b00000000000000000000110011101110 "
b00000000000000000000110011101110 $
1&
b0110011101011 >
b0110011101100 A
1C
1D
#33105
0&
0C
0D
#33110
b00000000000000000000110011101111 "
b00000000000000000000110011101111 $
1&
b0110011101100 >
b0110011101101 A
1C
1D
#33115
0&
0C
0D
#33120
b00000000000000000000110011110000 "
b00000000000000000000110011110000 $
1&
b0110011101101 >
b0110011101110 A
1C
1D
#33125
0&
0C
0D
#33130
b00000000000000000000110011110001 "
b00000000000000000000110011110001 $
1&
b0110011101110 >
b0110011101111 A
1C
1D
#33135
0&
0C
0D
#33140
b00000000000000000000110011110010 "
b00000000000000000000110011110010 $
1&
b0110011101111 >
b0110011110000 A
1C
1D
#33145
0&
0C
0D
#33150
b00000000000000000000110011110011 "
b00000000000000000000110011110011 $
1&
b0110011110000 >
b0110011110001 A
1C
1D
#33155
0&
0C
0D
#33160
b00000000000000000000110011110100 "
b00000000000000000000110011110100 $
1&
b0110011110001 >
b0110011110010 A
1C
1D
#33165
0&
0C
0D
#33170
b00000000000000000000110011110101 "
b00000000000000000000110011110101 $
1&
b0110011110010 >
b0110011110011 A
1C
1D
#33175
0&
0C
0D
#33180
b00000000000000000000110011110110 "
b00000000000000000000110011110110 $
1&
b0110011110011 >
b0110011110100 A
1C
1D
#33185
0&
0C
0D
#33190
b00000000000000000000110011110111 "
b00000000000000000000110011110111 $
1&
b0110011110100 >
b0110011110101 A
1C
1D
#33195
0&
0C
0D
#33200
b00000000000000000000110011111000 "
b00000000000000000000110011111000 $
1&
b0110011110101 >
b0110011110110 A
1C
1D
#33205
0&
0C
0D
#33210
b00000000000000000000110011111001 "
b00000000000000000000110011111001 $
1&
b0110011110110 >
b0110011110111 A
1C
1D
#33215
0&
0C
0D
#33220
b00000000000000000000110011111010 "
b00000000000000000000110011111010 $
1&
b0110011110111 >
b0110011111000 A
1C
1D
#33225
0&
0C
0D
#33230
b00000000000000000000110011111011 "
b00000000000000000000110011111011 $
1&
b0110011111000 >
b0110011111001 A
1C
1D
#33235
0&
0C
0D
#33240
b00000000000000000000110011111100 "
b00000000000000000000110011111100 $
1&
b0110011111001 >
b0110011111010 A
1C
1D
#33245
0&
0C
0D
#33250
b00000000000000000000110011111101 "
b00000000000000000000110011111101 $
1&
b0110011111010 >
b0110011111011 A
1C
1D
#33255
0&
0C
0D
#33260
b00000000000000000000110011111110 "
b00000000000000000000110011111110 $
1&
b0110011111011 >
b0110011111100 A
1C
1D
#33265
0&
0C
0D
#33270
b00000000000000000000110011111111 "
b00000000000000000000110011111111 $
1&
b0110011111100 >
b0110011111101 A
1C
1D
#33275
0&
0C
0D
#33280
b00000000000000000000110100000000 "
b00000000000000000000110100000000 $
1&
b0110011111101 >
b0110011111110 A
1C
1D
#33285
0&
0C
0D
#33290
b00000000000000000000110100000001 "
b00000000000000000000110100000001 $
1&
b0110011111110 >
b0110011111111 A
1C
1D
#33295
0&
0C
0D
#33300
b00000000000000000000110100000010 "
b00000000000000000000110100000010 $
1&
b0110011111111 >
b0110100000000 A
1C
1D
#33305
0&
0C
0D
#33310
b00000000000000000000110100000011 "
b00000000000000000000110100000011 $
1&
b0110100000000 >
b0110100000001 A
1C
1D
#33315
0&
0C
0D
#33320
b00000000000000000000110100000100 "
b00000000000000000000110100000100 $
1&
b0110100000001 >
b0110100000010 A
1C
1D
#33325
0&
0C
0D
#33330
b00000000000000000000110100000101 "
b00000000000000000000110100000101 $
1&
b0110100000010 >
b0110100000011 A
1C
1D
#33335
0&
0C
0D
#33340
b00000000000000000000110100000110 "
b00000000000000000000110100000110 $
1&
b0110100000011 >
b0110100000100 A
1C
1D
#33345
0&
0C
0D
#33350
b00000000000000000000110100000111 "
b00000000000000000000110100000111 $
1&
b0110100000100 >
b0110100000101 A
1C
1D
#33355
0&
0C
0D
#33360
b00000000000000000000110100001000 "
b00000000000000000000110100001000 $
1&
b0110100000101 >
b0110100000110 A
1C
1D
#33365
0&
0C
0D
#33370
b00000000000000000000110100001001 "
b00000000000000000000110100001001 $
1&
b0110100000110 >
b0110100000111 A
1C
1D
#33375
0&
0C
0D
#33380
b00000000000000000000110100001010 "
b00000000000000000000110100001010 $
1&
b0110100000111 >
b0110100001000 A
1C
1D
#33385
0&
0C
0D
#33390
b00000000000000000000110100001011 "
b00000000000000000000110100001011 $
1&
b0110100001000 >
b0110100001001 A
1C
1D
#33395
0&
0C
0D
#33400
b00000000000000000000110100001100 "
b00000000000000000000110100001100 $
1&
b0110100001001 >
b0110100001010 A
1C
1D
#33405
0&
0C
0D
#33410
b00000000000000000000110100001101 "
b00000000000000000000110100001101 $
1&
b0110100001010 >
b0110100001011 A
1C
1D
#33415
0&
0C
0D
#33420
b00000000000000000000110100001110 "
b00000000000000000000110100001110 $
1&
b0110100001011 >
b0110100001100 A
1C
1D
#33425
0&
0C
0D
#33430
b00000000000000000000110100001111 "
b00000000000000000000110100001111 $
1&
b0110100001100 >
b0110100001101 A
1C
1D
#33435
0&
0C
0D
#33440
b00000000000000000000110100010000 "
b00000000000000000000110100010000 $
1&
b0110100001101 >
b0110100001110 A
1C
1D
#33445
0&
0C
0D
#33450
b00000000000000000000110100010001 "
b00000000000000000000110100010001 $
1&
b0110100001110 >
b0110100001111 A
1C
1D
#33455
0&
0C
0D
#33460
b00000000000000000000110100010010 "
b00000000000000000000110100010010 $
1&
b0110100001111 >
b0110100010000 A
1C
1D
#33465
0&
0C
0D
#33470
b00000000000000000000110100010011 "
b00000000000000000000110100010011 $
1&
b0110100010000 >
b0110100010001 A
1C
1D
#33475
0&
0C
0D
#33480
b00000000000000000000110100010100 "
b00000000000000000000110100010100 $
1&
b0110100010001 >
b0110100010010 A
1C
1D
#33485
0&
0C
0D
#33490
b00000000000000000000110100010101 "
b00000000000000000000110100010101 $
1&
b0110100010010 >
b0110100010011 A
1C
1D
#33495
0&
0C
0D
#33500
b00000000000000000000110100010110 "
b00000000000000000000110100010110 $
1&
b0110100010011 >
b0110100010100 A
1C
1D
#33505
0&
0C
0D
#33510
b00000000000000000000110100010111 "
b00000000000000000000110100010111 $
1&
b0110100010100 >
b0110100010101 A
1C
1D
#33515
0&
0C
0D
#33520
b00000000000000000000110100011000 "
b00000000000000000000110100011000 $
1&
b0110100010101 >
b0110100010110 A
1C
1D
#33525
0&
0C
0D
#33530
b00000000000000000000110100011001 "
b00000000000000000000110100011001 $
1&
b0110100010110 >
b0110100010111 A
1C
1D
#33535
0&
0C
0D
#33540
b00000000000000000000110100011010 "
b00000000000000000000110100011010 $
1&
b0110100010111 >
b0110100011000 A
1C
1D
#33545
0&
0C
0D
#33550
b00000000000000000000110100011011 "
b00000000000000000000110100011011 $
1&
b0110100011000 >
b0110100011001 A
1C
1D
#33555
0&
0C
0D
#33560
b00000000000000000000110100011100 "
b00000000000000000000110100011100 $
1&
b0110100011001 >
b0110100011010 A
1C
1D
#33565
0&
0C
0D
#33570
b00000000000000000000110100011101 "
b00000000000000000000110100011101 $
1&
b0110100011010 >
b0110100011011 A
1C
1D
#33575
0&
0C
0D
#33580
b00000000000000000000110100011110 "
b00000000000000000000110100011110 $
1&
b0110100011011 >
b0110100011100 A
1C
1D
#33585
0&
0C
0D
#33590
b00000000000000000000110100011111 "
b00000000000000000000110100011111 $
1&
b0110100011100 >
b0110100011101 A
1C
1D
#33595
0&
0C
0D
#33600
b00000000000000000000110100100000 "
b00000000000000000000110100100000 $
1&
b0110100011101 >
b0110100011110 A
1C
1D
#33605
0&
0C
0D
#33610
b00000000000000000000110100100001 "
b00000000000000000000110100100001 $
1&
b0110100011110 >
b0110100011111 A
1C
1D
#33615
0&
0C
0D
#33620
b00000000000000000000110100100010 "
b00000000000000000000110100100010 $
1&
b0110100011111 >
b0110100100000 A
1C
1D
#33625
0&
0C
0D
#33630
b00000000000000000000110100100011 "
b00000000000000000000110100100011 $
1&
b0110100100000 >
b0110100100001 A
1C
1D
#33635
0&
0C
0D
#33640
b00000000000000000000110100100100 "
b00000000000000000000110100100100 $
1&
b0110100100001 >
b0110100100010 A
1C
1D
#33645
0&
0C
0D
#33650
b00000000000000000000110100100101 "
b00000000000000000000110100100101 $
1&
b0110100100010 >
b0110100100011 A
1C
1D
#33655
0&
0C
0D
#33660
b00000000000000000000110100100110 "
b00000000000000000000110100100110 $
1&
b0110100100011 >
b0110100100100 A
1C
1D
#33665
0&
0C
0D
#33670
b00000000000000000000110100100111 "
b00000000000000000000110100100111 $
1&
b0110100100100 >
b0110100100101 A
1C
1D
#33675
0&
0C
0D
#33680
b00000000000000000000110100101000 "
b00000000000000000000110100101000 $
1&
b0110100100101 >
b0110100100110 A
1C
1D
#33685
0&
0C
0D
#33690
b00000000000000000000110100101001 "
b00000000000000000000110100101001 $
1&
b0110100100110 >
b0110100100111 A
1C
1D
#33695
0&
0C
0D
#33700
b00000000000000000000110100101010 "
b00000000000000000000110100101010 $
1&
b0110100100111 >
b0110100101000 A
1C
1D
#33705
0&
0C
0D
#33710
b00000000000000000000110100101011 "
b00000000000000000000110100101011 $
1&
b0110100101000 >
b0110100101001 A
1C
1D
#33715
0&
0C
0D
#33720
b00000000000000000000110100101100 "
b00000000000000000000110100101100 $
1&
b0110100101001 >
b0110100101010 A
1C
1D
#33725
0&
0C
0D
#33730
b00000000000000000000110100101101 "
b00000000000000000000110100101101 $
1&
b0110100101010 >
b0110100101011 A
1C
1D
#33735
0&
0C
0D
#33740
b00000000000000000000110100101110 "
b00000000000000000000110100101110 $
1&
b0110100101011 >
b0110100101100 A
1C
1D
#33745
0&
0C
0D
#33750
b00000000000000000000110100101111 "
b00000000000000000000110100101111 $
1&
b0110100101100 >
b0110100101101 A
1C
1D
#33755
0&
0C
0D
#33760
b00000000000000000000110100110000 "
b00000000000000000000110100110000 $
1&
b0110100101101 >
b0110100101110 A
1C
1D
#33765
0&
0C
0D
#33770
b00000000000000000000110100110001 "
b00000000000000000000110100110001 $
1&
b0110100101110 >
b0110100101111 A
1C
1D
#33775
0&
0C
0D
#33780
b00000000000000000000110100110010 "
b00000000000000000000110100110010 $
1&
b0110100101111 >
b0110100110000 A
1C
1D
#33785
0&
0C
0D
#33790
b00000000000000000000110100110011 "
b00000000000000000000110100110011 $
1&
b0110100110000 >
b0110100110001 A
1C
1D
#33795
0&
0C
0D
#33800
b00000000000000000000110100110100 "
b00000000000000000000110100110100 $
1&
b0110100110001 >
b0110100110010 A
1C
1D
#33805
0&
0C
0D
#33810
b00000000000000000000110100110101 "
b00000000000000000000110100110101 $
1&
b0110100110010 >
b0110100110011 A
1C
1D
#33815
0&
0C
0D
#33820
b00000000000000000000110100110110 "
b00000000000000000000110100110110 $
1&
b0110100110011 >
b0110100110100 A
1C
1D
#33825
0&
0C
0D
#33830
b00000000000000000000110100110111 "
b00000000000000000000110100110111 $
1&
b0110100110100 >
b0110100110101 A
1C
1D
#33835
0&
0C
0D
#33840
b00000000000000000000110100111000 "
b00000000000000000000110100111000 $
1&
b0110100110101 >
b0110100110110 A
1C
1D
#33845
0&
0C
0D
#33850
b00000000000000000000110100111001 "
b00000000000000000000110100111001 $
1&
b0110100110110 >
b0110100110111 A
1C
1D
#33855
0&
0C
0D
#33860
b00000000000000000000110100111010 "
b00000000000000000000110100111010 $
1&
b0110100110111 >
b0110100111000 A
1C
1D
#33865
0&
0C
0D
#33870
b00000000000000000000110100111011 "
b00000000000000000000110100111011 $
1&
b0110100111000 >
b0110100111001 A
1C
1D
#33875
0&
0C
0D
#33880
b00000000000000000000110100111100 "
b00000000000000000000110100111100 $
1&
b0110100111001 >
b0110100111010 A
1C
1D
#33885
0&
0C
0D
#33890
b00000000000000000000110100111101 "
b00000000000000000000110100111101 $
1&
b0110100111010 >
b0110100111011 A
1C
1D
#33895
0&
0C
0D
#33900
b00000000000000000000110100111110 "
b00000000000000000000110100111110 $
1&
b0110100111011 >
b0110100111100 A
1C
1D
#33905
0&
0C
0D
#33910
b00000000000000000000110100111111 "
b00000000000000000000110100111111 $
1&
b0110100111100 >
b0110100111101 A
1C
1D
#33915
0&
0C
0D
#33920
b00000000000000000000110101000000 "
b00000000000000000000110101000000 $
1&
b0110100111101 >
b0110100111110 A
1C
1D
#33925
0&
0C
0D
#33930
b00000000000000000000110101000001 "
b00000000000000000000110101000001 $
1&
b0110100111110 >
b0110100111111 A
1C
1D
#33935
0&
0C
0D
#33940
b00000000000000000000110101000010 "
b00000000000000000000110101000010 $
1&
b0110100111111 >
b0110101000000 A
1C
1D
#33945
0&
0C
0D
#33950
b00000000000000000000110101000011 "
b00000000000000000000110101000011 $
1&
b0110101000000 >
b0110101000001 A
1C
1D
#33955
0&
0C
0D
#33960
b00000000000000000000110101000100 "
b00000000000000000000110101000100 $
1&
b0110101000001 >
b0110101000010 A
1C
1D
#33965
0&
0C
0D
#33970
b00000000000000000000110101000101 "
b00000000000000000000110101000101 $
1&
b0110101000010 >
b0110101000011 A
1C
1D
#33975
0&
0C
0D
#33980
b00000000000000000000110101000110 "
b00000000000000000000110101000110 $
1&
b0110101000011 >
b0110101000100 A
1C
1D
#33985
0&
0C
0D
#33990
b00000000000000000000110101000111 "
b00000000000000000000110101000111 $
1&
b0110101000100 >
b0110101000101 A
1C
1D
#33995
0&
0C
0D
#34000
b00000000000000000000110101001000 "
b00000000000000000000110101001000 $
1&
b0110101000101 >
b0110101000110 A
1C
1D
#34005
0&
0C
0D
#34010
b00000000000000000000110101001001 "
b00000000000000000000110101001001 $
1&
b0110101000110 >
b0110101000111 A
1C
1D
#34015
0&
0C
0D
#34020
b00000000000000000000110101001010 "
b00000000000000000000110101001010 $
1&
b0110101000111 >
b0110101001000 A
1C
1D
#34025
0&
0C
0D
#34030
b00000000000000000000110101001011 "
b00000000000000000000110101001011 $
1&
b0110101001000 >
b0110101001001 A
1C
1D
#34035
0&
0C
0D
#34040
b00000000000000000000110101001100 "
b00000000000000000000110101001100 $
1&
b0110101001001 >
b0110101001010 A
1C
1D
#34045
0&
0C
0D
#34050
b00000000000000000000110101001101 "
b00000000000000000000110101001101 $
1&
b0110101001010 >
b0110101001011 A
1C
1D
#34055
0&
0C
0D
#34060
b00000000000000000000110101001110 "
b00000000000000000000110101001110 $
1&
b0110101001011 >
b0110101001100 A
1C
1D
#34065
0&
0C
0D
#34070
b00000000000000000000110101001111 "
b00000000000000000000110101001111 $
1&
b0110101001100 >
b0110101001101 A
1C
1D
#34075
0&
0C
0D
#34080
b00000000000000000000110101010000 "
b00000000000000000000110101010000 $
1&
b0110101001101 >
b0110101001110 A
1C
1D
#34085
0&
0C
0D
#34090
b00000000000000000000110101010001 "
b00000000000000000000110101010001 $
1&
b0110101001110 >
b0110101001111 A
1C
1D
#34095
0&
0C
0D
#34100
b00000000000000000000110101010010 "
b00000000000000000000110101010010 $
1&
b0110101001111 >
b0110101010000 A
1C
1D
#34105
0&
0C
0D
#34110
b00000000000000000000110101010011 "
b00000000000000000000110101010011 $
1&
b0110101010000 >
b0110101010001 A
1C
1D
#34115
0&
0C
0D
#34120
b00000000000000000000110101010100 "
b00000000000000000000110101010100 $
1&
b0110101010001 >
b0110101010010 A
1C
1D
#34125
0&
0C
0D
#34130
b00000000000000000000110101010101 "
b00000000000000000000110101010101 $
1&
b0110101010010 >
b0110101010011 A
1C
1D
#34135
0&
0C
0D
#34140
b00000000000000000000110101010110 "
b00000000000000000000110101010110 $
1&
b0110101010011 >
b0110101010100 A
1C
1D
#34145
0&
0C
0D
#34150
b00000000000000000000110101010111 "
b00000000000000000000110101010111 $
1&
b0110101010100 >
b0110101010101 A
1C
1D
#34155
0&
0C
0D
#34160
b00000000000000000000110101011000 "
b00000000000000000000110101011000 $
1&
b0110101010101 >
b0110101010110 A
1C
1D
#34165
0&
0C
0D
#34170
b00000000000000000000110101011001 "
b00000000000000000000110101011001 $
1&
b0110101010110 >
b0110101010111 A
1C
1D
#34175
0&
0C
0D
#34180
b00000000000000000000110101011010 "
b00000000000000000000110101011010 $
1&
b0110101010111 >
b0110101011000 A
1C
1D
#34185
0&
0C
0D
#34190
b00000000000000000000110101011011 "
b00000000000000000000110101011011 $
1&
b0110101011000 >
b0110101011001 A
1C
1D
#34195
0&
0C
0D
#34200
b00000000000000000000110101011100 "
b00000000000000000000110101011100 $
1&
b0110101011001 >
b0110101011010 A
1C
1D
#34205
0&
0C
0D
#34210
b00000000000000000000110101011101 "
b00000000000000000000110101011101 $
1&
b0110101011010 >
b0110101011011 A
1C
1D
#34215
0&
0C
0D
#34220
b00000000000000000000110101011110 "
b00000000000000000000110101011110 $
1&
b0110101011011 >
b0110101011100 A
1C
1D
#34225
0&
0C
0D
#34230
b00000000000000000000110101011111 "
b00000000000000000000110101011111 $
1&
b0110101011100 >
b0110101011101 A
1C
1D
#34235
0&
0C
0D
#34240
b00000000000000000000110101100000 "
b00000000000000000000110101100000 $
1&
b0110101011101 >
b0110101011110 A
1C
1D
#34245
0&
0C
0D
#34250
b00000000000000000000110101100001 "
b00000000000000000000110101100001 $
1&
b0110101011110 >
b0110101011111 A
1C
1D
#34255
0&
0C
0D
#34260
b00000000000000000000110101100010 "
b00000000000000000000110101100010 $
1&
b0110101011111 >
b0110101100000 A
1C
1D
#34265
0&
0C
0D
#34270
b00000000000000000000110101100011 "
b00000000000000000000110101100011 $
1&
b0110101100000 >
b0110101100001 A
1C
1D
#34275
0&
0C
0D
#34280
b00000000000000000000110101100100 "
b00000000000000000000110101100100 $
1&
b0110101100001 >
b0110101100010 A
1C
1D
#34285
0&
0C
0D
#34290
b00000000000000000000110101100101 "
b00000000000000000000110101100101 $
1&
b0110101100010 >
b0110101100011 A
1C
1D
#34295
0&
0C
0D
#34300
b00000000000000000000110101100110 "
b00000000000000000000110101100110 $
1&
b0110101100011 >
b0110101100100 A
1C
1D
#34305
0&
0C
0D
#34310
b00000000000000000000110101100111 "
b00000000000000000000110101100111 $
1&
b0110101100100 >
b0110101100101 A
1C
1D
#34315
0&
0C
0D
#34320
b00000000000000000000110101101000 "
b00000000000000000000110101101000 $
1&
b0110101100101 >
b0110101100110 A
1C
1D
#34325
0&
0C
0D
#34330
b00000000000000000000110101101001 "
b00000000000000000000110101101001 $
1&
b0110101100110 >
b0110101100111 A
1C
1D
#34335
0&
0C
0D
#34340
b00000000000000000000110101101010 "
b00000000000000000000110101101010 $
1&
b0110101100111 >
b0110101101000 A
1C
1D
#34345
0&
0C
0D
#34350
b00000000000000000000110101101011 "
b00000000000000000000110101101011 $
1&
b0110101101000 >
b0110101101001 A
1C
1D
#34355
0&
0C
0D
#34360
b00000000000000000000110101101100 "
b00000000000000000000110101101100 $
1&
b0110101101001 >
b0110101101010 A
1C
1D
#34365
0&
0C
0D
#34370
b00000000000000000000110101101101 "
b00000000000000000000110101101101 $
1&
b0110101101010 >
b0110101101011 A
1C
1D
#34375
0&
0C
0D
#34380
b00000000000000000000110101101110 "
b00000000000000000000110101101110 $
1&
b0110101101011 >
b0110101101100 A
1C
1D
#34385
0&
0C
0D
#34390
b00000000000000000000110101101111 "
b00000000000000000000110101101111 $
1&
b0110101101100 >
b0110101101101 A
1C
1D
#34395
0&
0C
0D
#34400
b00000000000000000000110101110000 "
b00000000000000000000110101110000 $
1&
b0110101101101 >
b0110101101110 A
1C
1D
#34405
0&
0C
0D
#34410
b00000000000000000000110101110001 "
b00000000000000000000110101110001 $
1&
b0110101101110 >
b0110101101111 A
1C
1D
#34415
0&
0C
0D
#34420
b00000000000000000000110101110010 "
b00000000000000000000110101110010 $
1&
b0110101101111 >
b0110101110000 A
1C
1D
#34425
0&
0C
0D
#34430
b00000000000000000000110101110011 "
b00000000000000000000110101110011 $
1&
b0110101110000 >
b0110101110001 A
1C
1D
#34435
0&
0C
0D
#34440
b00000000000000000000110101110100 "
b00000000000000000000110101110100 $
1&
b0110101110001 >
b0110101110010 A
1C
1D
#34445
0&
0C
0D
#34450
b00000000000000000000110101110101 "
b00000000000000000000110101110101 $
1&
b0110101110010 >
b0110101110011 A
1C
1D
#34455
0&
0C
0D
#34460
b00000000000000000000110101110110 "
b00000000000000000000110101110110 $
1&
b0110101110011 >
b0110101110100 A
1C
1D
#34465
0&
0C
0D
#34470
b00000000000000000000110101110111 "
b00000000000000000000110101110111 $
1&
b0110101110100 >
b0110101110101 A
1C
1D
#34475
0&
0C
0D
#34480
b00000000000000000000110101111000 "
b00000000000000000000110101111000 $
1&
b0110101110101 >
b0110101110110 A
1C
1D
#34485
0&
0C
0D
#34490
b00000000000000000000110101111001 "
b00000000000000000000110101111001 $
1&
b0110101110110 >
b0110101110111 A
1C
1D
#34495
0&
0C
0D
#34500
b00000000000000000000110101111010 "
b00000000000000000000110101111010 $
1&
b0110101110111 >
b0110101111000 A
1C
1D
#34505
0&
0C
0D
#34510
b00000000000000000000110101111011 "
b00000000000000000000110101111011 $
1&
b0110101111000 >
b0110101111001 A
1C
1D
#34515
0&
0C
0D
#34520
b00000000000000000000110101111100 "
b00000000000000000000110101111100 $
1&
b0110101111001 >
b0110101111010 A
1C
1D
#34525
0&
0C
0D
#34530
b00000000000000000000110101111101 "
b00000000000000000000110101111101 $
1&
b0110101111010 >
b0110101111011 A
1C
1D
#34535
0&
0C
0D
#34540
b00000000000000000000110101111110 "
b00000000000000000000110101111110 $
1&
b0110101111011 >
b0110101111100 A
1C
1D
#34545
0&
0C
0D
#34550
b00000000000000000000110101111111 "
b00000000000000000000110101111111 $
1&
b0110101111100 >
b0110101111101 A
1C
1D
#34555
0&
0C
0D
#34560
b00000000000000000000110110000000 "
b00000000000000000000110110000000 $
1&
b0110101111101 >
b0110101111110 A
1C
1D
#34565
0&
0C
0D
#34570
b00000000000000000000110110000001 "
b00000000000000000000110110000001 $
1&
b0110101111110 >
b0110101111111 A
1C
1D
#34575
0&
0C
0D
#34580
b00000000000000000000110110000010 "
b00000000000000000000110110000010 $
1&
b0110101111111 >
b0110110000000 A
1C
1D
#34585
0&
0C
0D
#34590
b00000000000000000000110110000011 "
b00000000000000000000110110000011 $
1&
b0110110000000 >
b0110110000001 A
1C
1D
#34595
0&
0C
0D
#34600
b00000000000000000000110110000100 "
b00000000000000000000110110000100 $
1&
b0110110000001 >
b0110110000010 A
1C
1D
#34605
0&
0C
0D
#34610
b00000000000000000000110110000101 "
b00000000000000000000110110000101 $
1&
b0110110000010 >
b0110110000011 A
1C
1D
#34615
0&
0C
0D
#34620
b00000000000000000000110110000110 "
b00000000000000000000110110000110 $
1&
b0110110000011 >
b0110110000100 A
1C
1D
#34625
0&
0C
0D
#34630
b00000000000000000000110110000111 "
b00000000000000000000110110000111 $
1&
b0110110000100 >
b0110110000101 A
1C
1D
#34635
0&
0C
0D
#34640
b00000000000000000000110110001000 "
b00000000000000000000110110001000 $
1&
b0110110000101 >
b0110110000110 A
1C
1D
#34645
0&
0C
0D
#34650
b00000000000000000000110110001001 "
b00000000000000000000110110001001 $
1&
b0110110000110 >
b0110110000111 A
1C
1D
#34655
0&
0C
0D
#34660
b00000000000000000000110110001010 "
b00000000000000000000110110001010 $
1&
b0110110000111 >
b0110110001000 A
1C
1D
#34665
0&
0C
0D
#34670
b00000000000000000000110110001011 "
b00000000000000000000110110001011 $
1&
b0110110001000 >
b0110110001001 A
1C
1D
#34675
0&
0C
0D
#34680
b00000000000000000000110110001100 "
b00000000000000000000110110001100 $
1&
b0110110001001 >
b0110110001010 A
1C
1D
#34685
0&
0C
0D
#34690
b00000000000000000000110110001101 "
b00000000000000000000110110001101 $
1&
b0110110001010 >
b0110110001011 A
1C
1D
#34695
0&
0C
0D
#34700
b00000000000000000000110110001110 "
b00000000000000000000110110001110 $
1&
b0110110001011 >
b0110110001100 A
1C
1D
#34705
0&
0C
0D
#34710
b00000000000000000000110110001111 "
b00000000000000000000110110001111 $
1&
b0110110001100 >
b0110110001101 A
1C
1D
#34715
0&
0C
0D
#34720
b00000000000000000000110110010000 "
b00000000000000000000110110010000 $
1&
b0110110001101 >
b0110110001110 A
1C
1D
#34725
0&
0C
0D
#34730
b00000000000000000000110110010001 "
b00000000000000000000110110010001 $
1&
b0110110001110 >
b0110110001111 A
1C
1D
#34735
0&
0C
0D
#34740
b00000000000000000000110110010010 "
b00000000000000000000110110010010 $
1&
b0110110001111 >
b0110110010000 A
1C
1D
#34745
0&
0C
0D
#34750
b00000000000000000000110110010011 "
b00000000000000000000110110010011 $
1&
b0110110010000 >
b0110110010001 A
1C
1D
#34755
0&
0C
0D
#34760
b00000000000000000000110110010100 "
b00000000000000000000110110010100 $
1&
b0110110010001 >
b0110110010010 A
1C
1D
#34765
0&
0C
0D
#34770
b00000000000000000000110110010101 "
b00000000000000000000110110010101 $
1&
b0110110010010 >
b0110110010011 A
1C
1D
#34775
0&
0C
0D
#34780
b00000000000000000000110110010110 "
b00000000000000000000110110010110 $
1&
b0110110010011 >
b0110110010100 A
1C
1D
#34785
0&
0C
0D
#34790
b00000000000000000000110110010111 "
b00000000000000000000110110010111 $
1&
b0110110010100 >
b0110110010101 A
1C
1D
#34795
0&
0C
0D
#34800
b00000000000000000000110110011000 "
b00000000000000000000110110011000 $
1&
b0110110010101 >
b0110110010110 A
1C
1D
#34805
0&
0C
0D
#34810
b00000000000000000000110110011001 "
b00000000000000000000110110011001 $
1&
b0110110010110 >
b0110110010111 A
1C
1D
#34815
0&
0C
0D
#34820
b00000000000000000000110110011010 "
b00000000000000000000110110011010 $
1&
b0110110010111 >
b0110110011000 A
1C
1D
#34825
0&
0C
0D
#34830
b00000000000000000000110110011011 "
b00000000000000000000110110011011 $
1&
b0110110011000 >
b0110110011001 A
1C
1D
#34835
0&
0C
0D
#34840
b00000000000000000000110110011100 "
b00000000000000000000110110011100 $
1&
b0110110011001 >
b0110110011010 A
1C
1D
#34845
0&
0C
0D
#34850
b00000000000000000000110110011101 "
b00000000000000000000110110011101 $
1&
b0110110011010 >
b0110110011011 A
1C
1D
#34855
0&
0C
0D
#34860
b00000000000000000000110110011110 "
b00000000000000000000110110011110 $
1&
b0110110011011 >
b0110110011100 A
1C
1D
#34865
0&
0C
0D
#34870
b00000000000000000000110110011111 "
b00000000000000000000110110011111 $
1&
b0110110011100 >
b0110110011101 A
1C
1D
#34875
0&
0C
0D
#34880
b00000000000000000000110110100000 "
b00000000000000000000110110100000 $
1&
b0110110011101 >
b0110110011110 A
1C
1D
#34885
0&
0C
0D
#34890
b00000000000000000000110110100001 "
b00000000000000000000110110100001 $
1&
b0110110011110 >
b0110110011111 A
1C
1D
#34895
0&
0C
0D
#34900
b00000000000000000000110110100010 "
b00000000000000000000110110100010 $
1&
b0110110011111 >
b0110110100000 A
1C
1D
#34905
0&
0C
0D
#34910
b00000000000000000000110110100011 "
b00000000000000000000110110100011 $
1&
b0110110100000 >
b0110110100001 A
1C
1D
#34915
0&
0C
0D
#34920
b00000000000000000000110110100100 "
b00000000000000000000110110100100 $
1&
b0110110100001 >
b0110110100010 A
1C
1D
#34925
0&
0C
0D
#34930
b00000000000000000000110110100101 "
b00000000000000000000110110100101 $
1&
b0110110100010 >
b0110110100011 A
1C
1D
#34935
0&
0C
0D
#34940
b00000000000000000000110110100110 "
b00000000000000000000110110100110 $
1&
b0110110100011 >
b0110110100100 A
1C
1D
#34945
0&
0C
0D
#34950
b00000000000000000000110110100111 "
b00000000000000000000110110100111 $
1&
b0110110100100 >
b0110110100101 A
1C
1D
#34955
0&
0C
0D
#34960
b00000000000000000000110110101000 "
b00000000000000000000110110101000 $
1&
b0110110100101 >
b0110110100110 A
1C
1D
#34965
0&
0C
0D
#34970
b00000000000000000000110110101001 "
b00000000000000000000110110101001 $
1&
b0110110100110 >
b0110110100111 A
1C
1D
#34975
0&
0C
0D
#34980
b00000000000000000000110110101010 "
b00000000000000000000110110101010 $
1&
b0110110100111 >
b0110110101000 A
1C
1D
#34985
0&
0C
0D
#34990
b00000000000000000000110110101011 "
b00000000000000000000110110101011 $
1&
b0110110101000 >
b0110110101001 A
1C
1D
#34995
0&
0C
0D
#35000
b00000000000000000000110110101100 "
b00000000000000000000110110101100 $
1&
b0110110101001 >
b0110110101010 A
1C
1D
#35005
0&
0C
0D
#35010
b00000000000000000000110110101101 "
b00000000000000000000110110101101 $
1&
b0110110101010 >
b0110110101011 A
1C
1D
#35015
0&
0C
0D
#35020
b00000000000000000000110110101110 "
b00000000000000000000110110101110 $
1&
b0110110101011 >
b0110110101100 A
1C
1D
#35025
0&
0C
0D
#35030
b00000000000000000000110110101111 "
b00000000000000000000110110101111 $
1&
b0110110101100 >
b0110110101101 A
1C
1D
#35035
0&
0C
0D
#35040
b00000000000000000000110110110000 "
b00000000000000000000110110110000 $
1&
b0110110101101 >
b0110110101110 A
1C
1D
#35045
0&
0C
0D
#35050
b00000000000000000000110110110001 "
b00000000000000000000110110110001 $
1&
b0110110101110 >
b0110110101111 A
1C
1D
#35055
0&
0C
0D
#35060
b00000000000000000000110110110010 "
b00000000000000000000110110110010 $
1&
b0110110101111 >
b0110110110000 A
1C
1D
#35065
0&
0C
0D
#35070
b00000000000000000000110110110011 "
b00000000000000000000110110110011 $
1&
b0110110110000 >
b0110110110001 A
1C
1D
#35075
0&
0C
0D
#35080
b00000000000000000000110110110100 "
b00000000000000000000110110110100 $
1&
b0110110110001 >
b0110110110010 A
1C
1D
#35085
0&
0C
0D
#35090
b00000000000000000000110110110101 "
b00000000000000000000110110110101 $
1&
b0110110110010 >
b0110110110011 A
1C
1D
#35095
0&
0C
0D
#35100
b00000000000000000000110110110110 "
b00000000000000000000110110110110 $
1&
b0110110110011 >
b0110110110100 A
1C
1D
#35105
0&
0C
0D
#35110
b00000000000000000000110110110111 "
b00000000000000000000110110110111 $
1&
b0110110110100 >
b0110110110101 A
1C
1D
#35115
0&
0C
0D
#35120
b00000000000000000000110110111000 "
b00000000000000000000110110111000 $
1&
b0110110110101 >
b0110110110110 A
1C
1D
#35125
0&
0C
0D
#35130
b00000000000000000000110110111001 "
b00000000000000000000110110111001 $
1&
b0110110110110 >
b0110110110111 A
1C
1D
#35135
0&
0C
0D
#35140
b00000000000000000000110110111010 "
b00000000000000000000110110111010 $
1&
b0110110110111 >
b0110110111000 A
1C
1D
#35145
0&
0C
0D
#35150
b00000000000000000000110110111011 "
b00000000000000000000110110111011 $
1&
b0110110111000 >
b0110110111001 A
1C
1D
#35155
0&
0C
0D
#35160
b00000000000000000000110110111100 "
b00000000000000000000110110111100 $
1&
b0110110111001 >
b0110110111010 A
1C
1D
#35165
0&
0C
0D
#35170
b00000000000000000000110110111101 "
b00000000000000000000110110111101 $
1&
b0110110111010 >
b0110110111011 A
1C
1D
#35175
0&
0C
0D
#35180
b00000000000000000000110110111110 "
b00000000000000000000110110111110 $
1&
b0110110111011 >
b0110110111100 A
1C
1D
#35185
0&
0C
0D
#35190
b00000000000000000000110110111111 "
b00000000000000000000110110111111 $
1&
b0110110111100 >
b0110110111101 A
1C
1D
#35195
0&
0C
0D
#35200
b00000000000000000000110111000000 "
b00000000000000000000110111000000 $
1&
b0110110111101 >
b0110110111110 A
1C
1D
#35205
0&
0C
0D
#35210
b00000000000000000000110111000001 "
b00000000000000000000110111000001 $
1&
b0110110111110 >
b0110110111111 A
1C
1D
#35215
0&
0C
0D
#35220
b00000000000000000000110111000010 "
b00000000000000000000110111000010 $
1&
b0110110111111 >
b0110111000000 A
1C
1D
#35225
0&
0C
0D
#35230
b00000000000000000000110111000011 "
b00000000000000000000110111000011 $
1&
b0110111000000 >
b0110111000001 A
1C
1D
#35235
0&
0C
0D
#35240
b00000000000000000000110111000100 "
b00000000000000000000110111000100 $
1&
b0110111000001 >
b0110111000010 A
1C
1D
#35245
0&
0C
0D
#35250
b00000000000000000000110111000101 "
b00000000000000000000110111000101 $
1&
b0110111000010 >
b0110111000011 A
1C
1D
#35255
0&
0C
0D
#35260
b00000000000000000000110111000110 "
b00000000000000000000110111000110 $
1&
b0110111000011 >
b0110111000100 A
1C
1D
#35265
0&
0C
0D
#35270
b00000000000000000000110111000111 "
b00000000000000000000110111000111 $
1&
b0110111000100 >
b0110111000101 A
1C
1D
#35275
0&
0C
0D
#35280
b00000000000000000000110111001000 "
b00000000000000000000110111001000 $
1&
b0110111000101 >
b0110111000110 A
1C
1D
#35285
0&
0C
0D
#35290
b00000000000000000000110111001001 "
b00000000000000000000110111001001 $
1&
b0110111000110 >
b0110111000111 A
1C
1D
#35295
0&
0C
0D
#35300
b00000000000000000000110111001010 "
b00000000000000000000110111001010 $
1&
b0110111000111 >
b0110111001000 A
1C
1D
#35305
0&
0C
0D
#35310
b00000000000000000000110111001011 "
b00000000000000000000110111001011 $
1&
b0110111001000 >
b0110111001001 A
1C
1D
#35315
0&
0C
0D
#35320
b00000000000000000000110111001100 "
b00000000000000000000110111001100 $
1&
b0110111001001 >
b0110111001010 A
1C
1D
#35325
0&
0C
0D
#35330
b00000000000000000000110111001101 "
b00000000000000000000110111001101 $
1&
b0110111001010 >
b0110111001011 A
1C
1D
#35335
0&
0C
0D
#35340
b00000000000000000000110111001110 "
b00000000000000000000110111001110 $
1&
b0110111001011 >
b0110111001100 A
1C
1D
#35345
0&
0C
0D
#35350
b00000000000000000000110111001111 "
b00000000000000000000110111001111 $
1&
b0110111001100 >
b0110111001101 A
1C
1D
#35355
0&
0C
0D
#35360
b00000000000000000000110111010000 "
b00000000000000000000110111010000 $
1&
b0110111001101 >
b0110111001110 A
1C
1D
#35365
0&
0C
0D
#35370
b00000000000000000000110111010001 "
b00000000000000000000110111010001 $
1&
b0110111001110 >
b0110111001111 A
1C
1D
#35375
0&
0C
0D
#35380
b00000000000000000000110111010010 "
b00000000000000000000110111010010 $
1&
b0110111001111 >
b0110111010000 A
1C
1D
#35385
0&
0C
0D
#35390
b00000000000000000000110111010011 "
b00000000000000000000110111010011 $
1&
b0110111010000 >
b0110111010001 A
1C
1D
#35395
0&
0C
0D
#35400
b00000000000000000000110111010100 "
b00000000000000000000110111010100 $
1&
b0110111010001 >
b0110111010010 A
1C
1D
#35405
0&
0C
0D
#35410
b00000000000000000000110111010101 "
b00000000000000000000110111010101 $
1&
b0110111010010 >
b0110111010011 A
1C
1D
#35415
0&
0C
0D
#35420
b00000000000000000000110111010110 "
b00000000000000000000110111010110 $
1&
b0110111010011 >
b0110111010100 A
1C
1D
#35425
0&
0C
0D
#35430
b00000000000000000000110111010111 "
b00000000000000000000110111010111 $
1&
b0110111010100 >
b0110111010101 A
1C
1D
#35435
0&
0C
0D
#35440
b00000000000000000000110111011000 "
b00000000000000000000110111011000 $
1&
b0110111010101 >
b0110111010110 A
1C
1D
#35445
0&
0C
0D
#35450
b00000000000000000000110111011001 "
b00000000000000000000110111011001 $
1&
b0110111010110 >
b0110111010111 A
1C
1D
#35455
0&
0C
0D
#35460
b00000000000000000000110111011010 "
b00000000000000000000110111011010 $
1&
b0110111010111 >
b0110111011000 A
1C
1D
#35465
0&
0C
0D
#35470
b00000000000000000000110111011011 "
b00000000000000000000110111011011 $
1&
b0110111011000 >
b0110111011001 A
1C
1D
#35475
0&
0C
0D
#35480
b00000000000000000000110111011100 "
b00000000000000000000110111011100 $
1&
b0110111011001 >
b0110111011010 A
1C
1D
#35485
0&
0C
0D
#35490
b00000000000000000000110111011101 "
b00000000000000000000110111011101 $
1&
b0110111011010 >
b0110111011011 A
1C
1D
#35495
0&
0C
0D
#35500
b00000000000000000000110111011110 "
b00000000000000000000110111011110 $
1&
b0110111011011 >
b0110111011100 A
1C
1D
#35505
0&
0C
0D
#35510
b00000000000000000000110111011111 "
b00000000000000000000110111011111 $
1&
b0110111011100 >
b0110111011101 A
1C
1D
#35515
0&
0C
0D
#35520
b00000000000000000000110111100000 "
b00000000000000000000110111100000 $
1&
b0110111011101 >
b0110111011110 A
1C
1D
#35525
0&
0C
0D
#35530
b00000000000000000000110111100001 "
b00000000000000000000110111100001 $
1&
b0110111011110 >
b0110111011111 A
1C
1D
#35535
0&
0C
0D
#35540
b00000000000000000000110111100010 "
b00000000000000000000110111100010 $
1&
b0110111011111 >
b0110111100000 A
1C
1D
#35545
0&
0C
0D
#35550
b00000000000000000000110111100011 "
b00000000000000000000110111100011 $
1&
b0110111100000 >
b0110111100001 A
1C
1D
#35555
0&
0C
0D
#35560
b00000000000000000000110111100100 "
b00000000000000000000110111100100 $
1&
b0110111100001 >
b0110111100010 A
1C
1D
#35565
0&
0C
0D
#35570
b00000000000000000000110111100101 "
b00000000000000000000110111100101 $
1&
b0110111100010 >
b0110111100011 A
1C
1D
#35575
0&
0C
0D
#35580
b00000000000000000000110111100110 "
b00000000000000000000110111100110 $
1&
b0110111100011 >
b0110111100100 A
1C
1D
#35585
0&
0C
0D
#35590
b00000000000000000000110111100111 "
b00000000000000000000110111100111 $
1&
b0110111100100 >
b0110111100101 A
1C
1D
#35595
0&
0C
0D
#35600
b00000000000000000000110111101000 "
b00000000000000000000110111101000 $
1&
b0110111100101 >
b0110111100110 A
1C
1D
#35605
0&
0C
0D
#35610
b00000000000000000000110111101001 "
b00000000000000000000110111101001 $
1&
b0110111100110 >
b0110111100111 A
1C
1D
#35615
0&
0C
0D
#35620
b00000000000000000000110111101010 "
b00000000000000000000110111101010 $
1&
b0110111100111 >
b0110111101000 A
1C
1D
#35625
0&
0C
0D
#35630
b00000000000000000000110111101011 "
b00000000000000000000110111101011 $
1&
b0110111101000 >
b0110111101001 A
1C
1D
#35635
0&
0C
0D
#35640
b00000000000000000000110111101100 "
b00000000000000000000110111101100 $
1&
b0110111101001 >
b0110111101010 A
1C
1D
#35645
0&
0C
0D
#35650
b00000000000000000000110111101101 "
b00000000000000000000110111101101 $
1&
b0110111101010 >
b0110111101011 A
1C
1D
#35655
0&
0C
0D
#35660
b00000000000000000000110111101110 "
b00000000000000000000110111101110 $
1&
b0110111101011 >
b0110111101100 A
1C
1D
#35665
0&
0C
0D
#35670
b00000000000000000000110111101111 "
b00000000000000000000110111101111 $
1&
b0110111101100 >
b0110111101101 A
1C
1D
#35675
0&
0C
0D
#35680
b00000000000000000000110111110000 "
b00000000000000000000110111110000 $
1&
b0110111101101 >
b0110111101110 A
1C
1D
#35685
0&
0C
0D
#35690
b00000000000000000000110111110001 "
b00000000000000000000110111110001 $
1&
b0110111101110 >
b0110111101111 A
1C
1D
#35695
0&
0C
0D
#35700
b00000000000000000000110111110010 "
b00000000000000000000110111110010 $
1&
b0110111101111 >
b0110111110000 A
1C
1D
#35705
0&
0C
0D
#35710
b00000000000000000000110111110011 "
b00000000000000000000110111110011 $
1&
b0110111110000 >
b0110111110001 A
1C
1D
#35715
0&
0C
0D
#35720
b00000000000000000000110111110100 "
b00000000000000000000110111110100 $
1&
b0110111110001 >
b0110111110010 A
1C
1D
#35725
0&
0C
0D
#35730
b00000000000000000000110111110101 "
b00000000000000000000110111110101 $
1&
b0110111110010 >
b0110111110011 A
1C
1D
#35735
0&
0C
0D
#35740
b00000000000000000000110111110110 "
b00000000000000000000110111110110 $
1&
b0110111110011 >
b0110111110100 A
1C
1D
#35745
0&
0C
0D
#35750
b00000000000000000000110111110111 "
b00000000000000000000110111110111 $
1&
b0110111110100 >
b0110111110101 A
1C
1D
#35755
0&
0C
0D
#35760
b00000000000000000000110111111000 "
b00000000000000000000110111111000 $
1&
b0110111110101 >
b0110111110110 A
1C
1D
#35765
0&
0C
0D
#35770
b00000000000000000000110111111001 "
b00000000000000000000110111111001 $
1&
b0110111110110 >
b0110111110111 A
1C
1D
#35775
0&
0C
0D
#35780
b00000000000000000000110111111010 "
b00000000000000000000110111111010 $
1&
b0110111110111 >
b0110111111000 A
1C
1D
#35785
0&
0C
0D
#35790
b00000000000000000000110111111011 "
b00000000000000000000110111111011 $
1&
b0110111111000 >
b0110111111001 A
1C
1D
#35795
0&
0C
0D
#35800
b00000000000000000000110111111100 "
b00000000000000000000110111111100 $
1&
b0110111111001 >
b0110111111010 A
1C
1D
#35805
0&
0C
0D
#35810
b00000000000000000000110111111101 "
b00000000000000000000110111111101 $
1&
b0110111111010 >
b0110111111011 A
1C
1D
#35815
0&
0C
0D
#35820
b00000000000000000000110111111110 "
b00000000000000000000110111111110 $
1&
b0110111111011 >
b0110111111100 A
1C
1D
#35825
0&
0C
0D
#35830
b00000000000000000000110111111111 "
b00000000000000000000110111111111 $
1&
b0110111111100 >
b0110111111101 A
1C
1D
#35835
0&
0C
0D
#35840
b00000000000000000000111000000000 "
b00000000000000000000111000000000 $
1&
b0110111111101 >
b0110111111110 A
1C
1D
#35845
0&
0C
0D
#35850
b00000000000000000000111000000001 "
b00000000000000000000111000000001 $
1&
b0110111111110 >
b0110111111111 A
1C
1D
#35855
0&
0C
0D
#35860
b00000000000000000000111000000010 "
b00000000000000000000111000000010 $
1&
b0110111111111 >
b0111000000000 A
1C
1D
#35865
0&
0C
0D
#35870
b00000000000000000000111000000011 "
b00000000000000000000111000000011 $
1&
b0111000000000 >
b0111000000001 A
1C
1D
#35875
0&
0C
0D
#35880
b00000000000000000000111000000100 "
b00000000000000000000111000000100 $
1&
b0111000000001 >
b0111000000010 A
1C
1D
#35885
0&
0C
0D
#35890
b00000000000000000000111000000101 "
b00000000000000000000111000000101 $
1&
b0111000000010 >
b0111000000011 A
1C
1D
#35895
0&
0C
0D
#35900
b00000000000000000000111000000110 "
b00000000000000000000111000000110 $
1&
b0111000000011 >
b0111000000100 A
1C
1D
#35905
0&
0C
0D
#35910
b00000000000000000000111000000111 "
b00000000000000000000111000000111 $
1&
b0111000000100 >
b0111000000101 A
1C
1D
#35915
0&
0C
0D
#35920
b00000000000000000000111000001000 "
b00000000000000000000111000001000 $
1&
b0111000000101 >
b0111000000110 A
1C
1D
#35925
0&
0C
0D
#35930
b00000000000000000000111000001001 "
b00000000000000000000111000001001 $
1&
b0111000000110 >
b0111000000111 A
1C
1D
#35935
0&
0C
0D
#35940
b00000000000000000000111000001010 "
b00000000000000000000111000001010 $
1&
b0111000000111 >
b0111000001000 A
1C
1D
#35945
0&
0C
0D
#35950
b00000000000000000000111000001011 "
b00000000000000000000111000001011 $
1&
b0111000001000 >
b0111000001001 A
1C
1D
#35955
0&
0C
0D
#35960
b00000000000000000000111000001100 "
b00000000000000000000111000001100 $
1&
b0111000001001 >
b0111000001010 A
1C
1D
#35965
0&
0C
0D
#35970
b00000000000000000000111000001101 "
b00000000000000000000111000001101 $
1&
b0111000001010 >
b0111000001011 A
1C
1D
#35975
0&
0C
0D
#35980
b00000000000000000000111000001110 "
b00000000000000000000111000001110 $
1&
b0111000001011 >
b0111000001100 A
1C
1D
#35985
0&
0C
0D
#35990
b00000000000000000000111000001111 "
b00000000000000000000111000001111 $
1&
b0111000001100 >
b0111000001101 A
1C
1D
#35995
0&
0C
0D
#36000
b00000000000000000000111000010000 "
b00000000000000000000111000010000 $
1&
b0111000001101 >
b0111000001110 A
1C
1D
#36005
0&
0C
0D
#36010
b00000000000000000000111000010001 "
b00000000000000000000111000010001 $
1&
b0111000001110 >
b0111000001111 A
1C
1D
#36015
0&
0C
0D
#36020
b00000000000000000000111000010010 "
b00000000000000000000111000010010 $
1&
b0111000001111 >
b0111000010000 A
1C
1D
#36025
0&
0C
0D
#36030
b00000000000000000000111000010011 "
b00000000000000000000111000010011 $
1&
b0111000010000 >
b0111000010001 A
1C
1D
#36035
0&
0C
0D
#36040
b00000000000000000000111000010100 "
b00000000000000000000111000010100 $
1&
b0111000010001 >
b0111000010010 A
1C
1D
#36045
0&
0C
0D
#36050
b00000000000000000000111000010101 "
b00000000000000000000111000010101 $
1&
b0111000010010 >
b0111000010011 A
1C
1D
#36055
0&
0C
0D
#36060
b00000000000000000000111000010110 "
b00000000000000000000111000010110 $
1&
b0111000010011 >
b0111000010100 A
1C
1D
#36065
0&
0C
0D
#36070
b00000000000000000000111000010111 "
b00000000000000000000111000010111 $
1&
b0111000010100 >
b0111000010101 A
1C
1D
#36075
0&
0C
0D
#36080
b00000000000000000000111000011000 "
b00000000000000000000111000011000 $
1&
b0111000010101 >
b0111000010110 A
1C
1D
#36085
0&
0C
0D
#36090
b00000000000000000000111000011001 "
b00000000000000000000111000011001 $
1&
b0111000010110 >
b0111000010111 A
1C
1D
#36095
0&
0C
0D
#36100
b00000000000000000000111000011010 "
b00000000000000000000111000011010 $
1&
b0111000010111 >
b0111000011000 A
1C
1D
#36105
0&
0C
0D
#36110
b00000000000000000000111000011011 "
b00000000000000000000111000011011 $
1&
b0111000011000 >
b0111000011001 A
1C
1D
#36115
0&
0C
0D
#36120
b00000000000000000000111000011100 "
b00000000000000000000111000011100 $
1&
b0111000011001 >
b0111000011010 A
1C
1D
#36125
0&
0C
0D
#36130
b00000000000000000000111000011101 "
b00000000000000000000111000011101 $
1&
b0111000011010 >
b0111000011011 A
1C
1D
#36135
0&
0C
0D
#36140
b00000000000000000000111000011110 "
b00000000000000000000111000011110 $
1&
b0111000011011 >
b0111000011100 A
1C
1D
#36145
0&
0C
0D
#36150
b00000000000000000000111000011111 "
b00000000000000000000111000011111 $
1&
b0111000011100 >
b0111000011101 A
1C
1D
#36155
0&
0C
0D
#36160
b00000000000000000000111000100000 "
b00000000000000000000111000100000 $
1&
b0111000011101 >
b0111000011110 A
1C
1D
#36165
0&
0C
0D
#36170
b00000000000000000000111000100001 "
b00000000000000000000111000100001 $
1&
b0111000011110 >
b0111000011111 A
1C
1D
#36175
0&
0C
0D
#36180
b00000000000000000000111000100010 "
b00000000000000000000111000100010 $
1&
b0111000011111 >
b0111000100000 A
1C
1D
#36185
0&
0C
0D
#36190
b00000000000000000000111000100011 "
b00000000000000000000111000100011 $
1&
b0111000100000 >
b0111000100001 A
1C
1D
#36195
0&
0C
0D
#36200
b00000000000000000000111000100100 "
b00000000000000000000111000100100 $
1&
b0111000100001 >
b0111000100010 A
1C
1D
#36205
0&
0C
0D
#36210
b00000000000000000000111000100101 "
b00000000000000000000111000100101 $
1&
b0111000100010 >
b0111000100011 A
1C
1D
#36215
0&
0C
0D
#36220
b00000000000000000000111000100110 "
b00000000000000000000111000100110 $
1&
b0111000100011 >
b0111000100100 A
1C
1D
#36225
0&
0C
0D
#36230
b00000000000000000000111000100111 "
b00000000000000000000111000100111 $
1&
b0111000100100 >
b0111000100101 A
1C
1D
#36235
0&
0C
0D
#36240
b00000000000000000000111000101000 "
b00000000000000000000111000101000 $
1&
b0111000100101 >
b0111000100110 A
1C
1D
#36245
0&
0C
0D
#36250
b00000000000000000000111000101001 "
b00000000000000000000111000101001 $
1&
b0111000100110 >
b0111000100111 A
1C
1D
#36255
0&
0C
0D
#36260
b00000000000000000000111000101010 "
b00000000000000000000111000101010 $
1&
b0111000100111 >
b0111000101000 A
1C
1D
#36265
0&
0C
0D
#36270
b00000000000000000000111000101011 "
b00000000000000000000111000101011 $
1&
b0111000101000 >
b0111000101001 A
1C
1D
#36275
0&
0C
0D
#36280
b00000000000000000000111000101100 "
b00000000000000000000111000101100 $
1&
b0111000101001 >
b0111000101010 A
1C
1D
#36285
0&
0C
0D
#36290
b00000000000000000000111000101101 "
b00000000000000000000111000101101 $
1&
b0111000101010 >
b0111000101011 A
1C
1D
#36295
0&
0C
0D
#36300
b00000000000000000000111000101110 "
b00000000000000000000111000101110 $
1&
b0111000101011 >
b0111000101100 A
1C
1D
#36305
0&
0C
0D
#36310
b00000000000000000000111000101111 "
b00000000000000000000111000101111 $
1&
b0111000101100 >
b0111000101101 A
1C
1D
#36315
0&
0C
0D
#36320
b00000000000000000000111000110000 "
b00000000000000000000111000110000 $
1&
b0111000101101 >
b0111000101110 A
1C
1D
#36325
0&
0C
0D
#36330
b00000000000000000000111000110001 "
b00000000000000000000111000110001 $
1&
b0111000101110 >
b0111000101111 A
1C
1D
#36335
0&
0C
0D
#36340
b00000000000000000000111000110010 "
b00000000000000000000111000110010 $
1&
b0111000101111 >
b0111000110000 A
1C
1D
#36345
0&
0C
0D
#36350
b00000000000000000000111000110011 "
b00000000000000000000111000110011 $
1&
b0111000110000 >
b0111000110001 A
1C
1D
#36355
0&
0C
0D
#36360
b00000000000000000000111000110100 "
b00000000000000000000111000110100 $
1&
b0111000110001 >
b0111000110010 A
1C
1D
#36365
0&
0C
0D
#36370
b00000000000000000000111000110101 "
b00000000000000000000111000110101 $
1&
b0111000110010 >
b0111000110011 A
1C
1D
#36375
0&
0C
0D
#36380
b00000000000000000000111000110110 "
b00000000000000000000111000110110 $
1&
b0111000110011 >
b0111000110100 A
1C
1D
#36385
0&
0C
0D
#36390
b00000000000000000000111000110111 "
b00000000000000000000111000110111 $
1&
b0111000110100 >
b0111000110101 A
1C
1D
#36395
0&
0C
0D
#36400
b00000000000000000000111000111000 "
b00000000000000000000111000111000 $
1&
b0111000110101 >
b0111000110110 A
1C
1D
#36405
0&
0C
0D
#36410
b00000000000000000000111000111001 "
b00000000000000000000111000111001 $
1&
b0111000110110 >
b0111000110111 A
1C
1D
#36415
0&
0C
0D
#36420
b00000000000000000000111000111010 "
b00000000000000000000111000111010 $
1&
b0111000110111 >
b0111000111000 A
1C
1D
#36425
0&
0C
0D
#36430
b00000000000000000000111000111011 "
b00000000000000000000111000111011 $
1&
b0111000111000 >
b0111000111001 A
1C
1D
#36435
0&
0C
0D
#36440
b00000000000000000000111000111100 "
b00000000000000000000111000111100 $
1&
b0111000111001 >
b0111000111010 A
1C
1D
#36445
0&
0C
0D
#36450
b00000000000000000000111000111101 "
b00000000000000000000111000111101 $
1&
b0111000111010 >
b0111000111011 A
1C
1D
#36455
0&
0C
0D
#36460
b00000000000000000000111000111110 "
b00000000000000000000111000111110 $
1&
b0111000111011 >
b0111000111100 A
1C
1D
#36465
0&
0C
0D
#36470
b00000000000000000000111000111111 "
b00000000000000000000111000111111 $
1&
b0111000111100 >
b0111000111101 A
1C
1D
#36475
0&
0C
0D
#36480
b00000000000000000000111001000000 "
b00000000000000000000111001000000 $
1&
b0111000111101 >
b0111000111110 A
1C
1D
#36485
0&
0C
0D
#36490
b00000000000000000000111001000001 "
b00000000000000000000111001000001 $
1&
b0111000111110 >
b0111000111111 A
1C
1D
#36495
0&
0C
0D
#36500
b00000000000000000000111001000010 "
b00000000000000000000111001000010 $
1&
b0111000111111 >
b0111001000000 A
1C
1D
#36505
0&
0C
0D
#36510
b00000000000000000000111001000011 "
b00000000000000000000111001000011 $
1&
b0111001000000 >
b0111001000001 A
1C
1D
#36515
0&
0C
0D
#36520
b00000000000000000000111001000100 "
b00000000000000000000111001000100 $
1&
b0111001000001 >
b0111001000010 A
1C
1D
#36525
0&
0C
0D
#36530
b00000000000000000000111001000101 "
b00000000000000000000111001000101 $
1&
b0111001000010 >
b0111001000011 A
1C
1D
#36535
0&
0C
0D
#36540
b00000000000000000000111001000110 "
b00000000000000000000111001000110 $
1&
b0111001000011 >
b0111001000100 A
1C
1D
#36545
0&
0C
0D
#36550
b00000000000000000000111001000111 "
b00000000000000000000111001000111 $
1&
b0111001000100 >
b0111001000101 A
1C
1D
#36555
0&
0C
0D
#36560
b00000000000000000000111001001000 "
b00000000000000000000111001001000 $
1&
b0111001000101 >
b0111001000110 A
1C
1D
#36565
0&
0C
0D
#36570
b00000000000000000000111001001001 "
b00000000000000000000111001001001 $
1&
b0111001000110 >
b0111001000111 A
1C
1D
#36575
0&
0C
0D
#36580
b00000000000000000000111001001010 "
b00000000000000000000111001001010 $
1&
b0111001000111 >
b0111001001000 A
1C
1D
#36585
0&
0C
0D
#36590
b00000000000000000000111001001011 "
b00000000000000000000111001001011 $
1&
b0111001001000 >
b0111001001001 A
1C
1D
#36595
0&
0C
0D
#36600
b00000000000000000000111001001100 "
b00000000000000000000111001001100 $
1&
b0111001001001 >
b0111001001010 A
1C
1D
#36605
0&
0C
0D
#36610
b00000000000000000000111001001101 "
b00000000000000000000111001001101 $
1&
b0111001001010 >
b0111001001011 A
1C
1D
#36615
0&
0C
0D
#36620
b00000000000000000000111001001110 "
b00000000000000000000111001001110 $
1&
b0111001001011 >
b0111001001100 A
1C
1D
#36625
0&
0C
0D
#36630
b00000000000000000000111001001111 "
b00000000000000000000111001001111 $
1&
b0111001001100 >
b0111001001101 A
1C
1D
#36635
0&
0C
0D
#36640
b00000000000000000000111001010000 "
b00000000000000000000111001010000 $
1&
b0111001001101 >
b0111001001110 A
1C
1D
#36645
0&
0C
0D
#36650
b00000000000000000000111001010001 "
b00000000000000000000111001010001 $
1&
b0111001001110 >
b0111001001111 A
1C
1D
#36655
0&
0C
0D
#36660
b00000000000000000000111001010010 "
b00000000000000000000111001010010 $
1&
b0111001001111 >
b0111001010000 A
1C
1D
#36665
0&
0C
0D
#36670
b00000000000000000000111001010011 "
b00000000000000000000111001010011 $
1&
b0111001010000 >
b0111001010001 A
1C
1D
#36675
0&
0C
0D
#36680
b00000000000000000000111001010100 "
b00000000000000000000111001010100 $
1&
b0111001010001 >
b0111001010010 A
1C
1D
#36685
0&
0C
0D
#36690
b00000000000000000000111001010101 "
b00000000000000000000111001010101 $
1&
b0111001010010 >
b0111001010011 A
1C
1D
#36695
0&
0C
0D
#36700
b00000000000000000000111001010110 "
b00000000000000000000111001010110 $
1&
b0111001010011 >
b0111001010100 A
1C
1D
#36705
0&
0C
0D
#36710
b00000000000000000000111001010111 "
b00000000000000000000111001010111 $
1&
b0111001010100 >
b0111001010101 A
1C
1D
#36715
0&
0C
0D
#36720
b00000000000000000000111001011000 "
b00000000000000000000111001011000 $
1&
b0111001010101 >
b0111001010110 A
1C
1D
#36725
0&
0C
0D
#36730
b00000000000000000000111001011001 "
b00000000000000000000111001011001 $
1&
b0111001010110 >
b0111001010111 A
1C
1D
#36735
0&
0C
0D
#36740
b00000000000000000000111001011010 "
b00000000000000000000111001011010 $
1&
b0111001010111 >
b0111001011000 A
1C
1D
#36745
0&
0C
0D
#36750
b00000000000000000000111001011011 "
b00000000000000000000111001011011 $
1&
b0111001011000 >
b0111001011001 A
1C
1D
#36755
0&
0C
0D
#36760
b00000000000000000000111001011100 "
b00000000000000000000111001011100 $
1&
b0111001011001 >
b0111001011010 A
1C
1D
#36765
0&
0C
0D
#36770
b00000000000000000000111001011101 "
b00000000000000000000111001011101 $
1&
b0111001011010 >
b0111001011011 A
1C
1D
#36775
0&
0C
0D
#36780
b00000000000000000000111001011110 "
b00000000000000000000111001011110 $
1&
b0111001011011 >
b0111001011100 A
1C
1D
#36785
0&
0C
0D
#36790
b00000000000000000000111001011111 "
b00000000000000000000111001011111 $
1&
b0111001011100 >
b0111001011101 A
1C
1D
#36795
0&
0C
0D
#36800
b00000000000000000000111001100000 "
b00000000000000000000111001100000 $
1&
b0111001011101 >
b0111001011110 A
1C
1D
#36805
0&
0C
0D
#36810
b00000000000000000000111001100001 "
b00000000000000000000111001100001 $
1&
b0111001011110 >
b0111001011111 A
1C
1D
#36815
0&
0C
0D
#36820
b00000000000000000000111001100010 "
b00000000000000000000111001100010 $
1&
b0111001011111 >
b0111001100000 A
1C
1D
#36825
0&
0C
0D
#36830
b00000000000000000000111001100011 "
b00000000000000000000111001100011 $
1&
b0111001100000 >
b0111001100001 A
1C
1D
#36835
0&
0C
0D
#36840
b00000000000000000000111001100100 "
b00000000000000000000111001100100 $
1&
b0111001100001 >
b0111001100010 A
1C
1D
#36845
0&
0C
0D
#36850
b00000000000000000000111001100101 "
b00000000000000000000111001100101 $
1&
b0111001100010 >
b0111001100011 A
1C
1D
#36855
0&
0C
0D
#36860
b00000000000000000000111001100110 "
b00000000000000000000111001100110 $
1&
b0111001100011 >
b0111001100100 A
1C
1D
#36865
0&
0C
0D
#36870
b00000000000000000000111001100111 "
b00000000000000000000111001100111 $
1&
b0111001100100 >
b0111001100101 A
1C
1D
#36875
0&
0C
0D
#36880
b00000000000000000000111001101000 "
b00000000000000000000111001101000 $
1&
b0111001100101 >
b0111001100110 A
1C
1D
#36885
0&
0C
0D
#36890
b00000000000000000000111001101001 "
b00000000000000000000111001101001 $
1&
b0111001100110 >
b0111001100111 A
1C
1D
#36895
0&
0C
0D
#36900
b00000000000000000000111001101010 "
b00000000000000000000111001101010 $
1&
b0111001100111 >
b0111001101000 A
1C
1D
#36905
0&
0C
0D
#36910
b00000000000000000000111001101011 "
b00000000000000000000111001101011 $
1&
b0111001101000 >
b0111001101001 A
1C
1D
#36915
0&
0C
0D
#36920
b00000000000000000000111001101100 "
b00000000000000000000111001101100 $
1&
b0111001101001 >
b0111001101010 A
1C
1D
#36925
0&
0C
0D
#36930
b00000000000000000000111001101101 "
b00000000000000000000111001101101 $
1&
b0111001101010 >
b0111001101011 A
1C
1D
#36935
0&
0C
0D
#36940
b00000000000000000000111001101110 "
b00000000000000000000111001101110 $
1&
b0111001101011 >
b0111001101100 A
1C
1D
#36945
0&
0C
0D
#36950
b00000000000000000000111001101111 "
b00000000000000000000111001101111 $
1&
b0111001101100 >
b0111001101101 A
1C
1D
#36955
0&
0C
0D
#36960
b00000000000000000000111001110000 "
b00000000000000000000111001110000 $
1&
b0111001101101 >
b0111001101110 A
1C
1D
#36965
0&
0C
0D
#36970
b00000000000000000000111001110001 "
b00000000000000000000111001110001 $
1&
b0111001101110 >
b0111001101111 A
1C
1D
#36975
0&
0C
0D
#36980
b00000000000000000000111001110010 "
b00000000000000000000111001110010 $
1&
b0111001101111 >
b0111001110000 A
1C
1D
#36985
0&
0C
0D
#36990
b00000000000000000000111001110011 "
b00000000000000000000111001110011 $
1&
b0111001110000 >
b0111001110001 A
1C
1D
#36995
0&
0C
0D
#37000
b00000000000000000000111001110100 "
b00000000000000000000111001110100 $
1&
b0111001110001 >
b0111001110010 A
1C
1D
#37005
0&
0C
0D
#37010
b00000000000000000000111001110101 "
b00000000000000000000111001110101 $
1&
b0111001110010 >
b0111001110011 A
1C
1D
#37015
0&
0C
0D
#37020
b00000000000000000000111001110110 "
b00000000000000000000111001110110 $
1&
b0111001110011 >
b0111001110100 A
1C
1D
#37025
0&
0C
0D
#37030
b00000000000000000000111001110111 "
b00000000000000000000111001110111 $
1&
b0111001110100 >
b0111001110101 A
1C
1D
#37035
0&
0C
0D
#37040
b00000000000000000000111001111000 "
b00000000000000000000111001111000 $
1&
b0111001110101 >
b0111001110110 A
1C
1D
#37045
0&
0C
0D
#37050
b00000000000000000000111001111001 "
b00000000000000000000111001111001 $
1&
b0111001110110 >
b0111001110111 A
1C
1D
#37055
0&
0C
0D
#37060
b00000000000000000000111001111010 "
b00000000000000000000111001111010 $
1&
b0111001110111 >
b0111001111000 A
1C
1D
#37065
0&
0C
0D
#37070
b00000000000000000000111001111011 "
b00000000000000000000111001111011 $
1&
b0111001111000 >
b0111001111001 A
1C
1D
#37075
0&
0C
0D
#37080
b00000000000000000000111001111100 "
b00000000000000000000111001111100 $
1&
b0111001111001 >
b0111001111010 A
1C
1D
#37085
0&
0C
0D
#37090
b00000000000000000000111001111101 "
b00000000000000000000111001111101 $
1&
b0111001111010 >
b0111001111011 A
1C
1D
#37095
0&
0C
0D
#37100
b00000000000000000000111001111110 "
b00000000000000000000111001111110 $
1&
b0111001111011 >
b0111001111100 A
1C
1D
#37105
0&
0C
0D
#37110
b00000000000000000000111001111111 "
b00000000000000000000111001111111 $
1&
b0111001111100 >
b0111001111101 A
1C
1D
#37115
0&
0C
0D
#37120
b00000000000000000000111010000000 "
b00000000000000000000111010000000 $
1&
b0111001111101 >
b0111001111110 A
1C
1D
#37125
0&
0C
0D
#37130
b00000000000000000000111010000001 "
b00000000000000000000111010000001 $
1&
b0111001111110 >
b0111001111111 A
1C
1D
#37135
0&
0C
0D
#37140
b00000000000000000000111010000010 "
b00000000000000000000111010000010 $
1&
b0111001111111 >
b0111010000000 A
1C
1D
#37145
0&
0C
0D
#37150
b00000000000000000000111010000011 "
b00000000000000000000111010000011 $
1&
b0111010000000 >
b0111010000001 A
1C
1D
#37155
0&
0C
0D
#37160
b00000000000000000000111010000100 "
b00000000000000000000111010000100 $
1&
b0111010000001 >
b0111010000010 A
1C
1D
#37165
0&
0C
0D
#37170
b00000000000000000000111010000101 "
b00000000000000000000111010000101 $
1&
b0111010000010 >
b0111010000011 A
1C
1D
#37175
0&
0C
0D
#37180
b00000000000000000000111010000110 "
b00000000000000000000111010000110 $
1&
b0111010000011 >
b0111010000100 A
1C
1D
#37185
0&
0C
0D
#37190
b00000000000000000000111010000111 "
b00000000000000000000111010000111 $
1&
b0111010000100 >
b0111010000101 A
1C
1D
#37195
0&
0C
0D
#37200
b00000000000000000000111010001000 "
b00000000000000000000111010001000 $
1&
b0111010000101 >
b0111010000110 A
1C
1D
#37205
0&
0C
0D
#37210
b00000000000000000000111010001001 "
b00000000000000000000111010001001 $
1&
b0111010000110 >
b0111010000111 A
1C
1D
#37215
0&
0C
0D
#37220
b00000000000000000000111010001010 "
b00000000000000000000111010001010 $
1&
b0111010000111 >
b0111010001000 A
1C
1D
#37225
0&
0C
0D
#37230
b00000000000000000000111010001011 "
b00000000000000000000111010001011 $
1&
b0111010001000 >
b0111010001001 A
1C
1D
#37235
0&
0C
0D
#37240
b00000000000000000000111010001100 "
b00000000000000000000111010001100 $
1&
b0111010001001 >
b0111010001010 A
1C
1D
#37245
0&
0C
0D
#37250
b00000000000000000000111010001101 "
b00000000000000000000111010001101 $
1&
b0111010001010 >
b0111010001011 A
1C
1D
#37255
0&
0C
0D
#37260
b00000000000000000000111010001110 "
b00000000000000000000111010001110 $
1&
b0111010001011 >
b0111010001100 A
1C
1D
#37265
0&
0C
0D
#37270
b00000000000000000000111010001111 "
b00000000000000000000111010001111 $
1&
b0111010001100 >
b0111010001101 A
1C
1D
#37275
0&
0C
0D
#37280
b00000000000000000000111010010000 "
b00000000000000000000111010010000 $
1&
b0111010001101 >
b0111010001110 A
1C
1D
#37285
0&
0C
0D
#37290
b00000000000000000000111010010001 "
b00000000000000000000111010010001 $
1&
b0111010001110 >
b0111010001111 A
1C
1D
#37295
0&
0C
0D
#37300
b00000000000000000000111010010010 "
b00000000000000000000111010010010 $
1&
b0111010001111 >
b0111010010000 A
1C
1D
#37305
0&
0C
0D
#37310
b00000000000000000000111010010011 "
b00000000000000000000111010010011 $
1&
b0111010010000 >
b0111010010001 A
1C
1D
#37315
0&
0C
0D
#37320
b00000000000000000000111010010100 "
b00000000000000000000111010010100 $
1&
b0111010010001 >
b0111010010010 A
1C
1D
#37325
0&
0C
0D
#37330
b00000000000000000000111010010101 "
b00000000000000000000111010010101 $
1&
b0111010010010 >
b0111010010011 A
1C
1D
#37335
0&
0C
0D
#37340
b00000000000000000000111010010110 "
b00000000000000000000111010010110 $
1&
b0111010010011 >
b0111010010100 A
1C
1D
#37345
0&
0C
0D
#37350
b00000000000000000000111010010111 "
b00000000000000000000111010010111 $
1&
b0111010010100 >
b0111010010101 A
1C
1D
#37355
0&
0C
0D
#37360
b00000000000000000000111010011000 "
b00000000000000000000111010011000 $
1&
b0111010010101 >
b0111010010110 A
1C
1D
#37365
0&
0C
0D
#37370
b00000000000000000000111010011001 "
b00000000000000000000111010011001 $
1&
b0111010010110 >
b0111010010111 A
1C
1D
#37375
0&
0C
0D
#37380
b00000000000000000000111010011010 "
b00000000000000000000111010011010 $
1&
b0111010010111 >
b0111010011000 A
1C
1D
#37385
0&
0C
0D
#37390
b00000000000000000000111010011011 "
b00000000000000000000111010011011 $
1&
b0111010011000 >
b0111010011001 A
1C
1D
#37395
0&
0C
0D
#37400
b00000000000000000000111010011100 "
b00000000000000000000111010011100 $
1&
b0111010011001 >
b0111010011010 A
1C
1D
#37405
0&
0C
0D
#37410
b00000000000000000000111010011101 "
b00000000000000000000111010011101 $
1&
b0111010011010 >
b0111010011011 A
1C
1D
#37415
0&
0C
0D
#37420
b00000000000000000000111010011110 "
b00000000000000000000111010011110 $
1&
b0111010011011 >
b0111010011100 A
1C
1D
#37425
0&
0C
0D
#37430
b00000000000000000000111010011111 "
b00000000000000000000111010011111 $
1&
b0111010011100 >
b0111010011101 A
1C
1D
#37435
0&
0C
0D
#37440
b00000000000000000000111010100000 "
b00000000000000000000111010100000 $
1&
b0111010011101 >
b0111010011110 A
1C
1D
#37445
0&
0C
0D
#37450
b00000000000000000000111010100001 "
b00000000000000000000111010100001 $
1&
b0111010011110 >
b0111010011111 A
1C
1D
#37455
0&
0C
0D
#37460
b00000000000000000000111010100010 "
b00000000000000000000111010100010 $
1&
b0111010011111 >
b0111010100000 A
1C
1D
#37465
0&
0C
0D
#37470
b00000000000000000000111010100011 "
b00000000000000000000111010100011 $
1&
b0111010100000 >
b0111010100001 A
1C
1D
#37475
0&
0C
0D
#37480
b00000000000000000000111010100100 "
b00000000000000000000111010100100 $
1&
b0111010100001 >
b0111010100010 A
1C
1D
#37485
0&
0C
0D
#37490
b00000000000000000000111010100101 "
b00000000000000000000111010100101 $
1&
b0111010100010 >
b0111010100011 A
1C
1D
#37495
0&
0C
0D
#37500
b00000000000000000000111010100110 "
b00000000000000000000111010100110 $
1&
b0111010100011 >
b0111010100100 A
1C
1D
#37505
0&
0C
0D
#37510
b00000000000000000000111010100111 "
b00000000000000000000111010100111 $
1&
b0111010100100 >
b0111010100101 A
1C
1D
#37515
0&
0C
0D
#37520
b00000000000000000000111010101000 "
b00000000000000000000111010101000 $
1&
b0111010100101 >
b0111010100110 A
1C
1D
#37525
0&
0C
0D
#37530
b00000000000000000000111010101001 "
b00000000000000000000111010101001 $
1&
b0111010100110 >
b0111010100111 A
1C
1D
#37535
0&
0C
0D
#37540
b00000000000000000000111010101010 "
b00000000000000000000111010101010 $
1&
b0111010100111 >
b0111010101000 A
1C
1D
#37545
0&
0C
0D
#37550
b00000000000000000000111010101011 "
b00000000000000000000111010101011 $
1&
b0111010101000 >
b0111010101001 A
1C
1D
#37555
0&
0C
0D
#37560
b00000000000000000000111010101100 "
b00000000000000000000111010101100 $
1&
b0111010101001 >
b0111010101010 A
1C
1D
#37565
0&
0C
0D
#37570
b00000000000000000000111010101101 "
b00000000000000000000111010101101 $
1&
b0111010101010 >
b0111010101011 A
1C
1D
#37575
0&
0C
0D
#37580
b00000000000000000000111010101110 "
b00000000000000000000111010101110 $
1&
b0111010101011 >
b0111010101100 A
1C
1D
#37585
0&
0C
0D
#37590
b00000000000000000000111010101111 "
b00000000000000000000111010101111 $
1&
b0111010101100 >
b0111010101101 A
1C
1D
#37595
0&
0C
0D
#37600
b00000000000000000000111010110000 "
b00000000000000000000111010110000 $
1&
b0111010101101 >
b0111010101110 A
1C
1D
#37605
0&
0C
0D
#37610
b00000000000000000000111010110001 "
b00000000000000000000111010110001 $
1&
b0111010101110 >
b0111010101111 A
1C
1D
#37615
0&
0C
0D
#37620
b00000000000000000000111010110010 "
b00000000000000000000111010110010 $
1&
b0111010101111 >
b0111010110000 A
1C
1D
#37625
0&
0C
0D
#37630
b00000000000000000000111010110011 "
b00000000000000000000111010110011 $
1&
b0111010110000 >
b0111010110001 A
1C
1D
#37635
0&
0C
0D
#37640
b00000000000000000000111010110100 "
b00000000000000000000111010110100 $
1&
b0111010110001 >
b0111010110010 A
1C
1D
#37645
0&
0C
0D
#37650
b00000000000000000000111010110101 "
b00000000000000000000111010110101 $
1&
b0111010110010 >
b0111010110011 A
1C
1D
#37655
0&
0C
0D
#37660
b00000000000000000000111010110110 "
b00000000000000000000111010110110 $
1&
b0111010110011 >
b0111010110100 A
1C
1D
#37665
0&
0C
0D
#37670
b00000000000000000000111010110111 "
b00000000000000000000111010110111 $
1&
b0111010110100 >
b0111010110101 A
1C
1D
#37675
0&
0C
0D
#37680
b00000000000000000000111010111000 "
b00000000000000000000111010111000 $
1&
b0111010110101 >
b0111010110110 A
1C
1D
#37685
0&
0C
0D
#37690
b00000000000000000000111010111001 "
b00000000000000000000111010111001 $
1&
b0111010110110 >
b0111010110111 A
1C
1D
#37695
0&
0C
0D
#37700
b00000000000000000000111010111010 "
b00000000000000000000111010111010 $
1&
b0111010110111 >
b0111010111000 A
1C
1D
#37705
0&
0C
0D
#37710
b00000000000000000000111010111011 "
b00000000000000000000111010111011 $
1&
b0111010111000 >
b0111010111001 A
1C
1D
#37715
0&
0C
0D
#37720
b00000000000000000000111010111100 "
b00000000000000000000111010111100 $
1&
b0111010111001 >
b0111010111010 A
1C
1D
#37725
0&
0C
0D
#37730
b00000000000000000000111010111101 "
b00000000000000000000111010111101 $
1&
b0111010111010 >
b0111010111011 A
1C
1D
#37735
0&
0C
0D
#37740
b00000000000000000000111010111110 "
b00000000000000000000111010111110 $
1&
b0111010111011 >
b0111010111100 A
1C
1D
#37745
0&
0C
0D
#37750
b00000000000000000000111010111111 "
b00000000000000000000111010111111 $
1&
b0111010111100 >
b0111010111101 A
1C
1D
#37755
0&
0C
0D
#37760
b00000000000000000000111011000000 "
b00000000000000000000111011000000 $
1&
b0111010111101 >
b0111010111110 A
1C
1D
#37765
0&
0C
0D
#37770
b00000000000000000000111011000001 "
b00000000000000000000111011000001 $
1&
b0111010111110 >
b0111010111111 A
1C
1D
#37775
0&
0C
0D
#37780
b00000000000000000000111011000010 "
b00000000000000000000111011000010 $
1&
b0111010111111 >
b0111011000000 A
1C
1D
#37785
0&
0C
0D
#37790
b00000000000000000000111011000011 "
b00000000000000000000111011000011 $
1&
b0111011000000 >
b0111011000001 A
1C
1D
#37795
0&
0C
0D
#37800
b00000000000000000000111011000100 "
b00000000000000000000111011000100 $
1&
b0111011000001 >
b0111011000010 A
1C
1D
#37805
0&
0C
0D
#37810
b00000000000000000000111011000101 "
b00000000000000000000111011000101 $
1&
b0111011000010 >
b0111011000011 A
1C
1D
#37815
0&
0C
0D
#37820
b00000000000000000000111011000110 "
b00000000000000000000111011000110 $
1&
b0111011000011 >
b0111011000100 A
1C
1D
#37825
0&
0C
0D
#37830
b00000000000000000000111011000111 "
b00000000000000000000111011000111 $
1&
b0111011000100 >
b0111011000101 A
1C
1D
#37835
0&
0C
0D
#37840
b00000000000000000000111011001000 "
b00000000000000000000111011001000 $
1&
b0111011000101 >
b0111011000110 A
1C
1D
#37845
0&
0C
0D
#37850
b00000000000000000000111011001001 "
b00000000000000000000111011001001 $
1&
b0111011000110 >
b0111011000111 A
1C
1D
#37855
0&
0C
0D
#37860
b00000000000000000000111011001010 "
b00000000000000000000111011001010 $
1&
b0111011000111 >
b0111011001000 A
1C
1D
#37865
0&
0C
0D
#37870
b00000000000000000000111011001011 "
b00000000000000000000111011001011 $
1&
b0111011001000 >
b0111011001001 A
1C
1D
#37875
0&
0C
0D
#37880
b00000000000000000000111011001100 "
b00000000000000000000111011001100 $
1&
b0111011001001 >
b0111011001010 A
1C
1D
#37885
0&
0C
0D
#37890
b00000000000000000000111011001101 "
b00000000000000000000111011001101 $
1&
b0111011001010 >
b0111011001011 A
1C
1D
#37895
0&
0C
0D
#37900
b00000000000000000000111011001110 "
b00000000000000000000111011001110 $
1&
b0111011001011 >
b0111011001100 A
1C
1D
#37905
0&
0C
0D
#37910
b00000000000000000000111011001111 "
b00000000000000000000111011001111 $
1&
b0111011001100 >
b0111011001101 A
1C
1D
#37915
0&
0C
0D
#37920
b00000000000000000000111011010000 "
b00000000000000000000111011010000 $
1&
b0111011001101 >
b0111011001110 A
1C
1D
#37925
0&
0C
0D
#37930
b00000000000000000000111011010001 "
b00000000000000000000111011010001 $
1&
b0111011001110 >
b0111011001111 A
1C
1D
#37935
0&
0C
0D
#37940
b00000000000000000000111011010010 "
b00000000000000000000111011010010 $
1&
b0111011001111 >
b0111011010000 A
1C
1D
#37945
0&
0C
0D
#37950
b00000000000000000000111011010011 "
b00000000000000000000111011010011 $
1&
b0111011010000 >
b0111011010001 A
1C
1D
#37955
0&
0C
0D
#37960
b00000000000000000000111011010100 "
b00000000000000000000111011010100 $
1&
b0111011010001 >
b0111011010010 A
1C
1D
#37965
0&
0C
0D
#37970
b00000000000000000000111011010101 "
b00000000000000000000111011010101 $
1&
b0111011010010 >
b0111011010011 A
1C
1D
#37975
0&
0C
0D
#37980
b00000000000000000000111011010110 "
b00000000000000000000111011010110 $
1&
b0111011010011 >
b0111011010100 A
1C
1D
#37985
0&
0C
0D
#37990
b00000000000000000000111011010111 "
b00000000000000000000111011010111 $
1&
b0111011010100 >
b0111011010101 A
1C
1D
#37995
0&
0C
0D
#38000
b00000000000000000000111011011000 "
b00000000000000000000111011011000 $
1&
b0111011010101 >
b0111011010110 A
1C
1D
#38005
0&
0C
0D
#38010
b00000000000000000000111011011001 "
b00000000000000000000111011011001 $
1&
b0111011010110 >
b0111011010111 A
1C
1D
#38015
0&
0C
0D
#38020
b00000000000000000000111011011010 "
b00000000000000000000111011011010 $
1&
b0111011010111 >
b0111011011000 A
1C
1D
#38025
0&
0C
0D
#38030
b00000000000000000000111011011011 "
b00000000000000000000111011011011 $
1&
b0111011011000 >
b0111011011001 A
1C
1D
#38035
0&
0C
0D
#38040
b00000000000000000000111011011100 "
b00000000000000000000111011011100 $
1&
b0111011011001 >
b0111011011010 A
1C
1D
#38045
0&
0C
0D
#38050
b00000000000000000000111011011101 "
b00000000000000000000111011011101 $
1&
b0111011011010 >
b0111011011011 A
1C
1D
#38055
0&
0C
0D
#38060
b00000000000000000000111011011110 "
b00000000000000000000111011011110 $
1&
b0111011011011 >
b0111011011100 A
1C
1D
#38065
0&
0C
0D
#38070
b00000000000000000000111011011111 "
b00000000000000000000111011011111 $
1&
b0111011011100 >
b0111011011101 A
1C
1D
#38075
0&
0C
0D
#38080
b00000000000000000000111011100000 "
b00000000000000000000111011100000 $
1&
b0111011011101 >
b0111011011110 A
1C
1D
#38085
0&
0C
0D
#38090
b00000000000000000000111011100001 "
b00000000000000000000111011100001 $
1&
b0111011011110 >
b0111011011111 A
1C
1D
#38095
0&
0C
0D
#38100
b00000000000000000000111011100010 "
b00000000000000000000111011100010 $
1&
b0111011011111 >
b0111011100000 A
1C
1D
#38105
0&
0C
0D
#38110
b00000000000000000000111011100011 "
b00000000000000000000111011100011 $
1&
b0111011100000 >
b0111011100001 A
1C
1D
#38115
0&
0C
0D
#38120
b00000000000000000000111011100100 "
b00000000000000000000111011100100 $
1&
b0111011100001 >
b0111011100010 A
1C
1D
#38125
0&
0C
0D
#38130
b00000000000000000000111011100101 "
b00000000000000000000111011100101 $
1&
b0111011100010 >
b0111011100011 A
1C
1D
#38135
0&
0C
0D
#38140
b00000000000000000000111011100110 "
b00000000000000000000111011100110 $
1&
b0111011100011 >
b0111011100100 A
1C
1D
#38145
0&
0C
0D
#38150
b00000000000000000000111011100111 "
b00000000000000000000111011100111 $
1&
b0111011100100 >
b0111011100101 A
1C
1D
#38155
0&
0C
0D
#38160
b00000000000000000000111011101000 "
b00000000000000000000111011101000 $
1&
b0111011100101 >
b0111011100110 A
1C
1D
#38165
0&
0C
0D
#38170
b00000000000000000000111011101001 "
b00000000000000000000111011101001 $
1&
b0111011100110 >
b0111011100111 A
1C
1D
#38175
0&
0C
0D
#38180
b00000000000000000000111011101010 "
b00000000000000000000111011101010 $
1&
b0111011100111 >
b0111011101000 A
1C
1D
#38185
0&
0C
0D
#38190
b00000000000000000000111011101011 "
b00000000000000000000111011101011 $
1&
b0111011101000 >
b0111011101001 A
1C
1D
#38195
0&
0C
0D
#38200
b00000000000000000000111011101100 "
b00000000000000000000111011101100 $
1&
b0111011101001 >
b0111011101010 A
1C
1D
#38205
0&
0C
0D
#38210
b00000000000000000000111011101101 "
b00000000000000000000111011101101 $
1&
b0111011101010 >
b0111011101011 A
1C
1D
#38215
0&
0C
0D
#38220
b00000000000000000000111011101110 "
b00000000000000000000111011101110 $
1&
b0111011101011 >
b0111011101100 A
1C
1D
#38225
0&
0C
0D
#38230
b00000000000000000000111011101111 "
b00000000000000000000111011101111 $
1&
b0111011101100 >
b0111011101101 A
1C
1D
#38235
0&
0C
0D
#38240
b00000000000000000000111011110000 "
b00000000000000000000111011110000 $
1&
b0111011101101 >
b0111011101110 A
1C
1D
#38245
0&
0C
0D
#38250
b00000000000000000000111011110001 "
b00000000000000000000111011110001 $
1&
b0111011101110 >
b0111011101111 A
1C
1D
#38255
0&
0C
0D
#38260
b00000000000000000000111011110010 "
b00000000000000000000111011110010 $
1&
b0111011101111 >
b0111011110000 A
1C
1D
#38265
0&
0C
0D
#38270
b00000000000000000000111011110011 "
b00000000000000000000111011110011 $
1&
b0111011110000 >
b0111011110001 A
1C
1D
#38275
0&
0C
0D
#38280
b00000000000000000000111011110100 "
b00000000000000000000111011110100 $
1&
b0111011110001 >
b0111011110010 A
1C
1D
#38285
0&
0C
0D
#38290
b00000000000000000000111011110101 "
b00000000000000000000111011110101 $
1&
b0111011110010 >
b0111011110011 A
1C
1D
#38295
0&
0C
0D
#38300
b00000000000000000000111011110110 "
b00000000000000000000111011110110 $
1&
b0111011110011 >
b0111011110100 A
1C
1D
#38305
0&
0C
0D
#38310
b00000000000000000000111011110111 "
b00000000000000000000111011110111 $
1&
b0111011110100 >
b0111011110101 A
1C
1D
#38315
0&
0C
0D
#38320
b00000000000000000000111011111000 "
b00000000000000000000111011111000 $
1&
b0111011110101 >
b0111011110110 A
1C
1D
#38325
0&
0C
0D
#38330
b00000000000000000000111011111001 "
b00000000000000000000111011111001 $
1&
b0111011110110 >
b0111011110111 A
1C
1D
#38335
0&
0C
0D
#38340
b00000000000000000000111011111010 "
b00000000000000000000111011111010 $
1&
b0111011110111 >
b0111011111000 A
1C
1D
#38345
0&
0C
0D
#38350
b00000000000000000000111011111011 "
b00000000000000000000111011111011 $
1&
b0111011111000 >
b0111011111001 A
1C
1D
#38355
0&
0C
0D
#38360
b00000000000000000000111011111100 "
b00000000000000000000111011111100 $
1&
b0111011111001 >
b0111011111010 A
1C
1D
#38365
0&
0C
0D
#38370
b00000000000000000000111011111101 "
b00000000000000000000111011111101 $
1&
b0111011111010 >
b0111011111011 A
1C
1D
#38375
0&
0C
0D
#38380
b00000000000000000000111011111110 "
b00000000000000000000111011111110 $
1&
b0111011111011 >
b0111011111100 A
1C
1D
#38385
0&
0C
0D
#38390
b00000000000000000000111011111111 "
b00000000000000000000111011111111 $
1&
b0111011111100 >
b0111011111101 A
1C
1D
#38395
0&
0C
0D
#38400
b00000000000000000000111100000000 "
b00000000000000000000111100000000 $
1&
b0111011111101 >
b0111011111110 A
1C
1D
#38405
0&
0C
0D
#38410
b00000000000000000000111100000001 "
b00000000000000000000111100000001 $
1&
b0111011111110 >
b0111011111111 A
1C
1D
#38415
0&
0C
0D
#38420
b00000000000000000000111100000010 "
b00000000000000000000111100000010 $
1&
b0111011111111 >
b0111100000000 A
1C
1D
#38425
0&
0C
0D
#38430
b00000000000000000000111100000011 "
b00000000000000000000111100000011 $
1&
b0111100000000 >
b0111100000001 A
1C
1D
#38435
0&
0C
0D
#38440
b00000000000000000000111100000100 "
b00000000000000000000111100000100 $
1&
b0111100000001 >
b0111100000010 A
1C
1D
#38445
0&
0C
0D
#38450
b00000000000000000000111100000101 "
b00000000000000000000111100000101 $
1&
b0111100000010 >
b0111100000011 A
1C
1D
#38455
0&
0C
0D
#38460
b00000000000000000000111100000110 "
b00000000000000000000111100000110 $
1&
b0111100000011 >
b0111100000100 A
1C
1D
#38465
0&
0C
0D
#38470
b00000000000000000000111100000111 "
b00000000000000000000111100000111 $
1&
b0111100000100 >
b0111100000101 A
1C
1D
#38475
0&
0C
0D
#38480
b00000000000000000000111100001000 "
b00000000000000000000111100001000 $
1&
b0111100000101 >
b0111100000110 A
1C
1D
#38485
0&
0C
0D
#38490
b00000000000000000000111100001001 "
b00000000000000000000111100001001 $
1&
b0111100000110 >
b0111100000111 A
1C
1D
#38495
0&
0C
0D
#38500
b00000000000000000000111100001010 "
b00000000000000000000111100001010 $
1&
b0111100000111 >
b0111100001000 A
1C
1D
#38505
0&
0C
0D
#38510
b00000000000000000000111100001011 "
b00000000000000000000111100001011 $
1&
b0111100001000 >
b0111100001001 A
1C
1D
#38515
0&
0C
0D
#38520
b00000000000000000000111100001100 "
b00000000000000000000111100001100 $
1&
b0111100001001 >
b0111100001010 A
1C
1D
#38525
0&
0C
0D
#38530
b00000000000000000000111100001101 "
b00000000000000000000111100001101 $
1&
b0111100001010 >
b0111100001011 A
1C
1D
#38535
0&
0C
0D
#38540
b00000000000000000000111100001110 "
b00000000000000000000111100001110 $
1&
b0111100001011 >
b0111100001100 A
1C
1D
#38545
0&
0C
0D
#38550
b00000000000000000000111100001111 "
b00000000000000000000111100001111 $
1&
b0111100001100 >
b0111100001101 A
1C
1D
#38555
0&
0C
0D
#38560
b00000000000000000000111100010000 "
b00000000000000000000111100010000 $
1&
b0111100001101 >
b0111100001110 A
1C
1D
#38565
0&
0C
0D
#38570
b00000000000000000000111100010001 "
b00000000000000000000111100010001 $
1&
b0111100001110 >
b0111100001111 A
1C
1D
#38575
0&
0C
0D
#38580
b00000000000000000000111100010010 "
b00000000000000000000111100010010 $
1&
b0111100001111 >
b0111100010000 A
1C
1D
#38585
0&
0C
0D
#38590
b00000000000000000000111100010011 "
b00000000000000000000111100010011 $
1&
b0111100010000 >
b0111100010001 A
1C
1D
#38595
0&
0C
0D
#38600
b00000000000000000000111100010100 "
b00000000000000000000111100010100 $
1&
b0111100010001 >
b0111100010010 A
1C
1D
#38605
0&
0C
0D
#38610
b00000000000000000000111100010101 "
b00000000000000000000111100010101 $
1&
b0111100010010 >
b0111100010011 A
1C
1D
#38615
0&
0C
0D
#38620
b00000000000000000000111100010110 "
b00000000000000000000111100010110 $
1&
b0111100010011 >
b0111100010100 A
1C
1D
#38625
0&
0C
0D
#38630
b00000000000000000000111100010111 "
b00000000000000000000111100010111 $
1&
b0111100010100 >
b0111100010101 A
1C
1D
#38635
0&
0C
0D
#38640
b00000000000000000000111100011000 "
b00000000000000000000111100011000 $
1&
b0111100010101 >
b0111100010110 A
1C
1D
#38645
0&
0C
0D
#38650
b00000000000000000000111100011001 "
b00000000000000000000111100011001 $
1&
b0111100010110 >
b0111100010111 A
1C
1D
#38655
0&
0C
0D
#38660
b00000000000000000000111100011010 "
b00000000000000000000111100011010 $
1&
b0111100010111 >
b0111100011000 A
1C
1D
#38665
0&
0C
0D
#38670
b00000000000000000000111100011011 "
b00000000000000000000111100011011 $
1&
b0111100011000 >
b0111100011001 A
1C
1D
#38675
0&
0C
0D
#38680
b00000000000000000000111100011100 "
b00000000000000000000111100011100 $
1&
b0111100011001 >
b0111100011010 A
1C
1D
#38685
0&
0C
0D
#38690
b00000000000000000000111100011101 "
b00000000000000000000111100011101 $
1&
b0111100011010 >
b0111100011011 A
1C
1D
#38695
0&
0C
0D
#38700
b00000000000000000000111100011110 "
b00000000000000000000111100011110 $
1&
b0111100011011 >
b0111100011100 A
1C
1D
#38705
0&
0C
0D
#38710
b00000000000000000000111100011111 "
b00000000000000000000111100011111 $
1&
b0111100011100 >
b0111100011101 A
1C
1D
#38715
0&
0C
0D
#38720
b00000000000000000000111100100000 "
b00000000000000000000111100100000 $
1&
b0111100011101 >
b0111100011110 A
1C
1D
#38725
0&
0C
0D
#38730
b00000000000000000000111100100001 "
b00000000000000000000111100100001 $
1&
b0111100011110 >
b0111100011111 A
1C
1D
#38735
0&
0C
0D
#38740
b00000000000000000000111100100010 "
b00000000000000000000111100100010 $
1&
b0111100011111 >
b0111100100000 A
1C
1D
#38745
0&
0C
0D
#38750
b00000000000000000000111100100011 "
b00000000000000000000111100100011 $
1&
b0111100100000 >
b0111100100001 A
1C
1D
#38755
0&
0C
0D
#38760
b00000000000000000000111100100100 "
b00000000000000000000111100100100 $
1&
b0111100100001 >
b0111100100010 A
1C
1D
#38765
0&
0C
0D
#38770
b00000000000000000000111100100101 "
b00000000000000000000111100100101 $
1&
b0111100100010 >
b0111100100011 A
1C
1D
#38775
0&
0C
0D
#38780
b00000000000000000000111100100110 "
b00000000000000000000111100100110 $
1&
b0111100100011 >
b0111100100100 A
1C
1D
#38785
0&
0C
0D
#38790
b00000000000000000000111100100111 "
b00000000000000000000111100100111 $
1&
b0111100100100 >
b0111100100101 A
1C
1D
#38795
0&
0C
0D
#38800
b00000000000000000000111100101000 "
b00000000000000000000111100101000 $
1&
b0111100100101 >
b0111100100110 A
1C
1D
#38805
0&
0C
0D
#38810
b00000000000000000000111100101001 "
b00000000000000000000111100101001 $
1&
b0111100100110 >
b0111100100111 A
1C
1D
#38815
0&
0C
0D
#38820
b00000000000000000000111100101010 "
b00000000000000000000111100101010 $
1&
b0111100100111 >
b0111100101000 A
1C
1D
#38825
0&
0C
0D
#38830
b00000000000000000000111100101011 "
b00000000000000000000111100101011 $
1&
b0111100101000 >
b0111100101001 A
1C
1D
#38835
0&
0C
0D
#38840
b00000000000000000000111100101100 "
b00000000000000000000111100101100 $
1&
b0111100101001 >
b0111100101010 A
1C
1D
#38845
0&
0C
0D
#38850
b00000000000000000000111100101101 "
b00000000000000000000111100101101 $
1&
b0111100101010 >
b0111100101011 A
1C
1D
#38855
0&
0C
0D
#38860
b00000000000000000000111100101110 "
b00000000000000000000111100101110 $
1&
b0111100101011 >
b0111100101100 A
1C
1D
#38865
0&
0C
0D
#38870
b00000000000000000000111100101111 "
b00000000000000000000111100101111 $
1&
b0111100101100 >
b0111100101101 A
1C
1D
#38875
0&
0C
0D
#38880
b00000000000000000000111100110000 "
b00000000000000000000111100110000 $
1&
b0111100101101 >
b0111100101110 A
1C
1D
#38885
0&
0C
0D
#38890
b00000000000000000000111100110001 "
b00000000000000000000111100110001 $
1&
b0111100101110 >
b0111100101111 A
1C
1D
#38895
0&
0C
0D
#38900
b00000000000000000000111100110010 "
b00000000000000000000111100110010 $
1&
b0111100101111 >
b0111100110000 A
1C
1D
#38905
0&
0C
0D
#38910
b00000000000000000000111100110011 "
b00000000000000000000111100110011 $
1&
b0111100110000 >
b0111100110001 A
1C
1D
#38915
0&
0C
0D
#38920
b00000000000000000000111100110100 "
b00000000000000000000111100110100 $
1&
b0111100110001 >
b0111100110010 A
1C
1D
#38925
0&
0C
0D
#38930
b00000000000000000000111100110101 "
b00000000000000000000111100110101 $
1&
b0111100110010 >
b0111100110011 A
1C
1D
#38935
0&
0C
0D
#38940
b00000000000000000000111100110110 "
b00000000000000000000111100110110 $
1&
b0111100110011 >
b0111100110100 A
1C
1D
#38945
0&
0C
0D
#38950
b00000000000000000000111100110111 "
b00000000000000000000111100110111 $
1&
b0111100110100 >
b0111100110101 A
1C
1D
#38955
0&
0C
0D
#38960
b00000000000000000000111100111000 "
b00000000000000000000111100111000 $
1&
b0111100110101 >
b0111100110110 A
1C
1D
#38965
0&
0C
0D
#38970
b00000000000000000000111100111001 "
b00000000000000000000111100111001 $
1&
b0111100110110 >
b0111100110111 A
1C
1D
#38975
0&
0C
0D
#38980
b00000000000000000000111100111010 "
b00000000000000000000111100111010 $
1&
b0111100110111 >
b0111100111000 A
1C
1D
#38985
0&
0C
0D
#38990
b00000000000000000000111100111011 "
b00000000000000000000111100111011 $
1&
b0111100111000 >
b0111100111001 A
1C
1D
#38995
0&
0C
0D
#39000
b00000000000000000000111100111100 "
b00000000000000000000111100111100 $
1&
b0111100111001 >
b0111100111010 A
1C
1D
#39005
0&
0C
0D
#39010
b00000000000000000000111100111101 "
b00000000000000000000111100111101 $
1&
b0111100111010 >
b0111100111011 A
1C
1D
#39015
0&
0C
0D
#39020
b00000000000000000000111100111110 "
b00000000000000000000111100111110 $
1&
b0111100111011 >
b0111100111100 A
1C
1D
#39025
0&
0C
0D
#39030
b00000000000000000000111100111111 "
b00000000000000000000111100111111 $
1&
b0111100111100 >
b0111100111101 A
1C
1D
#39035
0&
0C
0D
#39040
b00000000000000000000111101000000 "
b00000000000000000000111101000000 $
1&
b0111100111101 >
b0111100111110 A
1C
1D
#39045
0&
0C
0D
#39050
b00000000000000000000111101000001 "
b00000000000000000000111101000001 $
1&
b0111100111110 >
b0111100111111 A
1C
1D
#39055
0&
0C
0D
#39060
b00000000000000000000111101000010 "
b00000000000000000000111101000010 $
1&
b0111100111111 >
b0111101000000 A
1C
1D
#39065
0&
0C
0D
#39070
b00000000000000000000111101000011 "
b00000000000000000000111101000011 $
1&
b0111101000000 >
b0111101000001 A
1C
1D
#39075
0&
0C
0D
#39080
b00000000000000000000111101000100 "
b00000000000000000000111101000100 $
1&
b0111101000001 >
b0111101000010 A
1C
1D
#39085
0&
0C
0D
#39090
b00000000000000000000111101000101 "
b00000000000000000000111101000101 $
1&
b0111101000010 >
b0111101000011 A
1C
1D
#39095
0&
0C
0D
#39100
b00000000000000000000111101000110 "
b00000000000000000000111101000110 $
1&
b0111101000011 >
b0111101000100 A
1C
1D
#39105
0&
0C
0D
#39110
b00000000000000000000111101000111 "
b00000000000000000000111101000111 $
1&
b0111101000100 >
b0111101000101 A
1C
1D
#39115
0&
0C
0D
#39120
b00000000000000000000111101001000 "
b00000000000000000000111101001000 $
1&
b0111101000101 >
b0111101000110 A
1C
1D
#39125
0&
0C
0D
#39130
b00000000000000000000111101001001 "
b00000000000000000000111101001001 $
1&
b0111101000110 >
b0111101000111 A
1C
1D
#39135
0&
0C
0D
#39140
b00000000000000000000111101001010 "
b00000000000000000000111101001010 $
1&
b0111101000111 >
b0111101001000 A
1C
1D
#39145
0&
0C
0D
#39150
b00000000000000000000111101001011 "
b00000000000000000000111101001011 $
1&
b0111101001000 >
b0111101001001 A
1C
1D
#39155
0&
0C
0D
#39160
b00000000000000000000111101001100 "
b00000000000000000000111101001100 $
1&
b0111101001001 >
b0111101001010 A
1C
1D
#39165
0&
0C
0D
#39170
b00000000000000000000111101001101 "
b00000000000000000000111101001101 $
1&
b0111101001010 >
b0111101001011 A
1C
1D
#39175
0&
0C
0D
#39180
b00000000000000000000111101001110 "
b00000000000000000000111101001110 $
1&
b0111101001011 >
b0111101001100 A
1C
1D
#39185
0&
0C
0D
#39190
b00000000000000000000111101001111 "
b00000000000000000000111101001111 $
1&
b0111101001100 >
b0111101001101 A
1C
1D
#39195
0&
0C
0D
#39200
b00000000000000000000111101010000 "
b00000000000000000000111101010000 $
1&
b0111101001101 >
b0111101001110 A
1C
1D
#39205
0&
0C
0D
#39210
b00000000000000000000111101010001 "
b00000000000000000000111101010001 $
1&
b0111101001110 >
b0111101001111 A
1C
1D
#39215
0&
0C
0D
#39220
b00000000000000000000111101010010 "
b00000000000000000000111101010010 $
1&
b0111101001111 >
b0111101010000 A
1C
1D
#39225
0&
0C
0D
#39230
b00000000000000000000111101010011 "
b00000000000000000000111101010011 $
1&
b0111101010000 >
b0111101010001 A
1C
1D
#39235
0&
0C
0D
#39240
b00000000000000000000111101010100 "
b00000000000000000000111101010100 $
1&
b0111101010001 >
b0111101010010 A
1C
1D
#39245
0&
0C
0D
#39250
b00000000000000000000111101010101 "
b00000000000000000000111101010101 $
1&
b0111101010010 >
b0111101010011 A
1C
1D
#39255
0&
0C
0D
#39260
b00000000000000000000111101010110 "
b00000000000000000000111101010110 $
1&
b0111101010011 >
b0111101010100 A
1C
1D
#39265
0&
0C
0D
#39270
b00000000000000000000111101010111 "
b00000000000000000000111101010111 $
1&
b0111101010100 >
b0111101010101 A
1C
1D
#39275
0&
0C
0D
#39280
b00000000000000000000111101011000 "
b00000000000000000000111101011000 $
1&
b0111101010101 >
b0111101010110 A
1C
1D
#39285
0&
0C
0D
#39290
b00000000000000000000111101011001 "
b00000000000000000000111101011001 $
1&
b0111101010110 >
b0111101010111 A
1C
1D
#39295
0&
0C
0D
#39300
b00000000000000000000111101011010 "
b00000000000000000000111101011010 $
1&
b0111101010111 >
b0111101011000 A
1C
1D
#39305
0&
0C
0D
#39310
b00000000000000000000111101011011 "
b00000000000000000000111101011011 $
1&
b0111101011000 >
b0111101011001 A
1C
1D
#39315
0&
0C
0D
#39320
b00000000000000000000111101011100 "
b00000000000000000000111101011100 $
1&
b0111101011001 >
b0111101011010 A
1C
1D
#39325
0&
0C
0D
#39330
b00000000000000000000111101011101 "
b00000000000000000000111101011101 $
1&
b0111101011010 >
b0111101011011 A
1C
1D
#39335
0&
0C
0D
#39340
b00000000000000000000111101011110 "
b00000000000000000000111101011110 $
1&
b0111101011011 >
b0111101011100 A
1C
1D
#39345
0&
0C
0D
#39350
b00000000000000000000111101011111 "
b00000000000000000000111101011111 $
1&
b0111101011100 >
b0111101011101 A
1C
1D
#39355
0&
0C
0D
#39360
b00000000000000000000111101100000 "
b00000000000000000000111101100000 $
1&
b0111101011101 >
b0111101011110 A
1C
1D
#39365
0&
0C
0D
#39370
b00000000000000000000111101100001 "
b00000000000000000000111101100001 $
1&
b0111101011110 >
b0111101011111 A
1C
1D
#39375
0&
0C
0D
#39380
b00000000000000000000111101100010 "
b00000000000000000000111101100010 $
1&
b0111101011111 >
b0111101100000 A
1C
1D
#39385
0&
0C
0D
#39390
b00000000000000000000111101100011 "
b00000000000000000000111101100011 $
1&
b0111101100000 >
b0111101100001 A
1C
1D
#39395
0&
0C
0D
#39400
b00000000000000000000111101100100 "
b00000000000000000000111101100100 $
1&
b0111101100001 >
b0111101100010 A
1C
1D
#39405
0&
0C
0D
#39410
b00000000000000000000111101100101 "
b00000000000000000000111101100101 $
1&
b0111101100010 >
b0111101100011 A
1C
1D
#39415
0&
0C
0D
#39420
b00000000000000000000111101100110 "
b00000000000000000000111101100110 $
1&
b0111101100011 >
b0111101100100 A
1C
1D
#39425
0&
0C
0D
#39430
b00000000000000000000111101100111 "
b00000000000000000000111101100111 $
1&
b0111101100100 >
b0111101100101 A
1C
1D
#39435
0&
0C
0D
#39440
b00000000000000000000111101101000 "
b00000000000000000000111101101000 $
1&
b0111101100101 >
b0111101100110 A
1C
1D
#39445
0&
0C
0D
#39450
b00000000000000000000111101101001 "
b00000000000000000000111101101001 $
1&
b0111101100110 >
b0111101100111 A
1C
1D
#39455
0&
0C
0D
#39460
b00000000000000000000111101101010 "
b00000000000000000000111101101010 $
1&
b0111101100111 >
b0111101101000 A
1C
1D
#39465
0&
0C
0D
#39470
b00000000000000000000111101101011 "
b00000000000000000000111101101011 $
1&
b0111101101000 >
b0111101101001 A
1C
1D
#39475
0&
0C
0D
#39480
b00000000000000000000111101101100 "
b00000000000000000000111101101100 $
1&
b0111101101001 >
b0111101101010 A
1C
1D
#39485
0&
0C
0D
#39490
b00000000000000000000111101101101 "
b00000000000000000000111101101101 $
1&
b0111101101010 >
b0111101101011 A
1C
1D
#39495
0&
0C
0D
#39500
b00000000000000000000111101101110 "
b00000000000000000000111101101110 $
1&
b0111101101011 >
b0111101101100 A
1C
1D
#39505
0&
0C
0D
#39510
b00000000000000000000111101101111 "
b00000000000000000000111101101111 $
1&
b0111101101100 >
b0111101101101 A
1C
1D
#39515
0&
0C
0D
#39520
b00000000000000000000111101110000 "
b00000000000000000000111101110000 $
1&
b0111101101101 >
b0111101101110 A
1C
1D
#39525
0&
0C
0D
#39530
b00000000000000000000111101110001 "
b00000000000000000000111101110001 $
1&
b0111101101110 >
b0111101101111 A
1C
1D
#39535
0&
0C
0D
#39540
b00000000000000000000111101110010 "
b00000000000000000000111101110010 $
1&
b0111101101111 >
b0111101110000 A
1C
1D
#39545
0&
0C
0D
#39550
b00000000000000000000111101110011 "
b00000000000000000000111101110011 $
1&
b0111101110000 >
b0111101110001 A
1C
1D
#39555
0&
0C
0D
#39560
b00000000000000000000111101110100 "
b00000000000000000000111101110100 $
1&
b0111101110001 >
b0111101110010 A
1C
1D
#39565
0&
0C
0D
#39570
b00000000000000000000111101110101 "
b00000000000000000000111101110101 $
1&
b0111101110010 >
b0111101110011 A
1C
1D
#39575
0&
0C
0D
#39580
b00000000000000000000111101110110 "
b00000000000000000000111101110110 $
1&
b0111101110011 >
b0111101110100 A
1C
1D
#39585
0&
0C
0D
#39590
b00000000000000000000111101110111 "
b00000000000000000000111101110111 $
1&
b0111101110100 >
b0111101110101 A
1C
1D
#39595
0&
0C
0D
#39600
b00000000000000000000111101111000 "
b00000000000000000000111101111000 $
1&
b0111101110101 >
b0111101110110 A
1C
1D
#39605
0&
0C
0D
#39610
b00000000000000000000111101111001 "
b00000000000000000000111101111001 $
1&
b0111101110110 >
b0111101110111 A
1C
1D
#39615
0&
0C
0D
#39620
b00000000000000000000111101111010 "
b00000000000000000000111101111010 $
1&
b0111101110111 >
b0111101111000 A
1C
1D
#39625
0&
0C
0D
#39630
b00000000000000000000111101111011 "
b00000000000000000000111101111011 $
1&
b0111101111000 >
b0111101111001 A
1C
1D
#39635
0&
0C
0D
#39640
b00000000000000000000111101111100 "
b00000000000000000000111101111100 $
1&
b0111101111001 >
b0111101111010 A
1C
1D
#39645
0&
0C
0D
#39650
b00000000000000000000111101111101 "
b00000000000000000000111101111101 $
1&
b0111101111010 >
b0111101111011 A
1C
1D
#39655
0&
0C
0D
#39660
b00000000000000000000111101111110 "
b00000000000000000000111101111110 $
1&
b0111101111011 >
b0111101111100 A
1C
1D
#39665
0&
0C
0D
#39670
b00000000000000000000111101111111 "
b00000000000000000000111101111111 $
1&
b0111101111100 >
b0111101111101 A
1C
1D
#39675
0&
0C
0D
#39680
b00000000000000000000111110000000 "
b00000000000000000000111110000000 $
1&
b0111101111101 >
b0111101111110 A
1C
1D
#39685
0&
0C
0D
#39690
b00000000000000000000111110000001 "
b00000000000000000000111110000001 $
1&
b0111101111110 >
b0111101111111 A
1C
1D
#39695
0&
0C
0D
#39700
b00000000000000000000111110000010 "
b00000000000000000000111110000010 $
1&
b0111101111111 >
b0111110000000 A
1C
1D
#39705
0&
0C
0D
#39710
b00000000000000000000111110000011 "
b00000000000000000000111110000011 $
1&
b0111110000000 >
b0111110000001 A
1C
1D
#39715
0&
0C
0D
#39720
b00000000000000000000111110000100 "
b00000000000000000000111110000100 $
1&
b0111110000001 >
b0111110000010 A
1C
1D
#39725
0&
0C
0D
#39730
b00000000000000000000111110000101 "
b00000000000000000000111110000101 $
1&
b0111110000010 >
b0111110000011 A
1C
1D
#39735
0&
0C
0D
#39740
b00000000000000000000111110000110 "
b00000000000000000000111110000110 $
1&
b0111110000011 >
b0111110000100 A
1C
1D
#39745
0&
0C
0D
#39750
b00000000000000000000111110000111 "
b00000000000000000000111110000111 $
1&
b0111110000100 >
b0111110000101 A
1C
1D
#39755
0&
0C
0D
#39760
b00000000000000000000111110001000 "
b00000000000000000000111110001000 $
1&
b0111110000101 >
b0111110000110 A
1C
1D
#39765
0&
0C
0D
#39770
b00000000000000000000111110001001 "
b00000000000000000000111110001001 $
1&
b0111110000110 >
b0111110000111 A
1C
1D
#39775
0&
0C
0D
#39780
b00000000000000000000111110001010 "
b00000000000000000000111110001010 $
1&
b0111110000111 >
b0111110001000 A
1C
1D
#39785
0&
0C
0D
#39790
b00000000000000000000111110001011 "
b00000000000000000000111110001011 $
1&
b0111110001000 >
b0111110001001 A
1C
1D
#39795
0&
0C
0D
#39800
b00000000000000000000111110001100 "
b00000000000000000000111110001100 $
1&
b0111110001001 >
b0111110001010 A
1C
1D
#39805
0&
0C
0D
#39810
b00000000000000000000111110001101 "
b00000000000000000000111110001101 $
1&
b0111110001010 >
b0111110001011 A
1C
1D
#39815
0&
0C
0D
#39820
b00000000000000000000111110001110 "
b00000000000000000000111110001110 $
1&
b0111110001011 >
b0111110001100 A
1C
1D
#39825
0&
0C
0D
#39830
b00000000000000000000111110001111 "
b00000000000000000000111110001111 $
1&
b0111110001100 >
b0111110001101 A
1C
1D
#39835
0&
0C
0D
#39840
b00000000000000000000111110010000 "
b00000000000000000000111110010000 $
1&
b0111110001101 >
b0111110001110 A
1C
1D
#39845
0&
0C
0D
#39850
b00000000000000000000111110010001 "
b00000000000000000000111110010001 $
1&
b0111110001110 >
b0111110001111 A
1C
1D
#39855
0&
0C
0D
#39860
b00000000000000000000111110010010 "
b00000000000000000000111110010010 $
1&
b0111110001111 >
b0111110010000 A
1C
1D
#39865
0&
0C
0D
#39870
b00000000000000000000111110010011 "
b00000000000000000000111110010011 $
1&
b0111110010000 >
b0111110010001 A
1C
1D
#39875
0&
0C
0D
#39880
b00000000000000000000111110010100 "
b00000000000000000000111110010100 $
1&
b0111110010001 >
b0111110010010 A
1C
1D
#39885
0&
0C
0D
#39890
b00000000000000000000111110010101 "
b00000000000000000000111110010101 $
1&
b0111110010010 >
b0111110010011 A
1C
1D
#39895
0&
0C
0D
#39900
b00000000000000000000111110010110 "
b00000000000000000000111110010110 $
1&
b0111110010011 >
b0111110010100 A
1C
1D
#39905
0&
0C
0D
#39910
b00000000000000000000111110010111 "
b00000000000000000000111110010111 $
1&
b0111110010100 >
b0111110010101 A
1C
1D
#39915
0&
0C
0D
#39920
b00000000000000000000111110011000 "
b00000000000000000000111110011000 $
1&
b0111110010101 >
b0111110010110 A
1C
1D
#39925
0&
0C
0D
#39930
b00000000000000000000111110011001 "
b00000000000000000000111110011001 $
1&
b0111110010110 >
b0111110010111 A
1C
1D
#39935
0&
0C
0D
#39940
b00000000000000000000111110011010 "
b00000000000000000000111110011010 $
1&
b0111110010111 >
b0111110011000 A
1C
1D
#39945
0&
0C
0D
#39950
b00000000000000000000111110011011 "
b00000000000000000000111110011011 $
1&
b0111110011000 >
b0111110011001 A
1C
1D
#39955
0&
0C
0D
#39960
b00000000000000000000111110011100 "
b00000000000000000000111110011100 $
1&
b0111110011001 >
b0111110011010 A
1C
1D
#39965
0&
0C
0D
#39970
b00000000000000000000111110011101 "
b00000000000000000000111110011101 $
1&
b0111110011010 >
b0111110011011 A
1C
1D
#39975
0&
0C
0D
#39980
b00000000000000000000111110011110 "
b00000000000000000000111110011110 $
1&
b0111110011011 >
b0111110011100 A
1C
1D
#39985
0&
0C
0D
#39990
b00000000000000000000111110011111 "
b00000000000000000000111110011111 $
1&
b0111110011100 >
b0111110011101 A
1C
1D
#39995
0&
0C
0D
#40000
b00000000000000000000111110100000 "
b00000000000000000000111110100000 $
1&
b0111110011101 >
b0111110011110 A
1C
1D
#40005
0&
0C
0D
#40010
b00000000000000000000111110100001 "
b00000000000000000000111110100001 $
1&
b0111110011110 >
b0111110011111 A
1C
1D
#40015
0&
0C
0D
#40020
b00000000000000000000111110100010 "
b00000000000000000000111110100010 $
1&
b0111110011111 >
b0111110100000 A
1C
1D
#40025
0&
0C
0D
#40030
b00000000000000000000111110100011 "
b00000000000000000000111110100011 $
1&
b0111110100000 >
b0111110100001 A
1C
1D
#40035
0&
0C
0D
#40040
b00000000000000000000111110100100 "
b00000000000000000000111110100100 $
1&
b0111110100001 >
b0111110100010 A
1C
1D
#40045
0&
0C
0D
#40050
b00000000000000000000111110100101 "
b00000000000000000000111110100101 $
1&
b0111110100010 >
b0111110100011 A
1C
1D
#40055
0&
0C
0D
#40060
b00000000000000000000111110100110 "
b00000000000000000000111110100110 $
1&
b0111110100011 >
b0111110100100 A
1C
1D
#40065
0&
0C
0D
#40070
b00000000000000000000111110100111 "
b00000000000000000000111110100111 $
1&
b0111110100100 >
b0111110100101 A
1C
1D
#40075
0&
0C
0D
#40080
b00000000000000000000111110101000 "
b00000000000000000000111110101000 $
1&
b0111110100101 >
b0111110100110 A
1C
1D
#40085
0&
0C
0D
#40090
b00000000000000000000111110101001 "
b00000000000000000000111110101001 $
1&
b0111110100110 >
b0111110100111 A
1C
1D
#40095
0&
0C
0D
#40100
b00000000000000000000111110101010 "
b00000000000000000000111110101010 $
1&
b0111110100111 >
b0111110101000 A
1C
1D
#40105
0&
0C
0D
#40110
b00000000000000000000111110101011 "
b00000000000000000000111110101011 $
1&
b0111110101000 >
b0111110101001 A
1C
1D
#40115
0&
0C
0D
#40120
b00000000000000000000111110101100 "
b00000000000000000000111110101100 $
1&
b0111110101001 >
b0111110101010 A
1C
1D
#40125
0&
0C
0D
#40130
b00000000000000000000111110101101 "
b00000000000000000000111110101101 $
1&
b0111110101010 >
b0111110101011 A
1C
1D
#40135
0&
0C
0D
#40140
b00000000000000000000111110101110 "
b00000000000000000000111110101110 $
1&
b0111110101011 >
b0111110101100 A
1C
1D
#40145
0&
0C
0D
#40150
b00000000000000000000111110101111 "
b00000000000000000000111110101111 $
1&
b0111110101100 >
b0111110101101 A
1C
1D
#40155
0&
0C
0D
#40160
b00000000000000000000111110110000 "
b00000000000000000000111110110000 $
1&
b0111110101101 >
b0111110101110 A
1C
1D
#40165
0&
0C
0D
#40170
b00000000000000000000111110110001 "
b00000000000000000000111110110001 $
1&
b0111110101110 >
b0111110101111 A
1C
1D
#40175
0&
0C
0D
#40180
b00000000000000000000111110110010 "
b00000000000000000000111110110010 $
1&
b0111110101111 >
b0111110110000 A
1C
1D
#40185
0&
0C
0D
#40190
b00000000000000000000111110110011 "
b00000000000000000000111110110011 $
1&
b0111110110000 >
b0111110110001 A
1C
1D
#40195
0&
0C
0D
#40200
b00000000000000000000111110110100 "
b00000000000000000000111110110100 $
1&
b0111110110001 >
b0111110110010 A
1C
1D
#40205
0&
0C
0D
#40210
b00000000000000000000111110110101 "
b00000000000000000000111110110101 $
1&
b0111110110010 >
b0111110110011 A
1C
1D
#40215
0&
0C
0D
#40220
b00000000000000000000111110110110 "
b00000000000000000000111110110110 $
1&
b0111110110011 >
b0111110110100 A
1C
1D
#40225
0&
0C
0D
#40230
b00000000000000000000111110110111 "
b00000000000000000000111110110111 $
1&
b0111110110100 >
b0111110110101 A
1C
1D
#40235
0&
0C
0D
#40240
b00000000000000000000111110111000 "
b00000000000000000000111110111000 $
1&
b0111110110101 >
b0111110110110 A
1C
1D
#40245
0&
0C
0D
#40250
b00000000000000000000111110111001 "
b00000000000000000000111110111001 $
1&
b0111110110110 >
b0111110110111 A
1C
1D
#40255
0&
0C
0D
#40260
b00000000000000000000111110111010 "
b00000000000000000000111110111010 $
1&
b0111110110111 >
b0111110111000 A
1C
1D
#40265
0&
0C
0D
#40270
b00000000000000000000111110111011 "
b00000000000000000000111110111011 $
1&
b0111110111000 >
b0111110111001 A
1C
1D
#40275
0&
0C
0D
#40280
b00000000000000000000111110111100 "
b00000000000000000000111110111100 $
1&
b0111110111001 >
b0111110111010 A
1C
1D
#40285
0&
0C
0D
#40290
b00000000000000000000111110111101 "
b00000000000000000000111110111101 $
1&
b0111110111010 >
b0111110111011 A
1C
1D
#40295
0&
0C
0D
#40300
b00000000000000000000111110111110 "
b00000000000000000000111110111110 $
1&
b0111110111011 >
b0111110111100 A
1C
1D
#40305
0&
0C
0D
#40310
b00000000000000000000111110111111 "
b00000000000000000000111110111111 $
1&
b0111110111100 >
b0111110111101 A
1C
1D
#40315
0&
0C
0D
#40320
b00000000000000000000111111000000 "
b00000000000000000000111111000000 $
1&
b0111110111101 >
b0111110111110 A
1C
1D
#40325
0&
0C
0D
#40330
b00000000000000000000111111000001 "
b00000000000000000000111111000001 $
1&
b0111110111110 >
b0111110111111 A
1C
1D
#40335
0&
0C
0D
#40340
b00000000000000000000111111000010 "
b00000000000000000000111111000010 $
1&
b0111110111111 >
b0111111000000 A
1C
1D
#40345
0&
0C
0D
#40350
b00000000000000000000111111000011 "
b00000000000000000000111111000011 $
1&
b0111111000000 >
b0111111000001 A
1C
1D
#40355
0&
0C
0D
#40360
b00000000000000000000111111000100 "
b00000000000000000000111111000100 $
1&
b0111111000001 >
b0111111000010 A
1C
1D
#40365
0&
0C
0D
#40370
b00000000000000000000111111000101 "
b00000000000000000000111111000101 $
1&
b0111111000010 >
b0111111000011 A
1C
1D
#40375
0&
0C
0D
#40380
b00000000000000000000111111000110 "
b00000000000000000000111111000110 $
1&
b0111111000011 >
b0111111000100 A
1C
1D
#40385
0&
0C
0D
#40390
b00000000000000000000111111000111 "
b00000000000000000000111111000111 $
1&
b0111111000100 >
b0111111000101 A
1C
1D
#40395
0&
0C
0D
#40400
b00000000000000000000111111001000 "
b00000000000000000000111111001000 $
1&
b0111111000101 >
b0111111000110 A
1C
1D
#40405
0&
0C
0D
#40410
b00000000000000000000111111001001 "
b00000000000000000000111111001001 $
1&
b0111111000110 >
b0111111000111 A
1C
1D
#40415
0&
0C
0D
#40420
b00000000000000000000111111001010 "
b00000000000000000000111111001010 $
1&
b0111111000111 >
b0111111001000 A
1C
1D
#40425
0&
0C
0D
#40430
b00000000000000000000111111001011 "
b00000000000000000000111111001011 $
1&
b0111111001000 >
b0111111001001 A
1C
1D
#40435
0&
0C
0D
#40440
b00000000000000000000111111001100 "
b00000000000000000000111111001100 $
1&
b0111111001001 >
b0111111001010 A
1C
1D
#40445
0&
0C
0D
#40450
b00000000000000000000111111001101 "
b00000000000000000000111111001101 $
1&
b0111111001010 >
b0111111001011 A
1C
1D
#40455
0&
0C
0D
#40460
b00000000000000000000111111001110 "
b00000000000000000000111111001110 $
1&
b0111111001011 >
b0111111001100 A
1C
1D
#40465
0&
0C
0D
#40470
b00000000000000000000111111001111 "
b00000000000000000000111111001111 $
1&
b0111111001100 >
b0111111001101 A
1C
1D
#40475
0&
0C
0D
#40480
b00000000000000000000111111010000 "
b00000000000000000000111111010000 $
1&
b0111111001101 >
b0111111001110 A
1C
1D
#40485
0&
0C
0D
#40490
b00000000000000000000111111010001 "
b00000000000000000000111111010001 $
1&
b0111111001110 >
b0111111001111 A
1C
1D
#40495
0&
0C
0D
#40500
b00000000000000000000111111010010 "
b00000000000000000000111111010010 $
1&
b0111111001111 >
b0111111010000 A
1C
1D
#40505
0&
0C
0D
#40510
b00000000000000000000111111010011 "
b00000000000000000000111111010011 $
1&
b0111111010000 >
b0111111010001 A
1C
1D
#40515
0&
0C
0D
#40520
b00000000000000000000111111010100 "
b00000000000000000000111111010100 $
1&
b0111111010001 >
b0111111010010 A
1C
1D
#40525
0&
0C
0D
#40530
b00000000000000000000111111010101 "
b00000000000000000000111111010101 $
1&
b0111111010010 >
b0111111010011 A
1C
1D
#40535
0&
0C
0D
#40540
b00000000000000000000111111010110 "
b00000000000000000000111111010110 $
1&
b0111111010011 >
b0111111010100 A
1C
1D
#40545
0&
0C
0D
#40550
b00000000000000000000111111010111 "
b00000000000000000000111111010111 $
1&
b0111111010100 >
b0111111010101 A
1C
1D
#40555
0&
0C
0D
#40560
b00000000000000000000111111011000 "
b00000000000000000000111111011000 $
1&
b0111111010101 >
b0111111010110 A
1C
1D
#40565
0&
0C
0D
#40570
b00000000000000000000111111011001 "
b00000000000000000000111111011001 $
1&
b0111111010110 >
b0111111010111 A
1C
1D
#40575
0&
0C
0D
#40580
b00000000000000000000111111011010 "
b00000000000000000000111111011010 $
1&
b0111111010111 >
b0111111011000 A
1C
1D
#40585
0&
0C
0D
#40590
b00000000000000000000111111011011 "
b00000000000000000000111111011011 $
1&
b0111111011000 >
b0111111011001 A
1C
1D
#40595
0&
0C
0D
#40600
b00000000000000000000111111011100 "
b00000000000000000000111111011100 $
1&
b0111111011001 >
b0111111011010 A
1C
1D
#40605
0&
0C
0D
#40610
b00000000000000000000111111011101 "
b00000000000000000000111111011101 $
1&
b0111111011010 >
b0111111011011 A
1C
1D
#40615
0&
0C
0D
#40620
b00000000000000000000111111011110 "
b00000000000000000000111111011110 $
1&
b0111111011011 >
b0111111011100 A
1C
1D
#40625
0&
0C
0D
#40630
b00000000000000000000111111011111 "
b00000000000000000000111111011111 $
1&
b0111111011100 >
b0111111011101 A
1C
1D
#40635
0&
0C
0D
#40640
b00000000000000000000111111100000 "
b00000000000000000000111111100000 $
1&
b0111111011101 >
b0111111011110 A
1C
1D
#40645
0&
0C
0D
#40650
b00000000000000000000111111100001 "
b00000000000000000000111111100001 $
1&
b0111111011110 >
b0111111011111 A
1C
1D
#40655
0&
0C
0D
#40660
b00000000000000000000111111100010 "
b00000000000000000000111111100010 $
1&
b0111111011111 >
b0111111100000 A
1C
1D
#40665
0&
0C
0D
#40670
b00000000000000000000111111100011 "
b00000000000000000000111111100011 $
1&
b0111111100000 >
b0111111100001 A
1C
1D
#40675
0&
0C
0D
#40680
b00000000000000000000111111100100 "
b00000000000000000000111111100100 $
1&
b0111111100001 >
b0111111100010 A
1C
1D
#40685
0&
0C
0D
#40690
b00000000000000000000111111100101 "
b00000000000000000000111111100101 $
1&
b0111111100010 >
b0111111100011 A
1C
1D
#40695
0&
0C
0D
#40700
b00000000000000000000111111100110 "
b00000000000000000000111111100110 $
1&
b0111111100011 >
b0111111100100 A
1C
1D
#40705
0&
0C
0D
#40710
b00000000000000000000111111100111 "
b00000000000000000000111111100111 $
1&
b0111111100100 >
b0111111100101 A
1C
1D
#40715
0&
0C
0D
#40720
b00000000000000000000111111101000 "
b00000000000000000000111111101000 $
1&
b0111111100101 >
b0111111100110 A
1C
1D
#40725
0&
0C
0D
#40730
b00000000000000000000111111101001 "
b00000000000000000000111111101001 $
1&
b0111111100110 >
b0111111100111 A
1C
1D
#40735
0&
0C
0D
#40740
b00000000000000000000111111101010 "
b00000000000000000000111111101010 $
1&
b0111111100111 >
b0111111101000 A
1C
1D
#40745
0&
0C
0D
#40750
b00000000000000000000111111101011 "
b00000000000000000000111111101011 $
1&
b0111111101000 >
b0111111101001 A
1C
1D
#40755
0&
0C
0D
#40760
b00000000000000000000111111101100 "
b00000000000000000000111111101100 $
1&
b0111111101001 >
b0111111101010 A
1C
1D
#40765
0&
0C
0D
#40770
b00000000000000000000111111101101 "
b00000000000000000000111111101101 $
1&
b0111111101010 >
b0111111101011 A
1C
1D
#40775
0&
0C
0D
#40780
b00000000000000000000111111101110 "
b00000000000000000000111111101110 $
1&
b0111111101011 >
b0111111101100 A
1C
1D
#40785
0&
0C
0D
#40790
b00000000000000000000111111101111 "
b00000000000000000000111111101111 $
1&
b0111111101100 >
b0111111101101 A
1C
1D
#40795
0&
0C
0D
#40800
b00000000000000000000111111110000 "
b00000000000000000000111111110000 $
1&
b0111111101101 >
b0111111101110 A
1C
1D
#40805
0&
0C
0D
#40810
b00000000000000000000111111110001 "
b00000000000000000000111111110001 $
1&
b0111111101110 >
b0111111101111 A
1C
1D
#40815
0&
0C
0D
#40820
b00000000000000000000111111110010 "
b00000000000000000000111111110010 $
1&
b0111111101111 >
b0111111110000 A
1C
1D
#40825
0&
0C
0D
#40830
b00000000000000000000111111110011 "
b00000000000000000000111111110011 $
1&
b0111111110000 >
b0111111110001 A
1C
1D
#40835
0&
0C
0D
#40840
b00000000000000000000111111110100 "
b00000000000000000000111111110100 $
1&
b0111111110001 >
b0111111110010 A
1C
1D
#40845
0&
0C
0D
#40850
b00000000000000000000111111110101 "
b00000000000000000000111111110101 $
1&
b0111111110010 >
b0111111110011 A
1C
1D
#40855
0&
0C
0D
#40860
b00000000000000000000111111110110 "
b00000000000000000000111111110110 $
1&
b0111111110011 >
b0111111110100 A
1C
1D
#40865
0&
0C
0D
#40870
b00000000000000000000111111110111 "
b00000000000000000000111111110111 $
1&
b0111111110100 >
b0111111110101 A
1C
1D
#40875
0&
0C
0D
#40880
b00000000000000000000111111111000 "
b00000000000000000000111111111000 $
1&
b0111111110101 >
b0111111110110 A
1C
1D
#40885
0&
0C
0D
#40890
b00000000000000000000111111111001 "
b00000000000000000000111111111001 $
1&
b0111111110110 >
b0111111110111 A
1C
1D
#40895
0&
0C
0D
#40900
b00000000000000000000111111111010 "
b00000000000000000000111111111010 $
1&
b0111111110111 >
b0111111111000 A
1C
1D
#40905
0&
0C
0D
#40910
b00000000000000000000111111111011 "
b00000000000000000000111111111011 $
1&
b0111111111000 >
b0111111111001 A
1C
1D
#40915
0&
0C
0D
#40920
b00000000000000000000111111111100 "
b00000000000000000000111111111100 $
1&
b0111111111001 >
b0111111111010 A
1C
1D
#40925
0&
0C
0D
#40930
b00000000000000000000111111111101 "
b00000000000000000000111111111101 $
1&
b0111111111010 >
b0111111111011 A
1C
1D
#40935
0&
0C
0D
#40940
b00000000000000000000111111111110 "
b00000000000000000000111111111110 $
1&
b0111111111011 >
b0111111111100 A
1C
1D
#40945
0&
0C
0D
#40950
b00000000000000000000111111111111 "
b00000000000000000000111111111111 $
1&
b0111111111100 >
b0111111111101 A
1C
1D
#40955
0&
0C
0D
#40960
b00000000000000000001000000000000 "
b00000000000000000001000000000000 $
1&
b0111111111101 >
b0111111111110 A
1C
1D
#40965
0&
0C
0D
#40970
b00000000000000000001000000000001 "
b00000000000000000001000000000001 $
1&
b0111111111110 >
b0111111111111 A
1C
1D
#40975
0&
0C
0D
#40980
b00000000000000000001000000000010 "
b00000000000000000001000000000010 $
1&
b0111111111111 >
b1000000000000 A
1C
1D
#40985
0&
0C
0D
#40990
b00000000000000000001000000000011 "
b00000000000000000001000000000011 $
1&
1)
b1000000000000 >
b1000000000001 A
0B
1C
1D
#40995
0&
0C
0D
#41000
