$date Wed Jun  3 14:40:59 2026
 $end
$version JasperGold $end
$timescale 1 ns $end
$scope module rgraph $end
$scope module resetCounter $end
$var wire 1 ! reset $end
$var wire 32 " timeSinceReset [31:0] $end
$var wire 1 # notChaos $end
$var reg 32 $ count [31:0] $end
$var reg 1 % flag $end
$var wire 1 & clk $end
$upscope $end
$var wire 1 ' :jasper_formal_reset $end
$var wire 1 ( reset $end
$var wire 1 ) io_i $end
$var wire 1 * io_o $end
$var wire 1 + _resetCounter_notChaos $end
$var reg 12 , cnt [11:0] $end
$var reg 1 - mode $end
$var reg 1 . REG $end
$var reg 1 / hasBeenResetReg $end
$var wire 1 0 hasBeenReset $end
$var reg 1 1 REG_1 $end
$var reg 1 2 pending $end
$var reg 13 3 timer [12:0] $end
$var wire 1 4 nextPending $end
$var wire 1 5 _nextTimer_T_1 $end
$var wire 13 6 _nextTimer_T_2 [12:0] $end
$var reg 1 7 cnt_eventually_reaches_zero $end
$var wire 1 8 :jasper_formal_clock $end
$var wire 1 9 clock $end
$upscope $end
$enddefinitions $end
#0
0!
b00000000000000000000000000000000 "
1#
b00000000000000000000000000000000 $
1%
1&
0'
0(
0)
1*
1+
b000000000000 ,
0-
0.
1/
10
01
02
b0000000000000 3
04
05
b0000000000001 6
17
18
19
#5
0&
08
09
#10
b00000000000000000000000000000001 "
b00000000000000000000000000000001 $
1&
1)
0*
b000000000001 ,
18
19
#15
0&
08
09
#20
b00000000000000000000000000000010 "
b00000000000000000000000000000010 $
1&
b000000000010 ,
1-
14
18
19
#25
0&
08
09
#30
b00000000000000000000000000000011 "
b00000000000000000000000000000011 $
1&
0)
b000000000001 ,
1.
12
15
18
19
#35
0&
08
09
#40
b00000000000000000000000000000100 "
b00000000000000000000000000000100 $
1&
b0000000000001 3
b0000000000010 6
18
19
#45
0&
08
09
#50
b00000000000000000000000000000101 "
b00000000000000000000000000000101 $
1&
b0000000000010 3
b0000000000011 6
18
19
#55
0&
08
09
#60
b00000000000000000000000000000110 "
b00000000000000000000000000000110 $
1&
b0000000000011 3
b0000000000100 6
18
19
#65
0&
08
09
#70
b00000000000000000000000000000111 "
b00000000000000000000000000000111 $
1&
b0000000000100 3
b0000000000101 6
18
19
#75
0&
08
09
#80
b00000000000000000000000000001000 "
b00000000000000000000000000001000 $
1&
b0000000000101 3
b0000000000110 6
18
19
#85
0&
08
09
#90
b00000000000000000000000000001001 "
b00000000000000000000000000001001 $
1&
b0000000000110 3
b0000000000111 6
18
19
#95
0&
08
09
#100
b00000000000000000000000000001010 "
b00000000000000000000000000001010 $
1&
b0000000000111 3
b0000000001000 6
18
19
#105
0&
08
09
#110
b00000000000000000000000000001011 "
b00000000000000000000000000001011 $
1&
b0000000001000 3
b0000000001001 6
18
19
#115
0&
08
09
#120
b00000000000000000000000000001100 "
b00000000000000000000000000001100 $
1&
b0000000001001 3
b0000000001010 6
18
19
#125
0&
08
09
#130
b00000000000000000000000000001101 "
b00000000000000000000000000001101 $
1&
b0000000001010 3
b0000000001011 6
18
19
#135
0&
08
09
#140
b00000000000000000000000000001110 "
b00000000000000000000000000001110 $
1&
b0000000001011 3
b0000000001100 6
18
19
#145
0&
08
09
#150
b00000000000000000000000000001111 "
b00000000000000000000000000001111 $
1&
b0000000001100 3
b0000000001101 6
18
19
#155
0&
08
09
#160
b00000000000000000000000000010000 "
b00000000000000000000000000010000 $
1&
b0000000001101 3
b0000000001110 6
18
19
#165
0&
08
09
#170
b00000000000000000000000000010001 "
b00000000000000000000000000010001 $
1&
b0000000001110 3
b0000000001111 6
18
19
#175
0&
08
09
#180
b00000000000000000000000000010010 "
b00000000000000000000000000010010 $
1&
b0000000001111 3
b0000000010000 6
18
19
#185
0&
08
09
#190
b00000000000000000000000000010011 "
b00000000000000000000000000010011 $
1&
b0000000010000 3
b0000000010001 6
18
19
#195
0&
08
09
#200
b00000000000000000000000000010100 "
b00000000000000000000000000010100 $
1&
b0000000010001 3
b0000000010010 6
18
19
#205
0&
08
09
#210
b00000000000000000000000000010101 "
b00000000000000000000000000010101 $
1&
b0000000010010 3
b0000000010011 6
18
19
#215
0&
08
09
#220
b00000000000000000000000000010110 "
b00000000000000000000000000010110 $
1&
b0000000010011 3
b0000000010100 6
18
19
#225
0&
08
09
#230
b00000000000000000000000000010111 "
b00000000000000000000000000010111 $
1&
b0000000010100 3
b0000000010101 6
18
19
#235
0&
08
09
#240
b00000000000000000000000000011000 "
b00000000000000000000000000011000 $
1&
b0000000010101 3
b0000000010110 6
18
19
#245
0&
08
09
#250
b00000000000000000000000000011001 "
b00000000000000000000000000011001 $
1&
b0000000010110 3
b0000000010111 6
18
19
#255
0&
08
09
#260
b00000000000000000000000000011010 "
b00000000000000000000000000011010 $
1&
b0000000010111 3
b0000000011000 6
18
19
#265
0&
08
09
#270
b00000000000000000000000000011011 "
b00000000000000000000000000011011 $
1&
b0000000011000 3
b0000000011001 6
18
19
#275
0&
08
09
#280
b00000000000000000000000000011100 "
b00000000000000000000000000011100 $
1&
b0000000011001 3
b0000000011010 6
18
19
#285
0&
08
09
#290
b00000000000000000000000000011101 "
b00000000000000000000000000011101 $
1&
b0000000011010 3
b0000000011011 6
18
19
#295
0&
08
09
#300
b00000000000000000000000000011110 "
b00000000000000000000000000011110 $
1&
b0000000011011 3
b0000000011100 6
18
19
#305
0&
08
09
#310
b00000000000000000000000000011111 "
b00000000000000000000000000011111 $
1&
b0000000011100 3
b0000000011101 6
18
19
#315
0&
08
09
#320
b00000000000000000000000000100000 "
b00000000000000000000000000100000 $
1&
b0000000011101 3
b0000000011110 6
18
19
#325
0&
08
09
#330
b00000000000000000000000000100001 "
b00000000000000000000000000100001 $
1&
b0000000011110 3
b0000000011111 6
18
19
#335
0&
08
09
#340
b00000000000000000000000000100010 "
b00000000000000000000000000100010 $
1&
b0000000011111 3
b0000000100000 6
18
19
#345
0&
08
09
#350
b00000000000000000000000000100011 "
b00000000000000000000000000100011 $
1&
b0000000100000 3
b0000000100001 6
18
19
#355
0&
08
09
#360
b00000000000000000000000000100100 "
b00000000000000000000000000100100 $
1&
b0000000100001 3
b0000000100010 6
18
19
#365
0&
08
09
#370
b00000000000000000000000000100101 "
b00000000000000000000000000100101 $
1&
b0000000100010 3
b0000000100011 6
18
19
#375
0&
08
09
#380
b00000000000000000000000000100110 "
b00000000000000000000000000100110 $
1&
b0000000100011 3
b0000000100100 6
18
19
#385
0&
08
09
#390
b00000000000000000000000000100111 "
b00000000000000000000000000100111 $
1&
b0000000100100 3
b0000000100101 6
18
19
#395
0&
08
09
#400
b00000000000000000000000000101000 "
b00000000000000000000000000101000 $
1&
b0000000100101 3
b0000000100110 6
18
19
#405
0&
08
09
#410
b00000000000000000000000000101001 "
b00000000000000000000000000101001 $
1&
b0000000100110 3
b0000000100111 6
18
19
#415
0&
08
09
#420
b00000000000000000000000000101010 "
b00000000000000000000000000101010 $
1&
b0000000100111 3
b0000000101000 6
18
19
#425
0&
08
09
#430
b00000000000000000000000000101011 "
b00000000000000000000000000101011 $
1&
b0000000101000 3
b0000000101001 6
18
19
#435
0&
08
09
#440
b00000000000000000000000000101100 "
b00000000000000000000000000101100 $
1&
b0000000101001 3
b0000000101010 6
18
19
#445
0&
08
09
#450
b00000000000000000000000000101101 "
b00000000000000000000000000101101 $
1&
b0000000101010 3
b0000000101011 6
18
19
#455
0&
08
09
#460
b00000000000000000000000000101110 "
b00000000000000000000000000101110 $
1&
b0000000101011 3
b0000000101100 6
18
19
#465
0&
08
09
#470
b00000000000000000000000000101111 "
b00000000000000000000000000101111 $
1&
b0000000101100 3
b0000000101101 6
18
19
#475
0&
08
09
#480
b00000000000000000000000000110000 "
b00000000000000000000000000110000 $
1&
b0000000101101 3
b0000000101110 6
18
19
#485
0&
08
09
#490
b00000000000000000000000000110001 "
b00000000000000000000000000110001 $
1&
b0000000101110 3
b0000000101111 6
18
19
#495
0&
08
09
#500
b00000000000000000000000000110010 "
b00000000000000000000000000110010 $
1&
b0000000101111 3
b0000000110000 6
18
19
#505
0&
08
09
#510
b00000000000000000000000000110011 "
b00000000000000000000000000110011 $
1&
b0000000110000 3
b0000000110001 6
18
19
#515
0&
08
09
#520
b00000000000000000000000000110100 "
b00000000000000000000000000110100 $
1&
b0000000110001 3
b0000000110010 6
18
19
#525
0&
08
09
#530
b00000000000000000000000000110101 "
b00000000000000000000000000110101 $
1&
b0000000110010 3
b0000000110011 6
18
19
#535
0&
08
09
#540
b00000000000000000000000000110110 "
b00000000000000000000000000110110 $
1&
b0000000110011 3
b0000000110100 6
18
19
#545
0&
08
09
#550
b00000000000000000000000000110111 "
b00000000000000000000000000110111 $
1&
b0000000110100 3
b0000000110101 6
18
19
#555
0&
08
09
#560
b00000000000000000000000000111000 "
b00000000000000000000000000111000 $
1&
b0000000110101 3
b0000000110110 6
18
19
#565
0&
08
09
#570
b00000000000000000000000000111001 "
b00000000000000000000000000111001 $
1&
b0000000110110 3
b0000000110111 6
18
19
#575
0&
08
09
#580
b00000000000000000000000000111010 "
b00000000000000000000000000111010 $
1&
b0000000110111 3
b0000000111000 6
18
19
#585
0&
08
09
#590
b00000000000000000000000000111011 "
b00000000000000000000000000111011 $
1&
b0000000111000 3
b0000000111001 6
18
19
#595
0&
08
09
#600
b00000000000000000000000000111100 "
b00000000000000000000000000111100 $
1&
b0000000111001 3
b0000000111010 6
18
19
#605
0&
08
09
#610
b00000000000000000000000000111101 "
b00000000000000000000000000111101 $
1&
b0000000111010 3
b0000000111011 6
18
19
#615
0&
08
09
#620
b00000000000000000000000000111110 "
b00000000000000000000000000111110 $
1&
b0000000111011 3
b0000000111100 6
18
19
#625
0&
08
09
#630
b00000000000000000000000000111111 "
b00000000000000000000000000111111 $
1&
b0000000111100 3
b0000000111101 6
18
19
#635
0&
08
09
#640
b00000000000000000000000001000000 "
b00000000000000000000000001000000 $
1&
b0000000111101 3
b0000000111110 6
18
19
#645
0&
08
09
#650
b00000000000000000000000001000001 "
b00000000000000000000000001000001 $
1&
b0000000111110 3
b0000000111111 6
18
19
#655
0&
08
09
#660
b00000000000000000000000001000010 "
b00000000000000000000000001000010 $
1&
b0000000111111 3
b0000001000000 6
18
19
#665
0&
08
09
#670
b00000000000000000000000001000011 "
b00000000000000000000000001000011 $
1&
b0000001000000 3
b0000001000001 6
18
19
#675
0&
08
09
#680
b00000000000000000000000001000100 "
b00000000000000000000000001000100 $
1&
b0000001000001 3
b0000001000010 6
18
19
#685
0&
08
09
#690
b00000000000000000000000001000101 "
b00000000000000000000000001000101 $
1&
b0000001000010 3
b0000001000011 6
18
19
#695
0&
08
09
#700
b00000000000000000000000001000110 "
b00000000000000000000000001000110 $
1&
b0000001000011 3
b0000001000100 6
18
19
#705
0&
08
09
#710
b00000000000000000000000001000111 "
b00000000000000000000000001000111 $
1&
b0000001000100 3
b0000001000101 6
18
19
#715
0&
08
09
#720
b00000000000000000000000001001000 "
b00000000000000000000000001001000 $
1&
b0000001000101 3
b0000001000110 6
18
19
#725
0&
08
09
#730
b00000000000000000000000001001001 "
b00000000000000000000000001001001 $
1&
b0000001000110 3
b0000001000111 6
18
19
#735
0&
08
09
#740
b00000000000000000000000001001010 "
b00000000000000000000000001001010 $
1&
b0000001000111 3
b0000001001000 6
18
19
#745
0&
08
09
#750
b00000000000000000000000001001011 "
b00000000000000000000000001001011 $
1&
b0000001001000 3
b0000001001001 6
18
19
#755
0&
08
09
#760
b00000000000000000000000001001100 "
b00000000000000000000000001001100 $
1&
b0000001001001 3
b0000001001010 6
18
19
#765
0&
08
09
#770
b00000000000000000000000001001101 "
b00000000000000000000000001001101 $
1&
b0000001001010 3
b0000001001011 6
18
19
#775
0&
08
09
#780
b00000000000000000000000001001110 "
b00000000000000000000000001001110 $
1&
b0000001001011 3
b0000001001100 6
18
19
#785
0&
08
09
#790
b00000000000000000000000001001111 "
b00000000000000000000000001001111 $
1&
b0000001001100 3
b0000001001101 6
18
19
#795
0&
08
09
#800
b00000000000000000000000001010000 "
b00000000000000000000000001010000 $
1&
b0000001001101 3
b0000001001110 6
18
19
#805
0&
08
09
#810
b00000000000000000000000001010001 "
b00000000000000000000000001010001 $
1&
b0000001001110 3
b0000001001111 6
18
19
#815
0&
08
09
#820
b00000000000000000000000001010010 "
b00000000000000000000000001010010 $
1&
b0000001001111 3
b0000001010000 6
18
19
#825
0&
08
09
#830
b00000000000000000000000001010011 "
b00000000000000000000000001010011 $
1&
b0000001010000 3
b0000001010001 6
18
19
#835
0&
08
09
#840
b00000000000000000000000001010100 "
b00000000000000000000000001010100 $
1&
b0000001010001 3
b0000001010010 6
18
19
#845
0&
08
09
#850
b00000000000000000000000001010101 "
b00000000000000000000000001010101 $
1&
b0000001010010 3
b0000001010011 6
18
19
#855
0&
08
09
#860
b00000000000000000000000001010110 "
b00000000000000000000000001010110 $
1&
b0000001010011 3
b0000001010100 6
18
19
#865
0&
08
09
#870
b00000000000000000000000001010111 "
b00000000000000000000000001010111 $
1&
b0000001010100 3
b0000001010101 6
18
19
#875
0&
08
09
#880
b00000000000000000000000001011000 "
b00000000000000000000000001011000 $
1&
b0000001010101 3
b0000001010110 6
18
19
#885
0&
08
09
#890
b00000000000000000000000001011001 "
b00000000000000000000000001011001 $
1&
b0000001010110 3
b0000001010111 6
18
19
#895
0&
08
09
#900
b00000000000000000000000001011010 "
b00000000000000000000000001011010 $
1&
b0000001010111 3
b0000001011000 6
18
19
#905
0&
08
09
#910
b00000000000000000000000001011011 "
b00000000000000000000000001011011 $
1&
b0000001011000 3
b0000001011001 6
18
19
#915
0&
08
09
#920
b00000000000000000000000001011100 "
b00000000000000000000000001011100 $
1&
b0000001011001 3
b0000001011010 6
18
19
#925
0&
08
09
#930
b00000000000000000000000001011101 "
b00000000000000000000000001011101 $
1&
b0000001011010 3
b0000001011011 6
18
19
#935
0&
08
09
#940
b00000000000000000000000001011110 "
b00000000000000000000000001011110 $
1&
b0000001011011 3
b0000001011100 6
18
19
#945
0&
08
09
#950
b00000000000000000000000001011111 "
b00000000000000000000000001011111 $
1&
b0000001011100 3
b0000001011101 6
18
19
#955
0&
08
09
#960
b00000000000000000000000001100000 "
b00000000000000000000000001100000 $
1&
b0000001011101 3
b0000001011110 6
18
19
#965
0&
08
09
#970
b00000000000000000000000001100001 "
b00000000000000000000000001100001 $
1&
b0000001011110 3
b0000001011111 6
18
19
#975
0&
08
09
#980
b00000000000000000000000001100010 "
b00000000000000000000000001100010 $
1&
b0000001011111 3
b0000001100000 6
18
19
#985
0&
08
09
#990
b00000000000000000000000001100011 "
b00000000000000000000000001100011 $
1&
b0000001100000 3
b0000001100001 6
18
19
#995
0&
08
09
#1000
b00000000000000000000000001100100 "
b00000000000000000000000001100100 $
1&
b0000001100001 3
b0000001100010 6
18
19
#1005
0&
08
09
#1010
b00000000000000000000000001100101 "
b00000000000000000000000001100101 $
1&
b0000001100010 3
b0000001100011 6
18
19
#1015
0&
08
09
#1020
b00000000000000000000000001100110 "
b00000000000000000000000001100110 $
1&
b0000001100011 3
b0000001100100 6
18
19
#1025
0&
08
09
#1030
b00000000000000000000000001100111 "
b00000000000000000000000001100111 $
1&
b0000001100100 3
b0000001100101 6
18
19
#1035
0&
08
09
#1040
b00000000000000000000000001101000 "
b00000000000000000000000001101000 $
1&
b0000001100101 3
b0000001100110 6
18
19
#1045
0&
08
09
#1050
b00000000000000000000000001101001 "
b00000000000000000000000001101001 $
1&
b0000001100110 3
b0000001100111 6
18
19
#1055
0&
08
09
#1060
b00000000000000000000000001101010 "
b00000000000000000000000001101010 $
1&
b0000001100111 3
b0000001101000 6
18
19
#1065
0&
08
09
#1070
b00000000000000000000000001101011 "
b00000000000000000000000001101011 $
1&
b0000001101000 3
b0000001101001 6
18
19
#1075
0&
08
09
#1080
b00000000000000000000000001101100 "
b00000000000000000000000001101100 $
1&
b0000001101001 3
b0000001101010 6
18
19
#1085
0&
08
09
#1090
b00000000000000000000000001101101 "
b00000000000000000000000001101101 $
1&
b0000001101010 3
b0000001101011 6
18
19
#1095
0&
08
09
#1100
b00000000000000000000000001101110 "
b00000000000000000000000001101110 $
1&
b0000001101011 3
b0000001101100 6
18
19
#1105
0&
08
09
#1110
b00000000000000000000000001101111 "
b00000000000000000000000001101111 $
1&
b0000001101100 3
b0000001101101 6
18
19
#1115
0&
08
09
#1120
b00000000000000000000000001110000 "
b00000000000000000000000001110000 $
1&
b0000001101101 3
b0000001101110 6
18
19
#1125
0&
08
09
#1130
b00000000000000000000000001110001 "
b00000000000000000000000001110001 $
1&
b0000001101110 3
b0000001101111 6
18
19
#1135
0&
08
09
#1140
b00000000000000000000000001110010 "
b00000000000000000000000001110010 $
1&
b0000001101111 3
b0000001110000 6
18
19
#1145
0&
08
09
#1150
b00000000000000000000000001110011 "
b00000000000000000000000001110011 $
1&
b0000001110000 3
b0000001110001 6
18
19
#1155
0&
08
09
#1160
b00000000000000000000000001110100 "
b00000000000000000000000001110100 $
1&
b0000001110001 3
b0000001110010 6
18
19
#1165
0&
08
09
#1170
b00000000000000000000000001110101 "
b00000000000000000000000001110101 $
1&
b0000001110010 3
b0000001110011 6
18
19
#1175
0&
08
09
#1180
b00000000000000000000000001110110 "
b00000000000000000000000001110110 $
1&
b0000001110011 3
b0000001110100 6
18
19
#1185
0&
08
09
#1190
b00000000000000000000000001110111 "
b00000000000000000000000001110111 $
1&
b0000001110100 3
b0000001110101 6
18
19
#1195
0&
08
09
#1200
b00000000000000000000000001111000 "
b00000000000000000000000001111000 $
1&
b0000001110101 3
b0000001110110 6
18
19
#1205
0&
08
09
#1210
b00000000000000000000000001111001 "
b00000000000000000000000001111001 $
1&
b0000001110110 3
b0000001110111 6
18
19
#1215
0&
08
09
#1220
b00000000000000000000000001111010 "
b00000000000000000000000001111010 $
1&
b0000001110111 3
b0000001111000 6
18
19
#1225
0&
08
09
#1230
b00000000000000000000000001111011 "
b00000000000000000000000001111011 $
1&
b0000001111000 3
b0000001111001 6
18
19
#1235
0&
08
09
#1240
b00000000000000000000000001111100 "
b00000000000000000000000001111100 $
1&
b0000001111001 3
b0000001111010 6
18
19
#1245
0&
08
09
#1250
b00000000000000000000000001111101 "
b00000000000000000000000001111101 $
1&
b0000001111010 3
b0000001111011 6
18
19
#1255
0&
08
09
#1260
b00000000000000000000000001111110 "
b00000000000000000000000001111110 $
1&
b0000001111011 3
b0000001111100 6
18
19
#1265
0&
08
09
#1270
b00000000000000000000000001111111 "
b00000000000000000000000001111111 $
1&
b0000001111100 3
b0000001111101 6
18
19
#1275
0&
08
09
#1280
b00000000000000000000000010000000 "
b00000000000000000000000010000000 $
1&
b0000001111101 3
b0000001111110 6
18
19
#1285
0&
08
09
#1290
b00000000000000000000000010000001 "
b00000000000000000000000010000001 $
1&
b0000001111110 3
b0000001111111 6
18
19
#1295
0&
08
09
#1300
b00000000000000000000000010000010 "
b00000000000000000000000010000010 $
1&
b0000001111111 3
b0000010000000 6
18
19
#1305
0&
08
09
#1310
b00000000000000000000000010000011 "
b00000000000000000000000010000011 $
1&
b0000010000000 3
b0000010000001 6
18
19
#1315
0&
08
09
#1320
b00000000000000000000000010000100 "
b00000000000000000000000010000100 $
1&
b0000010000001 3
b0000010000010 6
18
19
#1325
0&
08
09
#1330
b00000000000000000000000010000101 "
b00000000000000000000000010000101 $
1&
b0000010000010 3
b0000010000011 6
18
19
#1335
0&
08
09
#1340
b00000000000000000000000010000110 "
b00000000000000000000000010000110 $
1&
b0000010000011 3
b0000010000100 6
18
19
#1345
0&
08
09
#1350
b00000000000000000000000010000111 "
b00000000000000000000000010000111 $
1&
b0000010000100 3
b0000010000101 6
18
19
#1355
0&
08
09
#1360
b00000000000000000000000010001000 "
b00000000000000000000000010001000 $
1&
b0000010000101 3
b0000010000110 6
18
19
#1365
0&
08
09
#1370
b00000000000000000000000010001001 "
b00000000000000000000000010001001 $
1&
b0000010000110 3
b0000010000111 6
18
19
#1375
0&
08
09
#1380
b00000000000000000000000010001010 "
b00000000000000000000000010001010 $
1&
b0000010000111 3
b0000010001000 6
18
19
#1385
0&
08
09
#1390
b00000000000000000000000010001011 "
b00000000000000000000000010001011 $
1&
b0000010001000 3
b0000010001001 6
18
19
#1395
0&
08
09
#1400
b00000000000000000000000010001100 "
b00000000000000000000000010001100 $
1&
b0000010001001 3
b0000010001010 6
18
19
#1405
0&
08
09
#1410
b00000000000000000000000010001101 "
b00000000000000000000000010001101 $
1&
b0000010001010 3
b0000010001011 6
18
19
#1415
0&
08
09
#1420
b00000000000000000000000010001110 "
b00000000000000000000000010001110 $
1&
b0000010001011 3
b0000010001100 6
18
19
#1425
0&
08
09
#1430
b00000000000000000000000010001111 "
b00000000000000000000000010001111 $
1&
b0000010001100 3
b0000010001101 6
18
19
#1435
0&
08
09
#1440
b00000000000000000000000010010000 "
b00000000000000000000000010010000 $
1&
b0000010001101 3
b0000010001110 6
18
19
#1445
0&
08
09
#1450
b00000000000000000000000010010001 "
b00000000000000000000000010010001 $
1&
b0000010001110 3
b0000010001111 6
18
19
#1455
0&
08
09
#1460
b00000000000000000000000010010010 "
b00000000000000000000000010010010 $
1&
b0000010001111 3
b0000010010000 6
18
19
#1465
0&
08
09
#1470
b00000000000000000000000010010011 "
b00000000000000000000000010010011 $
1&
b0000010010000 3
b0000010010001 6
18
19
#1475
0&
08
09
#1480
b00000000000000000000000010010100 "
b00000000000000000000000010010100 $
1&
b0000010010001 3
b0000010010010 6
18
19
#1485
0&
08
09
#1490
b00000000000000000000000010010101 "
b00000000000000000000000010010101 $
1&
b0000010010010 3
b0000010010011 6
18
19
#1495
0&
08
09
#1500
b00000000000000000000000010010110 "
b00000000000000000000000010010110 $
1&
b0000010010011 3
b0000010010100 6
18
19
#1505
0&
08
09
#1510
b00000000000000000000000010010111 "
b00000000000000000000000010010111 $
1&
b0000010010100 3
b0000010010101 6
18
19
#1515
0&
08
09
#1520
b00000000000000000000000010011000 "
b00000000000000000000000010011000 $
1&
b0000010010101 3
b0000010010110 6
18
19
#1525
0&
08
09
#1530
b00000000000000000000000010011001 "
b00000000000000000000000010011001 $
1&
b0000010010110 3
b0000010010111 6
18
19
#1535
0&
08
09
#1540
b00000000000000000000000010011010 "
b00000000000000000000000010011010 $
1&
b0000010010111 3
b0000010011000 6
18
19
#1545
0&
08
09
#1550
b00000000000000000000000010011011 "
b00000000000000000000000010011011 $
1&
b0000010011000 3
b0000010011001 6
18
19
#1555
0&
08
09
#1560
b00000000000000000000000010011100 "
b00000000000000000000000010011100 $
1&
b0000010011001 3
b0000010011010 6
18
19
#1565
0&
08
09
#1570
b00000000000000000000000010011101 "
b00000000000000000000000010011101 $
1&
b0000010011010 3
b0000010011011 6
18
19
#1575
0&
08
09
#1580
b00000000000000000000000010011110 "
b00000000000000000000000010011110 $
1&
b0000010011011 3
b0000010011100 6
18
19
#1585
0&
08
09
#1590
b00000000000000000000000010011111 "
b00000000000000000000000010011111 $
1&
b0000010011100 3
b0000010011101 6
18
19
#1595
0&
08
09
#1600
b00000000000000000000000010100000 "
b00000000000000000000000010100000 $
1&
b0000010011101 3
b0000010011110 6
18
19
#1605
0&
08
09
#1610
b00000000000000000000000010100001 "
b00000000000000000000000010100001 $
1&
b0000010011110 3
b0000010011111 6
18
19
#1615
0&
08
09
#1620
b00000000000000000000000010100010 "
b00000000000000000000000010100010 $
1&
b0000010011111 3
b0000010100000 6
18
19
#1625
0&
08
09
#1630
b00000000000000000000000010100011 "
b00000000000000000000000010100011 $
1&
b0000010100000 3
b0000010100001 6
18
19
#1635
0&
08
09
#1640
b00000000000000000000000010100100 "
b00000000000000000000000010100100 $
1&
b0000010100001 3
b0000010100010 6
18
19
#1645
0&
08
09
#1650
b00000000000000000000000010100101 "
b00000000000000000000000010100101 $
1&
b0000010100010 3
b0000010100011 6
18
19
#1655
0&
08
09
#1660
b00000000000000000000000010100110 "
b00000000000000000000000010100110 $
1&
b0000010100011 3
b0000010100100 6
18
19
#1665
0&
08
09
#1670
b00000000000000000000000010100111 "
b00000000000000000000000010100111 $
1&
b0000010100100 3
b0000010100101 6
18
19
#1675
0&
08
09
#1680
b00000000000000000000000010101000 "
b00000000000000000000000010101000 $
1&
b0000010100101 3
b0000010100110 6
18
19
#1685
0&
08
09
#1690
b00000000000000000000000010101001 "
b00000000000000000000000010101001 $
1&
b0000010100110 3
b0000010100111 6
18
19
#1695
0&
08
09
#1700
b00000000000000000000000010101010 "
b00000000000000000000000010101010 $
1&
b0000010100111 3
b0000010101000 6
18
19
#1705
0&
08
09
#1710
b00000000000000000000000010101011 "
b00000000000000000000000010101011 $
1&
b0000010101000 3
b0000010101001 6
18
19
#1715
0&
08
09
#1720
b00000000000000000000000010101100 "
b00000000000000000000000010101100 $
1&
b0000010101001 3
b0000010101010 6
18
19
#1725
0&
08
09
#1730
b00000000000000000000000010101101 "
b00000000000000000000000010101101 $
1&
b0000010101010 3
b0000010101011 6
18
19
#1735
0&
08
09
#1740
b00000000000000000000000010101110 "
b00000000000000000000000010101110 $
1&
b0000010101011 3
b0000010101100 6
18
19
#1745
0&
08
09
#1750
b00000000000000000000000010101111 "
b00000000000000000000000010101111 $
1&
b0000010101100 3
b0000010101101 6
18
19
#1755
0&
08
09
#1760
b00000000000000000000000010110000 "
b00000000000000000000000010110000 $
1&
b0000010101101 3
b0000010101110 6
18
19
#1765
0&
08
09
#1770
b00000000000000000000000010110001 "
b00000000000000000000000010110001 $
1&
b0000010101110 3
b0000010101111 6
18
19
#1775
0&
08
09
#1780
b00000000000000000000000010110010 "
b00000000000000000000000010110010 $
1&
b0000010101111 3
b0000010110000 6
18
19
#1785
0&
08
09
#1790
b00000000000000000000000010110011 "
b00000000000000000000000010110011 $
1&
b0000010110000 3
b0000010110001 6
18
19
#1795
0&
08
09
#1800
b00000000000000000000000010110100 "
b00000000000000000000000010110100 $
1&
b0000010110001 3
b0000010110010 6
18
19
#1805
0&
08
09
#1810
b00000000000000000000000010110101 "
b00000000000000000000000010110101 $
1&
b0000010110010 3
b0000010110011 6
18
19
#1815
0&
08
09
#1820
b00000000000000000000000010110110 "
b00000000000000000000000010110110 $
1&
b0000010110011 3
b0000010110100 6
18
19
#1825
0&
08
09
#1830
b00000000000000000000000010110111 "
b00000000000000000000000010110111 $
1&
b0000010110100 3
b0000010110101 6
18
19
#1835
0&
08
09
#1840
b00000000000000000000000010111000 "
b00000000000000000000000010111000 $
1&
b0000010110101 3
b0000010110110 6
18
19
#1845
0&
08
09
#1850
b00000000000000000000000010111001 "
b00000000000000000000000010111001 $
1&
b0000010110110 3
b0000010110111 6
18
19
#1855
0&
08
09
#1860
b00000000000000000000000010111010 "
b00000000000000000000000010111010 $
1&
b0000010110111 3
b0000010111000 6
18
19
#1865
0&
08
09
#1870
b00000000000000000000000010111011 "
b00000000000000000000000010111011 $
1&
b0000010111000 3
b0000010111001 6
18
19
#1875
0&
08
09
#1880
b00000000000000000000000010111100 "
b00000000000000000000000010111100 $
1&
b0000010111001 3
b0000010111010 6
18
19
#1885
0&
08
09
#1890
b00000000000000000000000010111101 "
b00000000000000000000000010111101 $
1&
b0000010111010 3
b0000010111011 6
18
19
#1895
0&
08
09
#1900
b00000000000000000000000010111110 "
b00000000000000000000000010111110 $
1&
b0000010111011 3
b0000010111100 6
18
19
#1905
0&
08
09
#1910
b00000000000000000000000010111111 "
b00000000000000000000000010111111 $
1&
b0000010111100 3
b0000010111101 6
18
19
#1915
0&
08
09
#1920
b00000000000000000000000011000000 "
b00000000000000000000000011000000 $
1&
b0000010111101 3
b0000010111110 6
18
19
#1925
0&
08
09
#1930
b00000000000000000000000011000001 "
b00000000000000000000000011000001 $
1&
b0000010111110 3
b0000010111111 6
18
19
#1935
0&
08
09
#1940
b00000000000000000000000011000010 "
b00000000000000000000000011000010 $
1&
b0000010111111 3
b0000011000000 6
18
19
#1945
0&
08
09
#1950
b00000000000000000000000011000011 "
b00000000000000000000000011000011 $
1&
b0000011000000 3
b0000011000001 6
18
19
#1955
0&
08
09
#1960
b00000000000000000000000011000100 "
b00000000000000000000000011000100 $
1&
b0000011000001 3
b0000011000010 6
18
19
#1965
0&
08
09
#1970
b00000000000000000000000011000101 "
b00000000000000000000000011000101 $
1&
b0000011000010 3
b0000011000011 6
18
19
#1975
0&
08
09
#1980
b00000000000000000000000011000110 "
b00000000000000000000000011000110 $
1&
b0000011000011 3
b0000011000100 6
18
19
#1985
0&
08
09
#1990
b00000000000000000000000011000111 "
b00000000000000000000000011000111 $
1&
b0000011000100 3
b0000011000101 6
18
19
#1995
0&
08
09
#2000
b00000000000000000000000011001000 "
b00000000000000000000000011001000 $
1&
b0000011000101 3
b0000011000110 6
18
19
#2005
0&
08
09
#2010
b00000000000000000000000011001001 "
b00000000000000000000000011001001 $
1&
b0000011000110 3
b0000011000111 6
18
19
#2015
0&
08
09
#2020
b00000000000000000000000011001010 "
b00000000000000000000000011001010 $
1&
b0000011000111 3
b0000011001000 6
18
19
#2025
0&
08
09
#2030
b00000000000000000000000011001011 "
b00000000000000000000000011001011 $
1&
b0000011001000 3
b0000011001001 6
18
19
#2035
0&
08
09
#2040
b00000000000000000000000011001100 "
b00000000000000000000000011001100 $
1&
b0000011001001 3
b0000011001010 6
18
19
#2045
0&
08
09
#2050
b00000000000000000000000011001101 "
b00000000000000000000000011001101 $
1&
b0000011001010 3
b0000011001011 6
18
19
#2055
0&
08
09
#2060
b00000000000000000000000011001110 "
b00000000000000000000000011001110 $
1&
b0000011001011 3
b0000011001100 6
18
19
#2065
0&
08
09
#2070
b00000000000000000000000011001111 "
b00000000000000000000000011001111 $
1&
b0000011001100 3
b0000011001101 6
18
19
#2075
0&
08
09
#2080
b00000000000000000000000011010000 "
b00000000000000000000000011010000 $
1&
b0000011001101 3
b0000011001110 6
18
19
#2085
0&
08
09
#2090
b00000000000000000000000011010001 "
b00000000000000000000000011010001 $
1&
b0000011001110 3
b0000011001111 6
18
19
#2095
0&
08
09
#2100
b00000000000000000000000011010010 "
b00000000000000000000000011010010 $
1&
b0000011001111 3
b0000011010000 6
18
19
#2105
0&
08
09
#2110
b00000000000000000000000011010011 "
b00000000000000000000000011010011 $
1&
b0000011010000 3
b0000011010001 6
18
19
#2115
0&
08
09
#2120
b00000000000000000000000011010100 "
b00000000000000000000000011010100 $
1&
b0000011010001 3
b0000011010010 6
18
19
#2125
0&
08
09
#2130
b00000000000000000000000011010101 "
b00000000000000000000000011010101 $
1&
b0000011010010 3
b0000011010011 6
18
19
#2135
0&
08
09
#2140
b00000000000000000000000011010110 "
b00000000000000000000000011010110 $
1&
b0000011010011 3
b0000011010100 6
18
19
#2145
0&
08
09
#2150
b00000000000000000000000011010111 "
b00000000000000000000000011010111 $
1&
b0000011010100 3
b0000011010101 6
18
19
#2155
0&
08
09
#2160
b00000000000000000000000011011000 "
b00000000000000000000000011011000 $
1&
b0000011010101 3
b0000011010110 6
18
19
#2165
0&
08
09
#2170
b00000000000000000000000011011001 "
b00000000000000000000000011011001 $
1&
b0000011010110 3
b0000011010111 6
18
19
#2175
0&
08
09
#2180
b00000000000000000000000011011010 "
b00000000000000000000000011011010 $
1&
b0000011010111 3
b0000011011000 6
18
19
#2185
0&
08
09
#2190
b00000000000000000000000011011011 "
b00000000000000000000000011011011 $
1&
b0000011011000 3
b0000011011001 6
18
19
#2195
0&
08
09
#2200
b00000000000000000000000011011100 "
b00000000000000000000000011011100 $
1&
b0000011011001 3
b0000011011010 6
18
19
#2205
0&
08
09
#2210
b00000000000000000000000011011101 "
b00000000000000000000000011011101 $
1&
b0000011011010 3
b0000011011011 6
18
19
#2215
0&
08
09
#2220
b00000000000000000000000011011110 "
b00000000000000000000000011011110 $
1&
b0000011011011 3
b0000011011100 6
18
19
#2225
0&
08
09
#2230
b00000000000000000000000011011111 "
b00000000000000000000000011011111 $
1&
b0000011011100 3
b0000011011101 6
18
19
#2235
0&
08
09
#2240
b00000000000000000000000011100000 "
b00000000000000000000000011100000 $
1&
b0000011011101 3
b0000011011110 6
18
19
#2245
0&
08
09
#2250
b00000000000000000000000011100001 "
b00000000000000000000000011100001 $
1&
b0000011011110 3
b0000011011111 6
18
19
#2255
0&
08
09
#2260
b00000000000000000000000011100010 "
b00000000000000000000000011100010 $
1&
b0000011011111 3
b0000011100000 6
18
19
#2265
0&
08
09
#2270
b00000000000000000000000011100011 "
b00000000000000000000000011100011 $
1&
b0000011100000 3
b0000011100001 6
18
19
#2275
0&
08
09
#2280
b00000000000000000000000011100100 "
b00000000000000000000000011100100 $
1&
b0000011100001 3
b0000011100010 6
18
19
#2285
0&
08
09
#2290
b00000000000000000000000011100101 "
b00000000000000000000000011100101 $
1&
b0000011100010 3
b0000011100011 6
18
19
#2295
0&
08
09
#2300
b00000000000000000000000011100110 "
b00000000000000000000000011100110 $
1&
b0000011100011 3
b0000011100100 6
18
19
#2305
0&
08
09
#2310
b00000000000000000000000011100111 "
b00000000000000000000000011100111 $
1&
b0000011100100 3
b0000011100101 6
18
19
#2315
0&
08
09
#2320
b00000000000000000000000011101000 "
b00000000000000000000000011101000 $
1&
b0000011100101 3
b0000011100110 6
18
19
#2325
0&
08
09
#2330
b00000000000000000000000011101001 "
b00000000000000000000000011101001 $
1&
b0000011100110 3
b0000011100111 6
18
19
#2335
0&
08
09
#2340
b00000000000000000000000011101010 "
b00000000000000000000000011101010 $
1&
b0000011100111 3
b0000011101000 6
18
19
#2345
0&
08
09
#2350
b00000000000000000000000011101011 "
b00000000000000000000000011101011 $
1&
b0000011101000 3
b0000011101001 6
18
19
#2355
0&
08
09
#2360
b00000000000000000000000011101100 "
b00000000000000000000000011101100 $
1&
b0000011101001 3
b0000011101010 6
18
19
#2365
0&
08
09
#2370
b00000000000000000000000011101101 "
b00000000000000000000000011101101 $
1&
b0000011101010 3
b0000011101011 6
18
19
#2375
0&
08
09
#2380
b00000000000000000000000011101110 "
b00000000000000000000000011101110 $
1&
b0000011101011 3
b0000011101100 6
18
19
#2385
0&
08
09
#2390
b00000000000000000000000011101111 "
b00000000000000000000000011101111 $
1&
b0000011101100 3
b0000011101101 6
18
19
#2395
0&
08
09
#2400
b00000000000000000000000011110000 "
b00000000000000000000000011110000 $
1&
b0000011101101 3
b0000011101110 6
18
19
#2405
0&
08
09
#2410
b00000000000000000000000011110001 "
b00000000000000000000000011110001 $
1&
b0000011101110 3
b0000011101111 6
18
19
#2415
0&
08
09
#2420
b00000000000000000000000011110010 "
b00000000000000000000000011110010 $
1&
b0000011101111 3
b0000011110000 6
18
19
#2425
0&
08
09
#2430
b00000000000000000000000011110011 "
b00000000000000000000000011110011 $
1&
b0000011110000 3
b0000011110001 6
18
19
#2435
0&
08
09
#2440
b00000000000000000000000011110100 "
b00000000000000000000000011110100 $
1&
b0000011110001 3
b0000011110010 6
18
19
#2445
0&
08
09
#2450
b00000000000000000000000011110101 "
b00000000000000000000000011110101 $
1&
b0000011110010 3
b0000011110011 6
18
19
#2455
0&
08
09
#2460
b00000000000000000000000011110110 "
b00000000000000000000000011110110 $
1&
b0000011110011 3
b0000011110100 6
18
19
#2465
0&
08
09
#2470
b00000000000000000000000011110111 "
b00000000000000000000000011110111 $
1&
b0000011110100 3
b0000011110101 6
18
19
#2475
0&
08
09
#2480
b00000000000000000000000011111000 "
b00000000000000000000000011111000 $
1&
b0000011110101 3
b0000011110110 6
18
19
#2485
0&
08
09
#2490
b00000000000000000000000011111001 "
b00000000000000000000000011111001 $
1&
b0000011110110 3
b0000011110111 6
18
19
#2495
0&
08
09
#2500
b00000000000000000000000011111010 "
b00000000000000000000000011111010 $
1&
b0000011110111 3
b0000011111000 6
18
19
#2505
0&
08
09
#2510
b00000000000000000000000011111011 "
b00000000000000000000000011111011 $
1&
b0000011111000 3
b0000011111001 6
18
19
#2515
0&
08
09
#2520
b00000000000000000000000011111100 "
b00000000000000000000000011111100 $
1&
b0000011111001 3
b0000011111010 6
18
19
#2525
0&
08
09
#2530
b00000000000000000000000011111101 "
b00000000000000000000000011111101 $
1&
b0000011111010 3
b0000011111011 6
18
19
#2535
0&
08
09
#2540
b00000000000000000000000011111110 "
b00000000000000000000000011111110 $
1&
b0000011111011 3
b0000011111100 6
18
19
#2545
0&
08
09
#2550
b00000000000000000000000011111111 "
b00000000000000000000000011111111 $
1&
b0000011111100 3
b0000011111101 6
18
19
#2555
0&
08
09
#2560
b00000000000000000000000100000000 "
b00000000000000000000000100000000 $
1&
b0000011111101 3
b0000011111110 6
18
19
#2565
0&
08
09
#2570
b00000000000000000000000100000001 "
b00000000000000000000000100000001 $
1&
b0000011111110 3
b0000011111111 6
18
19
#2575
0&
08
09
#2580
b00000000000000000000000100000010 "
b00000000000000000000000100000010 $
1&
b0000011111111 3
b0000100000000 6
18
19
#2585
0&
08
09
#2590
b00000000000000000000000100000011 "
b00000000000000000000000100000011 $
1&
b0000100000000 3
b0000100000001 6
18
19
#2595
0&
08
09
#2600
b00000000000000000000000100000100 "
b00000000000000000000000100000100 $
1&
b0000100000001 3
b0000100000010 6
18
19
#2605
0&
08
09
#2610
b00000000000000000000000100000101 "
b00000000000000000000000100000101 $
1&
b0000100000010 3
b0000100000011 6
18
19
#2615
0&
08
09
#2620
b00000000000000000000000100000110 "
b00000000000000000000000100000110 $
1&
b0000100000011 3
b0000100000100 6
18
19
#2625
0&
08
09
#2630
b00000000000000000000000100000111 "
b00000000000000000000000100000111 $
1&
b0000100000100 3
b0000100000101 6
18
19
#2635
0&
08
09
#2640
b00000000000000000000000100001000 "
b00000000000000000000000100001000 $
1&
b0000100000101 3
b0000100000110 6
18
19
#2645
0&
08
09
#2650
b00000000000000000000000100001001 "
b00000000000000000000000100001001 $
1&
b0000100000110 3
b0000100000111 6
18
19
#2655
0&
08
09
#2660
b00000000000000000000000100001010 "
b00000000000000000000000100001010 $
1&
b0000100000111 3
b0000100001000 6
18
19
#2665
0&
08
09
#2670
b00000000000000000000000100001011 "
b00000000000000000000000100001011 $
1&
b0000100001000 3
b0000100001001 6
18
19
#2675
0&
08
09
#2680
b00000000000000000000000100001100 "
b00000000000000000000000100001100 $
1&
b0000100001001 3
b0000100001010 6
18
19
#2685
0&
08
09
#2690
b00000000000000000000000100001101 "
b00000000000000000000000100001101 $
1&
b0000100001010 3
b0000100001011 6
18
19
#2695
0&
08
09
#2700
b00000000000000000000000100001110 "
b00000000000000000000000100001110 $
1&
b0000100001011 3
b0000100001100 6
18
19
#2705
0&
08
09
#2710
b00000000000000000000000100001111 "
b00000000000000000000000100001111 $
1&
b0000100001100 3
b0000100001101 6
18
19
#2715
0&
08
09
#2720
b00000000000000000000000100010000 "
b00000000000000000000000100010000 $
1&
b0000100001101 3
b0000100001110 6
18
19
#2725
0&
08
09
#2730
b00000000000000000000000100010001 "
b00000000000000000000000100010001 $
1&
b0000100001110 3
b0000100001111 6
18
19
#2735
0&
08
09
#2740
b00000000000000000000000100010010 "
b00000000000000000000000100010010 $
1&
b0000100001111 3
b0000100010000 6
18
19
#2745
0&
08
09
#2750
b00000000000000000000000100010011 "
b00000000000000000000000100010011 $
1&
b0000100010000 3
b0000100010001 6
18
19
#2755
0&
08
09
#2760
b00000000000000000000000100010100 "
b00000000000000000000000100010100 $
1&
b0000100010001 3
b0000100010010 6
18
19
#2765
0&
08
09
#2770
b00000000000000000000000100010101 "
b00000000000000000000000100010101 $
1&
b0000100010010 3
b0000100010011 6
18
19
#2775
0&
08
09
#2780
b00000000000000000000000100010110 "
b00000000000000000000000100010110 $
1&
b0000100010011 3
b0000100010100 6
18
19
#2785
0&
08
09
#2790
b00000000000000000000000100010111 "
b00000000000000000000000100010111 $
1&
b0000100010100 3
b0000100010101 6
18
19
#2795
0&
08
09
#2800
b00000000000000000000000100011000 "
b00000000000000000000000100011000 $
1&
b0000100010101 3
b0000100010110 6
18
19
#2805
0&
08
09
#2810
b00000000000000000000000100011001 "
b00000000000000000000000100011001 $
1&
b0000100010110 3
b0000100010111 6
18
19
#2815
0&
08
09
#2820
b00000000000000000000000100011010 "
b00000000000000000000000100011010 $
1&
b0000100010111 3
b0000100011000 6
18
19
#2825
0&
08
09
#2830
b00000000000000000000000100011011 "
b00000000000000000000000100011011 $
1&
b0000100011000 3
b0000100011001 6
18
19
#2835
0&
08
09
#2840
b00000000000000000000000100011100 "
b00000000000000000000000100011100 $
1&
b0000100011001 3
b0000100011010 6
18
19
#2845
0&
08
09
#2850
b00000000000000000000000100011101 "
b00000000000000000000000100011101 $
1&
b0000100011010 3
b0000100011011 6
18
19
#2855
0&
08
09
#2860
b00000000000000000000000100011110 "
b00000000000000000000000100011110 $
1&
b0000100011011 3
b0000100011100 6
18
19
#2865
0&
08
09
#2870
b00000000000000000000000100011111 "
b00000000000000000000000100011111 $
1&
b0000100011100 3
b0000100011101 6
18
19
#2875
0&
08
09
#2880
b00000000000000000000000100100000 "
b00000000000000000000000100100000 $
1&
b0000100011101 3
b0000100011110 6
18
19
#2885
0&
08
09
#2890
b00000000000000000000000100100001 "
b00000000000000000000000100100001 $
1&
b0000100011110 3
b0000100011111 6
18
19
#2895
0&
08
09
#2900
b00000000000000000000000100100010 "
b00000000000000000000000100100010 $
1&
b0000100011111 3
b0000100100000 6
18
19
#2905
0&
08
09
#2910
b00000000000000000000000100100011 "
b00000000000000000000000100100011 $
1&
b0000100100000 3
b0000100100001 6
18
19
#2915
0&
08
09
#2920
b00000000000000000000000100100100 "
b00000000000000000000000100100100 $
1&
b0000100100001 3
b0000100100010 6
18
19
#2925
0&
08
09
#2930
b00000000000000000000000100100101 "
b00000000000000000000000100100101 $
1&
b0000100100010 3
b0000100100011 6
18
19
#2935
0&
08
09
#2940
b00000000000000000000000100100110 "
b00000000000000000000000100100110 $
1&
b0000100100011 3
b0000100100100 6
18
19
#2945
0&
08
09
#2950
b00000000000000000000000100100111 "
b00000000000000000000000100100111 $
1&
b0000100100100 3
b0000100100101 6
18
19
#2955
0&
08
09
#2960
b00000000000000000000000100101000 "
b00000000000000000000000100101000 $
1&
b0000100100101 3
b0000100100110 6
18
19
#2965
0&
08
09
#2970
b00000000000000000000000100101001 "
b00000000000000000000000100101001 $
1&
b0000100100110 3
b0000100100111 6
18
19
#2975
0&
08
09
#2980
b00000000000000000000000100101010 "
b00000000000000000000000100101010 $
1&
b0000100100111 3
b0000100101000 6
18
19
#2985
0&
08
09
#2990
b00000000000000000000000100101011 "
b00000000000000000000000100101011 $
1&
b0000100101000 3
b0000100101001 6
18
19
#2995
0&
08
09
#3000
b00000000000000000000000100101100 "
b00000000000000000000000100101100 $
1&
b0000100101001 3
b0000100101010 6
18
19
#3005
0&
08
09
#3010
b00000000000000000000000100101101 "
b00000000000000000000000100101101 $
1&
b0000100101010 3
b0000100101011 6
18
19
#3015
0&
08
09
#3020
b00000000000000000000000100101110 "
b00000000000000000000000100101110 $
1&
b0000100101011 3
b0000100101100 6
18
19
#3025
0&
08
09
#3030
b00000000000000000000000100101111 "
b00000000000000000000000100101111 $
1&
b0000100101100 3
b0000100101101 6
18
19
#3035
0&
08
09
#3040
b00000000000000000000000100110000 "
b00000000000000000000000100110000 $
1&
b0000100101101 3
b0000100101110 6
18
19
#3045
0&
08
09
#3050
b00000000000000000000000100110001 "
b00000000000000000000000100110001 $
1&
b0000100101110 3
b0000100101111 6
18
19
#3055
0&
08
09
#3060
b00000000000000000000000100110010 "
b00000000000000000000000100110010 $
1&
b0000100101111 3
b0000100110000 6
18
19
#3065
0&
08
09
#3070
b00000000000000000000000100110011 "
b00000000000000000000000100110011 $
1&
b0000100110000 3
b0000100110001 6
18
19
#3075
0&
08
09
#3080
b00000000000000000000000100110100 "
b00000000000000000000000100110100 $
1&
b0000100110001 3
b0000100110010 6
18
19
#3085
0&
08
09
#3090
b00000000000000000000000100110101 "
b00000000000000000000000100110101 $
1&
b0000100110010 3
b0000100110011 6
18
19
#3095
0&
08
09
#3100
b00000000000000000000000100110110 "
b00000000000000000000000100110110 $
1&
b0000100110011 3
b0000100110100 6
18
19
#3105
0&
08
09
#3110
b00000000000000000000000100110111 "
b00000000000000000000000100110111 $
1&
b0000100110100 3
b0000100110101 6
18
19
#3115
0&
08
09
#3120
b00000000000000000000000100111000 "
b00000000000000000000000100111000 $
1&
b0000100110101 3
b0000100110110 6
18
19
#3125
0&
08
09
#3130
b00000000000000000000000100111001 "
b00000000000000000000000100111001 $
1&
b0000100110110 3
b0000100110111 6
18
19
#3135
0&
08
09
#3140
b00000000000000000000000100111010 "
b00000000000000000000000100111010 $
1&
b0000100110111 3
b0000100111000 6
18
19
#3145
0&
08
09
#3150
b00000000000000000000000100111011 "
b00000000000000000000000100111011 $
1&
b0000100111000 3
b0000100111001 6
18
19
#3155
0&
08
09
#3160
b00000000000000000000000100111100 "
b00000000000000000000000100111100 $
1&
b0000100111001 3
b0000100111010 6
18
19
#3165
0&
08
09
#3170
b00000000000000000000000100111101 "
b00000000000000000000000100111101 $
1&
b0000100111010 3
b0000100111011 6
18
19
#3175
0&
08
09
#3180
b00000000000000000000000100111110 "
b00000000000000000000000100111110 $
1&
b0000100111011 3
b0000100111100 6
18
19
#3185
0&
08
09
#3190
b00000000000000000000000100111111 "
b00000000000000000000000100111111 $
1&
b0000100111100 3
b0000100111101 6
18
19
#3195
0&
08
09
#3200
b00000000000000000000000101000000 "
b00000000000000000000000101000000 $
1&
b0000100111101 3
b0000100111110 6
18
19
#3205
0&
08
09
#3210
b00000000000000000000000101000001 "
b00000000000000000000000101000001 $
1&
b0000100111110 3
b0000100111111 6
18
19
#3215
0&
08
09
#3220
b00000000000000000000000101000010 "
b00000000000000000000000101000010 $
1&
b0000100111111 3
b0000101000000 6
18
19
#3225
0&
08
09
#3230
b00000000000000000000000101000011 "
b00000000000000000000000101000011 $
1&
b0000101000000 3
b0000101000001 6
18
19
#3235
0&
08
09
#3240
b00000000000000000000000101000100 "
b00000000000000000000000101000100 $
1&
b0000101000001 3
b0000101000010 6
18
19
#3245
0&
08
09
#3250
b00000000000000000000000101000101 "
b00000000000000000000000101000101 $
1&
b0000101000010 3
b0000101000011 6
18
19
#3255
0&
08
09
#3260
b00000000000000000000000101000110 "
b00000000000000000000000101000110 $
1&
b0000101000011 3
b0000101000100 6
18
19
#3265
0&
08
09
#3270
b00000000000000000000000101000111 "
b00000000000000000000000101000111 $
1&
b0000101000100 3
b0000101000101 6
18
19
#3275
0&
08
09
#3280
b00000000000000000000000101001000 "
b00000000000000000000000101001000 $
1&
b0000101000101 3
b0000101000110 6
18
19
#3285
0&
08
09
#3290
b00000000000000000000000101001001 "
b00000000000000000000000101001001 $
1&
b0000101000110 3
b0000101000111 6
18
19
#3295
0&
08
09
#3300
b00000000000000000000000101001010 "
b00000000000000000000000101001010 $
1&
b0000101000111 3
b0000101001000 6
18
19
#3305
0&
08
09
#3310
b00000000000000000000000101001011 "
b00000000000000000000000101001011 $
1&
b0000101001000 3
b0000101001001 6
18
19
#3315
0&
08
09
#3320
b00000000000000000000000101001100 "
b00000000000000000000000101001100 $
1&
b0000101001001 3
b0000101001010 6
18
19
#3325
0&
08
09
#3330
b00000000000000000000000101001101 "
b00000000000000000000000101001101 $
1&
b0000101001010 3
b0000101001011 6
18
19
#3335
0&
08
09
#3340
b00000000000000000000000101001110 "
b00000000000000000000000101001110 $
1&
b0000101001011 3
b0000101001100 6
18
19
#3345
0&
08
09
#3350
b00000000000000000000000101001111 "
b00000000000000000000000101001111 $
1&
b0000101001100 3
b0000101001101 6
18
19
#3355
0&
08
09
#3360
b00000000000000000000000101010000 "
b00000000000000000000000101010000 $
1&
b0000101001101 3
b0000101001110 6
18
19
#3365
0&
08
09
#3370
b00000000000000000000000101010001 "
b00000000000000000000000101010001 $
1&
b0000101001110 3
b0000101001111 6
18
19
#3375
0&
08
09
#3380
b00000000000000000000000101010010 "
b00000000000000000000000101010010 $
1&
b0000101001111 3
b0000101010000 6
18
19
#3385
0&
08
09
#3390
b00000000000000000000000101010011 "
b00000000000000000000000101010011 $
1&
b0000101010000 3
b0000101010001 6
18
19
#3395
0&
08
09
#3400
b00000000000000000000000101010100 "
b00000000000000000000000101010100 $
1&
b0000101010001 3
b0000101010010 6
18
19
#3405
0&
08
09
#3410
b00000000000000000000000101010101 "
b00000000000000000000000101010101 $
1&
b0000101010010 3
b0000101010011 6
18
19
#3415
0&
08
09
#3420
b00000000000000000000000101010110 "
b00000000000000000000000101010110 $
1&
b0000101010011 3
b0000101010100 6
18
19
#3425
0&
08
09
#3430
b00000000000000000000000101010111 "
b00000000000000000000000101010111 $
1&
b0000101010100 3
b0000101010101 6
18
19
#3435
0&
08
09
#3440
b00000000000000000000000101011000 "
b00000000000000000000000101011000 $
1&
b0000101010101 3
b0000101010110 6
18
19
#3445
0&
08
09
#3450
b00000000000000000000000101011001 "
b00000000000000000000000101011001 $
1&
b0000101010110 3
b0000101010111 6
18
19
#3455
0&
08
09
#3460
b00000000000000000000000101011010 "
b00000000000000000000000101011010 $
1&
b0000101010111 3
b0000101011000 6
18
19
#3465
0&
08
09
#3470
b00000000000000000000000101011011 "
b00000000000000000000000101011011 $
1&
b0000101011000 3
b0000101011001 6
18
19
#3475
0&
08
09
#3480
b00000000000000000000000101011100 "
b00000000000000000000000101011100 $
1&
b0000101011001 3
b0000101011010 6
18
19
#3485
0&
08
09
#3490
b00000000000000000000000101011101 "
b00000000000000000000000101011101 $
1&
b0000101011010 3
b0000101011011 6
18
19
#3495
0&
08
09
#3500
b00000000000000000000000101011110 "
b00000000000000000000000101011110 $
1&
b0000101011011 3
b0000101011100 6
18
19
#3505
0&
08
09
#3510
b00000000000000000000000101011111 "
b00000000000000000000000101011111 $
1&
b0000101011100 3
b0000101011101 6
18
19
#3515
0&
08
09
#3520
b00000000000000000000000101100000 "
b00000000000000000000000101100000 $
1&
b0000101011101 3
b0000101011110 6
18
19
#3525
0&
08
09
#3530
b00000000000000000000000101100001 "
b00000000000000000000000101100001 $
1&
b0000101011110 3
b0000101011111 6
18
19
#3535
0&
08
09
#3540
b00000000000000000000000101100010 "
b00000000000000000000000101100010 $
1&
b0000101011111 3
b0000101100000 6
18
19
#3545
0&
08
09
#3550
b00000000000000000000000101100011 "
b00000000000000000000000101100011 $
1&
b0000101100000 3
b0000101100001 6
18
19
#3555
0&
08
09
#3560
b00000000000000000000000101100100 "
b00000000000000000000000101100100 $
1&
b0000101100001 3
b0000101100010 6
18
19
#3565
0&
08
09
#3570
b00000000000000000000000101100101 "
b00000000000000000000000101100101 $
1&
b0000101100010 3
b0000101100011 6
18
19
#3575
0&
08
09
#3580
b00000000000000000000000101100110 "
b00000000000000000000000101100110 $
1&
b0000101100011 3
b0000101100100 6
18
19
#3585
0&
08
09
#3590
b00000000000000000000000101100111 "
b00000000000000000000000101100111 $
1&
b0000101100100 3
b0000101100101 6
18
19
#3595
0&
08
09
#3600
b00000000000000000000000101101000 "
b00000000000000000000000101101000 $
1&
b0000101100101 3
b0000101100110 6
18
19
#3605
0&
08
09
#3610
b00000000000000000000000101101001 "
b00000000000000000000000101101001 $
1&
b0000101100110 3
b0000101100111 6
18
19
#3615
0&
08
09
#3620
b00000000000000000000000101101010 "
b00000000000000000000000101101010 $
1&
b0000101100111 3
b0000101101000 6
18
19
#3625
0&
08
09
#3630
b00000000000000000000000101101011 "
b00000000000000000000000101101011 $
1&
b0000101101000 3
b0000101101001 6
18
19
#3635
0&
08
09
#3640
b00000000000000000000000101101100 "
b00000000000000000000000101101100 $
1&
b0000101101001 3
b0000101101010 6
18
19
#3645
0&
08
09
#3650
b00000000000000000000000101101101 "
b00000000000000000000000101101101 $
1&
b0000101101010 3
b0000101101011 6
18
19
#3655
0&
08
09
#3660
b00000000000000000000000101101110 "
b00000000000000000000000101101110 $
1&
b0000101101011 3
b0000101101100 6
18
19
#3665
0&
08
09
#3670
b00000000000000000000000101101111 "
b00000000000000000000000101101111 $
1&
b0000101101100 3
b0000101101101 6
18
19
#3675
0&
08
09
#3680
b00000000000000000000000101110000 "
b00000000000000000000000101110000 $
1&
b0000101101101 3
b0000101101110 6
18
19
#3685
0&
08
09
#3690
b00000000000000000000000101110001 "
b00000000000000000000000101110001 $
1&
b0000101101110 3
b0000101101111 6
18
19
#3695
0&
08
09
#3700
b00000000000000000000000101110010 "
b00000000000000000000000101110010 $
1&
b0000101101111 3
b0000101110000 6
18
19
#3705
0&
08
09
#3710
b00000000000000000000000101110011 "
b00000000000000000000000101110011 $
1&
b0000101110000 3
b0000101110001 6
18
19
#3715
0&
08
09
#3720
b00000000000000000000000101110100 "
b00000000000000000000000101110100 $
1&
b0000101110001 3
b0000101110010 6
18
19
#3725
0&
08
09
#3730
b00000000000000000000000101110101 "
b00000000000000000000000101110101 $
1&
b0000101110010 3
b0000101110011 6
18
19
#3735
0&
08
09
#3740
b00000000000000000000000101110110 "
b00000000000000000000000101110110 $
1&
b0000101110011 3
b0000101110100 6
18
19
#3745
0&
08
09
#3750
b00000000000000000000000101110111 "
b00000000000000000000000101110111 $
1&
b0000101110100 3
b0000101110101 6
18
19
#3755
0&
08
09
#3760
b00000000000000000000000101111000 "
b00000000000000000000000101111000 $
1&
b0000101110101 3
b0000101110110 6
18
19
#3765
0&
08
09
#3770
b00000000000000000000000101111001 "
b00000000000000000000000101111001 $
1&
b0000101110110 3
b0000101110111 6
18
19
#3775
0&
08
09
#3780
b00000000000000000000000101111010 "
b00000000000000000000000101111010 $
1&
b0000101110111 3
b0000101111000 6
18
19
#3785
0&
08
09
#3790
b00000000000000000000000101111011 "
b00000000000000000000000101111011 $
1&
b0000101111000 3
b0000101111001 6
18
19
#3795
0&
08
09
#3800
b00000000000000000000000101111100 "
b00000000000000000000000101111100 $
1&
b0000101111001 3
b0000101111010 6
18
19
#3805
0&
08
09
#3810
b00000000000000000000000101111101 "
b00000000000000000000000101111101 $
1&
b0000101111010 3
b0000101111011 6
18
19
#3815
0&
08
09
#3820
b00000000000000000000000101111110 "
b00000000000000000000000101111110 $
1&
b0000101111011 3
b0000101111100 6
18
19
#3825
0&
08
09
#3830
b00000000000000000000000101111111 "
b00000000000000000000000101111111 $
1&
b0000101111100 3
b0000101111101 6
18
19
#3835
0&
08
09
#3840
b00000000000000000000000110000000 "
b00000000000000000000000110000000 $
1&
b0000101111101 3
b0000101111110 6
18
19
#3845
0&
08
09
#3850
b00000000000000000000000110000001 "
b00000000000000000000000110000001 $
1&
b0000101111110 3
b0000101111111 6
18
19
#3855
0&
08
09
#3860
b00000000000000000000000110000010 "
b00000000000000000000000110000010 $
1&
b0000101111111 3
b0000110000000 6
18
19
#3865
0&
08
09
#3870
b00000000000000000000000110000011 "
b00000000000000000000000110000011 $
1&
b0000110000000 3
b0000110000001 6
18
19
#3875
0&
08
09
#3880
b00000000000000000000000110000100 "
b00000000000000000000000110000100 $
1&
b0000110000001 3
b0000110000010 6
18
19
#3885
0&
08
09
#3890
b00000000000000000000000110000101 "
b00000000000000000000000110000101 $
1&
b0000110000010 3
b0000110000011 6
18
19
#3895
0&
08
09
#3900
b00000000000000000000000110000110 "
b00000000000000000000000110000110 $
1&
b0000110000011 3
b0000110000100 6
18
19
#3905
0&
08
09
#3910
b00000000000000000000000110000111 "
b00000000000000000000000110000111 $
1&
b0000110000100 3
b0000110000101 6
18
19
#3915
0&
08
09
#3920
b00000000000000000000000110001000 "
b00000000000000000000000110001000 $
1&
b0000110000101 3
b0000110000110 6
18
19
#3925
0&
08
09
#3930
b00000000000000000000000110001001 "
b00000000000000000000000110001001 $
1&
b0000110000110 3
b0000110000111 6
18
19
#3935
0&
08
09
#3940
b00000000000000000000000110001010 "
b00000000000000000000000110001010 $
1&
b0000110000111 3
b0000110001000 6
18
19
#3945
0&
08
09
#3950
b00000000000000000000000110001011 "
b00000000000000000000000110001011 $
1&
b0000110001000 3
b0000110001001 6
18
19
#3955
0&
08
09
#3960
b00000000000000000000000110001100 "
b00000000000000000000000110001100 $
1&
b0000110001001 3
b0000110001010 6
18
19
#3965
0&
08
09
#3970
b00000000000000000000000110001101 "
b00000000000000000000000110001101 $
1&
b0000110001010 3
b0000110001011 6
18
19
#3975
0&
08
09
#3980
b00000000000000000000000110001110 "
b00000000000000000000000110001110 $
1&
b0000110001011 3
b0000110001100 6
18
19
#3985
0&
08
09
#3990
b00000000000000000000000110001111 "
b00000000000000000000000110001111 $
1&
b0000110001100 3
b0000110001101 6
18
19
#3995
0&
08
09
#4000
b00000000000000000000000110010000 "
b00000000000000000000000110010000 $
1&
b0000110001101 3
b0000110001110 6
18
19
#4005
0&
08
09
#4010
b00000000000000000000000110010001 "
b00000000000000000000000110010001 $
1&
b0000110001110 3
b0000110001111 6
18
19
#4015
0&
08
09
#4020
b00000000000000000000000110010010 "
b00000000000000000000000110010010 $
1&
b0000110001111 3
b0000110010000 6
18
19
#4025
0&
08
09
#4030
b00000000000000000000000110010011 "
b00000000000000000000000110010011 $
1&
b0000110010000 3
b0000110010001 6
18
19
#4035
0&
08
09
#4040
b00000000000000000000000110010100 "
b00000000000000000000000110010100 $
1&
b0000110010001 3
b0000110010010 6
18
19
#4045
0&
08
09
#4050
b00000000000000000000000110010101 "
b00000000000000000000000110010101 $
1&
b0000110010010 3
b0000110010011 6
18
19
#4055
0&
08
09
#4060
b00000000000000000000000110010110 "
b00000000000000000000000110010110 $
1&
b0000110010011 3
b0000110010100 6
18
19
#4065
0&
08
09
#4070
b00000000000000000000000110010111 "
b00000000000000000000000110010111 $
1&
b0000110010100 3
b0000110010101 6
18
19
#4075
0&
08
09
#4080
b00000000000000000000000110011000 "
b00000000000000000000000110011000 $
1&
b0000110010101 3
b0000110010110 6
18
19
#4085
0&
08
09
#4090
b00000000000000000000000110011001 "
b00000000000000000000000110011001 $
1&
b0000110010110 3
b0000110010111 6
18
19
#4095
0&
08
09
#4100
b00000000000000000000000110011010 "
b00000000000000000000000110011010 $
1&
b0000110010111 3
b0000110011000 6
18
19
#4105
0&
08
09
#4110
b00000000000000000000000110011011 "
b00000000000000000000000110011011 $
1&
b0000110011000 3
b0000110011001 6
18
19
#4115
0&
08
09
#4120
b00000000000000000000000110011100 "
b00000000000000000000000110011100 $
1&
b0000110011001 3
b0000110011010 6
18
19
#4125
0&
08
09
#4130
b00000000000000000000000110011101 "
b00000000000000000000000110011101 $
1&
b0000110011010 3
b0000110011011 6
18
19
#4135
0&
08
09
#4140
b00000000000000000000000110011110 "
b00000000000000000000000110011110 $
1&
b0000110011011 3
b0000110011100 6
18
19
#4145
0&
08
09
#4150
b00000000000000000000000110011111 "
b00000000000000000000000110011111 $
1&
b0000110011100 3
b0000110011101 6
18
19
#4155
0&
08
09
#4160
b00000000000000000000000110100000 "
b00000000000000000000000110100000 $
1&
b0000110011101 3
b0000110011110 6
18
19
#4165
0&
08
09
#4170
b00000000000000000000000110100001 "
b00000000000000000000000110100001 $
1&
b0000110011110 3
b0000110011111 6
18
19
#4175
0&
08
09
#4180
b00000000000000000000000110100010 "
b00000000000000000000000110100010 $
1&
b0000110011111 3
b0000110100000 6
18
19
#4185
0&
08
09
#4190
b00000000000000000000000110100011 "
b00000000000000000000000110100011 $
1&
b0000110100000 3
b0000110100001 6
18
19
#4195
0&
08
09
#4200
b00000000000000000000000110100100 "
b00000000000000000000000110100100 $
1&
b0000110100001 3
b0000110100010 6
18
19
#4205
0&
08
09
#4210
b00000000000000000000000110100101 "
b00000000000000000000000110100101 $
1&
b0000110100010 3
b0000110100011 6
18
19
#4215
0&
08
09
#4220
b00000000000000000000000110100110 "
b00000000000000000000000110100110 $
1&
b0000110100011 3
b0000110100100 6
18
19
#4225
0&
08
09
#4230
b00000000000000000000000110100111 "
b00000000000000000000000110100111 $
1&
b0000110100100 3
b0000110100101 6
18
19
#4235
0&
08
09
#4240
b00000000000000000000000110101000 "
b00000000000000000000000110101000 $
1&
b0000110100101 3
b0000110100110 6
18
19
#4245
0&
08
09
#4250
b00000000000000000000000110101001 "
b00000000000000000000000110101001 $
1&
b0000110100110 3
b0000110100111 6
18
19
#4255
0&
08
09
#4260
b00000000000000000000000110101010 "
b00000000000000000000000110101010 $
1&
b0000110100111 3
b0000110101000 6
18
19
#4265
0&
08
09
#4270
b00000000000000000000000110101011 "
b00000000000000000000000110101011 $
1&
b0000110101000 3
b0000110101001 6
18
19
#4275
0&
08
09
#4280
b00000000000000000000000110101100 "
b00000000000000000000000110101100 $
1&
b0000110101001 3
b0000110101010 6
18
19
#4285
0&
08
09
#4290
b00000000000000000000000110101101 "
b00000000000000000000000110101101 $
1&
b0000110101010 3
b0000110101011 6
18
19
#4295
0&
08
09
#4300
b00000000000000000000000110101110 "
b00000000000000000000000110101110 $
1&
b0000110101011 3
b0000110101100 6
18
19
#4305
0&
08
09
#4310
b00000000000000000000000110101111 "
b00000000000000000000000110101111 $
1&
b0000110101100 3
b0000110101101 6
18
19
#4315
0&
08
09
#4320
b00000000000000000000000110110000 "
b00000000000000000000000110110000 $
1&
b0000110101101 3
b0000110101110 6
18
19
#4325
0&
08
09
#4330
b00000000000000000000000110110001 "
b00000000000000000000000110110001 $
1&
b0000110101110 3
b0000110101111 6
18
19
#4335
0&
08
09
#4340
b00000000000000000000000110110010 "
b00000000000000000000000110110010 $
1&
b0000110101111 3
b0000110110000 6
18
19
#4345
0&
08
09
#4350
b00000000000000000000000110110011 "
b00000000000000000000000110110011 $
1&
b0000110110000 3
b0000110110001 6
18
19
#4355
0&
08
09
#4360
b00000000000000000000000110110100 "
b00000000000000000000000110110100 $
1&
b0000110110001 3
b0000110110010 6
18
19
#4365
0&
08
09
#4370
b00000000000000000000000110110101 "
b00000000000000000000000110110101 $
1&
b0000110110010 3
b0000110110011 6
18
19
#4375
0&
08
09
#4380
b00000000000000000000000110110110 "
b00000000000000000000000110110110 $
1&
b0000110110011 3
b0000110110100 6
18
19
#4385
0&
08
09
#4390
b00000000000000000000000110110111 "
b00000000000000000000000110110111 $
1&
b0000110110100 3
b0000110110101 6
18
19
#4395
0&
08
09
#4400
b00000000000000000000000110111000 "
b00000000000000000000000110111000 $
1&
b0000110110101 3
b0000110110110 6
18
19
#4405
0&
08
09
#4410
b00000000000000000000000110111001 "
b00000000000000000000000110111001 $
1&
b0000110110110 3
b0000110110111 6
18
19
#4415
0&
08
09
#4420
b00000000000000000000000110111010 "
b00000000000000000000000110111010 $
1&
b0000110110111 3
b0000110111000 6
18
19
#4425
0&
08
09
#4430
b00000000000000000000000110111011 "
b00000000000000000000000110111011 $
1&
b0000110111000 3
b0000110111001 6
18
19
#4435
0&
08
09
#4440
b00000000000000000000000110111100 "
b00000000000000000000000110111100 $
1&
b0000110111001 3
b0000110111010 6
18
19
#4445
0&
08
09
#4450
b00000000000000000000000110111101 "
b00000000000000000000000110111101 $
1&
b0000110111010 3
b0000110111011 6
18
19
#4455
0&
08
09
#4460
b00000000000000000000000110111110 "
b00000000000000000000000110111110 $
1&
b0000110111011 3
b0000110111100 6
18
19
#4465
0&
08
09
#4470
b00000000000000000000000110111111 "
b00000000000000000000000110111111 $
1&
b0000110111100 3
b0000110111101 6
18
19
#4475
0&
08
09
#4480
b00000000000000000000000111000000 "
b00000000000000000000000111000000 $
1&
b0000110111101 3
b0000110111110 6
18
19
#4485
0&
08
09
#4490
b00000000000000000000000111000001 "
b00000000000000000000000111000001 $
1&
b0000110111110 3
b0000110111111 6
18
19
#4495
0&
08
09
#4500
b00000000000000000000000111000010 "
b00000000000000000000000111000010 $
1&
b0000110111111 3
b0000111000000 6
18
19
#4505
0&
08
09
#4510
b00000000000000000000000111000011 "
b00000000000000000000000111000011 $
1&
b0000111000000 3
b0000111000001 6
18
19
#4515
0&
08
09
#4520
b00000000000000000000000111000100 "
b00000000000000000000000111000100 $
1&
b0000111000001 3
b0000111000010 6
18
19
#4525
0&
08
09
#4530
b00000000000000000000000111000101 "
b00000000000000000000000111000101 $
1&
b0000111000010 3
b0000111000011 6
18
19
#4535
0&
08
09
#4540
b00000000000000000000000111000110 "
b00000000000000000000000111000110 $
1&
b0000111000011 3
b0000111000100 6
18
19
#4545
0&
08
09
#4550
b00000000000000000000000111000111 "
b00000000000000000000000111000111 $
1&
b0000111000100 3
b0000111000101 6
18
19
#4555
0&
08
09
#4560
b00000000000000000000000111001000 "
b00000000000000000000000111001000 $
1&
b0000111000101 3
b0000111000110 6
18
19
#4565
0&
08
09
#4570
b00000000000000000000000111001001 "
b00000000000000000000000111001001 $
1&
b0000111000110 3
b0000111000111 6
18
19
#4575
0&
08
09
#4580
b00000000000000000000000111001010 "
b00000000000000000000000111001010 $
1&
b0000111000111 3
b0000111001000 6
18
19
#4585
0&
08
09
#4590
b00000000000000000000000111001011 "
b00000000000000000000000111001011 $
1&
b0000111001000 3
b0000111001001 6
18
19
#4595
0&
08
09
#4600
b00000000000000000000000111001100 "
b00000000000000000000000111001100 $
1&
b0000111001001 3
b0000111001010 6
18
19
#4605
0&
08
09
#4610
b00000000000000000000000111001101 "
b00000000000000000000000111001101 $
1&
b0000111001010 3
b0000111001011 6
18
19
#4615
0&
08
09
#4620
b00000000000000000000000111001110 "
b00000000000000000000000111001110 $
1&
b0000111001011 3
b0000111001100 6
18
19
#4625
0&
08
09
#4630
b00000000000000000000000111001111 "
b00000000000000000000000111001111 $
1&
b0000111001100 3
b0000111001101 6
18
19
#4635
0&
08
09
#4640
b00000000000000000000000111010000 "
b00000000000000000000000111010000 $
1&
b0000111001101 3
b0000111001110 6
18
19
#4645
0&
08
09
#4650
b00000000000000000000000111010001 "
b00000000000000000000000111010001 $
1&
b0000111001110 3
b0000111001111 6
18
19
#4655
0&
08
09
#4660
b00000000000000000000000111010010 "
b00000000000000000000000111010010 $
1&
b0000111001111 3
b0000111010000 6
18
19
#4665
0&
08
09
#4670
b00000000000000000000000111010011 "
b00000000000000000000000111010011 $
1&
b0000111010000 3
b0000111010001 6
18
19
#4675
0&
08
09
#4680
b00000000000000000000000111010100 "
b00000000000000000000000111010100 $
1&
b0000111010001 3
b0000111010010 6
18
19
#4685
0&
08
09
#4690
b00000000000000000000000111010101 "
b00000000000000000000000111010101 $
1&
b0000111010010 3
b0000111010011 6
18
19
#4695
0&
08
09
#4700
b00000000000000000000000111010110 "
b00000000000000000000000111010110 $
1&
b0000111010011 3
b0000111010100 6
18
19
#4705
0&
08
09
#4710
b00000000000000000000000111010111 "
b00000000000000000000000111010111 $
1&
b0000111010100 3
b0000111010101 6
18
19
#4715
0&
08
09
#4720
b00000000000000000000000111011000 "
b00000000000000000000000111011000 $
1&
b0000111010101 3
b0000111010110 6
18
19
#4725
0&
08
09
#4730
b00000000000000000000000111011001 "
b00000000000000000000000111011001 $
1&
b0000111010110 3
b0000111010111 6
18
19
#4735
0&
08
09
#4740
b00000000000000000000000111011010 "
b00000000000000000000000111011010 $
1&
b0000111010111 3
b0000111011000 6
18
19
#4745
0&
08
09
#4750
b00000000000000000000000111011011 "
b00000000000000000000000111011011 $
1&
b0000111011000 3
b0000111011001 6
18
19
#4755
0&
08
09
#4760
b00000000000000000000000111011100 "
b00000000000000000000000111011100 $
1&
b0000111011001 3
b0000111011010 6
18
19
#4765
0&
08
09
#4770
b00000000000000000000000111011101 "
b00000000000000000000000111011101 $
1&
b0000111011010 3
b0000111011011 6
18
19
#4775
0&
08
09
#4780
b00000000000000000000000111011110 "
b00000000000000000000000111011110 $
1&
b0000111011011 3
b0000111011100 6
18
19
#4785
0&
08
09
#4790
b00000000000000000000000111011111 "
b00000000000000000000000111011111 $
1&
b0000111011100 3
b0000111011101 6
18
19
#4795
0&
08
09
#4800
b00000000000000000000000111100000 "
b00000000000000000000000111100000 $
1&
b0000111011101 3
b0000111011110 6
18
19
#4805
0&
08
09
#4810
b00000000000000000000000111100001 "
b00000000000000000000000111100001 $
1&
b0000111011110 3
b0000111011111 6
18
19
#4815
0&
08
09
#4820
b00000000000000000000000111100010 "
b00000000000000000000000111100010 $
1&
b0000111011111 3
b0000111100000 6
18
19
#4825
0&
08
09
#4830
b00000000000000000000000111100011 "
b00000000000000000000000111100011 $
1&
b0000111100000 3
b0000111100001 6
18
19
#4835
0&
08
09
#4840
b00000000000000000000000111100100 "
b00000000000000000000000111100100 $
1&
b0000111100001 3
b0000111100010 6
18
19
#4845
0&
08
09
#4850
b00000000000000000000000111100101 "
b00000000000000000000000111100101 $
1&
b0000111100010 3
b0000111100011 6
18
19
#4855
0&
08
09
#4860
b00000000000000000000000111100110 "
b00000000000000000000000111100110 $
1&
b0000111100011 3
b0000111100100 6
18
19
#4865
0&
08
09
#4870
b00000000000000000000000111100111 "
b00000000000000000000000111100111 $
1&
b0000111100100 3
b0000111100101 6
18
19
#4875
0&
08
09
#4880
b00000000000000000000000111101000 "
b00000000000000000000000111101000 $
1&
b0000111100101 3
b0000111100110 6
18
19
#4885
0&
08
09
#4890
b00000000000000000000000111101001 "
b00000000000000000000000111101001 $
1&
b0000111100110 3
b0000111100111 6
18
19
#4895
0&
08
09
#4900
b00000000000000000000000111101010 "
b00000000000000000000000111101010 $
1&
b0000111100111 3
b0000111101000 6
18
19
#4905
0&
08
09
#4910
b00000000000000000000000111101011 "
b00000000000000000000000111101011 $
1&
b0000111101000 3
b0000111101001 6
18
19
#4915
0&
08
09
#4920
b00000000000000000000000111101100 "
b00000000000000000000000111101100 $
1&
b0000111101001 3
b0000111101010 6
18
19
#4925
0&
08
09
#4930
b00000000000000000000000111101101 "
b00000000000000000000000111101101 $
1&
b0000111101010 3
b0000111101011 6
18
19
#4935
0&
08
09
#4940
b00000000000000000000000111101110 "
b00000000000000000000000111101110 $
1&
b0000111101011 3
b0000111101100 6
18
19
#4945
0&
08
09
#4950
b00000000000000000000000111101111 "
b00000000000000000000000111101111 $
1&
b0000111101100 3
b0000111101101 6
18
19
#4955
0&
08
09
#4960
b00000000000000000000000111110000 "
b00000000000000000000000111110000 $
1&
b0000111101101 3
b0000111101110 6
18
19
#4965
0&
08
09
#4970
b00000000000000000000000111110001 "
b00000000000000000000000111110001 $
1&
b0000111101110 3
b0000111101111 6
18
19
#4975
0&
08
09
#4980
b00000000000000000000000111110010 "
b00000000000000000000000111110010 $
1&
b0000111101111 3
b0000111110000 6
18
19
#4985
0&
08
09
#4990
b00000000000000000000000111110011 "
b00000000000000000000000111110011 $
1&
b0000111110000 3
b0000111110001 6
18
19
#4995
0&
08
09
#5000
b00000000000000000000000111110100 "
b00000000000000000000000111110100 $
1&
b0000111110001 3
b0000111110010 6
18
19
#5005
0&
08
09
#5010
b00000000000000000000000111110101 "
b00000000000000000000000111110101 $
1&
b0000111110010 3
b0000111110011 6
18
19
#5015
0&
08
09
#5020
b00000000000000000000000111110110 "
b00000000000000000000000111110110 $
1&
b0000111110011 3
b0000111110100 6
18
19
#5025
0&
08
09
#5030
b00000000000000000000000111110111 "
b00000000000000000000000111110111 $
1&
b0000111110100 3
b0000111110101 6
18
19
#5035
0&
08
09
#5040
b00000000000000000000000111111000 "
b00000000000000000000000111111000 $
1&
b0000111110101 3
b0000111110110 6
18
19
#5045
0&
08
09
#5050
b00000000000000000000000111111001 "
b00000000000000000000000111111001 $
1&
b0000111110110 3
b0000111110111 6
18
19
#5055
0&
08
09
#5060
b00000000000000000000000111111010 "
b00000000000000000000000111111010 $
1&
b0000111110111 3
b0000111111000 6
18
19
#5065
0&
08
09
#5070
b00000000000000000000000111111011 "
b00000000000000000000000111111011 $
1&
b0000111111000 3
b0000111111001 6
18
19
#5075
0&
08
09
#5080
b00000000000000000000000111111100 "
b00000000000000000000000111111100 $
1&
b0000111111001 3
b0000111111010 6
18
19
#5085
0&
08
09
#5090
b00000000000000000000000111111101 "
b00000000000000000000000111111101 $
1&
b0000111111010 3
b0000111111011 6
18
19
#5095
0&
08
09
#5100
b00000000000000000000000111111110 "
b00000000000000000000000111111110 $
1&
b0000111111011 3
b0000111111100 6
18
19
#5105
0&
08
09
#5110
b00000000000000000000000111111111 "
b00000000000000000000000111111111 $
1&
b0000111111100 3
b0000111111101 6
18
19
#5115
0&
08
09
#5120
b00000000000000000000001000000000 "
b00000000000000000000001000000000 $
1&
b0000111111101 3
b0000111111110 6
18
19
#5125
0&
08
09
#5130
b00000000000000000000001000000001 "
b00000000000000000000001000000001 $
1&
b0000111111110 3
b0000111111111 6
18
19
#5135
0&
08
09
#5140
b00000000000000000000001000000010 "
b00000000000000000000001000000010 $
1&
b0000111111111 3
b0001000000000 6
18
19
#5145
0&
08
09
#5150
b00000000000000000000001000000011 "
b00000000000000000000001000000011 $
1&
b0001000000000 3
b0001000000001 6
18
19
#5155
0&
08
09
#5160
b00000000000000000000001000000100 "
b00000000000000000000001000000100 $
1&
b0001000000001 3
b0001000000010 6
18
19
#5165
0&
08
09
#5170
b00000000000000000000001000000101 "
b00000000000000000000001000000101 $
1&
b0001000000010 3
b0001000000011 6
18
19
#5175
0&
08
09
#5180
b00000000000000000000001000000110 "
b00000000000000000000001000000110 $
1&
b0001000000011 3
b0001000000100 6
18
19
#5185
0&
08
09
#5190
b00000000000000000000001000000111 "
b00000000000000000000001000000111 $
1&
b0001000000100 3
b0001000000101 6
18
19
#5195
0&
08
09
#5200
b00000000000000000000001000001000 "
b00000000000000000000001000001000 $
1&
b0001000000101 3
b0001000000110 6
18
19
#5205
0&
08
09
#5210
b00000000000000000000001000001001 "
b00000000000000000000001000001001 $
1&
b0001000000110 3
b0001000000111 6
18
19
#5215
0&
08
09
#5220
b00000000000000000000001000001010 "
b00000000000000000000001000001010 $
1&
b0001000000111 3
b0001000001000 6
18
19
#5225
0&
08
09
#5230
b00000000000000000000001000001011 "
b00000000000000000000001000001011 $
1&
b0001000001000 3
b0001000001001 6
18
19
#5235
0&
08
09
#5240
b00000000000000000000001000001100 "
b00000000000000000000001000001100 $
1&
b0001000001001 3
b0001000001010 6
18
19
#5245
0&
08
09
#5250
b00000000000000000000001000001101 "
b00000000000000000000001000001101 $
1&
b0001000001010 3
b0001000001011 6
18
19
#5255
0&
08
09
#5260
b00000000000000000000001000001110 "
b00000000000000000000001000001110 $
1&
b0001000001011 3
b0001000001100 6
18
19
#5265
0&
08
09
#5270
b00000000000000000000001000001111 "
b00000000000000000000001000001111 $
1&
b0001000001100 3
b0001000001101 6
18
19
#5275
0&
08
09
#5280
b00000000000000000000001000010000 "
b00000000000000000000001000010000 $
1&
b0001000001101 3
b0001000001110 6
18
19
#5285
0&
08
09
#5290
b00000000000000000000001000010001 "
b00000000000000000000001000010001 $
1&
b0001000001110 3
b0001000001111 6
18
19
#5295
0&
08
09
#5300
b00000000000000000000001000010010 "
b00000000000000000000001000010010 $
1&
b0001000001111 3
b0001000010000 6
18
19
#5305
0&
08
09
#5310
b00000000000000000000001000010011 "
b00000000000000000000001000010011 $
1&
b0001000010000 3
b0001000010001 6
18
19
#5315
0&
08
09
#5320
b00000000000000000000001000010100 "
b00000000000000000000001000010100 $
1&
b0001000010001 3
b0001000010010 6
18
19
#5325
0&
08
09
#5330
b00000000000000000000001000010101 "
b00000000000000000000001000010101 $
1&
b0001000010010 3
b0001000010011 6
18
19
#5335
0&
08
09
#5340
b00000000000000000000001000010110 "
b00000000000000000000001000010110 $
1&
b0001000010011 3
b0001000010100 6
18
19
#5345
0&
08
09
#5350
b00000000000000000000001000010111 "
b00000000000000000000001000010111 $
1&
b0001000010100 3
b0001000010101 6
18
19
#5355
0&
08
09
#5360
b00000000000000000000001000011000 "
b00000000000000000000001000011000 $
1&
b0001000010101 3
b0001000010110 6
18
19
#5365
0&
08
09
#5370
b00000000000000000000001000011001 "
b00000000000000000000001000011001 $
1&
b0001000010110 3
b0001000010111 6
18
19
#5375
0&
08
09
#5380
b00000000000000000000001000011010 "
b00000000000000000000001000011010 $
1&
b0001000010111 3
b0001000011000 6
18
19
#5385
0&
08
09
#5390
b00000000000000000000001000011011 "
b00000000000000000000001000011011 $
1&
b0001000011000 3
b0001000011001 6
18
19
#5395
0&
08
09
#5400
b00000000000000000000001000011100 "
b00000000000000000000001000011100 $
1&
b0001000011001 3
b0001000011010 6
18
19
#5405
0&
08
09
#5410
b00000000000000000000001000011101 "
b00000000000000000000001000011101 $
1&
b0001000011010 3
b0001000011011 6
18
19
#5415
0&
08
09
#5420
b00000000000000000000001000011110 "
b00000000000000000000001000011110 $
1&
b0001000011011 3
b0001000011100 6
18
19
#5425
0&
08
09
#5430
b00000000000000000000001000011111 "
b00000000000000000000001000011111 $
1&
b0001000011100 3
b0001000011101 6
18
19
#5435
0&
08
09
#5440
b00000000000000000000001000100000 "
b00000000000000000000001000100000 $
1&
b0001000011101 3
b0001000011110 6
18
19
#5445
0&
08
09
#5450
b00000000000000000000001000100001 "
b00000000000000000000001000100001 $
1&
b0001000011110 3
b0001000011111 6
18
19
#5455
0&
08
09
#5460
b00000000000000000000001000100010 "
b00000000000000000000001000100010 $
1&
b0001000011111 3
b0001000100000 6
18
19
#5465
0&
08
09
#5470
b00000000000000000000001000100011 "
b00000000000000000000001000100011 $
1&
b0001000100000 3
b0001000100001 6
18
19
#5475
0&
08
09
#5480
b00000000000000000000001000100100 "
b00000000000000000000001000100100 $
1&
b0001000100001 3
b0001000100010 6
18
19
#5485
0&
08
09
#5490
b00000000000000000000001000100101 "
b00000000000000000000001000100101 $
1&
b0001000100010 3
b0001000100011 6
18
19
#5495
0&
08
09
#5500
b00000000000000000000001000100110 "
b00000000000000000000001000100110 $
1&
b0001000100011 3
b0001000100100 6
18
19
#5505
0&
08
09
#5510
b00000000000000000000001000100111 "
b00000000000000000000001000100111 $
1&
b0001000100100 3
b0001000100101 6
18
19
#5515
0&
08
09
#5520
b00000000000000000000001000101000 "
b00000000000000000000001000101000 $
1&
b0001000100101 3
b0001000100110 6
18
19
#5525
0&
08
09
#5530
b00000000000000000000001000101001 "
b00000000000000000000001000101001 $
1&
b0001000100110 3
b0001000100111 6
18
19
#5535
0&
08
09
#5540
b00000000000000000000001000101010 "
b00000000000000000000001000101010 $
1&
b0001000100111 3
b0001000101000 6
18
19
#5545
0&
08
09
#5550
b00000000000000000000001000101011 "
b00000000000000000000001000101011 $
1&
b0001000101000 3
b0001000101001 6
18
19
#5555
0&
08
09
#5560
b00000000000000000000001000101100 "
b00000000000000000000001000101100 $
1&
b0001000101001 3
b0001000101010 6
18
19
#5565
0&
08
09
#5570
b00000000000000000000001000101101 "
b00000000000000000000001000101101 $
1&
b0001000101010 3
b0001000101011 6
18
19
#5575
0&
08
09
#5580
b00000000000000000000001000101110 "
b00000000000000000000001000101110 $
1&
b0001000101011 3
b0001000101100 6
18
19
#5585
0&
08
09
#5590
b00000000000000000000001000101111 "
b00000000000000000000001000101111 $
1&
b0001000101100 3
b0001000101101 6
18
19
#5595
0&
08
09
#5600
b00000000000000000000001000110000 "
b00000000000000000000001000110000 $
1&
b0001000101101 3
b0001000101110 6
18
19
#5605
0&
08
09
#5610
b00000000000000000000001000110001 "
b00000000000000000000001000110001 $
1&
b0001000101110 3
b0001000101111 6
18
19
#5615
0&
08
09
#5620
b00000000000000000000001000110010 "
b00000000000000000000001000110010 $
1&
b0001000101111 3
b0001000110000 6
18
19
#5625
0&
08
09
#5630
b00000000000000000000001000110011 "
b00000000000000000000001000110011 $
1&
b0001000110000 3
b0001000110001 6
18
19
#5635
0&
08
09
#5640
b00000000000000000000001000110100 "
b00000000000000000000001000110100 $
1&
b0001000110001 3
b0001000110010 6
18
19
#5645
0&
08
09
#5650
b00000000000000000000001000110101 "
b00000000000000000000001000110101 $
1&
b0001000110010 3
b0001000110011 6
18
19
#5655
0&
08
09
#5660
b00000000000000000000001000110110 "
b00000000000000000000001000110110 $
1&
b0001000110011 3
b0001000110100 6
18
19
#5665
0&
08
09
#5670
b00000000000000000000001000110111 "
b00000000000000000000001000110111 $
1&
b0001000110100 3
b0001000110101 6
18
19
#5675
0&
08
09
#5680
b00000000000000000000001000111000 "
b00000000000000000000001000111000 $
1&
b0001000110101 3
b0001000110110 6
18
19
#5685
0&
08
09
#5690
b00000000000000000000001000111001 "
b00000000000000000000001000111001 $
1&
b0001000110110 3
b0001000110111 6
18
19
#5695
0&
08
09
#5700
b00000000000000000000001000111010 "
b00000000000000000000001000111010 $
1&
b0001000110111 3
b0001000111000 6
18
19
#5705
0&
08
09
#5710
b00000000000000000000001000111011 "
b00000000000000000000001000111011 $
1&
b0001000111000 3
b0001000111001 6
18
19
#5715
0&
08
09
#5720
b00000000000000000000001000111100 "
b00000000000000000000001000111100 $
1&
b0001000111001 3
b0001000111010 6
18
19
#5725
0&
08
09
#5730
b00000000000000000000001000111101 "
b00000000000000000000001000111101 $
1&
b0001000111010 3
b0001000111011 6
18
19
#5735
0&
08
09
#5740
b00000000000000000000001000111110 "
b00000000000000000000001000111110 $
1&
b0001000111011 3
b0001000111100 6
18
19
#5745
0&
08
09
#5750
b00000000000000000000001000111111 "
b00000000000000000000001000111111 $
1&
b0001000111100 3
b0001000111101 6
18
19
#5755
0&
08
09
#5760
b00000000000000000000001001000000 "
b00000000000000000000001001000000 $
1&
b0001000111101 3
b0001000111110 6
18
19
#5765
0&
08
09
#5770
b00000000000000000000001001000001 "
b00000000000000000000001001000001 $
1&
b0001000111110 3
b0001000111111 6
18
19
#5775
0&
08
09
#5780
b00000000000000000000001001000010 "
b00000000000000000000001001000010 $
1&
b0001000111111 3
b0001001000000 6
18
19
#5785
0&
08
09
#5790
b00000000000000000000001001000011 "
b00000000000000000000001001000011 $
1&
b0001001000000 3
b0001001000001 6
18
19
#5795
0&
08
09
#5800
b00000000000000000000001001000100 "
b00000000000000000000001001000100 $
1&
b0001001000001 3
b0001001000010 6
18
19
#5805
0&
08
09
#5810
b00000000000000000000001001000101 "
b00000000000000000000001001000101 $
1&
b0001001000010 3
b0001001000011 6
18
19
#5815
0&
08
09
#5820
b00000000000000000000001001000110 "
b00000000000000000000001001000110 $
1&
b0001001000011 3
b0001001000100 6
18
19
#5825
0&
08
09
#5830
b00000000000000000000001001000111 "
b00000000000000000000001001000111 $
1&
b0001001000100 3
b0001001000101 6
18
19
#5835
0&
08
09
#5840
b00000000000000000000001001001000 "
b00000000000000000000001001001000 $
1&
b0001001000101 3
b0001001000110 6
18
19
#5845
0&
08
09
#5850
b00000000000000000000001001001001 "
b00000000000000000000001001001001 $
1&
b0001001000110 3
b0001001000111 6
18
19
#5855
0&
08
09
#5860
b00000000000000000000001001001010 "
b00000000000000000000001001001010 $
1&
b0001001000111 3
b0001001001000 6
18
19
#5865
0&
08
09
#5870
b00000000000000000000001001001011 "
b00000000000000000000001001001011 $
1&
b0001001001000 3
b0001001001001 6
18
19
#5875
0&
08
09
#5880
b00000000000000000000001001001100 "
b00000000000000000000001001001100 $
1&
b0001001001001 3
b0001001001010 6
18
19
#5885
0&
08
09
#5890
b00000000000000000000001001001101 "
b00000000000000000000001001001101 $
1&
b0001001001010 3
b0001001001011 6
18
19
#5895
0&
08
09
#5900
b00000000000000000000001001001110 "
b00000000000000000000001001001110 $
1&
b0001001001011 3
b0001001001100 6
18
19
#5905
0&
08
09
#5910
b00000000000000000000001001001111 "
b00000000000000000000001001001111 $
1&
b0001001001100 3
b0001001001101 6
18
19
#5915
0&
08
09
#5920
b00000000000000000000001001010000 "
b00000000000000000000001001010000 $
1&
b0001001001101 3
b0001001001110 6
18
19
#5925
0&
08
09
#5930
b00000000000000000000001001010001 "
b00000000000000000000001001010001 $
1&
b0001001001110 3
b0001001001111 6
18
19
#5935
0&
08
09
#5940
b00000000000000000000001001010010 "
b00000000000000000000001001010010 $
1&
b0001001001111 3
b0001001010000 6
18
19
#5945
0&
08
09
#5950
b00000000000000000000001001010011 "
b00000000000000000000001001010011 $
1&
b0001001010000 3
b0001001010001 6
18
19
#5955
0&
08
09
#5960
b00000000000000000000001001010100 "
b00000000000000000000001001010100 $
1&
b0001001010001 3
b0001001010010 6
18
19
#5965
0&
08
09
#5970
b00000000000000000000001001010101 "
b00000000000000000000001001010101 $
1&
b0001001010010 3
b0001001010011 6
18
19
#5975
0&
08
09
#5980
b00000000000000000000001001010110 "
b00000000000000000000001001010110 $
1&
b0001001010011 3
b0001001010100 6
18
19
#5985
0&
08
09
#5990
b00000000000000000000001001010111 "
b00000000000000000000001001010111 $
1&
b0001001010100 3
b0001001010101 6
18
19
#5995
0&
08
09
#6000
b00000000000000000000001001011000 "
b00000000000000000000001001011000 $
1&
b0001001010101 3
b0001001010110 6
18
19
#6005
0&
08
09
#6010
b00000000000000000000001001011001 "
b00000000000000000000001001011001 $
1&
b0001001010110 3
b0001001010111 6
18
19
#6015
0&
08
09
#6020
b00000000000000000000001001011010 "
b00000000000000000000001001011010 $
1&
b0001001010111 3
b0001001011000 6
18
19
#6025
0&
08
09
#6030
b00000000000000000000001001011011 "
b00000000000000000000001001011011 $
1&
b0001001011000 3
b0001001011001 6
18
19
#6035
0&
08
09
#6040
b00000000000000000000001001011100 "
b00000000000000000000001001011100 $
1&
b0001001011001 3
b0001001011010 6
18
19
#6045
0&
08
09
#6050
b00000000000000000000001001011101 "
b00000000000000000000001001011101 $
1&
b0001001011010 3
b0001001011011 6
18
19
#6055
0&
08
09
#6060
b00000000000000000000001001011110 "
b00000000000000000000001001011110 $
1&
b0001001011011 3
b0001001011100 6
18
19
#6065
0&
08
09
#6070
b00000000000000000000001001011111 "
b00000000000000000000001001011111 $
1&
b0001001011100 3
b0001001011101 6
18
19
#6075
0&
08
09
#6080
b00000000000000000000001001100000 "
b00000000000000000000001001100000 $
1&
b0001001011101 3
b0001001011110 6
18
19
#6085
0&
08
09
#6090
b00000000000000000000001001100001 "
b00000000000000000000001001100001 $
1&
b0001001011110 3
b0001001011111 6
18
19
#6095
0&
08
09
#6100
b00000000000000000000001001100010 "
b00000000000000000000001001100010 $
1&
b0001001011111 3
b0001001100000 6
18
19
#6105
0&
08
09
#6110
b00000000000000000000001001100011 "
b00000000000000000000001001100011 $
1&
b0001001100000 3
b0001001100001 6
18
19
#6115
0&
08
09
#6120
b00000000000000000000001001100100 "
b00000000000000000000001001100100 $
1&
b0001001100001 3
b0001001100010 6
18
19
#6125
0&
08
09
#6130
b00000000000000000000001001100101 "
b00000000000000000000001001100101 $
1&
b0001001100010 3
b0001001100011 6
18
19
#6135
0&
08
09
#6140
b00000000000000000000001001100110 "
b00000000000000000000001001100110 $
1&
b0001001100011 3
b0001001100100 6
18
19
#6145
0&
08
09
#6150
b00000000000000000000001001100111 "
b00000000000000000000001001100111 $
1&
b0001001100100 3
b0001001100101 6
18
19
#6155
0&
08
09
#6160
b00000000000000000000001001101000 "
b00000000000000000000001001101000 $
1&
b0001001100101 3
b0001001100110 6
18
19
#6165
0&
08
09
#6170
b00000000000000000000001001101001 "
b00000000000000000000001001101001 $
1&
b0001001100110 3
b0001001100111 6
18
19
#6175
0&
08
09
#6180
b00000000000000000000001001101010 "
b00000000000000000000001001101010 $
1&
b0001001100111 3
b0001001101000 6
18
19
#6185
0&
08
09
#6190
b00000000000000000000001001101011 "
b00000000000000000000001001101011 $
1&
b0001001101000 3
b0001001101001 6
18
19
#6195
0&
08
09
#6200
b00000000000000000000001001101100 "
b00000000000000000000001001101100 $
1&
b0001001101001 3
b0001001101010 6
18
19
#6205
0&
08
09
#6210
b00000000000000000000001001101101 "
b00000000000000000000001001101101 $
1&
b0001001101010 3
b0001001101011 6
18
19
#6215
0&
08
09
#6220
b00000000000000000000001001101110 "
b00000000000000000000001001101110 $
1&
b0001001101011 3
b0001001101100 6
18
19
#6225
0&
08
09
#6230
b00000000000000000000001001101111 "
b00000000000000000000001001101111 $
1&
b0001001101100 3
b0001001101101 6
18
19
#6235
0&
08
09
#6240
b00000000000000000000001001110000 "
b00000000000000000000001001110000 $
1&
b0001001101101 3
b0001001101110 6
18
19
#6245
0&
08
09
#6250
b00000000000000000000001001110001 "
b00000000000000000000001001110001 $
1&
b0001001101110 3
b0001001101111 6
18
19
#6255
0&
08
09
#6260
b00000000000000000000001001110010 "
b00000000000000000000001001110010 $
1&
b0001001101111 3
b0001001110000 6
18
19
#6265
0&
08
09
#6270
b00000000000000000000001001110011 "
b00000000000000000000001001110011 $
1&
b0001001110000 3
b0001001110001 6
18
19
#6275
0&
08
09
#6280
b00000000000000000000001001110100 "
b00000000000000000000001001110100 $
1&
b0001001110001 3
b0001001110010 6
18
19
#6285
0&
08
09
#6290
b00000000000000000000001001110101 "
b00000000000000000000001001110101 $
1&
b0001001110010 3
b0001001110011 6
18
19
#6295
0&
08
09
#6300
b00000000000000000000001001110110 "
b00000000000000000000001001110110 $
1&
b0001001110011 3
b0001001110100 6
18
19
#6305
0&
08
09
#6310
b00000000000000000000001001110111 "
b00000000000000000000001001110111 $
1&
b0001001110100 3
b0001001110101 6
18
19
#6315
0&
08
09
#6320
b00000000000000000000001001111000 "
b00000000000000000000001001111000 $
1&
b0001001110101 3
b0001001110110 6
18
19
#6325
0&
08
09
#6330
b00000000000000000000001001111001 "
b00000000000000000000001001111001 $
1&
b0001001110110 3
b0001001110111 6
18
19
#6335
0&
08
09
#6340
b00000000000000000000001001111010 "
b00000000000000000000001001111010 $
1&
b0001001110111 3
b0001001111000 6
18
19
#6345
0&
08
09
#6350
b00000000000000000000001001111011 "
b00000000000000000000001001111011 $
1&
b0001001111000 3
b0001001111001 6
18
19
#6355
0&
08
09
#6360
b00000000000000000000001001111100 "
b00000000000000000000001001111100 $
1&
b0001001111001 3
b0001001111010 6
18
19
#6365
0&
08
09
#6370
b00000000000000000000001001111101 "
b00000000000000000000001001111101 $
1&
b0001001111010 3
b0001001111011 6
18
19
#6375
0&
08
09
#6380
b00000000000000000000001001111110 "
b00000000000000000000001001111110 $
1&
b0001001111011 3
b0001001111100 6
18
19
#6385
0&
08
09
#6390
b00000000000000000000001001111111 "
b00000000000000000000001001111111 $
1&
b0001001111100 3
b0001001111101 6
18
19
#6395
0&
08
09
#6400
b00000000000000000000001010000000 "
b00000000000000000000001010000000 $
1&
b0001001111101 3
b0001001111110 6
18
19
#6405
0&
08
09
#6410
b00000000000000000000001010000001 "
b00000000000000000000001010000001 $
1&
b0001001111110 3
b0001001111111 6
18
19
#6415
0&
08
09
#6420
b00000000000000000000001010000010 "
b00000000000000000000001010000010 $
1&
b0001001111111 3
b0001010000000 6
18
19
#6425
0&
08
09
#6430
b00000000000000000000001010000011 "
b00000000000000000000001010000011 $
1&
b0001010000000 3
b0001010000001 6
18
19
#6435
0&
08
09
#6440
b00000000000000000000001010000100 "
b00000000000000000000001010000100 $
1&
b0001010000001 3
b0001010000010 6
18
19
#6445
0&
08
09
#6450
b00000000000000000000001010000101 "
b00000000000000000000001010000101 $
1&
b0001010000010 3
b0001010000011 6
18
19
#6455
0&
08
09
#6460
b00000000000000000000001010000110 "
b00000000000000000000001010000110 $
1&
b0001010000011 3
b0001010000100 6
18
19
#6465
0&
08
09
#6470
b00000000000000000000001010000111 "
b00000000000000000000001010000111 $
1&
b0001010000100 3
b0001010000101 6
18
19
#6475
0&
08
09
#6480
b00000000000000000000001010001000 "
b00000000000000000000001010001000 $
1&
b0001010000101 3
b0001010000110 6
18
19
#6485
0&
08
09
#6490
b00000000000000000000001010001001 "
b00000000000000000000001010001001 $
1&
b0001010000110 3
b0001010000111 6
18
19
#6495
0&
08
09
#6500
b00000000000000000000001010001010 "
b00000000000000000000001010001010 $
1&
b0001010000111 3
b0001010001000 6
18
19
#6505
0&
08
09
#6510
b00000000000000000000001010001011 "
b00000000000000000000001010001011 $
1&
b0001010001000 3
b0001010001001 6
18
19
#6515
0&
08
09
#6520
b00000000000000000000001010001100 "
b00000000000000000000001010001100 $
1&
b0001010001001 3
b0001010001010 6
18
19
#6525
0&
08
09
#6530
b00000000000000000000001010001101 "
b00000000000000000000001010001101 $
1&
b0001010001010 3
b0001010001011 6
18
19
#6535
0&
08
09
#6540
b00000000000000000000001010001110 "
b00000000000000000000001010001110 $
1&
b0001010001011 3
b0001010001100 6
18
19
#6545
0&
08
09
#6550
b00000000000000000000001010001111 "
b00000000000000000000001010001111 $
1&
b0001010001100 3
b0001010001101 6
18
19
#6555
0&
08
09
#6560
b00000000000000000000001010010000 "
b00000000000000000000001010010000 $
1&
b0001010001101 3
b0001010001110 6
18
19
#6565
0&
08
09
#6570
b00000000000000000000001010010001 "
b00000000000000000000001010010001 $
1&
b0001010001110 3
b0001010001111 6
18
19
#6575
0&
08
09
#6580
b00000000000000000000001010010010 "
b00000000000000000000001010010010 $
1&
b0001010001111 3
b0001010010000 6
18
19
#6585
0&
08
09
#6590
b00000000000000000000001010010011 "
b00000000000000000000001010010011 $
1&
b0001010010000 3
b0001010010001 6
18
19
#6595
0&
08
09
#6600
b00000000000000000000001010010100 "
b00000000000000000000001010010100 $
1&
b0001010010001 3
b0001010010010 6
18
19
#6605
0&
08
09
#6610
b00000000000000000000001010010101 "
b00000000000000000000001010010101 $
1&
b0001010010010 3
b0001010010011 6
18
19
#6615
0&
08
09
#6620
b00000000000000000000001010010110 "
b00000000000000000000001010010110 $
1&
b0001010010011 3
b0001010010100 6
18
19
#6625
0&
08
09
#6630
b00000000000000000000001010010111 "
b00000000000000000000001010010111 $
1&
b0001010010100 3
b0001010010101 6
18
19
#6635
0&
08
09
#6640
b00000000000000000000001010011000 "
b00000000000000000000001010011000 $
1&
b0001010010101 3
b0001010010110 6
18
19
#6645
0&
08
09
#6650
b00000000000000000000001010011001 "
b00000000000000000000001010011001 $
1&
b0001010010110 3
b0001010010111 6
18
19
#6655
0&
08
09
#6660
b00000000000000000000001010011010 "
b00000000000000000000001010011010 $
1&
b0001010010111 3
b0001010011000 6
18
19
#6665
0&
08
09
#6670
b00000000000000000000001010011011 "
b00000000000000000000001010011011 $
1&
b0001010011000 3
b0001010011001 6
18
19
#6675
0&
08
09
#6680
b00000000000000000000001010011100 "
b00000000000000000000001010011100 $
1&
b0001010011001 3
b0001010011010 6
18
19
#6685
0&
08
09
#6690
b00000000000000000000001010011101 "
b00000000000000000000001010011101 $
1&
b0001010011010 3
b0001010011011 6
18
19
#6695
0&
08
09
#6700
b00000000000000000000001010011110 "
b00000000000000000000001010011110 $
1&
b0001010011011 3
b0001010011100 6
18
19
#6705
0&
08
09
#6710
b00000000000000000000001010011111 "
b00000000000000000000001010011111 $
1&
b0001010011100 3
b0001010011101 6
18
19
#6715
0&
08
09
#6720
b00000000000000000000001010100000 "
b00000000000000000000001010100000 $
1&
b0001010011101 3
b0001010011110 6
18
19
#6725
0&
08
09
#6730
b00000000000000000000001010100001 "
b00000000000000000000001010100001 $
1&
b0001010011110 3
b0001010011111 6
18
19
#6735
0&
08
09
#6740
b00000000000000000000001010100010 "
b00000000000000000000001010100010 $
1&
b0001010011111 3
b0001010100000 6
18
19
#6745
0&
08
09
#6750
b00000000000000000000001010100011 "
b00000000000000000000001010100011 $
1&
b0001010100000 3
b0001010100001 6
18
19
#6755
0&
08
09
#6760
b00000000000000000000001010100100 "
b00000000000000000000001010100100 $
1&
b0001010100001 3
b0001010100010 6
18
19
#6765
0&
08
09
#6770
b00000000000000000000001010100101 "
b00000000000000000000001010100101 $
1&
b0001010100010 3
b0001010100011 6
18
19
#6775
0&
08
09
#6780
b00000000000000000000001010100110 "
b00000000000000000000001010100110 $
1&
b0001010100011 3
b0001010100100 6
18
19
#6785
0&
08
09
#6790
b00000000000000000000001010100111 "
b00000000000000000000001010100111 $
1&
b0001010100100 3
b0001010100101 6
18
19
#6795
0&
08
09
#6800
b00000000000000000000001010101000 "
b00000000000000000000001010101000 $
1&
b0001010100101 3
b0001010100110 6
18
19
#6805
0&
08
09
#6810
b00000000000000000000001010101001 "
b00000000000000000000001010101001 $
1&
b0001010100110 3
b0001010100111 6
18
19
#6815
0&
08
09
#6820
b00000000000000000000001010101010 "
b00000000000000000000001010101010 $
1&
b0001010100111 3
b0001010101000 6
18
19
#6825
0&
08
09
#6830
b00000000000000000000001010101011 "
b00000000000000000000001010101011 $
1&
b0001010101000 3
b0001010101001 6
18
19
#6835
0&
08
09
#6840
b00000000000000000000001010101100 "
b00000000000000000000001010101100 $
1&
b0001010101001 3
b0001010101010 6
18
19
#6845
0&
08
09
#6850
b00000000000000000000001010101101 "
b00000000000000000000001010101101 $
1&
b0001010101010 3
b0001010101011 6
18
19
#6855
0&
08
09
#6860
b00000000000000000000001010101110 "
b00000000000000000000001010101110 $
1&
b0001010101011 3
b0001010101100 6
18
19
#6865
0&
08
09
#6870
b00000000000000000000001010101111 "
b00000000000000000000001010101111 $
1&
b0001010101100 3
b0001010101101 6
18
19
#6875
0&
08
09
#6880
b00000000000000000000001010110000 "
b00000000000000000000001010110000 $
1&
b0001010101101 3
b0001010101110 6
18
19
#6885
0&
08
09
#6890
b00000000000000000000001010110001 "
b00000000000000000000001010110001 $
1&
b0001010101110 3
b0001010101111 6
18
19
#6895
0&
08
09
#6900
b00000000000000000000001010110010 "
b00000000000000000000001010110010 $
1&
b0001010101111 3
b0001010110000 6
18
19
#6905
0&
08
09
#6910
b00000000000000000000001010110011 "
b00000000000000000000001010110011 $
1&
b0001010110000 3
b0001010110001 6
18
19
#6915
0&
08
09
#6920
b00000000000000000000001010110100 "
b00000000000000000000001010110100 $
1&
b0001010110001 3
b0001010110010 6
18
19
#6925
0&
08
09
#6930
b00000000000000000000001010110101 "
b00000000000000000000001010110101 $
1&
b0001010110010 3
b0001010110011 6
18
19
#6935
0&
08
09
#6940
b00000000000000000000001010110110 "
b00000000000000000000001010110110 $
1&
b0001010110011 3
b0001010110100 6
18
19
#6945
0&
08
09
#6950
b00000000000000000000001010110111 "
b00000000000000000000001010110111 $
1&
b0001010110100 3
b0001010110101 6
18
19
#6955
0&
08
09
#6960
b00000000000000000000001010111000 "
b00000000000000000000001010111000 $
1&
b0001010110101 3
b0001010110110 6
18
19
#6965
0&
08
09
#6970
b00000000000000000000001010111001 "
b00000000000000000000001010111001 $
1&
b0001010110110 3
b0001010110111 6
18
19
#6975
0&
08
09
#6980
b00000000000000000000001010111010 "
b00000000000000000000001010111010 $
1&
b0001010110111 3
b0001010111000 6
18
19
#6985
0&
08
09
#6990
b00000000000000000000001010111011 "
b00000000000000000000001010111011 $
1&
b0001010111000 3
b0001010111001 6
18
19
#6995
0&
08
09
#7000
b00000000000000000000001010111100 "
b00000000000000000000001010111100 $
1&
b0001010111001 3
b0001010111010 6
18
19
#7005
0&
08
09
#7010
b00000000000000000000001010111101 "
b00000000000000000000001010111101 $
1&
b0001010111010 3
b0001010111011 6
18
19
#7015
0&
08
09
#7020
b00000000000000000000001010111110 "
b00000000000000000000001010111110 $
1&
b0001010111011 3
b0001010111100 6
18
19
#7025
0&
08
09
#7030
b00000000000000000000001010111111 "
b00000000000000000000001010111111 $
1&
b0001010111100 3
b0001010111101 6
18
19
#7035
0&
08
09
#7040
b00000000000000000000001011000000 "
b00000000000000000000001011000000 $
1&
b0001010111101 3
b0001010111110 6
18
19
#7045
0&
08
09
#7050
b00000000000000000000001011000001 "
b00000000000000000000001011000001 $
1&
b0001010111110 3
b0001010111111 6
18
19
#7055
0&
08
09
#7060
b00000000000000000000001011000010 "
b00000000000000000000001011000010 $
1&
b0001010111111 3
b0001011000000 6
18
19
#7065
0&
08
09
#7070
b00000000000000000000001011000011 "
b00000000000000000000001011000011 $
1&
b0001011000000 3
b0001011000001 6
18
19
#7075
0&
08
09
#7080
b00000000000000000000001011000100 "
b00000000000000000000001011000100 $
1&
b0001011000001 3
b0001011000010 6
18
19
#7085
0&
08
09
#7090
b00000000000000000000001011000101 "
b00000000000000000000001011000101 $
1&
b0001011000010 3
b0001011000011 6
18
19
#7095
0&
08
09
#7100
b00000000000000000000001011000110 "
b00000000000000000000001011000110 $
1&
b0001011000011 3
b0001011000100 6
18
19
#7105
0&
08
09
#7110
b00000000000000000000001011000111 "
b00000000000000000000001011000111 $
1&
b0001011000100 3
b0001011000101 6
18
19
#7115
0&
08
09
#7120
b00000000000000000000001011001000 "
b00000000000000000000001011001000 $
1&
b0001011000101 3
b0001011000110 6
18
19
#7125
0&
08
09
#7130
b00000000000000000000001011001001 "
b00000000000000000000001011001001 $
1&
b0001011000110 3
b0001011000111 6
18
19
#7135
0&
08
09
#7140
b00000000000000000000001011001010 "
b00000000000000000000001011001010 $
1&
b0001011000111 3
b0001011001000 6
18
19
#7145
0&
08
09
#7150
b00000000000000000000001011001011 "
b00000000000000000000001011001011 $
1&
b0001011001000 3
b0001011001001 6
18
19
#7155
0&
08
09
#7160
b00000000000000000000001011001100 "
b00000000000000000000001011001100 $
1&
b0001011001001 3
b0001011001010 6
18
19
#7165
0&
08
09
#7170
b00000000000000000000001011001101 "
b00000000000000000000001011001101 $
1&
b0001011001010 3
b0001011001011 6
18
19
#7175
0&
08
09
#7180
b00000000000000000000001011001110 "
b00000000000000000000001011001110 $
1&
b0001011001011 3
b0001011001100 6
18
19
#7185
0&
08
09
#7190
b00000000000000000000001011001111 "
b00000000000000000000001011001111 $
1&
b0001011001100 3
b0001011001101 6
18
19
#7195
0&
08
09
#7200
b00000000000000000000001011010000 "
b00000000000000000000001011010000 $
1&
b0001011001101 3
b0001011001110 6
18
19
#7205
0&
08
09
#7210
b00000000000000000000001011010001 "
b00000000000000000000001011010001 $
1&
b0001011001110 3
b0001011001111 6
18
19
#7215
0&
08
09
#7220
b00000000000000000000001011010010 "
b00000000000000000000001011010010 $
1&
b0001011001111 3
b0001011010000 6
18
19
#7225
0&
08
09
#7230
b00000000000000000000001011010011 "
b00000000000000000000001011010011 $
1&
b0001011010000 3
b0001011010001 6
18
19
#7235
0&
08
09
#7240
b00000000000000000000001011010100 "
b00000000000000000000001011010100 $
1&
b0001011010001 3
b0001011010010 6
18
19
#7245
0&
08
09
#7250
b00000000000000000000001011010101 "
b00000000000000000000001011010101 $
1&
b0001011010010 3
b0001011010011 6
18
19
#7255
0&
08
09
#7260
b00000000000000000000001011010110 "
b00000000000000000000001011010110 $
1&
b0001011010011 3
b0001011010100 6
18
19
#7265
0&
08
09
#7270
b00000000000000000000001011010111 "
b00000000000000000000001011010111 $
1&
b0001011010100 3
b0001011010101 6
18
19
#7275
0&
08
09
#7280
b00000000000000000000001011011000 "
b00000000000000000000001011011000 $
1&
b0001011010101 3
b0001011010110 6
18
19
#7285
0&
08
09
#7290
b00000000000000000000001011011001 "
b00000000000000000000001011011001 $
1&
b0001011010110 3
b0001011010111 6
18
19
#7295
0&
08
09
#7300
b00000000000000000000001011011010 "
b00000000000000000000001011011010 $
1&
b0001011010111 3
b0001011011000 6
18
19
#7305
0&
08
09
#7310
b00000000000000000000001011011011 "
b00000000000000000000001011011011 $
1&
b0001011011000 3
b0001011011001 6
18
19
#7315
0&
08
09
#7320
b00000000000000000000001011011100 "
b00000000000000000000001011011100 $
1&
b0001011011001 3
b0001011011010 6
18
19
#7325
0&
08
09
#7330
b00000000000000000000001011011101 "
b00000000000000000000001011011101 $
1&
b0001011011010 3
b0001011011011 6
18
19
#7335
0&
08
09
#7340
b00000000000000000000001011011110 "
b00000000000000000000001011011110 $
1&
b0001011011011 3
b0001011011100 6
18
19
#7345
0&
08
09
#7350
b00000000000000000000001011011111 "
b00000000000000000000001011011111 $
1&
b0001011011100 3
b0001011011101 6
18
19
#7355
0&
08
09
#7360
b00000000000000000000001011100000 "
b00000000000000000000001011100000 $
1&
b0001011011101 3
b0001011011110 6
18
19
#7365
0&
08
09
#7370
b00000000000000000000001011100001 "
b00000000000000000000001011100001 $
1&
b0001011011110 3
b0001011011111 6
18
19
#7375
0&
08
09
#7380
b00000000000000000000001011100010 "
b00000000000000000000001011100010 $
1&
b0001011011111 3
b0001011100000 6
18
19
#7385
0&
08
09
#7390
b00000000000000000000001011100011 "
b00000000000000000000001011100011 $
1&
b0001011100000 3
b0001011100001 6
18
19
#7395
0&
08
09
#7400
b00000000000000000000001011100100 "
b00000000000000000000001011100100 $
1&
b0001011100001 3
b0001011100010 6
18
19
#7405
0&
08
09
#7410
b00000000000000000000001011100101 "
b00000000000000000000001011100101 $
1&
b0001011100010 3
b0001011100011 6
18
19
#7415
0&
08
09
#7420
b00000000000000000000001011100110 "
b00000000000000000000001011100110 $
1&
b0001011100011 3
b0001011100100 6
18
19
#7425
0&
08
09
#7430
b00000000000000000000001011100111 "
b00000000000000000000001011100111 $
1&
b0001011100100 3
b0001011100101 6
18
19
#7435
0&
08
09
#7440
b00000000000000000000001011101000 "
b00000000000000000000001011101000 $
1&
b0001011100101 3
b0001011100110 6
18
19
#7445
0&
08
09
#7450
b00000000000000000000001011101001 "
b00000000000000000000001011101001 $
1&
b0001011100110 3
b0001011100111 6
18
19
#7455
0&
08
09
#7460
b00000000000000000000001011101010 "
b00000000000000000000001011101010 $
1&
b0001011100111 3
b0001011101000 6
18
19
#7465
0&
08
09
#7470
b00000000000000000000001011101011 "
b00000000000000000000001011101011 $
1&
b0001011101000 3
b0001011101001 6
18
19
#7475
0&
08
09
#7480
b00000000000000000000001011101100 "
b00000000000000000000001011101100 $
1&
b0001011101001 3
b0001011101010 6
18
19
#7485
0&
08
09
#7490
b00000000000000000000001011101101 "
b00000000000000000000001011101101 $
1&
b0001011101010 3
b0001011101011 6
18
19
#7495
0&
08
09
#7500
b00000000000000000000001011101110 "
b00000000000000000000001011101110 $
1&
b0001011101011 3
b0001011101100 6
18
19
#7505
0&
08
09
#7510
b00000000000000000000001011101111 "
b00000000000000000000001011101111 $
1&
b0001011101100 3
b0001011101101 6
18
19
#7515
0&
08
09
#7520
b00000000000000000000001011110000 "
b00000000000000000000001011110000 $
1&
b0001011101101 3
b0001011101110 6
18
19
#7525
0&
08
09
#7530
b00000000000000000000001011110001 "
b00000000000000000000001011110001 $
1&
b0001011101110 3
b0001011101111 6
18
19
#7535
0&
08
09
#7540
b00000000000000000000001011110010 "
b00000000000000000000001011110010 $
1&
b0001011101111 3
b0001011110000 6
18
19
#7545
0&
08
09
#7550
b00000000000000000000001011110011 "
b00000000000000000000001011110011 $
1&
b0001011110000 3
b0001011110001 6
18
19
#7555
0&
08
09
#7560
b00000000000000000000001011110100 "
b00000000000000000000001011110100 $
1&
b0001011110001 3
b0001011110010 6
18
19
#7565
0&
08
09
#7570
b00000000000000000000001011110101 "
b00000000000000000000001011110101 $
1&
b0001011110010 3
b0001011110011 6
18
19
#7575
0&
08
09
#7580
b00000000000000000000001011110110 "
b00000000000000000000001011110110 $
1&
b0001011110011 3
b0001011110100 6
18
19
#7585
0&
08
09
#7590
b00000000000000000000001011110111 "
b00000000000000000000001011110111 $
1&
b0001011110100 3
b0001011110101 6
18
19
#7595
0&
08
09
#7600
b00000000000000000000001011111000 "
b00000000000000000000001011111000 $
1&
b0001011110101 3
b0001011110110 6
18
19
#7605
0&
08
09
#7610
b00000000000000000000001011111001 "
b00000000000000000000001011111001 $
1&
b0001011110110 3
b0001011110111 6
18
19
#7615
0&
08
09
#7620
b00000000000000000000001011111010 "
b00000000000000000000001011111010 $
1&
b0001011110111 3
b0001011111000 6
18
19
#7625
0&
08
09
#7630
b00000000000000000000001011111011 "
b00000000000000000000001011111011 $
1&
b0001011111000 3
b0001011111001 6
18
19
#7635
0&
08
09
#7640
b00000000000000000000001011111100 "
b00000000000000000000001011111100 $
1&
b0001011111001 3
b0001011111010 6
18
19
#7645
0&
08
09
#7650
b00000000000000000000001011111101 "
b00000000000000000000001011111101 $
1&
b0001011111010 3
b0001011111011 6
18
19
#7655
0&
08
09
#7660
b00000000000000000000001011111110 "
b00000000000000000000001011111110 $
1&
b0001011111011 3
b0001011111100 6
18
19
#7665
0&
08
09
#7670
b00000000000000000000001011111111 "
b00000000000000000000001011111111 $
1&
b0001011111100 3
b0001011111101 6
18
19
#7675
0&
08
09
#7680
b00000000000000000000001100000000 "
b00000000000000000000001100000000 $
1&
b0001011111101 3
b0001011111110 6
18
19
#7685
0&
08
09
#7690
b00000000000000000000001100000001 "
b00000000000000000000001100000001 $
1&
b0001011111110 3
b0001011111111 6
18
19
#7695
0&
08
09
#7700
b00000000000000000000001100000010 "
b00000000000000000000001100000010 $
1&
b0001011111111 3
b0001100000000 6
18
19
#7705
0&
08
09
#7710
b00000000000000000000001100000011 "
b00000000000000000000001100000011 $
1&
b0001100000000 3
b0001100000001 6
18
19
#7715
0&
08
09
#7720
b00000000000000000000001100000100 "
b00000000000000000000001100000100 $
1&
b0001100000001 3
b0001100000010 6
18
19
#7725
0&
08
09
#7730
b00000000000000000000001100000101 "
b00000000000000000000001100000101 $
1&
b0001100000010 3
b0001100000011 6
18
19
#7735
0&
08
09
#7740
b00000000000000000000001100000110 "
b00000000000000000000001100000110 $
1&
b0001100000011 3
b0001100000100 6
18
19
#7745
0&
08
09
#7750
b00000000000000000000001100000111 "
b00000000000000000000001100000111 $
1&
b0001100000100 3
b0001100000101 6
18
19
#7755
0&
08
09
#7760
b00000000000000000000001100001000 "
b00000000000000000000001100001000 $
1&
b0001100000101 3
b0001100000110 6
18
19
#7765
0&
08
09
#7770
b00000000000000000000001100001001 "
b00000000000000000000001100001001 $
1&
b0001100000110 3
b0001100000111 6
18
19
#7775
0&
08
09
#7780
b00000000000000000000001100001010 "
b00000000000000000000001100001010 $
1&
b0001100000111 3
b0001100001000 6
18
19
#7785
0&
08
09
#7790
b00000000000000000000001100001011 "
b00000000000000000000001100001011 $
1&
b0001100001000 3
b0001100001001 6
18
19
#7795
0&
08
09
#7800
b00000000000000000000001100001100 "
b00000000000000000000001100001100 $
1&
b0001100001001 3
b0001100001010 6
18
19
#7805
0&
08
09
#7810
b00000000000000000000001100001101 "
b00000000000000000000001100001101 $
1&
b0001100001010 3
b0001100001011 6
18
19
#7815
0&
08
09
#7820
b00000000000000000000001100001110 "
b00000000000000000000001100001110 $
1&
b0001100001011 3
b0001100001100 6
18
19
#7825
0&
08
09
#7830
b00000000000000000000001100001111 "
b00000000000000000000001100001111 $
1&
b0001100001100 3
b0001100001101 6
18
19
#7835
0&
08
09
#7840
b00000000000000000000001100010000 "
b00000000000000000000001100010000 $
1&
b0001100001101 3
b0001100001110 6
18
19
#7845
0&
08
09
#7850
b00000000000000000000001100010001 "
b00000000000000000000001100010001 $
1&
b0001100001110 3
b0001100001111 6
18
19
#7855
0&
08
09
#7860
b00000000000000000000001100010010 "
b00000000000000000000001100010010 $
1&
b0001100001111 3
b0001100010000 6
18
19
#7865
0&
08
09
#7870
b00000000000000000000001100010011 "
b00000000000000000000001100010011 $
1&
b0001100010000 3
b0001100010001 6
18
19
#7875
0&
08
09
#7880
b00000000000000000000001100010100 "
b00000000000000000000001100010100 $
1&
b0001100010001 3
b0001100010010 6
18
19
#7885
0&
08
09
#7890
b00000000000000000000001100010101 "
b00000000000000000000001100010101 $
1&
b0001100010010 3
b0001100010011 6
18
19
#7895
0&
08
09
#7900
b00000000000000000000001100010110 "
b00000000000000000000001100010110 $
1&
b0001100010011 3
b0001100010100 6
18
19
#7905
0&
08
09
#7910
b00000000000000000000001100010111 "
b00000000000000000000001100010111 $
1&
b0001100010100 3
b0001100010101 6
18
19
#7915
0&
08
09
#7920
b00000000000000000000001100011000 "
b00000000000000000000001100011000 $
1&
b0001100010101 3
b0001100010110 6
18
19
#7925
0&
08
09
#7930
b00000000000000000000001100011001 "
b00000000000000000000001100011001 $
1&
b0001100010110 3
b0001100010111 6
18
19
#7935
0&
08
09
#7940
b00000000000000000000001100011010 "
b00000000000000000000001100011010 $
1&
b0001100010111 3
b0001100011000 6
18
19
#7945
0&
08
09
#7950
b00000000000000000000001100011011 "
b00000000000000000000001100011011 $
1&
b0001100011000 3
b0001100011001 6
18
19
#7955
0&
08
09
#7960
b00000000000000000000001100011100 "
b00000000000000000000001100011100 $
1&
b0001100011001 3
b0001100011010 6
18
19
#7965
0&
08
09
#7970
b00000000000000000000001100011101 "
b00000000000000000000001100011101 $
1&
b0001100011010 3
b0001100011011 6
18
19
#7975
0&
08
09
#7980
b00000000000000000000001100011110 "
b00000000000000000000001100011110 $
1&
b0001100011011 3
b0001100011100 6
18
19
#7985
0&
08
09
#7990
b00000000000000000000001100011111 "
b00000000000000000000001100011111 $
1&
b0001100011100 3
b0001100011101 6
18
19
#7995
0&
08
09
#8000
b00000000000000000000001100100000 "
b00000000000000000000001100100000 $
1&
b0001100011101 3
b0001100011110 6
18
19
#8005
0&
08
09
#8010
b00000000000000000000001100100001 "
b00000000000000000000001100100001 $
1&
b0001100011110 3
b0001100011111 6
18
19
#8015
0&
08
09
#8020
b00000000000000000000001100100010 "
b00000000000000000000001100100010 $
1&
b0001100011111 3
b0001100100000 6
18
19
#8025
0&
08
09
#8030
b00000000000000000000001100100011 "
b00000000000000000000001100100011 $
1&
b0001100100000 3
b0001100100001 6
18
19
#8035
0&
08
09
#8040
b00000000000000000000001100100100 "
b00000000000000000000001100100100 $
1&
b0001100100001 3
b0001100100010 6
18
19
#8045
0&
08
09
#8050
b00000000000000000000001100100101 "
b00000000000000000000001100100101 $
1&
b0001100100010 3
b0001100100011 6
18
19
#8055
0&
08
09
#8060
b00000000000000000000001100100110 "
b00000000000000000000001100100110 $
1&
b0001100100011 3
b0001100100100 6
18
19
#8065
0&
08
09
#8070
b00000000000000000000001100100111 "
b00000000000000000000001100100111 $
1&
b0001100100100 3
b0001100100101 6
18
19
#8075
0&
08
09
#8080
b00000000000000000000001100101000 "
b00000000000000000000001100101000 $
1&
b0001100100101 3
b0001100100110 6
18
19
#8085
0&
08
09
#8090
b00000000000000000000001100101001 "
b00000000000000000000001100101001 $
1&
b0001100100110 3
b0001100100111 6
18
19
#8095
0&
08
09
#8100
b00000000000000000000001100101010 "
b00000000000000000000001100101010 $
1&
b0001100100111 3
b0001100101000 6
18
19
#8105
0&
08
09
#8110
b00000000000000000000001100101011 "
b00000000000000000000001100101011 $
1&
b0001100101000 3
b0001100101001 6
18
19
#8115
0&
08
09
#8120
b00000000000000000000001100101100 "
b00000000000000000000001100101100 $
1&
b0001100101001 3
b0001100101010 6
18
19
#8125
0&
08
09
#8130
b00000000000000000000001100101101 "
b00000000000000000000001100101101 $
1&
b0001100101010 3
b0001100101011 6
18
19
#8135
0&
08
09
#8140
b00000000000000000000001100101110 "
b00000000000000000000001100101110 $
1&
b0001100101011 3
b0001100101100 6
18
19
#8145
0&
08
09
#8150
b00000000000000000000001100101111 "
b00000000000000000000001100101111 $
1&
b0001100101100 3
b0001100101101 6
18
19
#8155
0&
08
09
#8160
b00000000000000000000001100110000 "
b00000000000000000000001100110000 $
1&
b0001100101101 3
b0001100101110 6
18
19
#8165
0&
08
09
#8170
b00000000000000000000001100110001 "
b00000000000000000000001100110001 $
1&
b0001100101110 3
b0001100101111 6
18
19
#8175
0&
08
09
#8180
b00000000000000000000001100110010 "
b00000000000000000000001100110010 $
1&
b0001100101111 3
b0001100110000 6
18
19
#8185
0&
08
09
#8190
b00000000000000000000001100110011 "
b00000000000000000000001100110011 $
1&
b0001100110000 3
b0001100110001 6
18
19
#8195
0&
08
09
#8200
b00000000000000000000001100110100 "
b00000000000000000000001100110100 $
1&
b0001100110001 3
b0001100110010 6
18
19
#8205
0&
08
09
#8210
b00000000000000000000001100110101 "
b00000000000000000000001100110101 $
1&
b0001100110010 3
b0001100110011 6
18
19
#8215
0&
08
09
#8220
b00000000000000000000001100110110 "
b00000000000000000000001100110110 $
1&
b0001100110011 3
b0001100110100 6
18
19
#8225
0&
08
09
#8230
b00000000000000000000001100110111 "
b00000000000000000000001100110111 $
1&
b0001100110100 3
b0001100110101 6
18
19
#8235
0&
08
09
#8240
b00000000000000000000001100111000 "
b00000000000000000000001100111000 $
1&
b0001100110101 3
b0001100110110 6
18
19
#8245
0&
08
09
#8250
b00000000000000000000001100111001 "
b00000000000000000000001100111001 $
1&
b0001100110110 3
b0001100110111 6
18
19
#8255
0&
08
09
#8260
b00000000000000000000001100111010 "
b00000000000000000000001100111010 $
1&
b0001100110111 3
b0001100111000 6
18
19
#8265
0&
08
09
#8270
b00000000000000000000001100111011 "
b00000000000000000000001100111011 $
1&
b0001100111000 3
b0001100111001 6
18
19
#8275
0&
08
09
#8280
b00000000000000000000001100111100 "
b00000000000000000000001100111100 $
1&
b0001100111001 3
b0001100111010 6
18
19
#8285
0&
08
09
#8290
b00000000000000000000001100111101 "
b00000000000000000000001100111101 $
1&
b0001100111010 3
b0001100111011 6
18
19
#8295
0&
08
09
#8300
b00000000000000000000001100111110 "
b00000000000000000000001100111110 $
1&
b0001100111011 3
b0001100111100 6
18
19
#8305
0&
08
09
#8310
b00000000000000000000001100111111 "
b00000000000000000000001100111111 $
1&
b0001100111100 3
b0001100111101 6
18
19
#8315
0&
08
09
#8320
b00000000000000000000001101000000 "
b00000000000000000000001101000000 $
1&
b0001100111101 3
b0001100111110 6
18
19
#8325
0&
08
09
#8330
b00000000000000000000001101000001 "
b00000000000000000000001101000001 $
1&
b0001100111110 3
b0001100111111 6
18
19
#8335
0&
08
09
#8340
b00000000000000000000001101000010 "
b00000000000000000000001101000010 $
1&
b0001100111111 3
b0001101000000 6
18
19
#8345
0&
08
09
#8350
b00000000000000000000001101000011 "
b00000000000000000000001101000011 $
1&
b0001101000000 3
b0001101000001 6
18
19
#8355
0&
08
09
#8360
b00000000000000000000001101000100 "
b00000000000000000000001101000100 $
1&
b0001101000001 3
b0001101000010 6
18
19
#8365
0&
08
09
#8370
b00000000000000000000001101000101 "
b00000000000000000000001101000101 $
1&
b0001101000010 3
b0001101000011 6
18
19
#8375
0&
08
09
#8380
b00000000000000000000001101000110 "
b00000000000000000000001101000110 $
1&
b0001101000011 3
b0001101000100 6
18
19
#8385
0&
08
09
#8390
b00000000000000000000001101000111 "
b00000000000000000000001101000111 $
1&
b0001101000100 3
b0001101000101 6
18
19
#8395
0&
08
09
#8400
b00000000000000000000001101001000 "
b00000000000000000000001101001000 $
1&
b0001101000101 3
b0001101000110 6
18
19
#8405
0&
08
09
#8410
b00000000000000000000001101001001 "
b00000000000000000000001101001001 $
1&
b0001101000110 3
b0001101000111 6
18
19
#8415
0&
08
09
#8420
b00000000000000000000001101001010 "
b00000000000000000000001101001010 $
1&
b0001101000111 3
b0001101001000 6
18
19
#8425
0&
08
09
#8430
b00000000000000000000001101001011 "
b00000000000000000000001101001011 $
1&
b0001101001000 3
b0001101001001 6
18
19
#8435
0&
08
09
#8440
b00000000000000000000001101001100 "
b00000000000000000000001101001100 $
1&
b0001101001001 3
b0001101001010 6
18
19
#8445
0&
08
09
#8450
b00000000000000000000001101001101 "
b00000000000000000000001101001101 $
1&
b0001101001010 3
b0001101001011 6
18
19
#8455
0&
08
09
#8460
b00000000000000000000001101001110 "
b00000000000000000000001101001110 $
1&
b0001101001011 3
b0001101001100 6
18
19
#8465
0&
08
09
#8470
b00000000000000000000001101001111 "
b00000000000000000000001101001111 $
1&
b0001101001100 3
b0001101001101 6
18
19
#8475
0&
08
09
#8480
b00000000000000000000001101010000 "
b00000000000000000000001101010000 $
1&
b0001101001101 3
b0001101001110 6
18
19
#8485
0&
08
09
#8490
b00000000000000000000001101010001 "
b00000000000000000000001101010001 $
1&
b0001101001110 3
b0001101001111 6
18
19
#8495
0&
08
09
#8500
b00000000000000000000001101010010 "
b00000000000000000000001101010010 $
1&
b0001101001111 3
b0001101010000 6
18
19
#8505
0&
08
09
#8510
b00000000000000000000001101010011 "
b00000000000000000000001101010011 $
1&
b0001101010000 3
b0001101010001 6
18
19
#8515
0&
08
09
#8520
b00000000000000000000001101010100 "
b00000000000000000000001101010100 $
1&
b0001101010001 3
b0001101010010 6
18
19
#8525
0&
08
09
#8530
b00000000000000000000001101010101 "
b00000000000000000000001101010101 $
1&
b0001101010010 3
b0001101010011 6
18
19
#8535
0&
08
09
#8540
b00000000000000000000001101010110 "
b00000000000000000000001101010110 $
1&
b0001101010011 3
b0001101010100 6
18
19
#8545
0&
08
09
#8550
b00000000000000000000001101010111 "
b00000000000000000000001101010111 $
1&
b0001101010100 3
b0001101010101 6
18
19
#8555
0&
08
09
#8560
b00000000000000000000001101011000 "
b00000000000000000000001101011000 $
1&
b0001101010101 3
b0001101010110 6
18
19
#8565
0&
08
09
#8570
b00000000000000000000001101011001 "
b00000000000000000000001101011001 $
1&
b0001101010110 3
b0001101010111 6
18
19
#8575
0&
08
09
#8580
b00000000000000000000001101011010 "
b00000000000000000000001101011010 $
1&
b0001101010111 3
b0001101011000 6
18
19
#8585
0&
08
09
#8590
b00000000000000000000001101011011 "
b00000000000000000000001101011011 $
1&
b0001101011000 3
b0001101011001 6
18
19
#8595
0&
08
09
#8600
b00000000000000000000001101011100 "
b00000000000000000000001101011100 $
1&
b0001101011001 3
b0001101011010 6
18
19
#8605
0&
08
09
#8610
b00000000000000000000001101011101 "
b00000000000000000000001101011101 $
1&
b0001101011010 3
b0001101011011 6
18
19
#8615
0&
08
09
#8620
b00000000000000000000001101011110 "
b00000000000000000000001101011110 $
1&
b0001101011011 3
b0001101011100 6
18
19
#8625
0&
08
09
#8630
b00000000000000000000001101011111 "
b00000000000000000000001101011111 $
1&
b0001101011100 3
b0001101011101 6
18
19
#8635
0&
08
09
#8640
b00000000000000000000001101100000 "
b00000000000000000000001101100000 $
1&
b0001101011101 3
b0001101011110 6
18
19
#8645
0&
08
09
#8650
b00000000000000000000001101100001 "
b00000000000000000000001101100001 $
1&
b0001101011110 3
b0001101011111 6
18
19
#8655
0&
08
09
#8660
b00000000000000000000001101100010 "
b00000000000000000000001101100010 $
1&
b0001101011111 3
b0001101100000 6
18
19
#8665
0&
08
09
#8670
b00000000000000000000001101100011 "
b00000000000000000000001101100011 $
1&
b0001101100000 3
b0001101100001 6
18
19
#8675
0&
08
09
#8680
b00000000000000000000001101100100 "
b00000000000000000000001101100100 $
1&
b0001101100001 3
b0001101100010 6
18
19
#8685
0&
08
09
#8690
b00000000000000000000001101100101 "
b00000000000000000000001101100101 $
1&
b0001101100010 3
b0001101100011 6
18
19
#8695
0&
08
09
#8700
b00000000000000000000001101100110 "
b00000000000000000000001101100110 $
1&
b0001101100011 3
b0001101100100 6
18
19
#8705
0&
08
09
#8710
b00000000000000000000001101100111 "
b00000000000000000000001101100111 $
1&
b0001101100100 3
b0001101100101 6
18
19
#8715
0&
08
09
#8720
b00000000000000000000001101101000 "
b00000000000000000000001101101000 $
1&
b0001101100101 3
b0001101100110 6
18
19
#8725
0&
08
09
#8730
b00000000000000000000001101101001 "
b00000000000000000000001101101001 $
1&
b0001101100110 3
b0001101100111 6
18
19
#8735
0&
08
09
#8740
b00000000000000000000001101101010 "
b00000000000000000000001101101010 $
1&
b0001101100111 3
b0001101101000 6
18
19
#8745
0&
08
09
#8750
b00000000000000000000001101101011 "
b00000000000000000000001101101011 $
1&
b0001101101000 3
b0001101101001 6
18
19
#8755
0&
08
09
#8760
b00000000000000000000001101101100 "
b00000000000000000000001101101100 $
1&
b0001101101001 3
b0001101101010 6
18
19
#8765
0&
08
09
#8770
b00000000000000000000001101101101 "
b00000000000000000000001101101101 $
1&
b0001101101010 3
b0001101101011 6
18
19
#8775
0&
08
09
#8780
b00000000000000000000001101101110 "
b00000000000000000000001101101110 $
1&
b0001101101011 3
b0001101101100 6
18
19
#8785
0&
08
09
#8790
b00000000000000000000001101101111 "
b00000000000000000000001101101111 $
1&
b0001101101100 3
b0001101101101 6
18
19
#8795
0&
08
09
#8800
b00000000000000000000001101110000 "
b00000000000000000000001101110000 $
1&
b0001101101101 3
b0001101101110 6
18
19
#8805
0&
08
09
#8810
b00000000000000000000001101110001 "
b00000000000000000000001101110001 $
1&
b0001101101110 3
b0001101101111 6
18
19
#8815
0&
08
09
#8820
b00000000000000000000001101110010 "
b00000000000000000000001101110010 $
1&
b0001101101111 3
b0001101110000 6
18
19
#8825
0&
08
09
#8830
b00000000000000000000001101110011 "
b00000000000000000000001101110011 $
1&
b0001101110000 3
b0001101110001 6
18
19
#8835
0&
08
09
#8840
b00000000000000000000001101110100 "
b00000000000000000000001101110100 $
1&
b0001101110001 3
b0001101110010 6
18
19
#8845
0&
08
09
#8850
b00000000000000000000001101110101 "
b00000000000000000000001101110101 $
1&
b0001101110010 3
b0001101110011 6
18
19
#8855
0&
08
09
#8860
b00000000000000000000001101110110 "
b00000000000000000000001101110110 $
1&
b0001101110011 3
b0001101110100 6
18
19
#8865
0&
08
09
#8870
b00000000000000000000001101110111 "
b00000000000000000000001101110111 $
1&
b0001101110100 3
b0001101110101 6
18
19
#8875
0&
08
09
#8880
b00000000000000000000001101111000 "
b00000000000000000000001101111000 $
1&
b0001101110101 3
b0001101110110 6
18
19
#8885
0&
08
09
#8890
b00000000000000000000001101111001 "
b00000000000000000000001101111001 $
1&
b0001101110110 3
b0001101110111 6
18
19
#8895
0&
08
09
#8900
b00000000000000000000001101111010 "
b00000000000000000000001101111010 $
1&
b0001101110111 3
b0001101111000 6
18
19
#8905
0&
08
09
#8910
b00000000000000000000001101111011 "
b00000000000000000000001101111011 $
1&
b0001101111000 3
b0001101111001 6
18
19
#8915
0&
08
09
#8920
b00000000000000000000001101111100 "
b00000000000000000000001101111100 $
1&
b0001101111001 3
b0001101111010 6
18
19
#8925
0&
08
09
#8930
b00000000000000000000001101111101 "
b00000000000000000000001101111101 $
1&
b0001101111010 3
b0001101111011 6
18
19
#8935
0&
08
09
#8940
b00000000000000000000001101111110 "
b00000000000000000000001101111110 $
1&
b0001101111011 3
b0001101111100 6
18
19
#8945
0&
08
09
#8950
b00000000000000000000001101111111 "
b00000000000000000000001101111111 $
1&
b0001101111100 3
b0001101111101 6
18
19
#8955
0&
08
09
#8960
b00000000000000000000001110000000 "
b00000000000000000000001110000000 $
1&
b0001101111101 3
b0001101111110 6
18
19
#8965
0&
08
09
#8970
b00000000000000000000001110000001 "
b00000000000000000000001110000001 $
1&
b0001101111110 3
b0001101111111 6
18
19
#8975
0&
08
09
#8980
b00000000000000000000001110000010 "
b00000000000000000000001110000010 $
1&
b0001101111111 3
b0001110000000 6
18
19
#8985
0&
08
09
#8990
b00000000000000000000001110000011 "
b00000000000000000000001110000011 $
1&
b0001110000000 3
b0001110000001 6
18
19
#8995
0&
08
09
#9000
b00000000000000000000001110000100 "
b00000000000000000000001110000100 $
1&
b0001110000001 3
b0001110000010 6
18
19
#9005
0&
08
09
#9010
b00000000000000000000001110000101 "
b00000000000000000000001110000101 $
1&
b0001110000010 3
b0001110000011 6
18
19
#9015
0&
08
09
#9020
b00000000000000000000001110000110 "
b00000000000000000000001110000110 $
1&
b0001110000011 3
b0001110000100 6
18
19
#9025
0&
08
09
#9030
b00000000000000000000001110000111 "
b00000000000000000000001110000111 $
1&
b0001110000100 3
b0001110000101 6
18
19
#9035
0&
08
09
#9040
b00000000000000000000001110001000 "
b00000000000000000000001110001000 $
1&
b0001110000101 3
b0001110000110 6
18
19
#9045
0&
08
09
#9050
b00000000000000000000001110001001 "
b00000000000000000000001110001001 $
1&
b0001110000110 3
b0001110000111 6
18
19
#9055
0&
08
09
#9060
b00000000000000000000001110001010 "
b00000000000000000000001110001010 $
1&
b0001110000111 3
b0001110001000 6
18
19
#9065
0&
08
09
#9070
b00000000000000000000001110001011 "
b00000000000000000000001110001011 $
1&
b0001110001000 3
b0001110001001 6
18
19
#9075
0&
08
09
#9080
b00000000000000000000001110001100 "
b00000000000000000000001110001100 $
1&
b0001110001001 3
b0001110001010 6
18
19
#9085
0&
08
09
#9090
b00000000000000000000001110001101 "
b00000000000000000000001110001101 $
1&
b0001110001010 3
b0001110001011 6
18
19
#9095
0&
08
09
#9100
b00000000000000000000001110001110 "
b00000000000000000000001110001110 $
1&
b0001110001011 3
b0001110001100 6
18
19
#9105
0&
08
09
#9110
b00000000000000000000001110001111 "
b00000000000000000000001110001111 $
1&
b0001110001100 3
b0001110001101 6
18
19
#9115
0&
08
09
#9120
b00000000000000000000001110010000 "
b00000000000000000000001110010000 $
1&
b0001110001101 3
b0001110001110 6
18
19
#9125
0&
08
09
#9130
b00000000000000000000001110010001 "
b00000000000000000000001110010001 $
1&
b0001110001110 3
b0001110001111 6
18
19
#9135
0&
08
09
#9140
b00000000000000000000001110010010 "
b00000000000000000000001110010010 $
1&
b0001110001111 3
b0001110010000 6
18
19
#9145
0&
08
09
#9150
b00000000000000000000001110010011 "
b00000000000000000000001110010011 $
1&
b0001110010000 3
b0001110010001 6
18
19
#9155
0&
08
09
#9160
b00000000000000000000001110010100 "
b00000000000000000000001110010100 $
1&
b0001110010001 3
b0001110010010 6
18
19
#9165
0&
08
09
#9170
b00000000000000000000001110010101 "
b00000000000000000000001110010101 $
1&
b0001110010010 3
b0001110010011 6
18
19
#9175
0&
08
09
#9180
b00000000000000000000001110010110 "
b00000000000000000000001110010110 $
1&
b0001110010011 3
b0001110010100 6
18
19
#9185
0&
08
09
#9190
b00000000000000000000001110010111 "
b00000000000000000000001110010111 $
1&
b0001110010100 3
b0001110010101 6
18
19
#9195
0&
08
09
#9200
b00000000000000000000001110011000 "
b00000000000000000000001110011000 $
1&
b0001110010101 3
b0001110010110 6
18
19
#9205
0&
08
09
#9210
b00000000000000000000001110011001 "
b00000000000000000000001110011001 $
1&
b0001110010110 3
b0001110010111 6
18
19
#9215
0&
08
09
#9220
b00000000000000000000001110011010 "
b00000000000000000000001110011010 $
1&
b0001110010111 3
b0001110011000 6
18
19
#9225
0&
08
09
#9230
b00000000000000000000001110011011 "
b00000000000000000000001110011011 $
1&
b0001110011000 3
b0001110011001 6
18
19
#9235
0&
08
09
#9240
b00000000000000000000001110011100 "
b00000000000000000000001110011100 $
1&
b0001110011001 3
b0001110011010 6
18
19
#9245
0&
08
09
#9250
b00000000000000000000001110011101 "
b00000000000000000000001110011101 $
1&
b0001110011010 3
b0001110011011 6
18
19
#9255
0&
08
09
#9260
b00000000000000000000001110011110 "
b00000000000000000000001110011110 $
1&
b0001110011011 3
b0001110011100 6
18
19
#9265
0&
08
09
#9270
b00000000000000000000001110011111 "
b00000000000000000000001110011111 $
1&
b0001110011100 3
b0001110011101 6
18
19
#9275
0&
08
09
#9280
b00000000000000000000001110100000 "
b00000000000000000000001110100000 $
1&
b0001110011101 3
b0001110011110 6
18
19
#9285
0&
08
09
#9290
b00000000000000000000001110100001 "
b00000000000000000000001110100001 $
1&
b0001110011110 3
b0001110011111 6
18
19
#9295
0&
08
09
#9300
b00000000000000000000001110100010 "
b00000000000000000000001110100010 $
1&
b0001110011111 3
b0001110100000 6
18
19
#9305
0&
08
09
#9310
b00000000000000000000001110100011 "
b00000000000000000000001110100011 $
1&
b0001110100000 3
b0001110100001 6
18
19
#9315
0&
08
09
#9320
b00000000000000000000001110100100 "
b00000000000000000000001110100100 $
1&
b0001110100001 3
b0001110100010 6
18
19
#9325
0&
08
09
#9330
b00000000000000000000001110100101 "
b00000000000000000000001110100101 $
1&
b0001110100010 3
b0001110100011 6
18
19
#9335
0&
08
09
#9340
b00000000000000000000001110100110 "
b00000000000000000000001110100110 $
1&
b0001110100011 3
b0001110100100 6
18
19
#9345
0&
08
09
#9350
b00000000000000000000001110100111 "
b00000000000000000000001110100111 $
1&
b0001110100100 3
b0001110100101 6
18
19
#9355
0&
08
09
#9360
b00000000000000000000001110101000 "
b00000000000000000000001110101000 $
1&
b0001110100101 3
b0001110100110 6
18
19
#9365
0&
08
09
#9370
b00000000000000000000001110101001 "
b00000000000000000000001110101001 $
1&
b0001110100110 3
b0001110100111 6
18
19
#9375
0&
08
09
#9380
b00000000000000000000001110101010 "
b00000000000000000000001110101010 $
1&
b0001110100111 3
b0001110101000 6
18
19
#9385
0&
08
09
#9390
b00000000000000000000001110101011 "
b00000000000000000000001110101011 $
1&
b0001110101000 3
b0001110101001 6
18
19
#9395
0&
08
09
#9400
b00000000000000000000001110101100 "
b00000000000000000000001110101100 $
1&
b0001110101001 3
b0001110101010 6
18
19
#9405
0&
08
09
#9410
b00000000000000000000001110101101 "
b00000000000000000000001110101101 $
1&
b0001110101010 3
b0001110101011 6
18
19
#9415
0&
08
09
#9420
b00000000000000000000001110101110 "
b00000000000000000000001110101110 $
1&
b0001110101011 3
b0001110101100 6
18
19
#9425
0&
08
09
#9430
b00000000000000000000001110101111 "
b00000000000000000000001110101111 $
1&
b0001110101100 3
b0001110101101 6
18
19
#9435
0&
08
09
#9440
b00000000000000000000001110110000 "
b00000000000000000000001110110000 $
1&
b0001110101101 3
b0001110101110 6
18
19
#9445
0&
08
09
#9450
b00000000000000000000001110110001 "
b00000000000000000000001110110001 $
1&
b0001110101110 3
b0001110101111 6
18
19
#9455
0&
08
09
#9460
b00000000000000000000001110110010 "
b00000000000000000000001110110010 $
1&
b0001110101111 3
b0001110110000 6
18
19
#9465
0&
08
09
#9470
b00000000000000000000001110110011 "
b00000000000000000000001110110011 $
1&
b0001110110000 3
b0001110110001 6
18
19
#9475
0&
08
09
#9480
b00000000000000000000001110110100 "
b00000000000000000000001110110100 $
1&
b0001110110001 3
b0001110110010 6
18
19
#9485
0&
08
09
#9490
b00000000000000000000001110110101 "
b00000000000000000000001110110101 $
1&
b0001110110010 3
b0001110110011 6
18
19
#9495
0&
08
09
#9500
b00000000000000000000001110110110 "
b00000000000000000000001110110110 $
1&
b0001110110011 3
b0001110110100 6
18
19
#9505
0&
08
09
#9510
b00000000000000000000001110110111 "
b00000000000000000000001110110111 $
1&
b0001110110100 3
b0001110110101 6
18
19
#9515
0&
08
09
#9520
b00000000000000000000001110111000 "
b00000000000000000000001110111000 $
1&
b0001110110101 3
b0001110110110 6
18
19
#9525
0&
08
09
#9530
b00000000000000000000001110111001 "
b00000000000000000000001110111001 $
1&
b0001110110110 3
b0001110110111 6
18
19
#9535
0&
08
09
#9540
b00000000000000000000001110111010 "
b00000000000000000000001110111010 $
1&
b0001110110111 3
b0001110111000 6
18
19
#9545
0&
08
09
#9550
b00000000000000000000001110111011 "
b00000000000000000000001110111011 $
1&
b0001110111000 3
b0001110111001 6
18
19
#9555
0&
08
09
#9560
b00000000000000000000001110111100 "
b00000000000000000000001110111100 $
1&
b0001110111001 3
b0001110111010 6
18
19
#9565
0&
08
09
#9570
b00000000000000000000001110111101 "
b00000000000000000000001110111101 $
1&
b0001110111010 3
b0001110111011 6
18
19
#9575
0&
08
09
#9580
b00000000000000000000001110111110 "
b00000000000000000000001110111110 $
1&
b0001110111011 3
b0001110111100 6
18
19
#9585
0&
08
09
#9590
b00000000000000000000001110111111 "
b00000000000000000000001110111111 $
1&
b0001110111100 3
b0001110111101 6
18
19
#9595
0&
08
09
#9600
b00000000000000000000001111000000 "
b00000000000000000000001111000000 $
1&
b0001110111101 3
b0001110111110 6
18
19
#9605
0&
08
09
#9610
b00000000000000000000001111000001 "
b00000000000000000000001111000001 $
1&
b0001110111110 3
b0001110111111 6
18
19
#9615
0&
08
09
#9620
b00000000000000000000001111000010 "
b00000000000000000000001111000010 $
1&
b0001110111111 3
b0001111000000 6
18
19
#9625
0&
08
09
#9630
b00000000000000000000001111000011 "
b00000000000000000000001111000011 $
1&
b0001111000000 3
b0001111000001 6
18
19
#9635
0&
08
09
#9640
b00000000000000000000001111000100 "
b00000000000000000000001111000100 $
1&
b0001111000001 3
b0001111000010 6
18
19
#9645
0&
08
09
#9650
b00000000000000000000001111000101 "
b00000000000000000000001111000101 $
1&
b0001111000010 3
b0001111000011 6
18
19
#9655
0&
08
09
#9660
b00000000000000000000001111000110 "
b00000000000000000000001111000110 $
1&
b0001111000011 3
b0001111000100 6
18
19
#9665
0&
08
09
#9670
b00000000000000000000001111000111 "
b00000000000000000000001111000111 $
1&
b0001111000100 3
b0001111000101 6
18
19
#9675
0&
08
09
#9680
b00000000000000000000001111001000 "
b00000000000000000000001111001000 $
1&
b0001111000101 3
b0001111000110 6
18
19
#9685
0&
08
09
#9690
b00000000000000000000001111001001 "
b00000000000000000000001111001001 $
1&
b0001111000110 3
b0001111000111 6
18
19
#9695
0&
08
09
#9700
b00000000000000000000001111001010 "
b00000000000000000000001111001010 $
1&
b0001111000111 3
b0001111001000 6
18
19
#9705
0&
08
09
#9710
b00000000000000000000001111001011 "
b00000000000000000000001111001011 $
1&
b0001111001000 3
b0001111001001 6
18
19
#9715
0&
08
09
#9720
b00000000000000000000001111001100 "
b00000000000000000000001111001100 $
1&
b0001111001001 3
b0001111001010 6
18
19
#9725
0&
08
09
#9730
b00000000000000000000001111001101 "
b00000000000000000000001111001101 $
1&
b0001111001010 3
b0001111001011 6
18
19
#9735
0&
08
09
#9740
b00000000000000000000001111001110 "
b00000000000000000000001111001110 $
1&
b0001111001011 3
b0001111001100 6
18
19
#9745
0&
08
09
#9750
b00000000000000000000001111001111 "
b00000000000000000000001111001111 $
1&
b0001111001100 3
b0001111001101 6
18
19
#9755
0&
08
09
#9760
b00000000000000000000001111010000 "
b00000000000000000000001111010000 $
1&
b0001111001101 3
b0001111001110 6
18
19
#9765
0&
08
09
#9770
b00000000000000000000001111010001 "
b00000000000000000000001111010001 $
1&
b0001111001110 3
b0001111001111 6
18
19
#9775
0&
08
09
#9780
b00000000000000000000001111010010 "
b00000000000000000000001111010010 $
1&
b0001111001111 3
b0001111010000 6
18
19
#9785
0&
08
09
#9790
b00000000000000000000001111010011 "
b00000000000000000000001111010011 $
1&
b0001111010000 3
b0001111010001 6
18
19
#9795
0&
08
09
#9800
b00000000000000000000001111010100 "
b00000000000000000000001111010100 $
1&
b0001111010001 3
b0001111010010 6
18
19
#9805
0&
08
09
#9810
b00000000000000000000001111010101 "
b00000000000000000000001111010101 $
1&
b0001111010010 3
b0001111010011 6
18
19
#9815
0&
08
09
#9820
b00000000000000000000001111010110 "
b00000000000000000000001111010110 $
1&
b0001111010011 3
b0001111010100 6
18
19
#9825
0&
08
09
#9830
b00000000000000000000001111010111 "
b00000000000000000000001111010111 $
1&
b0001111010100 3
b0001111010101 6
18
19
#9835
0&
08
09
#9840
b00000000000000000000001111011000 "
b00000000000000000000001111011000 $
1&
b0001111010101 3
b0001111010110 6
18
19
#9845
0&
08
09
#9850
b00000000000000000000001111011001 "
b00000000000000000000001111011001 $
1&
b0001111010110 3
b0001111010111 6
18
19
#9855
0&
08
09
#9860
b00000000000000000000001111011010 "
b00000000000000000000001111011010 $
1&
b0001111010111 3
b0001111011000 6
18
19
#9865
0&
08
09
#9870
b00000000000000000000001111011011 "
b00000000000000000000001111011011 $
1&
b0001111011000 3
b0001111011001 6
18
19
#9875
0&
08
09
#9880
b00000000000000000000001111011100 "
b00000000000000000000001111011100 $
1&
b0001111011001 3
b0001111011010 6
18
19
#9885
0&
08
09
#9890
b00000000000000000000001111011101 "
b00000000000000000000001111011101 $
1&
b0001111011010 3
b0001111011011 6
18
19
#9895
0&
08
09
#9900
b00000000000000000000001111011110 "
b00000000000000000000001111011110 $
1&
b0001111011011 3
b0001111011100 6
18
19
#9905
0&
08
09
#9910
b00000000000000000000001111011111 "
b00000000000000000000001111011111 $
1&
b0001111011100 3
b0001111011101 6
18
19
#9915
0&
08
09
#9920
b00000000000000000000001111100000 "
b00000000000000000000001111100000 $
1&
b0001111011101 3
b0001111011110 6
18
19
#9925
0&
08
09
#9930
b00000000000000000000001111100001 "
b00000000000000000000001111100001 $
1&
b0001111011110 3
b0001111011111 6
18
19
#9935
0&
08
09
#9940
b00000000000000000000001111100010 "
b00000000000000000000001111100010 $
1&
b0001111011111 3
b0001111100000 6
18
19
#9945
0&
08
09
#9950
b00000000000000000000001111100011 "
b00000000000000000000001111100011 $
1&
b0001111100000 3
b0001111100001 6
18
19
#9955
0&
08
09
#9960
b00000000000000000000001111100100 "
b00000000000000000000001111100100 $
1&
b0001111100001 3
b0001111100010 6
18
19
#9965
0&
08
09
#9970
b00000000000000000000001111100101 "
b00000000000000000000001111100101 $
1&
b0001111100010 3
b0001111100011 6
18
19
#9975
0&
08
09
#9980
b00000000000000000000001111100110 "
b00000000000000000000001111100110 $
1&
b0001111100011 3
b0001111100100 6
18
19
#9985
0&
08
09
#9990
b00000000000000000000001111100111 "
b00000000000000000000001111100111 $
1&
b0001111100100 3
b0001111100101 6
18
19
#9995
0&
08
09
#10000
b00000000000000000000001111101000 "
b00000000000000000000001111101000 $
1&
b0001111100101 3
b0001111100110 6
18
19
#10005
0&
08
09
#10010
b00000000000000000000001111101001 "
b00000000000000000000001111101001 $
1&
b0001111100110 3
b0001111100111 6
18
19
#10015
0&
08
09
#10020
b00000000000000000000001111101010 "
b00000000000000000000001111101010 $
1&
b0001111100111 3
b0001111101000 6
18
19
#10025
0&
08
09
#10030
b00000000000000000000001111101011 "
b00000000000000000000001111101011 $
1&
b0001111101000 3
b0001111101001 6
18
19
#10035
0&
08
09
#10040
b00000000000000000000001111101100 "
b00000000000000000000001111101100 $
1&
b0001111101001 3
b0001111101010 6
18
19
#10045
0&
08
09
#10050
b00000000000000000000001111101101 "
b00000000000000000000001111101101 $
1&
b0001111101010 3
b0001111101011 6
18
19
#10055
0&
08
09
#10060
b00000000000000000000001111101110 "
b00000000000000000000001111101110 $
1&
b0001111101011 3
b0001111101100 6
18
19
#10065
0&
08
09
#10070
b00000000000000000000001111101111 "
b00000000000000000000001111101111 $
1&
b0001111101100 3
b0001111101101 6
18
19
#10075
0&
08
09
#10080
b00000000000000000000001111110000 "
b00000000000000000000001111110000 $
1&
b0001111101101 3
b0001111101110 6
18
19
#10085
0&
08
09
#10090
b00000000000000000000001111110001 "
b00000000000000000000001111110001 $
1&
b0001111101110 3
b0001111101111 6
18
19
#10095
0&
08
09
#10100
b00000000000000000000001111110010 "
b00000000000000000000001111110010 $
1&
b0001111101111 3
b0001111110000 6
18
19
#10105
0&
08
09
#10110
b00000000000000000000001111110011 "
b00000000000000000000001111110011 $
1&
b0001111110000 3
b0001111110001 6
18
19
#10115
0&
08
09
#10120
b00000000000000000000001111110100 "
b00000000000000000000001111110100 $
1&
b0001111110001 3
b0001111110010 6
18
19
#10125
0&
08
09
#10130
b00000000000000000000001111110101 "
b00000000000000000000001111110101 $
1&
b0001111110010 3
b0001111110011 6
18
19
#10135
0&
08
09
#10140
b00000000000000000000001111110110 "
b00000000000000000000001111110110 $
1&
b0001111110011 3
b0001111110100 6
18
19
#10145
0&
08
09
#10150
b00000000000000000000001111110111 "
b00000000000000000000001111110111 $
1&
b0001111110100 3
b0001111110101 6
18
19
#10155
0&
08
09
#10160
b00000000000000000000001111111000 "
b00000000000000000000001111111000 $
1&
b0001111110101 3
b0001111110110 6
18
19
#10165
0&
08
09
#10170
b00000000000000000000001111111001 "
b00000000000000000000001111111001 $
1&
b0001111110110 3
b0001111110111 6
18
19
#10175
0&
08
09
#10180
b00000000000000000000001111111010 "
b00000000000000000000001111111010 $
1&
b0001111110111 3
b0001111111000 6
18
19
#10185
0&
08
09
#10190
b00000000000000000000001111111011 "
b00000000000000000000001111111011 $
1&
b0001111111000 3
b0001111111001 6
18
19
#10195
0&
08
09
#10200
b00000000000000000000001111111100 "
b00000000000000000000001111111100 $
1&
b0001111111001 3
b0001111111010 6
18
19
#10205
0&
08
09
#10210
b00000000000000000000001111111101 "
b00000000000000000000001111111101 $
1&
b0001111111010 3
b0001111111011 6
18
19
#10215
0&
08
09
#10220
b00000000000000000000001111111110 "
b00000000000000000000001111111110 $
1&
b0001111111011 3
b0001111111100 6
18
19
#10225
0&
08
09
#10230
b00000000000000000000001111111111 "
b00000000000000000000001111111111 $
1&
b0001111111100 3
b0001111111101 6
18
19
#10235
0&
08
09
#10240
b00000000000000000000010000000000 "
b00000000000000000000010000000000 $
1&
b0001111111101 3
b0001111111110 6
18
19
#10245
0&
08
09
#10250
b00000000000000000000010000000001 "
b00000000000000000000010000000001 $
1&
b0001111111110 3
b0001111111111 6
18
19
#10255
0&
08
09
#10260
b00000000000000000000010000000010 "
b00000000000000000000010000000010 $
1&
b0001111111111 3
b0010000000000 6
18
19
#10265
0&
08
09
#10270
b00000000000000000000010000000011 "
b00000000000000000000010000000011 $
1&
b0010000000000 3
b0010000000001 6
18
19
#10275
0&
08
09
#10280
b00000000000000000000010000000100 "
b00000000000000000000010000000100 $
1&
b0010000000001 3
b0010000000010 6
18
19
#10285
0&
08
09
#10290
b00000000000000000000010000000101 "
b00000000000000000000010000000101 $
1&
b0010000000010 3
b0010000000011 6
18
19
#10295
0&
08
09
#10300
b00000000000000000000010000000110 "
b00000000000000000000010000000110 $
1&
b0010000000011 3
b0010000000100 6
18
19
#10305
0&
08
09
#10310
b00000000000000000000010000000111 "
b00000000000000000000010000000111 $
1&
b0010000000100 3
b0010000000101 6
18
19
#10315
0&
08
09
#10320
b00000000000000000000010000001000 "
b00000000000000000000010000001000 $
1&
b0010000000101 3
b0010000000110 6
18
19
#10325
0&
08
09
#10330
b00000000000000000000010000001001 "
b00000000000000000000010000001001 $
1&
b0010000000110 3
b0010000000111 6
18
19
#10335
0&
08
09
#10340
b00000000000000000000010000001010 "
b00000000000000000000010000001010 $
1&
b0010000000111 3
b0010000001000 6
18
19
#10345
0&
08
09
#10350
b00000000000000000000010000001011 "
b00000000000000000000010000001011 $
1&
b0010000001000 3
b0010000001001 6
18
19
#10355
0&
08
09
#10360
b00000000000000000000010000001100 "
b00000000000000000000010000001100 $
1&
b0010000001001 3
b0010000001010 6
18
19
#10365
0&
08
09
#10370
b00000000000000000000010000001101 "
b00000000000000000000010000001101 $
1&
b0010000001010 3
b0010000001011 6
18
19
#10375
0&
08
09
#10380
b00000000000000000000010000001110 "
b00000000000000000000010000001110 $
1&
b0010000001011 3
b0010000001100 6
18
19
#10385
0&
08
09
#10390
b00000000000000000000010000001111 "
b00000000000000000000010000001111 $
1&
b0010000001100 3
b0010000001101 6
18
19
#10395
0&
08
09
#10400
b00000000000000000000010000010000 "
b00000000000000000000010000010000 $
1&
b0010000001101 3
b0010000001110 6
18
19
#10405
0&
08
09
#10410
b00000000000000000000010000010001 "
b00000000000000000000010000010001 $
1&
b0010000001110 3
b0010000001111 6
18
19
#10415
0&
08
09
#10420
b00000000000000000000010000010010 "
b00000000000000000000010000010010 $
1&
b0010000001111 3
b0010000010000 6
18
19
#10425
0&
08
09
#10430
b00000000000000000000010000010011 "
b00000000000000000000010000010011 $
1&
b0010000010000 3
b0010000010001 6
18
19
#10435
0&
08
09
#10440
b00000000000000000000010000010100 "
b00000000000000000000010000010100 $
1&
b0010000010001 3
b0010000010010 6
18
19
#10445
0&
08
09
#10450
b00000000000000000000010000010101 "
b00000000000000000000010000010101 $
1&
b0010000010010 3
b0010000010011 6
18
19
#10455
0&
08
09
#10460
b00000000000000000000010000010110 "
b00000000000000000000010000010110 $
1&
b0010000010011 3
b0010000010100 6
18
19
#10465
0&
08
09
#10470
b00000000000000000000010000010111 "
b00000000000000000000010000010111 $
1&
b0010000010100 3
b0010000010101 6
18
19
#10475
0&
08
09
#10480
b00000000000000000000010000011000 "
b00000000000000000000010000011000 $
1&
b0010000010101 3
b0010000010110 6
18
19
#10485
0&
08
09
#10490
b00000000000000000000010000011001 "
b00000000000000000000010000011001 $
1&
b0010000010110 3
b0010000010111 6
18
19
#10495
0&
08
09
#10500
b00000000000000000000010000011010 "
b00000000000000000000010000011010 $
1&
b0010000010111 3
b0010000011000 6
18
19
#10505
0&
08
09
#10510
b00000000000000000000010000011011 "
b00000000000000000000010000011011 $
1&
b0010000011000 3
b0010000011001 6
18
19
#10515
0&
08
09
#10520
b00000000000000000000010000011100 "
b00000000000000000000010000011100 $
1&
b0010000011001 3
b0010000011010 6
18
19
#10525
0&
08
09
#10530
b00000000000000000000010000011101 "
b00000000000000000000010000011101 $
1&
b0010000011010 3
b0010000011011 6
18
19
#10535
0&
08
09
#10540
b00000000000000000000010000011110 "
b00000000000000000000010000011110 $
1&
b0010000011011 3
b0010000011100 6
18
19
#10545
0&
08
09
#10550
b00000000000000000000010000011111 "
b00000000000000000000010000011111 $
1&
b0010000011100 3
b0010000011101 6
18
19
#10555
0&
08
09
#10560
b00000000000000000000010000100000 "
b00000000000000000000010000100000 $
1&
b0010000011101 3
b0010000011110 6
18
19
#10565
0&
08
09
#10570
b00000000000000000000010000100001 "
b00000000000000000000010000100001 $
1&
b0010000011110 3
b0010000011111 6
18
19
#10575
0&
08
09
#10580
b00000000000000000000010000100010 "
b00000000000000000000010000100010 $
1&
b0010000011111 3
b0010000100000 6
18
19
#10585
0&
08
09
#10590
b00000000000000000000010000100011 "
b00000000000000000000010000100011 $
1&
b0010000100000 3
b0010000100001 6
18
19
#10595
0&
08
09
#10600
b00000000000000000000010000100100 "
b00000000000000000000010000100100 $
1&
b0010000100001 3
b0010000100010 6
18
19
#10605
0&
08
09
#10610
b00000000000000000000010000100101 "
b00000000000000000000010000100101 $
1&
b0010000100010 3
b0010000100011 6
18
19
#10615
0&
08
09
#10620
b00000000000000000000010000100110 "
b00000000000000000000010000100110 $
1&
b0010000100011 3
b0010000100100 6
18
19
#10625
0&
08
09
#10630
b00000000000000000000010000100111 "
b00000000000000000000010000100111 $
1&
b0010000100100 3
b0010000100101 6
18
19
#10635
0&
08
09
#10640
b00000000000000000000010000101000 "
b00000000000000000000010000101000 $
1&
b0010000100101 3
b0010000100110 6
18
19
#10645
0&
08
09
#10650
b00000000000000000000010000101001 "
b00000000000000000000010000101001 $
1&
b0010000100110 3
b0010000100111 6
18
19
#10655
0&
08
09
#10660
b00000000000000000000010000101010 "
b00000000000000000000010000101010 $
1&
b0010000100111 3
b0010000101000 6
18
19
#10665
0&
08
09
#10670
b00000000000000000000010000101011 "
b00000000000000000000010000101011 $
1&
b0010000101000 3
b0010000101001 6
18
19
#10675
0&
08
09
#10680
b00000000000000000000010000101100 "
b00000000000000000000010000101100 $
1&
b0010000101001 3
b0010000101010 6
18
19
#10685
0&
08
09
#10690
b00000000000000000000010000101101 "
b00000000000000000000010000101101 $
1&
b0010000101010 3
b0010000101011 6
18
19
#10695
0&
08
09
#10700
b00000000000000000000010000101110 "
b00000000000000000000010000101110 $
1&
b0010000101011 3
b0010000101100 6
18
19
#10705
0&
08
09
#10710
b00000000000000000000010000101111 "
b00000000000000000000010000101111 $
1&
b0010000101100 3
b0010000101101 6
18
19
#10715
0&
08
09
#10720
b00000000000000000000010000110000 "
b00000000000000000000010000110000 $
1&
b0010000101101 3
b0010000101110 6
18
19
#10725
0&
08
09
#10730
b00000000000000000000010000110001 "
b00000000000000000000010000110001 $
1&
b0010000101110 3
b0010000101111 6
18
19
#10735
0&
08
09
#10740
b00000000000000000000010000110010 "
b00000000000000000000010000110010 $
1&
b0010000101111 3
b0010000110000 6
18
19
#10745
0&
08
09
#10750
b00000000000000000000010000110011 "
b00000000000000000000010000110011 $
1&
b0010000110000 3
b0010000110001 6
18
19
#10755
0&
08
09
#10760
b00000000000000000000010000110100 "
b00000000000000000000010000110100 $
1&
b0010000110001 3
b0010000110010 6
18
19
#10765
0&
08
09
#10770
b00000000000000000000010000110101 "
b00000000000000000000010000110101 $
1&
b0010000110010 3
b0010000110011 6
18
19
#10775
0&
08
09
#10780
b00000000000000000000010000110110 "
b00000000000000000000010000110110 $
1&
b0010000110011 3
b0010000110100 6
18
19
#10785
0&
08
09
#10790
b00000000000000000000010000110111 "
b00000000000000000000010000110111 $
1&
b0010000110100 3
b0010000110101 6
18
19
#10795
0&
08
09
#10800
b00000000000000000000010000111000 "
b00000000000000000000010000111000 $
1&
b0010000110101 3
b0010000110110 6
18
19
#10805
0&
08
09
#10810
b00000000000000000000010000111001 "
b00000000000000000000010000111001 $
1&
b0010000110110 3
b0010000110111 6
18
19
#10815
0&
08
09
#10820
b00000000000000000000010000111010 "
b00000000000000000000010000111010 $
1&
b0010000110111 3
b0010000111000 6
18
19
#10825
0&
08
09
#10830
b00000000000000000000010000111011 "
b00000000000000000000010000111011 $
1&
b0010000111000 3
b0010000111001 6
18
19
#10835
0&
08
09
#10840
b00000000000000000000010000111100 "
b00000000000000000000010000111100 $
1&
b0010000111001 3
b0010000111010 6
18
19
#10845
0&
08
09
#10850
b00000000000000000000010000111101 "
b00000000000000000000010000111101 $
1&
b0010000111010 3
b0010000111011 6
18
19
#10855
0&
08
09
#10860
b00000000000000000000010000111110 "
b00000000000000000000010000111110 $
1&
b0010000111011 3
b0010000111100 6
18
19
#10865
0&
08
09
#10870
b00000000000000000000010000111111 "
b00000000000000000000010000111111 $
1&
b0010000111100 3
b0010000111101 6
18
19
#10875
0&
08
09
#10880
b00000000000000000000010001000000 "
b00000000000000000000010001000000 $
1&
b0010000111101 3
b0010000111110 6
18
19
#10885
0&
08
09
#10890
b00000000000000000000010001000001 "
b00000000000000000000010001000001 $
1&
b0010000111110 3
b0010000111111 6
18
19
#10895
0&
08
09
#10900
b00000000000000000000010001000010 "
b00000000000000000000010001000010 $
1&
b0010000111111 3
b0010001000000 6
18
19
#10905
0&
08
09
#10910
b00000000000000000000010001000011 "
b00000000000000000000010001000011 $
1&
b0010001000000 3
b0010001000001 6
18
19
#10915
0&
08
09
#10920
b00000000000000000000010001000100 "
b00000000000000000000010001000100 $
1&
b0010001000001 3
b0010001000010 6
18
19
#10925
0&
08
09
#10930
b00000000000000000000010001000101 "
b00000000000000000000010001000101 $
1&
b0010001000010 3
b0010001000011 6
18
19
#10935
0&
08
09
#10940
b00000000000000000000010001000110 "
b00000000000000000000010001000110 $
1&
b0010001000011 3
b0010001000100 6
18
19
#10945
0&
08
09
#10950
b00000000000000000000010001000111 "
b00000000000000000000010001000111 $
1&
b0010001000100 3
b0010001000101 6
18
19
#10955
0&
08
09
#10960
b00000000000000000000010001001000 "
b00000000000000000000010001001000 $
1&
b0010001000101 3
b0010001000110 6
18
19
#10965
0&
08
09
#10970
b00000000000000000000010001001001 "
b00000000000000000000010001001001 $
1&
b0010001000110 3
b0010001000111 6
18
19
#10975
0&
08
09
#10980
b00000000000000000000010001001010 "
b00000000000000000000010001001010 $
1&
b0010001000111 3
b0010001001000 6
18
19
#10985
0&
08
09
#10990
b00000000000000000000010001001011 "
b00000000000000000000010001001011 $
1&
b0010001001000 3
b0010001001001 6
18
19
#10995
0&
08
09
#11000
b00000000000000000000010001001100 "
b00000000000000000000010001001100 $
1&
b0010001001001 3
b0010001001010 6
18
19
#11005
0&
08
09
#11010
b00000000000000000000010001001101 "
b00000000000000000000010001001101 $
1&
b0010001001010 3
b0010001001011 6
18
19
#11015
0&
08
09
#11020
b00000000000000000000010001001110 "
b00000000000000000000010001001110 $
1&
b0010001001011 3
b0010001001100 6
18
19
#11025
0&
08
09
#11030
b00000000000000000000010001001111 "
b00000000000000000000010001001111 $
1&
b0010001001100 3
b0010001001101 6
18
19
#11035
0&
08
09
#11040
b00000000000000000000010001010000 "
b00000000000000000000010001010000 $
1&
b0010001001101 3
b0010001001110 6
18
19
#11045
0&
08
09
#11050
b00000000000000000000010001010001 "
b00000000000000000000010001010001 $
1&
b0010001001110 3
b0010001001111 6
18
19
#11055
0&
08
09
#11060
b00000000000000000000010001010010 "
b00000000000000000000010001010010 $
1&
b0010001001111 3
b0010001010000 6
18
19
#11065
0&
08
09
#11070
b00000000000000000000010001010011 "
b00000000000000000000010001010011 $
1&
b0010001010000 3
b0010001010001 6
18
19
#11075
0&
08
09
#11080
b00000000000000000000010001010100 "
b00000000000000000000010001010100 $
1&
b0010001010001 3
b0010001010010 6
18
19
#11085
0&
08
09
#11090
b00000000000000000000010001010101 "
b00000000000000000000010001010101 $
1&
b0010001010010 3
b0010001010011 6
18
19
#11095
0&
08
09
#11100
b00000000000000000000010001010110 "
b00000000000000000000010001010110 $
1&
b0010001010011 3
b0010001010100 6
18
19
#11105
0&
08
09
#11110
b00000000000000000000010001010111 "
b00000000000000000000010001010111 $
1&
b0010001010100 3
b0010001010101 6
18
19
#11115
0&
08
09
#11120
b00000000000000000000010001011000 "
b00000000000000000000010001011000 $
1&
b0010001010101 3
b0010001010110 6
18
19
#11125
0&
08
09
#11130
b00000000000000000000010001011001 "
b00000000000000000000010001011001 $
1&
b0010001010110 3
b0010001010111 6
18
19
#11135
0&
08
09
#11140
b00000000000000000000010001011010 "
b00000000000000000000010001011010 $
1&
b0010001010111 3
b0010001011000 6
18
19
#11145
0&
08
09
#11150
b00000000000000000000010001011011 "
b00000000000000000000010001011011 $
1&
b0010001011000 3
b0010001011001 6
18
19
#11155
0&
08
09
#11160
b00000000000000000000010001011100 "
b00000000000000000000010001011100 $
1&
b0010001011001 3
b0010001011010 6
18
19
#11165
0&
08
09
#11170
b00000000000000000000010001011101 "
b00000000000000000000010001011101 $
1&
b0010001011010 3
b0010001011011 6
18
19
#11175
0&
08
09
#11180
b00000000000000000000010001011110 "
b00000000000000000000010001011110 $
1&
b0010001011011 3
b0010001011100 6
18
19
#11185
0&
08
09
#11190
b00000000000000000000010001011111 "
b00000000000000000000010001011111 $
1&
b0010001011100 3
b0010001011101 6
18
19
#11195
0&
08
09
#11200
b00000000000000000000010001100000 "
b00000000000000000000010001100000 $
1&
b0010001011101 3
b0010001011110 6
18
19
#11205
0&
08
09
#11210
b00000000000000000000010001100001 "
b00000000000000000000010001100001 $
1&
b0010001011110 3
b0010001011111 6
18
19
#11215
0&
08
09
#11220
b00000000000000000000010001100010 "
b00000000000000000000010001100010 $
1&
b0010001011111 3
b0010001100000 6
18
19
#11225
0&
08
09
#11230
b00000000000000000000010001100011 "
b00000000000000000000010001100011 $
1&
b0010001100000 3
b0010001100001 6
18
19
#11235
0&
08
09
#11240
b00000000000000000000010001100100 "
b00000000000000000000010001100100 $
1&
b0010001100001 3
b0010001100010 6
18
19
#11245
0&
08
09
#11250
b00000000000000000000010001100101 "
b00000000000000000000010001100101 $
1&
b0010001100010 3
b0010001100011 6
18
19
#11255
0&
08
09
#11260
b00000000000000000000010001100110 "
b00000000000000000000010001100110 $
1&
b0010001100011 3
b0010001100100 6
18
19
#11265
0&
08
09
#11270
b00000000000000000000010001100111 "
b00000000000000000000010001100111 $
1&
b0010001100100 3
b0010001100101 6
18
19
#11275
0&
08
09
#11280
b00000000000000000000010001101000 "
b00000000000000000000010001101000 $
1&
b0010001100101 3
b0010001100110 6
18
19
#11285
0&
08
09
#11290
b00000000000000000000010001101001 "
b00000000000000000000010001101001 $
1&
b0010001100110 3
b0010001100111 6
18
19
#11295
0&
08
09
#11300
b00000000000000000000010001101010 "
b00000000000000000000010001101010 $
1&
b0010001100111 3
b0010001101000 6
18
19
#11305
0&
08
09
#11310
b00000000000000000000010001101011 "
b00000000000000000000010001101011 $
1&
b0010001101000 3
b0010001101001 6
18
19
#11315
0&
08
09
#11320
b00000000000000000000010001101100 "
b00000000000000000000010001101100 $
1&
b0010001101001 3
b0010001101010 6
18
19
#11325
0&
08
09
#11330
b00000000000000000000010001101101 "
b00000000000000000000010001101101 $
1&
b0010001101010 3
b0010001101011 6
18
19
#11335
0&
08
09
#11340
b00000000000000000000010001101110 "
b00000000000000000000010001101110 $
1&
b0010001101011 3
b0010001101100 6
18
19
#11345
0&
08
09
#11350
b00000000000000000000010001101111 "
b00000000000000000000010001101111 $
1&
b0010001101100 3
b0010001101101 6
18
19
#11355
0&
08
09
#11360
b00000000000000000000010001110000 "
b00000000000000000000010001110000 $
1&
b0010001101101 3
b0010001101110 6
18
19
#11365
0&
08
09
#11370
b00000000000000000000010001110001 "
b00000000000000000000010001110001 $
1&
b0010001101110 3
b0010001101111 6
18
19
#11375
0&
08
09
#11380
b00000000000000000000010001110010 "
b00000000000000000000010001110010 $
1&
b0010001101111 3
b0010001110000 6
18
19
#11385
0&
08
09
#11390
b00000000000000000000010001110011 "
b00000000000000000000010001110011 $
1&
b0010001110000 3
b0010001110001 6
18
19
#11395
0&
08
09
#11400
b00000000000000000000010001110100 "
b00000000000000000000010001110100 $
1&
b0010001110001 3
b0010001110010 6
18
19
#11405
0&
08
09
#11410
b00000000000000000000010001110101 "
b00000000000000000000010001110101 $
1&
b0010001110010 3
b0010001110011 6
18
19
#11415
0&
08
09
#11420
b00000000000000000000010001110110 "
b00000000000000000000010001110110 $
1&
b0010001110011 3
b0010001110100 6
18
19
#11425
0&
08
09
#11430
b00000000000000000000010001110111 "
b00000000000000000000010001110111 $
1&
b0010001110100 3
b0010001110101 6
18
19
#11435
0&
08
09
#11440
b00000000000000000000010001111000 "
b00000000000000000000010001111000 $
1&
b0010001110101 3
b0010001110110 6
18
19
#11445
0&
08
09
#11450
b00000000000000000000010001111001 "
b00000000000000000000010001111001 $
1&
b0010001110110 3
b0010001110111 6
18
19
#11455
0&
08
09
#11460
b00000000000000000000010001111010 "
b00000000000000000000010001111010 $
1&
b0010001110111 3
b0010001111000 6
18
19
#11465
0&
08
09
#11470
b00000000000000000000010001111011 "
b00000000000000000000010001111011 $
1&
b0010001111000 3
b0010001111001 6
18
19
#11475
0&
08
09
#11480
b00000000000000000000010001111100 "
b00000000000000000000010001111100 $
1&
b0010001111001 3
b0010001111010 6
18
19
#11485
0&
08
09
#11490
b00000000000000000000010001111101 "
b00000000000000000000010001111101 $
1&
b0010001111010 3
b0010001111011 6
18
19
#11495
0&
08
09
#11500
b00000000000000000000010001111110 "
b00000000000000000000010001111110 $
1&
b0010001111011 3
b0010001111100 6
18
19
#11505
0&
08
09
#11510
b00000000000000000000010001111111 "
b00000000000000000000010001111111 $
1&
b0010001111100 3
b0010001111101 6
18
19
#11515
0&
08
09
#11520
b00000000000000000000010010000000 "
b00000000000000000000010010000000 $
1&
b0010001111101 3
b0010001111110 6
18
19
#11525
0&
08
09
#11530
b00000000000000000000010010000001 "
b00000000000000000000010010000001 $
1&
b0010001111110 3
b0010001111111 6
18
19
#11535
0&
08
09
#11540
b00000000000000000000010010000010 "
b00000000000000000000010010000010 $
1&
b0010001111111 3
b0010010000000 6
18
19
#11545
0&
08
09
#11550
b00000000000000000000010010000011 "
b00000000000000000000010010000011 $
1&
b0010010000000 3
b0010010000001 6
18
19
#11555
0&
08
09
#11560
b00000000000000000000010010000100 "
b00000000000000000000010010000100 $
1&
b0010010000001 3
b0010010000010 6
18
19
#11565
0&
08
09
#11570
b00000000000000000000010010000101 "
b00000000000000000000010010000101 $
1&
b0010010000010 3
b0010010000011 6
18
19
#11575
0&
08
09
#11580
b00000000000000000000010010000110 "
b00000000000000000000010010000110 $
1&
b0010010000011 3
b0010010000100 6
18
19
#11585
0&
08
09
#11590
b00000000000000000000010010000111 "
b00000000000000000000010010000111 $
1&
b0010010000100 3
b0010010000101 6
18
19
#11595
0&
08
09
#11600
b00000000000000000000010010001000 "
b00000000000000000000010010001000 $
1&
b0010010000101 3
b0010010000110 6
18
19
#11605
0&
08
09
#11610
b00000000000000000000010010001001 "
b00000000000000000000010010001001 $
1&
b0010010000110 3
b0010010000111 6
18
19
#11615
0&
08
09
#11620
b00000000000000000000010010001010 "
b00000000000000000000010010001010 $
1&
b0010010000111 3
b0010010001000 6
18
19
#11625
0&
08
09
#11630
b00000000000000000000010010001011 "
b00000000000000000000010010001011 $
1&
b0010010001000 3
b0010010001001 6
18
19
#11635
0&
08
09
#11640
b00000000000000000000010010001100 "
b00000000000000000000010010001100 $
1&
b0010010001001 3
b0010010001010 6
18
19
#11645
0&
08
09
#11650
b00000000000000000000010010001101 "
b00000000000000000000010010001101 $
1&
b0010010001010 3
b0010010001011 6
18
19
#11655
0&
08
09
#11660
b00000000000000000000010010001110 "
b00000000000000000000010010001110 $
1&
b0010010001011 3
b0010010001100 6
18
19
#11665
0&
08
09
#11670
b00000000000000000000010010001111 "
b00000000000000000000010010001111 $
1&
b0010010001100 3
b0010010001101 6
18
19
#11675
0&
08
09
#11680
b00000000000000000000010010010000 "
b00000000000000000000010010010000 $
1&
b0010010001101 3
b0010010001110 6
18
19
#11685
0&
08
09
#11690
b00000000000000000000010010010001 "
b00000000000000000000010010010001 $
1&
b0010010001110 3
b0010010001111 6
18
19
#11695
0&
08
09
#11700
b00000000000000000000010010010010 "
b00000000000000000000010010010010 $
1&
b0010010001111 3
b0010010010000 6
18
19
#11705
0&
08
09
#11710
b00000000000000000000010010010011 "
b00000000000000000000010010010011 $
1&
b0010010010000 3
b0010010010001 6
18
19
#11715
0&
08
09
#11720
b00000000000000000000010010010100 "
b00000000000000000000010010010100 $
1&
b0010010010001 3
b0010010010010 6
18
19
#11725
0&
08
09
#11730
b00000000000000000000010010010101 "
b00000000000000000000010010010101 $
1&
b0010010010010 3
b0010010010011 6
18
19
#11735
0&
08
09
#11740
b00000000000000000000010010010110 "
b00000000000000000000010010010110 $
1&
b0010010010011 3
b0010010010100 6
18
19
#11745
0&
08
09
#11750
b00000000000000000000010010010111 "
b00000000000000000000010010010111 $
1&
b0010010010100 3
b0010010010101 6
18
19
#11755
0&
08
09
#11760
b00000000000000000000010010011000 "
b00000000000000000000010010011000 $
1&
b0010010010101 3
b0010010010110 6
18
19
#11765
0&
08
09
#11770
b00000000000000000000010010011001 "
b00000000000000000000010010011001 $
1&
b0010010010110 3
b0010010010111 6
18
19
#11775
0&
08
09
#11780
b00000000000000000000010010011010 "
b00000000000000000000010010011010 $
1&
b0010010010111 3
b0010010011000 6
18
19
#11785
0&
08
09
#11790
b00000000000000000000010010011011 "
b00000000000000000000010010011011 $
1&
b0010010011000 3
b0010010011001 6
18
19
#11795
0&
08
09
#11800
b00000000000000000000010010011100 "
b00000000000000000000010010011100 $
1&
b0010010011001 3
b0010010011010 6
18
19
#11805
0&
08
09
#11810
b00000000000000000000010010011101 "
b00000000000000000000010010011101 $
1&
b0010010011010 3
b0010010011011 6
18
19
#11815
0&
08
09
#11820
b00000000000000000000010010011110 "
b00000000000000000000010010011110 $
1&
b0010010011011 3
b0010010011100 6
18
19
#11825
0&
08
09
#11830
b00000000000000000000010010011111 "
b00000000000000000000010010011111 $
1&
b0010010011100 3
b0010010011101 6
18
19
#11835
0&
08
09
#11840
b00000000000000000000010010100000 "
b00000000000000000000010010100000 $
1&
b0010010011101 3
b0010010011110 6
18
19
#11845
0&
08
09
#11850
b00000000000000000000010010100001 "
b00000000000000000000010010100001 $
1&
b0010010011110 3
b0010010011111 6
18
19
#11855
0&
08
09
#11860
b00000000000000000000010010100010 "
b00000000000000000000010010100010 $
1&
b0010010011111 3
b0010010100000 6
18
19
#11865
0&
08
09
#11870
b00000000000000000000010010100011 "
b00000000000000000000010010100011 $
1&
b0010010100000 3
b0010010100001 6
18
19
#11875
0&
08
09
#11880
b00000000000000000000010010100100 "
b00000000000000000000010010100100 $
1&
b0010010100001 3
b0010010100010 6
18
19
#11885
0&
08
09
#11890
b00000000000000000000010010100101 "
b00000000000000000000010010100101 $
1&
b0010010100010 3
b0010010100011 6
18
19
#11895
0&
08
09
#11900
b00000000000000000000010010100110 "
b00000000000000000000010010100110 $
1&
b0010010100011 3
b0010010100100 6
18
19
#11905
0&
08
09
#11910
b00000000000000000000010010100111 "
b00000000000000000000010010100111 $
1&
b0010010100100 3
b0010010100101 6
18
19
#11915
0&
08
09
#11920
b00000000000000000000010010101000 "
b00000000000000000000010010101000 $
1&
b0010010100101 3
b0010010100110 6
18
19
#11925
0&
08
09
#11930
b00000000000000000000010010101001 "
b00000000000000000000010010101001 $
1&
b0010010100110 3
b0010010100111 6
18
19
#11935
0&
08
09
#11940
b00000000000000000000010010101010 "
b00000000000000000000010010101010 $
1&
b0010010100111 3
b0010010101000 6
18
19
#11945
0&
08
09
#11950
b00000000000000000000010010101011 "
b00000000000000000000010010101011 $
1&
b0010010101000 3
b0010010101001 6
18
19
#11955
0&
08
09
#11960
b00000000000000000000010010101100 "
b00000000000000000000010010101100 $
1&
b0010010101001 3
b0010010101010 6
18
19
#11965
0&
08
09
#11970
b00000000000000000000010010101101 "
b00000000000000000000010010101101 $
1&
b0010010101010 3
b0010010101011 6
18
19
#11975
0&
08
09
#11980
b00000000000000000000010010101110 "
b00000000000000000000010010101110 $
1&
b0010010101011 3
b0010010101100 6
18
19
#11985
0&
08
09
#11990
b00000000000000000000010010101111 "
b00000000000000000000010010101111 $
1&
b0010010101100 3
b0010010101101 6
18
19
#11995
0&
08
09
#12000
b00000000000000000000010010110000 "
b00000000000000000000010010110000 $
1&
b0010010101101 3
b0010010101110 6
18
19
#12005
0&
08
09
#12010
b00000000000000000000010010110001 "
b00000000000000000000010010110001 $
1&
b0010010101110 3
b0010010101111 6
18
19
#12015
0&
08
09
#12020
b00000000000000000000010010110010 "
b00000000000000000000010010110010 $
1&
b0010010101111 3
b0010010110000 6
18
19
#12025
0&
08
09
#12030
b00000000000000000000010010110011 "
b00000000000000000000010010110011 $
1&
b0010010110000 3
b0010010110001 6
18
19
#12035
0&
08
09
#12040
b00000000000000000000010010110100 "
b00000000000000000000010010110100 $
1&
b0010010110001 3
b0010010110010 6
18
19
#12045
0&
08
09
#12050
b00000000000000000000010010110101 "
b00000000000000000000010010110101 $
1&
b0010010110010 3
b0010010110011 6
18
19
#12055
0&
08
09
#12060
b00000000000000000000010010110110 "
b00000000000000000000010010110110 $
1&
b0010010110011 3
b0010010110100 6
18
19
#12065
0&
08
09
#12070
b00000000000000000000010010110111 "
b00000000000000000000010010110111 $
1&
b0010010110100 3
b0010010110101 6
18
19
#12075
0&
08
09
#12080
b00000000000000000000010010111000 "
b00000000000000000000010010111000 $
1&
b0010010110101 3
b0010010110110 6
18
19
#12085
0&
08
09
#12090
b00000000000000000000010010111001 "
b00000000000000000000010010111001 $
1&
b0010010110110 3
b0010010110111 6
18
19
#12095
0&
08
09
#12100
b00000000000000000000010010111010 "
b00000000000000000000010010111010 $
1&
b0010010110111 3
b0010010111000 6
18
19
#12105
0&
08
09
#12110
b00000000000000000000010010111011 "
b00000000000000000000010010111011 $
1&
b0010010111000 3
b0010010111001 6
18
19
#12115
0&
08
09
#12120
b00000000000000000000010010111100 "
b00000000000000000000010010111100 $
1&
b0010010111001 3
b0010010111010 6
18
19
#12125
0&
08
09
#12130
b00000000000000000000010010111101 "
b00000000000000000000010010111101 $
1&
b0010010111010 3
b0010010111011 6
18
19
#12135
0&
08
09
#12140
b00000000000000000000010010111110 "
b00000000000000000000010010111110 $
1&
b0010010111011 3
b0010010111100 6
18
19
#12145
0&
08
09
#12150
b00000000000000000000010010111111 "
b00000000000000000000010010111111 $
1&
b0010010111100 3
b0010010111101 6
18
19
#12155
0&
08
09
#12160
b00000000000000000000010011000000 "
b00000000000000000000010011000000 $
1&
b0010010111101 3
b0010010111110 6
18
19
#12165
0&
08
09
#12170
b00000000000000000000010011000001 "
b00000000000000000000010011000001 $
1&
b0010010111110 3
b0010010111111 6
18
19
#12175
0&
08
09
#12180
b00000000000000000000010011000010 "
b00000000000000000000010011000010 $
1&
b0010010111111 3
b0010011000000 6
18
19
#12185
0&
08
09
#12190
b00000000000000000000010011000011 "
b00000000000000000000010011000011 $
1&
b0010011000000 3
b0010011000001 6
18
19
#12195
0&
08
09
#12200
b00000000000000000000010011000100 "
b00000000000000000000010011000100 $
1&
b0010011000001 3
b0010011000010 6
18
19
#12205
0&
08
09
#12210
b00000000000000000000010011000101 "
b00000000000000000000010011000101 $
1&
b0010011000010 3
b0010011000011 6
18
19
#12215
0&
08
09
#12220
b00000000000000000000010011000110 "
b00000000000000000000010011000110 $
1&
b0010011000011 3
b0010011000100 6
18
19
#12225
0&
08
09
#12230
b00000000000000000000010011000111 "
b00000000000000000000010011000111 $
1&
b0010011000100 3
b0010011000101 6
18
19
#12235
0&
08
09
#12240
b00000000000000000000010011001000 "
b00000000000000000000010011001000 $
1&
b0010011000101 3
b0010011000110 6
18
19
#12245
0&
08
09
#12250
b00000000000000000000010011001001 "
b00000000000000000000010011001001 $
1&
b0010011000110 3
b0010011000111 6
18
19
#12255
0&
08
09
#12260
b00000000000000000000010011001010 "
b00000000000000000000010011001010 $
1&
b0010011000111 3
b0010011001000 6
18
19
#12265
0&
08
09
#12270
b00000000000000000000010011001011 "
b00000000000000000000010011001011 $
1&
b0010011001000 3
b0010011001001 6
18
19
#12275
0&
08
09
#12280
b00000000000000000000010011001100 "
b00000000000000000000010011001100 $
1&
b0010011001001 3
b0010011001010 6
18
19
#12285
0&
08
09
#12290
b00000000000000000000010011001101 "
b00000000000000000000010011001101 $
1&
b0010011001010 3
b0010011001011 6
18
19
#12295
0&
08
09
#12300
b00000000000000000000010011001110 "
b00000000000000000000010011001110 $
1&
b0010011001011 3
b0010011001100 6
18
19
#12305
0&
08
09
#12310
b00000000000000000000010011001111 "
b00000000000000000000010011001111 $
1&
b0010011001100 3
b0010011001101 6
18
19
#12315
0&
08
09
#12320
b00000000000000000000010011010000 "
b00000000000000000000010011010000 $
1&
b0010011001101 3
b0010011001110 6
18
19
#12325
0&
08
09
#12330
b00000000000000000000010011010001 "
b00000000000000000000010011010001 $
1&
b0010011001110 3
b0010011001111 6
18
19
#12335
0&
08
09
#12340
b00000000000000000000010011010010 "
b00000000000000000000010011010010 $
1&
b0010011001111 3
b0010011010000 6
18
19
#12345
0&
08
09
#12350
b00000000000000000000010011010011 "
b00000000000000000000010011010011 $
1&
b0010011010000 3
b0010011010001 6
18
19
#12355
0&
08
09
#12360
b00000000000000000000010011010100 "
b00000000000000000000010011010100 $
1&
b0010011010001 3
b0010011010010 6
18
19
#12365
0&
08
09
#12370
b00000000000000000000010011010101 "
b00000000000000000000010011010101 $
1&
b0010011010010 3
b0010011010011 6
18
19
#12375
0&
08
09
#12380
b00000000000000000000010011010110 "
b00000000000000000000010011010110 $
1&
b0010011010011 3
b0010011010100 6
18
19
#12385
0&
08
09
#12390
b00000000000000000000010011010111 "
b00000000000000000000010011010111 $
1&
b0010011010100 3
b0010011010101 6
18
19
#12395
0&
08
09
#12400
b00000000000000000000010011011000 "
b00000000000000000000010011011000 $
1&
b0010011010101 3
b0010011010110 6
18
19
#12405
0&
08
09
#12410
b00000000000000000000010011011001 "
b00000000000000000000010011011001 $
1&
b0010011010110 3
b0010011010111 6
18
19
#12415
0&
08
09
#12420
b00000000000000000000010011011010 "
b00000000000000000000010011011010 $
1&
b0010011010111 3
b0010011011000 6
18
19
#12425
0&
08
09
#12430
b00000000000000000000010011011011 "
b00000000000000000000010011011011 $
1&
b0010011011000 3
b0010011011001 6
18
19
#12435
0&
08
09
#12440
b00000000000000000000010011011100 "
b00000000000000000000010011011100 $
1&
b0010011011001 3
b0010011011010 6
18
19
#12445
0&
08
09
#12450
b00000000000000000000010011011101 "
b00000000000000000000010011011101 $
1&
b0010011011010 3
b0010011011011 6
18
19
#12455
0&
08
09
#12460
b00000000000000000000010011011110 "
b00000000000000000000010011011110 $
1&
b0010011011011 3
b0010011011100 6
18
19
#12465
0&
08
09
#12470
b00000000000000000000010011011111 "
b00000000000000000000010011011111 $
1&
b0010011011100 3
b0010011011101 6
18
19
#12475
0&
08
09
#12480
b00000000000000000000010011100000 "
b00000000000000000000010011100000 $
1&
b0010011011101 3
b0010011011110 6
18
19
#12485
0&
08
09
#12490
b00000000000000000000010011100001 "
b00000000000000000000010011100001 $
1&
b0010011011110 3
b0010011011111 6
18
19
#12495
0&
08
09
#12500
b00000000000000000000010011100010 "
b00000000000000000000010011100010 $
1&
b0010011011111 3
b0010011100000 6
18
19
#12505
0&
08
09
#12510
b00000000000000000000010011100011 "
b00000000000000000000010011100011 $
1&
b0010011100000 3
b0010011100001 6
18
19
#12515
0&
08
09
#12520
b00000000000000000000010011100100 "
b00000000000000000000010011100100 $
1&
b0010011100001 3
b0010011100010 6
18
19
#12525
0&
08
09
#12530
b00000000000000000000010011100101 "
b00000000000000000000010011100101 $
1&
b0010011100010 3
b0010011100011 6
18
19
#12535
0&
08
09
#12540
b00000000000000000000010011100110 "
b00000000000000000000010011100110 $
1&
b0010011100011 3
b0010011100100 6
18
19
#12545
0&
08
09
#12550
b00000000000000000000010011100111 "
b00000000000000000000010011100111 $
1&
b0010011100100 3
b0010011100101 6
18
19
#12555
0&
08
09
#12560
b00000000000000000000010011101000 "
b00000000000000000000010011101000 $
1&
b0010011100101 3
b0010011100110 6
18
19
#12565
0&
08
09
#12570
b00000000000000000000010011101001 "
b00000000000000000000010011101001 $
1&
b0010011100110 3
b0010011100111 6
18
19
#12575
0&
08
09
#12580
b00000000000000000000010011101010 "
b00000000000000000000010011101010 $
1&
b0010011100111 3
b0010011101000 6
18
19
#12585
0&
08
09
#12590
b00000000000000000000010011101011 "
b00000000000000000000010011101011 $
1&
b0010011101000 3
b0010011101001 6
18
19
#12595
0&
08
09
#12600
b00000000000000000000010011101100 "
b00000000000000000000010011101100 $
1&
b0010011101001 3
b0010011101010 6
18
19
#12605
0&
08
09
#12610
b00000000000000000000010011101101 "
b00000000000000000000010011101101 $
1&
b0010011101010 3
b0010011101011 6
18
19
#12615
0&
08
09
#12620
b00000000000000000000010011101110 "
b00000000000000000000010011101110 $
1&
b0010011101011 3
b0010011101100 6
18
19
#12625
0&
08
09
#12630
b00000000000000000000010011101111 "
b00000000000000000000010011101111 $
1&
b0010011101100 3
b0010011101101 6
18
19
#12635
0&
08
09
#12640
b00000000000000000000010011110000 "
b00000000000000000000010011110000 $
1&
b0010011101101 3
b0010011101110 6
18
19
#12645
0&
08
09
#12650
b00000000000000000000010011110001 "
b00000000000000000000010011110001 $
1&
b0010011101110 3
b0010011101111 6
18
19
#12655
0&
08
09
#12660
b00000000000000000000010011110010 "
b00000000000000000000010011110010 $
1&
b0010011101111 3
b0010011110000 6
18
19
#12665
0&
08
09
#12670
b00000000000000000000010011110011 "
b00000000000000000000010011110011 $
1&
b0010011110000 3
b0010011110001 6
18
19
#12675
0&
08
09
#12680
b00000000000000000000010011110100 "
b00000000000000000000010011110100 $
1&
b0010011110001 3
b0010011110010 6
18
19
#12685
0&
08
09
#12690
b00000000000000000000010011110101 "
b00000000000000000000010011110101 $
1&
b0010011110010 3
b0010011110011 6
18
19
#12695
0&
08
09
#12700
b00000000000000000000010011110110 "
b00000000000000000000010011110110 $
1&
b0010011110011 3
b0010011110100 6
18
19
#12705
0&
08
09
#12710
b00000000000000000000010011110111 "
b00000000000000000000010011110111 $
1&
b0010011110100 3
b0010011110101 6
18
19
#12715
0&
08
09
#12720
b00000000000000000000010011111000 "
b00000000000000000000010011111000 $
1&
b0010011110101 3
b0010011110110 6
18
19
#12725
0&
08
09
#12730
b00000000000000000000010011111001 "
b00000000000000000000010011111001 $
1&
b0010011110110 3
b0010011110111 6
18
19
#12735
0&
08
09
#12740
b00000000000000000000010011111010 "
b00000000000000000000010011111010 $
1&
b0010011110111 3
b0010011111000 6
18
19
#12745
0&
08
09
#12750
b00000000000000000000010011111011 "
b00000000000000000000010011111011 $
1&
b0010011111000 3
b0010011111001 6
18
19
#12755
0&
08
09
#12760
b00000000000000000000010011111100 "
b00000000000000000000010011111100 $
1&
b0010011111001 3
b0010011111010 6
18
19
#12765
0&
08
09
#12770
b00000000000000000000010011111101 "
b00000000000000000000010011111101 $
1&
b0010011111010 3
b0010011111011 6
18
19
#12775
0&
08
09
#12780
b00000000000000000000010011111110 "
b00000000000000000000010011111110 $
1&
b0010011111011 3
b0010011111100 6
18
19
#12785
0&
08
09
#12790
b00000000000000000000010011111111 "
b00000000000000000000010011111111 $
1&
b0010011111100 3
b0010011111101 6
18
19
#12795
0&
08
09
#12800
b00000000000000000000010100000000 "
b00000000000000000000010100000000 $
1&
b0010011111101 3
b0010011111110 6
18
19
#12805
0&
08
09
#12810
b00000000000000000000010100000001 "
b00000000000000000000010100000001 $
1&
b0010011111110 3
b0010011111111 6
18
19
#12815
0&
08
09
#12820
b00000000000000000000010100000010 "
b00000000000000000000010100000010 $
1&
b0010011111111 3
b0010100000000 6
18
19
#12825
0&
08
09
#12830
b00000000000000000000010100000011 "
b00000000000000000000010100000011 $
1&
b0010100000000 3
b0010100000001 6
18
19
#12835
0&
08
09
#12840
b00000000000000000000010100000100 "
b00000000000000000000010100000100 $
1&
b0010100000001 3
b0010100000010 6
18
19
#12845
0&
08
09
#12850
b00000000000000000000010100000101 "
b00000000000000000000010100000101 $
1&
b0010100000010 3
b0010100000011 6
18
19
#12855
0&
08
09
#12860
b00000000000000000000010100000110 "
b00000000000000000000010100000110 $
1&
b0010100000011 3
b0010100000100 6
18
19
#12865
0&
08
09
#12870
b00000000000000000000010100000111 "
b00000000000000000000010100000111 $
1&
b0010100000100 3
b0010100000101 6
18
19
#12875
0&
08
09
#12880
b00000000000000000000010100001000 "
b00000000000000000000010100001000 $
1&
b0010100000101 3
b0010100000110 6
18
19
#12885
0&
08
09
#12890
b00000000000000000000010100001001 "
b00000000000000000000010100001001 $
1&
b0010100000110 3
b0010100000111 6
18
19
#12895
0&
08
09
#12900
b00000000000000000000010100001010 "
b00000000000000000000010100001010 $
1&
b0010100000111 3
b0010100001000 6
18
19
#12905
0&
08
09
#12910
b00000000000000000000010100001011 "
b00000000000000000000010100001011 $
1&
b0010100001000 3
b0010100001001 6
18
19
#12915
0&
08
09
#12920
b00000000000000000000010100001100 "
b00000000000000000000010100001100 $
1&
b0010100001001 3
b0010100001010 6
18
19
#12925
0&
08
09
#12930
b00000000000000000000010100001101 "
b00000000000000000000010100001101 $
1&
b0010100001010 3
b0010100001011 6
18
19
#12935
0&
08
09
#12940
b00000000000000000000010100001110 "
b00000000000000000000010100001110 $
1&
b0010100001011 3
b0010100001100 6
18
19
#12945
0&
08
09
#12950
b00000000000000000000010100001111 "
b00000000000000000000010100001111 $
1&
b0010100001100 3
b0010100001101 6
18
19
#12955
0&
08
09
#12960
b00000000000000000000010100010000 "
b00000000000000000000010100010000 $
1&
b0010100001101 3
b0010100001110 6
18
19
#12965
0&
08
09
#12970
b00000000000000000000010100010001 "
b00000000000000000000010100010001 $
1&
b0010100001110 3
b0010100001111 6
18
19
#12975
0&
08
09
#12980
b00000000000000000000010100010010 "
b00000000000000000000010100010010 $
1&
b0010100001111 3
b0010100010000 6
18
19
#12985
0&
08
09
#12990
b00000000000000000000010100010011 "
b00000000000000000000010100010011 $
1&
b0010100010000 3
b0010100010001 6
18
19
#12995
0&
08
09
#13000
b00000000000000000000010100010100 "
b00000000000000000000010100010100 $
1&
b0010100010001 3
b0010100010010 6
18
19
#13005
0&
08
09
#13010
b00000000000000000000010100010101 "
b00000000000000000000010100010101 $
1&
b0010100010010 3
b0010100010011 6
18
19
#13015
0&
08
09
#13020
b00000000000000000000010100010110 "
b00000000000000000000010100010110 $
1&
b0010100010011 3
b0010100010100 6
18
19
#13025
0&
08
09
#13030
b00000000000000000000010100010111 "
b00000000000000000000010100010111 $
1&
b0010100010100 3
b0010100010101 6
18
19
#13035
0&
08
09
#13040
b00000000000000000000010100011000 "
b00000000000000000000010100011000 $
1&
b0010100010101 3
b0010100010110 6
18
19
#13045
0&
08
09
#13050
b00000000000000000000010100011001 "
b00000000000000000000010100011001 $
1&
b0010100010110 3
b0010100010111 6
18
19
#13055
0&
08
09
#13060
b00000000000000000000010100011010 "
b00000000000000000000010100011010 $
1&
b0010100010111 3
b0010100011000 6
18
19
#13065
0&
08
09
#13070
b00000000000000000000010100011011 "
b00000000000000000000010100011011 $
1&
b0010100011000 3
b0010100011001 6
18
19
#13075
0&
08
09
#13080
b00000000000000000000010100011100 "
b00000000000000000000010100011100 $
1&
b0010100011001 3
b0010100011010 6
18
19
#13085
0&
08
09
#13090
b00000000000000000000010100011101 "
b00000000000000000000010100011101 $
1&
b0010100011010 3
b0010100011011 6
18
19
#13095
0&
08
09
#13100
b00000000000000000000010100011110 "
b00000000000000000000010100011110 $
1&
b0010100011011 3
b0010100011100 6
18
19
#13105
0&
08
09
#13110
b00000000000000000000010100011111 "
b00000000000000000000010100011111 $
1&
b0010100011100 3
b0010100011101 6
18
19
#13115
0&
08
09
#13120
b00000000000000000000010100100000 "
b00000000000000000000010100100000 $
1&
b0010100011101 3
b0010100011110 6
18
19
#13125
0&
08
09
#13130
b00000000000000000000010100100001 "
b00000000000000000000010100100001 $
1&
b0010100011110 3
b0010100011111 6
18
19
#13135
0&
08
09
#13140
b00000000000000000000010100100010 "
b00000000000000000000010100100010 $
1&
b0010100011111 3
b0010100100000 6
18
19
#13145
0&
08
09
#13150
b00000000000000000000010100100011 "
b00000000000000000000010100100011 $
1&
b0010100100000 3
b0010100100001 6
18
19
#13155
0&
08
09
#13160
b00000000000000000000010100100100 "
b00000000000000000000010100100100 $
1&
b0010100100001 3
b0010100100010 6
18
19
#13165
0&
08
09
#13170
b00000000000000000000010100100101 "
b00000000000000000000010100100101 $
1&
b0010100100010 3
b0010100100011 6
18
19
#13175
0&
08
09
#13180
b00000000000000000000010100100110 "
b00000000000000000000010100100110 $
1&
b0010100100011 3
b0010100100100 6
18
19
#13185
0&
08
09
#13190
b00000000000000000000010100100111 "
b00000000000000000000010100100111 $
1&
b0010100100100 3
b0010100100101 6
18
19
#13195
0&
08
09
#13200
b00000000000000000000010100101000 "
b00000000000000000000010100101000 $
1&
b0010100100101 3
b0010100100110 6
18
19
#13205
0&
08
09
#13210
b00000000000000000000010100101001 "
b00000000000000000000010100101001 $
1&
b0010100100110 3
b0010100100111 6
18
19
#13215
0&
08
09
#13220
b00000000000000000000010100101010 "
b00000000000000000000010100101010 $
1&
b0010100100111 3
b0010100101000 6
18
19
#13225
0&
08
09
#13230
b00000000000000000000010100101011 "
b00000000000000000000010100101011 $
1&
b0010100101000 3
b0010100101001 6
18
19
#13235
0&
08
09
#13240
b00000000000000000000010100101100 "
b00000000000000000000010100101100 $
1&
b0010100101001 3
b0010100101010 6
18
19
#13245
0&
08
09
#13250
b00000000000000000000010100101101 "
b00000000000000000000010100101101 $
1&
b0010100101010 3
b0010100101011 6
18
19
#13255
0&
08
09
#13260
b00000000000000000000010100101110 "
b00000000000000000000010100101110 $
1&
b0010100101011 3
b0010100101100 6
18
19
#13265
0&
08
09
#13270
b00000000000000000000010100101111 "
b00000000000000000000010100101111 $
1&
b0010100101100 3
b0010100101101 6
18
19
#13275
0&
08
09
#13280
b00000000000000000000010100110000 "
b00000000000000000000010100110000 $
1&
b0010100101101 3
b0010100101110 6
18
19
#13285
0&
08
09
#13290
b00000000000000000000010100110001 "
b00000000000000000000010100110001 $
1&
b0010100101110 3
b0010100101111 6
18
19
#13295
0&
08
09
#13300
b00000000000000000000010100110010 "
b00000000000000000000010100110010 $
1&
b0010100101111 3
b0010100110000 6
18
19
#13305
0&
08
09
#13310
b00000000000000000000010100110011 "
b00000000000000000000010100110011 $
1&
b0010100110000 3
b0010100110001 6
18
19
#13315
0&
08
09
#13320
b00000000000000000000010100110100 "
b00000000000000000000010100110100 $
1&
b0010100110001 3
b0010100110010 6
18
19
#13325
0&
08
09
#13330
b00000000000000000000010100110101 "
b00000000000000000000010100110101 $
1&
b0010100110010 3
b0010100110011 6
18
19
#13335
0&
08
09
#13340
b00000000000000000000010100110110 "
b00000000000000000000010100110110 $
1&
b0010100110011 3
b0010100110100 6
18
19
#13345
0&
08
09
#13350
b00000000000000000000010100110111 "
b00000000000000000000010100110111 $
1&
b0010100110100 3
b0010100110101 6
18
19
#13355
0&
08
09
#13360
b00000000000000000000010100111000 "
b00000000000000000000010100111000 $
1&
b0010100110101 3
b0010100110110 6
18
19
#13365
0&
08
09
#13370
b00000000000000000000010100111001 "
b00000000000000000000010100111001 $
1&
b0010100110110 3
b0010100110111 6
18
19
#13375
0&
08
09
#13380
b00000000000000000000010100111010 "
b00000000000000000000010100111010 $
1&
b0010100110111 3
b0010100111000 6
18
19
#13385
0&
08
09
#13390
b00000000000000000000010100111011 "
b00000000000000000000010100111011 $
1&
b0010100111000 3
b0010100111001 6
18
19
#13395
0&
08
09
#13400
b00000000000000000000010100111100 "
b00000000000000000000010100111100 $
1&
b0010100111001 3
b0010100111010 6
18
19
#13405
0&
08
09
#13410
b00000000000000000000010100111101 "
b00000000000000000000010100111101 $
1&
b0010100111010 3
b0010100111011 6
18
19
#13415
0&
08
09
#13420
b00000000000000000000010100111110 "
b00000000000000000000010100111110 $
1&
b0010100111011 3
b0010100111100 6
18
19
#13425
0&
08
09
#13430
b00000000000000000000010100111111 "
b00000000000000000000010100111111 $
1&
b0010100111100 3
b0010100111101 6
18
19
#13435
0&
08
09
#13440
b00000000000000000000010101000000 "
b00000000000000000000010101000000 $
1&
b0010100111101 3
b0010100111110 6
18
19
#13445
0&
08
09
#13450
b00000000000000000000010101000001 "
b00000000000000000000010101000001 $
1&
b0010100111110 3
b0010100111111 6
18
19
#13455
0&
08
09
#13460
b00000000000000000000010101000010 "
b00000000000000000000010101000010 $
1&
b0010100111111 3
b0010101000000 6
18
19
#13465
0&
08
09
#13470
b00000000000000000000010101000011 "
b00000000000000000000010101000011 $
1&
b0010101000000 3
b0010101000001 6
18
19
#13475
0&
08
09
#13480
b00000000000000000000010101000100 "
b00000000000000000000010101000100 $
1&
b0010101000001 3
b0010101000010 6
18
19
#13485
0&
08
09
#13490
b00000000000000000000010101000101 "
b00000000000000000000010101000101 $
1&
b0010101000010 3
b0010101000011 6
18
19
#13495
0&
08
09
#13500
b00000000000000000000010101000110 "
b00000000000000000000010101000110 $
1&
b0010101000011 3
b0010101000100 6
18
19
#13505
0&
08
09
#13510
b00000000000000000000010101000111 "
b00000000000000000000010101000111 $
1&
b0010101000100 3
b0010101000101 6
18
19
#13515
0&
08
09
#13520
b00000000000000000000010101001000 "
b00000000000000000000010101001000 $
1&
b0010101000101 3
b0010101000110 6
18
19
#13525
0&
08
09
#13530
b00000000000000000000010101001001 "
b00000000000000000000010101001001 $
1&
b0010101000110 3
b0010101000111 6
18
19
#13535
0&
08
09
#13540
b00000000000000000000010101001010 "
b00000000000000000000010101001010 $
1&
b0010101000111 3
b0010101001000 6
18
19
#13545
0&
08
09
#13550
b00000000000000000000010101001011 "
b00000000000000000000010101001011 $
1&
b0010101001000 3
b0010101001001 6
18
19
#13555
0&
08
09
#13560
b00000000000000000000010101001100 "
b00000000000000000000010101001100 $
1&
b0010101001001 3
b0010101001010 6
18
19
#13565
0&
08
09
#13570
b00000000000000000000010101001101 "
b00000000000000000000010101001101 $
1&
b0010101001010 3
b0010101001011 6
18
19
#13575
0&
08
09
#13580
b00000000000000000000010101001110 "
b00000000000000000000010101001110 $
1&
b0010101001011 3
b0010101001100 6
18
19
#13585
0&
08
09
#13590
b00000000000000000000010101001111 "
b00000000000000000000010101001111 $
1&
b0010101001100 3
b0010101001101 6
18
19
#13595
0&
08
09
#13600
b00000000000000000000010101010000 "
b00000000000000000000010101010000 $
1&
b0010101001101 3
b0010101001110 6
18
19
#13605
0&
08
09
#13610
b00000000000000000000010101010001 "
b00000000000000000000010101010001 $
1&
b0010101001110 3
b0010101001111 6
18
19
#13615
0&
08
09
#13620
b00000000000000000000010101010010 "
b00000000000000000000010101010010 $
1&
b0010101001111 3
b0010101010000 6
18
19
#13625
0&
08
09
#13630
b00000000000000000000010101010011 "
b00000000000000000000010101010011 $
1&
b0010101010000 3
b0010101010001 6
18
19
#13635
0&
08
09
#13640
b00000000000000000000010101010100 "
b00000000000000000000010101010100 $
1&
b0010101010001 3
b0010101010010 6
18
19
#13645
0&
08
09
#13650
b00000000000000000000010101010101 "
b00000000000000000000010101010101 $
1&
b0010101010010 3
b0010101010011 6
18
19
#13655
0&
08
09
#13660
b00000000000000000000010101010110 "
b00000000000000000000010101010110 $
1&
b0010101010011 3
b0010101010100 6
18
19
#13665
0&
08
09
#13670
b00000000000000000000010101010111 "
b00000000000000000000010101010111 $
1&
b0010101010100 3
b0010101010101 6
18
19
#13675
0&
08
09
#13680
b00000000000000000000010101011000 "
b00000000000000000000010101011000 $
1&
b0010101010101 3
b0010101010110 6
18
19
#13685
0&
08
09
#13690
b00000000000000000000010101011001 "
b00000000000000000000010101011001 $
1&
b0010101010110 3
b0010101010111 6
18
19
#13695
0&
08
09
#13700
b00000000000000000000010101011010 "
b00000000000000000000010101011010 $
1&
b0010101010111 3
b0010101011000 6
18
19
#13705
0&
08
09
#13710
b00000000000000000000010101011011 "
b00000000000000000000010101011011 $
1&
b0010101011000 3
b0010101011001 6
18
19
#13715
0&
08
09
#13720
b00000000000000000000010101011100 "
b00000000000000000000010101011100 $
1&
b0010101011001 3
b0010101011010 6
18
19
#13725
0&
08
09
#13730
b00000000000000000000010101011101 "
b00000000000000000000010101011101 $
1&
b0010101011010 3
b0010101011011 6
18
19
#13735
0&
08
09
#13740
b00000000000000000000010101011110 "
b00000000000000000000010101011110 $
1&
b0010101011011 3
b0010101011100 6
18
19
#13745
0&
08
09
#13750
b00000000000000000000010101011111 "
b00000000000000000000010101011111 $
1&
b0010101011100 3
b0010101011101 6
18
19
#13755
0&
08
09
#13760
b00000000000000000000010101100000 "
b00000000000000000000010101100000 $
1&
b0010101011101 3
b0010101011110 6
18
19
#13765
0&
08
09
#13770
b00000000000000000000010101100001 "
b00000000000000000000010101100001 $
1&
b0010101011110 3
b0010101011111 6
18
19
#13775
0&
08
09
#13780
b00000000000000000000010101100010 "
b00000000000000000000010101100010 $
1&
b0010101011111 3
b0010101100000 6
18
19
#13785
0&
08
09
#13790
b00000000000000000000010101100011 "
b00000000000000000000010101100011 $
1&
b0010101100000 3
b0010101100001 6
18
19
#13795
0&
08
09
#13800
b00000000000000000000010101100100 "
b00000000000000000000010101100100 $
1&
b0010101100001 3
b0010101100010 6
18
19
#13805
0&
08
09
#13810
b00000000000000000000010101100101 "
b00000000000000000000010101100101 $
1&
b0010101100010 3
b0010101100011 6
18
19
#13815
0&
08
09
#13820
b00000000000000000000010101100110 "
b00000000000000000000010101100110 $
1&
b0010101100011 3
b0010101100100 6
18
19
#13825
0&
08
09
#13830
b00000000000000000000010101100111 "
b00000000000000000000010101100111 $
1&
b0010101100100 3
b0010101100101 6
18
19
#13835
0&
08
09
#13840
b00000000000000000000010101101000 "
b00000000000000000000010101101000 $
1&
b0010101100101 3
b0010101100110 6
18
19
#13845
0&
08
09
#13850
b00000000000000000000010101101001 "
b00000000000000000000010101101001 $
1&
b0010101100110 3
b0010101100111 6
18
19
#13855
0&
08
09
#13860
b00000000000000000000010101101010 "
b00000000000000000000010101101010 $
1&
b0010101100111 3
b0010101101000 6
18
19
#13865
0&
08
09
#13870
b00000000000000000000010101101011 "
b00000000000000000000010101101011 $
1&
b0010101101000 3
b0010101101001 6
18
19
#13875
0&
08
09
#13880
b00000000000000000000010101101100 "
b00000000000000000000010101101100 $
1&
b0010101101001 3
b0010101101010 6
18
19
#13885
0&
08
09
#13890
b00000000000000000000010101101101 "
b00000000000000000000010101101101 $
1&
b0010101101010 3
b0010101101011 6
18
19
#13895
0&
08
09
#13900
b00000000000000000000010101101110 "
b00000000000000000000010101101110 $
1&
b0010101101011 3
b0010101101100 6
18
19
#13905
0&
08
09
#13910
b00000000000000000000010101101111 "
b00000000000000000000010101101111 $
1&
b0010101101100 3
b0010101101101 6
18
19
#13915
0&
08
09
#13920
b00000000000000000000010101110000 "
b00000000000000000000010101110000 $
1&
b0010101101101 3
b0010101101110 6
18
19
#13925
0&
08
09
#13930
b00000000000000000000010101110001 "
b00000000000000000000010101110001 $
1&
b0010101101110 3
b0010101101111 6
18
19
#13935
0&
08
09
#13940
b00000000000000000000010101110010 "
b00000000000000000000010101110010 $
1&
b0010101101111 3
b0010101110000 6
18
19
#13945
0&
08
09
#13950
b00000000000000000000010101110011 "
b00000000000000000000010101110011 $
1&
b0010101110000 3
b0010101110001 6
18
19
#13955
0&
08
09
#13960
b00000000000000000000010101110100 "
b00000000000000000000010101110100 $
1&
b0010101110001 3
b0010101110010 6
18
19
#13965
0&
08
09
#13970
b00000000000000000000010101110101 "
b00000000000000000000010101110101 $
1&
b0010101110010 3
b0010101110011 6
18
19
#13975
0&
08
09
#13980
b00000000000000000000010101110110 "
b00000000000000000000010101110110 $
1&
b0010101110011 3
b0010101110100 6
18
19
#13985
0&
08
09
#13990
b00000000000000000000010101110111 "
b00000000000000000000010101110111 $
1&
b0010101110100 3
b0010101110101 6
18
19
#13995
0&
08
09
#14000
b00000000000000000000010101111000 "
b00000000000000000000010101111000 $
1&
b0010101110101 3
b0010101110110 6
18
19
#14005
0&
08
09
#14010
b00000000000000000000010101111001 "
b00000000000000000000010101111001 $
1&
b0010101110110 3
b0010101110111 6
18
19
#14015
0&
08
09
#14020
b00000000000000000000010101111010 "
b00000000000000000000010101111010 $
1&
b0010101110111 3
b0010101111000 6
18
19
#14025
0&
08
09
#14030
b00000000000000000000010101111011 "
b00000000000000000000010101111011 $
1&
b0010101111000 3
b0010101111001 6
18
19
#14035
0&
08
09
#14040
b00000000000000000000010101111100 "
b00000000000000000000010101111100 $
1&
b0010101111001 3
b0010101111010 6
18
19
#14045
0&
08
09
#14050
b00000000000000000000010101111101 "
b00000000000000000000010101111101 $
1&
b0010101111010 3
b0010101111011 6
18
19
#14055
0&
08
09
#14060
b00000000000000000000010101111110 "
b00000000000000000000010101111110 $
1&
b0010101111011 3
b0010101111100 6
18
19
#14065
0&
08
09
#14070
b00000000000000000000010101111111 "
b00000000000000000000010101111111 $
1&
b0010101111100 3
b0010101111101 6
18
19
#14075
0&
08
09
#14080
b00000000000000000000010110000000 "
b00000000000000000000010110000000 $
1&
b0010101111101 3
b0010101111110 6
18
19
#14085
0&
08
09
#14090
b00000000000000000000010110000001 "
b00000000000000000000010110000001 $
1&
b0010101111110 3
b0010101111111 6
18
19
#14095
0&
08
09
#14100
b00000000000000000000010110000010 "
b00000000000000000000010110000010 $
1&
b0010101111111 3
b0010110000000 6
18
19
#14105
0&
08
09
#14110
b00000000000000000000010110000011 "
b00000000000000000000010110000011 $
1&
b0010110000000 3
b0010110000001 6
18
19
#14115
0&
08
09
#14120
b00000000000000000000010110000100 "
b00000000000000000000010110000100 $
1&
b0010110000001 3
b0010110000010 6
18
19
#14125
0&
08
09
#14130
b00000000000000000000010110000101 "
b00000000000000000000010110000101 $
1&
b0010110000010 3
b0010110000011 6
18
19
#14135
0&
08
09
#14140
b00000000000000000000010110000110 "
b00000000000000000000010110000110 $
1&
b0010110000011 3
b0010110000100 6
18
19
#14145
0&
08
09
#14150
b00000000000000000000010110000111 "
b00000000000000000000010110000111 $
1&
b0010110000100 3
b0010110000101 6
18
19
#14155
0&
08
09
#14160
b00000000000000000000010110001000 "
b00000000000000000000010110001000 $
1&
b0010110000101 3
b0010110000110 6
18
19
#14165
0&
08
09
#14170
b00000000000000000000010110001001 "
b00000000000000000000010110001001 $
1&
b0010110000110 3
b0010110000111 6
18
19
#14175
0&
08
09
#14180
b00000000000000000000010110001010 "
b00000000000000000000010110001010 $
1&
b0010110000111 3
b0010110001000 6
18
19
#14185
0&
08
09
#14190
b00000000000000000000010110001011 "
b00000000000000000000010110001011 $
1&
b0010110001000 3
b0010110001001 6
18
19
#14195
0&
08
09
#14200
b00000000000000000000010110001100 "
b00000000000000000000010110001100 $
1&
b0010110001001 3
b0010110001010 6
18
19
#14205
0&
08
09
#14210
b00000000000000000000010110001101 "
b00000000000000000000010110001101 $
1&
b0010110001010 3
b0010110001011 6
18
19
#14215
0&
08
09
#14220
b00000000000000000000010110001110 "
b00000000000000000000010110001110 $
1&
b0010110001011 3
b0010110001100 6
18
19
#14225
0&
08
09
#14230
b00000000000000000000010110001111 "
b00000000000000000000010110001111 $
1&
b0010110001100 3
b0010110001101 6
18
19
#14235
0&
08
09
#14240
b00000000000000000000010110010000 "
b00000000000000000000010110010000 $
1&
b0010110001101 3
b0010110001110 6
18
19
#14245
0&
08
09
#14250
b00000000000000000000010110010001 "
b00000000000000000000010110010001 $
1&
b0010110001110 3
b0010110001111 6
18
19
#14255
0&
08
09
#14260
b00000000000000000000010110010010 "
b00000000000000000000010110010010 $
1&
b0010110001111 3
b0010110010000 6
18
19
#14265
0&
08
09
#14270
b00000000000000000000010110010011 "
b00000000000000000000010110010011 $
1&
b0010110010000 3
b0010110010001 6
18
19
#14275
0&
08
09
#14280
b00000000000000000000010110010100 "
b00000000000000000000010110010100 $
1&
b0010110010001 3
b0010110010010 6
18
19
#14285
0&
08
09
#14290
b00000000000000000000010110010101 "
b00000000000000000000010110010101 $
1&
b0010110010010 3
b0010110010011 6
18
19
#14295
0&
08
09
#14300
b00000000000000000000010110010110 "
b00000000000000000000010110010110 $
1&
b0010110010011 3
b0010110010100 6
18
19
#14305
0&
08
09
#14310
b00000000000000000000010110010111 "
b00000000000000000000010110010111 $
1&
b0010110010100 3
b0010110010101 6
18
19
#14315
0&
08
09
#14320
b00000000000000000000010110011000 "
b00000000000000000000010110011000 $
1&
b0010110010101 3
b0010110010110 6
18
19
#14325
0&
08
09
#14330
b00000000000000000000010110011001 "
b00000000000000000000010110011001 $
1&
b0010110010110 3
b0010110010111 6
18
19
#14335
0&
08
09
#14340
b00000000000000000000010110011010 "
b00000000000000000000010110011010 $
1&
b0010110010111 3
b0010110011000 6
18
19
#14345
0&
08
09
#14350
b00000000000000000000010110011011 "
b00000000000000000000010110011011 $
1&
b0010110011000 3
b0010110011001 6
18
19
#14355
0&
08
09
#14360
b00000000000000000000010110011100 "
b00000000000000000000010110011100 $
1&
b0010110011001 3
b0010110011010 6
18
19
#14365
0&
08
09
#14370
b00000000000000000000010110011101 "
b00000000000000000000010110011101 $
1&
b0010110011010 3
b0010110011011 6
18
19
#14375
0&
08
09
#14380
b00000000000000000000010110011110 "
b00000000000000000000010110011110 $
1&
b0010110011011 3
b0010110011100 6
18
19
#14385
0&
08
09
#14390
b00000000000000000000010110011111 "
b00000000000000000000010110011111 $
1&
b0010110011100 3
b0010110011101 6
18
19
#14395
0&
08
09
#14400
b00000000000000000000010110100000 "
b00000000000000000000010110100000 $
1&
b0010110011101 3
b0010110011110 6
18
19
#14405
0&
08
09
#14410
b00000000000000000000010110100001 "
b00000000000000000000010110100001 $
1&
b0010110011110 3
b0010110011111 6
18
19
#14415
0&
08
09
#14420
b00000000000000000000010110100010 "
b00000000000000000000010110100010 $
1&
b0010110011111 3
b0010110100000 6
18
19
#14425
0&
08
09
#14430
b00000000000000000000010110100011 "
b00000000000000000000010110100011 $
1&
b0010110100000 3
b0010110100001 6
18
19
#14435
0&
08
09
#14440
b00000000000000000000010110100100 "
b00000000000000000000010110100100 $
1&
b0010110100001 3
b0010110100010 6
18
19
#14445
0&
08
09
#14450
b00000000000000000000010110100101 "
b00000000000000000000010110100101 $
1&
b0010110100010 3
b0010110100011 6
18
19
#14455
0&
08
09
#14460
b00000000000000000000010110100110 "
b00000000000000000000010110100110 $
1&
b0010110100011 3
b0010110100100 6
18
19
#14465
0&
08
09
#14470
b00000000000000000000010110100111 "
b00000000000000000000010110100111 $
1&
b0010110100100 3
b0010110100101 6
18
19
#14475
0&
08
09
#14480
b00000000000000000000010110101000 "
b00000000000000000000010110101000 $
1&
b0010110100101 3
b0010110100110 6
18
19
#14485
0&
08
09
#14490
b00000000000000000000010110101001 "
b00000000000000000000010110101001 $
1&
b0010110100110 3
b0010110100111 6
18
19
#14495
0&
08
09
#14500
b00000000000000000000010110101010 "
b00000000000000000000010110101010 $
1&
b0010110100111 3
b0010110101000 6
18
19
#14505
0&
08
09
#14510
b00000000000000000000010110101011 "
b00000000000000000000010110101011 $
1&
b0010110101000 3
b0010110101001 6
18
19
#14515
0&
08
09
#14520
b00000000000000000000010110101100 "
b00000000000000000000010110101100 $
1&
b0010110101001 3
b0010110101010 6
18
19
#14525
0&
08
09
#14530
b00000000000000000000010110101101 "
b00000000000000000000010110101101 $
1&
b0010110101010 3
b0010110101011 6
18
19
#14535
0&
08
09
#14540
b00000000000000000000010110101110 "
b00000000000000000000010110101110 $
1&
b0010110101011 3
b0010110101100 6
18
19
#14545
0&
08
09
#14550
b00000000000000000000010110101111 "
b00000000000000000000010110101111 $
1&
b0010110101100 3
b0010110101101 6
18
19
#14555
0&
08
09
#14560
b00000000000000000000010110110000 "
b00000000000000000000010110110000 $
1&
b0010110101101 3
b0010110101110 6
18
19
#14565
0&
08
09
#14570
b00000000000000000000010110110001 "
b00000000000000000000010110110001 $
1&
b0010110101110 3
b0010110101111 6
18
19
#14575
0&
08
09
#14580
b00000000000000000000010110110010 "
b00000000000000000000010110110010 $
1&
b0010110101111 3
b0010110110000 6
18
19
#14585
0&
08
09
#14590
b00000000000000000000010110110011 "
b00000000000000000000010110110011 $
1&
b0010110110000 3
b0010110110001 6
18
19
#14595
0&
08
09
#14600
b00000000000000000000010110110100 "
b00000000000000000000010110110100 $
1&
b0010110110001 3
b0010110110010 6
18
19
#14605
0&
08
09
#14610
b00000000000000000000010110110101 "
b00000000000000000000010110110101 $
1&
b0010110110010 3
b0010110110011 6
18
19
#14615
0&
08
09
#14620
b00000000000000000000010110110110 "
b00000000000000000000010110110110 $
1&
b0010110110011 3
b0010110110100 6
18
19
#14625
0&
08
09
#14630
b00000000000000000000010110110111 "
b00000000000000000000010110110111 $
1&
b0010110110100 3
b0010110110101 6
18
19
#14635
0&
08
09
#14640
b00000000000000000000010110111000 "
b00000000000000000000010110111000 $
1&
b0010110110101 3
b0010110110110 6
18
19
#14645
0&
08
09
#14650
b00000000000000000000010110111001 "
b00000000000000000000010110111001 $
1&
b0010110110110 3
b0010110110111 6
18
19
#14655
0&
08
09
#14660
b00000000000000000000010110111010 "
b00000000000000000000010110111010 $
1&
b0010110110111 3
b0010110111000 6
18
19
#14665
0&
08
09
#14670
b00000000000000000000010110111011 "
b00000000000000000000010110111011 $
1&
b0010110111000 3
b0010110111001 6
18
19
#14675
0&
08
09
#14680
b00000000000000000000010110111100 "
b00000000000000000000010110111100 $
1&
b0010110111001 3
b0010110111010 6
18
19
#14685
0&
08
09
#14690
b00000000000000000000010110111101 "
b00000000000000000000010110111101 $
1&
b0010110111010 3
b0010110111011 6
18
19
#14695
0&
08
09
#14700
b00000000000000000000010110111110 "
b00000000000000000000010110111110 $
1&
b0010110111011 3
b0010110111100 6
18
19
#14705
0&
08
09
#14710
b00000000000000000000010110111111 "
b00000000000000000000010110111111 $
1&
b0010110111100 3
b0010110111101 6
18
19
#14715
0&
08
09
#14720
b00000000000000000000010111000000 "
b00000000000000000000010111000000 $
1&
b0010110111101 3
b0010110111110 6
18
19
#14725
0&
08
09
#14730
b00000000000000000000010111000001 "
b00000000000000000000010111000001 $
1&
b0010110111110 3
b0010110111111 6
18
19
#14735
0&
08
09
#14740
b00000000000000000000010111000010 "
b00000000000000000000010111000010 $
1&
b0010110111111 3
b0010111000000 6
18
19
#14745
0&
08
09
#14750
b00000000000000000000010111000011 "
b00000000000000000000010111000011 $
1&
b0010111000000 3
b0010111000001 6
18
19
#14755
0&
08
09
#14760
b00000000000000000000010111000100 "
b00000000000000000000010111000100 $
1&
b0010111000001 3
b0010111000010 6
18
19
#14765
0&
08
09
#14770
b00000000000000000000010111000101 "
b00000000000000000000010111000101 $
1&
b0010111000010 3
b0010111000011 6
18
19
#14775
0&
08
09
#14780
b00000000000000000000010111000110 "
b00000000000000000000010111000110 $
1&
b0010111000011 3
b0010111000100 6
18
19
#14785
0&
08
09
#14790
b00000000000000000000010111000111 "
b00000000000000000000010111000111 $
1&
b0010111000100 3
b0010111000101 6
18
19
#14795
0&
08
09
#14800
b00000000000000000000010111001000 "
b00000000000000000000010111001000 $
1&
b0010111000101 3
b0010111000110 6
18
19
#14805
0&
08
09
#14810
b00000000000000000000010111001001 "
b00000000000000000000010111001001 $
1&
b0010111000110 3
b0010111000111 6
18
19
#14815
0&
08
09
#14820
b00000000000000000000010111001010 "
b00000000000000000000010111001010 $
1&
b0010111000111 3
b0010111001000 6
18
19
#14825
0&
08
09
#14830
b00000000000000000000010111001011 "
b00000000000000000000010111001011 $
1&
b0010111001000 3
b0010111001001 6
18
19
#14835
0&
08
09
#14840
b00000000000000000000010111001100 "
b00000000000000000000010111001100 $
1&
b0010111001001 3
b0010111001010 6
18
19
#14845
0&
08
09
#14850
b00000000000000000000010111001101 "
b00000000000000000000010111001101 $
1&
b0010111001010 3
b0010111001011 6
18
19
#14855
0&
08
09
#14860
b00000000000000000000010111001110 "
b00000000000000000000010111001110 $
1&
b0010111001011 3
b0010111001100 6
18
19
#14865
0&
08
09
#14870
b00000000000000000000010111001111 "
b00000000000000000000010111001111 $
1&
b0010111001100 3
b0010111001101 6
18
19
#14875
0&
08
09
#14880
b00000000000000000000010111010000 "
b00000000000000000000010111010000 $
1&
b0010111001101 3
b0010111001110 6
18
19
#14885
0&
08
09
#14890
b00000000000000000000010111010001 "
b00000000000000000000010111010001 $
1&
b0010111001110 3
b0010111001111 6
18
19
#14895
0&
08
09
#14900
b00000000000000000000010111010010 "
b00000000000000000000010111010010 $
1&
b0010111001111 3
b0010111010000 6
18
19
#14905
0&
08
09
#14910
b00000000000000000000010111010011 "
b00000000000000000000010111010011 $
1&
b0010111010000 3
b0010111010001 6
18
19
#14915
0&
08
09
#14920
b00000000000000000000010111010100 "
b00000000000000000000010111010100 $
1&
b0010111010001 3
b0010111010010 6
18
19
#14925
0&
08
09
#14930
b00000000000000000000010111010101 "
b00000000000000000000010111010101 $
1&
b0010111010010 3
b0010111010011 6
18
19
#14935
0&
08
09
#14940
b00000000000000000000010111010110 "
b00000000000000000000010111010110 $
1&
b0010111010011 3
b0010111010100 6
18
19
#14945
0&
08
09
#14950
b00000000000000000000010111010111 "
b00000000000000000000010111010111 $
1&
b0010111010100 3
b0010111010101 6
18
19
#14955
0&
08
09
#14960
b00000000000000000000010111011000 "
b00000000000000000000010111011000 $
1&
b0010111010101 3
b0010111010110 6
18
19
#14965
0&
08
09
#14970
b00000000000000000000010111011001 "
b00000000000000000000010111011001 $
1&
b0010111010110 3
b0010111010111 6
18
19
#14975
0&
08
09
#14980
b00000000000000000000010111011010 "
b00000000000000000000010111011010 $
1&
b0010111010111 3
b0010111011000 6
18
19
#14985
0&
08
09
#14990
b00000000000000000000010111011011 "
b00000000000000000000010111011011 $
1&
b0010111011000 3
b0010111011001 6
18
19
#14995
0&
08
09
#15000
b00000000000000000000010111011100 "
b00000000000000000000010111011100 $
1&
b0010111011001 3
b0010111011010 6
18
19
#15005
0&
08
09
#15010
b00000000000000000000010111011101 "
b00000000000000000000010111011101 $
1&
b0010111011010 3
b0010111011011 6
18
19
#15015
0&
08
09
#15020
b00000000000000000000010111011110 "
b00000000000000000000010111011110 $
1&
b0010111011011 3
b0010111011100 6
18
19
#15025
0&
08
09
#15030
b00000000000000000000010111011111 "
b00000000000000000000010111011111 $
1&
b0010111011100 3
b0010111011101 6
18
19
#15035
0&
08
09
#15040
b00000000000000000000010111100000 "
b00000000000000000000010111100000 $
1&
b0010111011101 3
b0010111011110 6
18
19
#15045
0&
08
09
#15050
b00000000000000000000010111100001 "
b00000000000000000000010111100001 $
1&
b0010111011110 3
b0010111011111 6
18
19
#15055
0&
08
09
#15060
b00000000000000000000010111100010 "
b00000000000000000000010111100010 $
1&
b0010111011111 3
b0010111100000 6
18
19
#15065
0&
08
09
#15070
b00000000000000000000010111100011 "
b00000000000000000000010111100011 $
1&
b0010111100000 3
b0010111100001 6
18
19
#15075
0&
08
09
#15080
b00000000000000000000010111100100 "
b00000000000000000000010111100100 $
1&
b0010111100001 3
b0010111100010 6
18
19
#15085
0&
08
09
#15090
b00000000000000000000010111100101 "
b00000000000000000000010111100101 $
1&
b0010111100010 3
b0010111100011 6
18
19
#15095
0&
08
09
#15100
b00000000000000000000010111100110 "
b00000000000000000000010111100110 $
1&
b0010111100011 3
b0010111100100 6
18
19
#15105
0&
08
09
#15110
b00000000000000000000010111100111 "
b00000000000000000000010111100111 $
1&
b0010111100100 3
b0010111100101 6
18
19
#15115
0&
08
09
#15120
b00000000000000000000010111101000 "
b00000000000000000000010111101000 $
1&
b0010111100101 3
b0010111100110 6
18
19
#15125
0&
08
09
#15130
b00000000000000000000010111101001 "
b00000000000000000000010111101001 $
1&
b0010111100110 3
b0010111100111 6
18
19
#15135
0&
08
09
#15140
b00000000000000000000010111101010 "
b00000000000000000000010111101010 $
1&
b0010111100111 3
b0010111101000 6
18
19
#15145
0&
08
09
#15150
b00000000000000000000010111101011 "
b00000000000000000000010111101011 $
1&
b0010111101000 3
b0010111101001 6
18
19
#15155
0&
08
09
#15160
b00000000000000000000010111101100 "
b00000000000000000000010111101100 $
1&
b0010111101001 3
b0010111101010 6
18
19
#15165
0&
08
09
#15170
b00000000000000000000010111101101 "
b00000000000000000000010111101101 $
1&
b0010111101010 3
b0010111101011 6
18
19
#15175
0&
08
09
#15180
b00000000000000000000010111101110 "
b00000000000000000000010111101110 $
1&
b0010111101011 3
b0010111101100 6
18
19
#15185
0&
08
09
#15190
b00000000000000000000010111101111 "
b00000000000000000000010111101111 $
1&
b0010111101100 3
b0010111101101 6
18
19
#15195
0&
08
09
#15200
b00000000000000000000010111110000 "
b00000000000000000000010111110000 $
1&
b0010111101101 3
b0010111101110 6
18
19
#15205
0&
08
09
#15210
b00000000000000000000010111110001 "
b00000000000000000000010111110001 $
1&
b0010111101110 3
b0010111101111 6
18
19
#15215
0&
08
09
#15220
b00000000000000000000010111110010 "
b00000000000000000000010111110010 $
1&
b0010111101111 3
b0010111110000 6
18
19
#15225
0&
08
09
#15230
b00000000000000000000010111110011 "
b00000000000000000000010111110011 $
1&
b0010111110000 3
b0010111110001 6
18
19
#15235
0&
08
09
#15240
b00000000000000000000010111110100 "
b00000000000000000000010111110100 $
1&
b0010111110001 3
b0010111110010 6
18
19
#15245
0&
08
09
#15250
b00000000000000000000010111110101 "
b00000000000000000000010111110101 $
1&
b0010111110010 3
b0010111110011 6
18
19
#15255
0&
08
09
#15260
b00000000000000000000010111110110 "
b00000000000000000000010111110110 $
1&
b0010111110011 3
b0010111110100 6
18
19
#15265
0&
08
09
#15270
b00000000000000000000010111110111 "
b00000000000000000000010111110111 $
1&
b0010111110100 3
b0010111110101 6
18
19
#15275
0&
08
09
#15280
b00000000000000000000010111111000 "
b00000000000000000000010111111000 $
1&
b0010111110101 3
b0010111110110 6
18
19
#15285
0&
08
09
#15290
b00000000000000000000010111111001 "
b00000000000000000000010111111001 $
1&
b0010111110110 3
b0010111110111 6
18
19
#15295
0&
08
09
#15300
b00000000000000000000010111111010 "
b00000000000000000000010111111010 $
1&
b0010111110111 3
b0010111111000 6
18
19
#15305
0&
08
09
#15310
b00000000000000000000010111111011 "
b00000000000000000000010111111011 $
1&
b0010111111000 3
b0010111111001 6
18
19
#15315
0&
08
09
#15320
b00000000000000000000010111111100 "
b00000000000000000000010111111100 $
1&
b0010111111001 3
b0010111111010 6
18
19
#15325
0&
08
09
#15330
b00000000000000000000010111111101 "
b00000000000000000000010111111101 $
1&
b0010111111010 3
b0010111111011 6
18
19
#15335
0&
08
09
#15340
b00000000000000000000010111111110 "
b00000000000000000000010111111110 $
1&
b0010111111011 3
b0010111111100 6
18
19
#15345
0&
08
09
#15350
b00000000000000000000010111111111 "
b00000000000000000000010111111111 $
1&
b0010111111100 3
b0010111111101 6
18
19
#15355
0&
08
09
#15360
b00000000000000000000011000000000 "
b00000000000000000000011000000000 $
1&
b0010111111101 3
b0010111111110 6
18
19
#15365
0&
08
09
#15370
b00000000000000000000011000000001 "
b00000000000000000000011000000001 $
1&
b0010111111110 3
b0010111111111 6
18
19
#15375
0&
08
09
#15380
b00000000000000000000011000000010 "
b00000000000000000000011000000010 $
1&
b0010111111111 3
b0011000000000 6
18
19
#15385
0&
08
09
#15390
b00000000000000000000011000000011 "
b00000000000000000000011000000011 $
1&
b0011000000000 3
b0011000000001 6
18
19
#15395
0&
08
09
#15400
b00000000000000000000011000000100 "
b00000000000000000000011000000100 $
1&
b0011000000001 3
b0011000000010 6
18
19
#15405
0&
08
09
#15410
b00000000000000000000011000000101 "
b00000000000000000000011000000101 $
1&
b0011000000010 3
b0011000000011 6
18
19
#15415
0&
08
09
#15420
b00000000000000000000011000000110 "
b00000000000000000000011000000110 $
1&
b0011000000011 3
b0011000000100 6
18
19
#15425
0&
08
09
#15430
b00000000000000000000011000000111 "
b00000000000000000000011000000111 $
1&
b0011000000100 3
b0011000000101 6
18
19
#15435
0&
08
09
#15440
b00000000000000000000011000001000 "
b00000000000000000000011000001000 $
1&
b0011000000101 3
b0011000000110 6
18
19
#15445
0&
08
09
#15450
b00000000000000000000011000001001 "
b00000000000000000000011000001001 $
1&
b0011000000110 3
b0011000000111 6
18
19
#15455
0&
08
09
#15460
b00000000000000000000011000001010 "
b00000000000000000000011000001010 $
1&
b0011000000111 3
b0011000001000 6
18
19
#15465
0&
08
09
#15470
b00000000000000000000011000001011 "
b00000000000000000000011000001011 $
1&
b0011000001000 3
b0011000001001 6
18
19
#15475
0&
08
09
#15480
b00000000000000000000011000001100 "
b00000000000000000000011000001100 $
1&
b0011000001001 3
b0011000001010 6
18
19
#15485
0&
08
09
#15490
b00000000000000000000011000001101 "
b00000000000000000000011000001101 $
1&
b0011000001010 3
b0011000001011 6
18
19
#15495
0&
08
09
#15500
b00000000000000000000011000001110 "
b00000000000000000000011000001110 $
1&
b0011000001011 3
b0011000001100 6
18
19
#15505
0&
08
09
#15510
b00000000000000000000011000001111 "
b00000000000000000000011000001111 $
1&
b0011000001100 3
b0011000001101 6
18
19
#15515
0&
08
09
#15520
b00000000000000000000011000010000 "
b00000000000000000000011000010000 $
1&
b0011000001101 3
b0011000001110 6
18
19
#15525
0&
08
09
#15530
b00000000000000000000011000010001 "
b00000000000000000000011000010001 $
1&
b0011000001110 3
b0011000001111 6
18
19
#15535
0&
08
09
#15540
b00000000000000000000011000010010 "
b00000000000000000000011000010010 $
1&
b0011000001111 3
b0011000010000 6
18
19
#15545
0&
08
09
#15550
b00000000000000000000011000010011 "
b00000000000000000000011000010011 $
1&
b0011000010000 3
b0011000010001 6
18
19
#15555
0&
08
09
#15560
b00000000000000000000011000010100 "
b00000000000000000000011000010100 $
1&
b0011000010001 3
b0011000010010 6
18
19
#15565
0&
08
09
#15570
b00000000000000000000011000010101 "
b00000000000000000000011000010101 $
1&
b0011000010010 3
b0011000010011 6
18
19
#15575
0&
08
09
#15580
b00000000000000000000011000010110 "
b00000000000000000000011000010110 $
1&
b0011000010011 3
b0011000010100 6
18
19
#15585
0&
08
09
#15590
b00000000000000000000011000010111 "
b00000000000000000000011000010111 $
1&
b0011000010100 3
b0011000010101 6
18
19
#15595
0&
08
09
#15600
b00000000000000000000011000011000 "
b00000000000000000000011000011000 $
1&
b0011000010101 3
b0011000010110 6
18
19
#15605
0&
08
09
#15610
b00000000000000000000011000011001 "
b00000000000000000000011000011001 $
1&
b0011000010110 3
b0011000010111 6
18
19
#15615
0&
08
09
#15620
b00000000000000000000011000011010 "
b00000000000000000000011000011010 $
1&
b0011000010111 3
b0011000011000 6
18
19
#15625
0&
08
09
#15630
b00000000000000000000011000011011 "
b00000000000000000000011000011011 $
1&
b0011000011000 3
b0011000011001 6
18
19
#15635
0&
08
09
#15640
b00000000000000000000011000011100 "
b00000000000000000000011000011100 $
1&
b0011000011001 3
b0011000011010 6
18
19
#15645
0&
08
09
#15650
b00000000000000000000011000011101 "
b00000000000000000000011000011101 $
1&
b0011000011010 3
b0011000011011 6
18
19
#15655
0&
08
09
#15660
b00000000000000000000011000011110 "
b00000000000000000000011000011110 $
1&
b0011000011011 3
b0011000011100 6
18
19
#15665
0&
08
09
#15670
b00000000000000000000011000011111 "
b00000000000000000000011000011111 $
1&
b0011000011100 3
b0011000011101 6
18
19
#15675
0&
08
09
#15680
b00000000000000000000011000100000 "
b00000000000000000000011000100000 $
1&
b0011000011101 3
b0011000011110 6
18
19
#15685
0&
08
09
#15690
b00000000000000000000011000100001 "
b00000000000000000000011000100001 $
1&
b0011000011110 3
b0011000011111 6
18
19
#15695
0&
08
09
#15700
b00000000000000000000011000100010 "
b00000000000000000000011000100010 $
1&
b0011000011111 3
b0011000100000 6
18
19
#15705
0&
08
09
#15710
b00000000000000000000011000100011 "
b00000000000000000000011000100011 $
1&
b0011000100000 3
b0011000100001 6
18
19
#15715
0&
08
09
#15720
b00000000000000000000011000100100 "
b00000000000000000000011000100100 $
1&
b0011000100001 3
b0011000100010 6
18
19
#15725
0&
08
09
#15730
b00000000000000000000011000100101 "
b00000000000000000000011000100101 $
1&
b0011000100010 3
b0011000100011 6
18
19
#15735
0&
08
09
#15740
b00000000000000000000011000100110 "
b00000000000000000000011000100110 $
1&
b0011000100011 3
b0011000100100 6
18
19
#15745
0&
08
09
#15750
b00000000000000000000011000100111 "
b00000000000000000000011000100111 $
1&
b0011000100100 3
b0011000100101 6
18
19
#15755
0&
08
09
#15760
b00000000000000000000011000101000 "
b00000000000000000000011000101000 $
1&
b0011000100101 3
b0011000100110 6
18
19
#15765
0&
08
09
#15770
b00000000000000000000011000101001 "
b00000000000000000000011000101001 $
1&
b0011000100110 3
b0011000100111 6
18
19
#15775
0&
08
09
#15780
b00000000000000000000011000101010 "
b00000000000000000000011000101010 $
1&
b0011000100111 3
b0011000101000 6
18
19
#15785
0&
08
09
#15790
b00000000000000000000011000101011 "
b00000000000000000000011000101011 $
1&
b0011000101000 3
b0011000101001 6
18
19
#15795
0&
08
09
#15800
b00000000000000000000011000101100 "
b00000000000000000000011000101100 $
1&
b0011000101001 3
b0011000101010 6
18
19
#15805
0&
08
09
#15810
b00000000000000000000011000101101 "
b00000000000000000000011000101101 $
1&
b0011000101010 3
b0011000101011 6
18
19
#15815
0&
08
09
#15820
b00000000000000000000011000101110 "
b00000000000000000000011000101110 $
1&
b0011000101011 3
b0011000101100 6
18
19
#15825
0&
08
09
#15830
b00000000000000000000011000101111 "
b00000000000000000000011000101111 $
1&
b0011000101100 3
b0011000101101 6
18
19
#15835
0&
08
09
#15840
b00000000000000000000011000110000 "
b00000000000000000000011000110000 $
1&
b0011000101101 3
b0011000101110 6
18
19
#15845
0&
08
09
#15850
b00000000000000000000011000110001 "
b00000000000000000000011000110001 $
1&
b0011000101110 3
b0011000101111 6
18
19
#15855
0&
08
09
#15860
b00000000000000000000011000110010 "
b00000000000000000000011000110010 $
1&
b0011000101111 3
b0011000110000 6
18
19
#15865
0&
08
09
#15870
b00000000000000000000011000110011 "
b00000000000000000000011000110011 $
1&
b0011000110000 3
b0011000110001 6
18
19
#15875
0&
08
09
#15880
b00000000000000000000011000110100 "
b00000000000000000000011000110100 $
1&
b0011000110001 3
b0011000110010 6
18
19
#15885
0&
08
09
#15890
b00000000000000000000011000110101 "
b00000000000000000000011000110101 $
1&
b0011000110010 3
b0011000110011 6
18
19
#15895
0&
08
09
#15900
b00000000000000000000011000110110 "
b00000000000000000000011000110110 $
1&
b0011000110011 3
b0011000110100 6
18
19
#15905
0&
08
09
#15910
b00000000000000000000011000110111 "
b00000000000000000000011000110111 $
1&
b0011000110100 3
b0011000110101 6
18
19
#15915
0&
08
09
#15920
b00000000000000000000011000111000 "
b00000000000000000000011000111000 $
1&
b0011000110101 3
b0011000110110 6
18
19
#15925
0&
08
09
#15930
b00000000000000000000011000111001 "
b00000000000000000000011000111001 $
1&
b0011000110110 3
b0011000110111 6
18
19
#15935
0&
08
09
#15940
b00000000000000000000011000111010 "
b00000000000000000000011000111010 $
1&
b0011000110111 3
b0011000111000 6
18
19
#15945
0&
08
09
#15950
b00000000000000000000011000111011 "
b00000000000000000000011000111011 $
1&
b0011000111000 3
b0011000111001 6
18
19
#15955
0&
08
09
#15960
b00000000000000000000011000111100 "
b00000000000000000000011000111100 $
1&
b0011000111001 3
b0011000111010 6
18
19
#15965
0&
08
09
#15970
b00000000000000000000011000111101 "
b00000000000000000000011000111101 $
1&
b0011000111010 3
b0011000111011 6
18
19
#15975
0&
08
09
#15980
b00000000000000000000011000111110 "
b00000000000000000000011000111110 $
1&
b0011000111011 3
b0011000111100 6
18
19
#15985
0&
08
09
#15990
b00000000000000000000011000111111 "
b00000000000000000000011000111111 $
1&
b0011000111100 3
b0011000111101 6
18
19
#15995
0&
08
09
#16000
b00000000000000000000011001000000 "
b00000000000000000000011001000000 $
1&
b0011000111101 3
b0011000111110 6
18
19
#16005
0&
08
09
#16010
b00000000000000000000011001000001 "
b00000000000000000000011001000001 $
1&
b0011000111110 3
b0011000111111 6
18
19
#16015
0&
08
09
#16020
b00000000000000000000011001000010 "
b00000000000000000000011001000010 $
1&
b0011000111111 3
b0011001000000 6
18
19
#16025
0&
08
09
#16030
b00000000000000000000011001000011 "
b00000000000000000000011001000011 $
1&
b0011001000000 3
b0011001000001 6
18
19
#16035
0&
08
09
#16040
b00000000000000000000011001000100 "
b00000000000000000000011001000100 $
1&
b0011001000001 3
b0011001000010 6
18
19
#16045
0&
08
09
#16050
b00000000000000000000011001000101 "
b00000000000000000000011001000101 $
1&
b0011001000010 3
b0011001000011 6
18
19
#16055
0&
08
09
#16060
b00000000000000000000011001000110 "
b00000000000000000000011001000110 $
1&
b0011001000011 3
b0011001000100 6
18
19
#16065
0&
08
09
#16070
b00000000000000000000011001000111 "
b00000000000000000000011001000111 $
1&
b0011001000100 3
b0011001000101 6
18
19
#16075
0&
08
09
#16080
b00000000000000000000011001001000 "
b00000000000000000000011001001000 $
1&
b0011001000101 3
b0011001000110 6
18
19
#16085
0&
08
09
#16090
b00000000000000000000011001001001 "
b00000000000000000000011001001001 $
1&
b0011001000110 3
b0011001000111 6
18
19
#16095
0&
08
09
#16100
b00000000000000000000011001001010 "
b00000000000000000000011001001010 $
1&
b0011001000111 3
b0011001001000 6
18
19
#16105
0&
08
09
#16110
b00000000000000000000011001001011 "
b00000000000000000000011001001011 $
1&
b0011001001000 3
b0011001001001 6
18
19
#16115
0&
08
09
#16120
b00000000000000000000011001001100 "
b00000000000000000000011001001100 $
1&
b0011001001001 3
b0011001001010 6
18
19
#16125
0&
08
09
#16130
b00000000000000000000011001001101 "
b00000000000000000000011001001101 $
1&
b0011001001010 3
b0011001001011 6
18
19
#16135
0&
08
09
#16140
b00000000000000000000011001001110 "
b00000000000000000000011001001110 $
1&
b0011001001011 3
b0011001001100 6
18
19
#16145
0&
08
09
#16150
b00000000000000000000011001001111 "
b00000000000000000000011001001111 $
1&
b0011001001100 3
b0011001001101 6
18
19
#16155
0&
08
09
#16160
b00000000000000000000011001010000 "
b00000000000000000000011001010000 $
1&
b0011001001101 3
b0011001001110 6
18
19
#16165
0&
08
09
#16170
b00000000000000000000011001010001 "
b00000000000000000000011001010001 $
1&
b0011001001110 3
b0011001001111 6
18
19
#16175
0&
08
09
#16180
b00000000000000000000011001010010 "
b00000000000000000000011001010010 $
1&
b0011001001111 3
b0011001010000 6
18
19
#16185
0&
08
09
#16190
b00000000000000000000011001010011 "
b00000000000000000000011001010011 $
1&
b0011001010000 3
b0011001010001 6
18
19
#16195
0&
08
09
#16200
b00000000000000000000011001010100 "
b00000000000000000000011001010100 $
1&
b0011001010001 3
b0011001010010 6
18
19
#16205
0&
08
09
#16210
b00000000000000000000011001010101 "
b00000000000000000000011001010101 $
1&
b0011001010010 3
b0011001010011 6
18
19
#16215
0&
08
09
#16220
b00000000000000000000011001010110 "
b00000000000000000000011001010110 $
1&
b0011001010011 3
b0011001010100 6
18
19
#16225
0&
08
09
#16230
b00000000000000000000011001010111 "
b00000000000000000000011001010111 $
1&
b0011001010100 3
b0011001010101 6
18
19
#16235
0&
08
09
#16240
b00000000000000000000011001011000 "
b00000000000000000000011001011000 $
1&
b0011001010101 3
b0011001010110 6
18
19
#16245
0&
08
09
#16250
b00000000000000000000011001011001 "
b00000000000000000000011001011001 $
1&
b0011001010110 3
b0011001010111 6
18
19
#16255
0&
08
09
#16260
b00000000000000000000011001011010 "
b00000000000000000000011001011010 $
1&
b0011001010111 3
b0011001011000 6
18
19
#16265
0&
08
09
#16270
b00000000000000000000011001011011 "
b00000000000000000000011001011011 $
1&
b0011001011000 3
b0011001011001 6
18
19
#16275
0&
08
09
#16280
b00000000000000000000011001011100 "
b00000000000000000000011001011100 $
1&
b0011001011001 3
b0011001011010 6
18
19
#16285
0&
08
09
#16290
b00000000000000000000011001011101 "
b00000000000000000000011001011101 $
1&
b0011001011010 3
b0011001011011 6
18
19
#16295
0&
08
09
#16300
b00000000000000000000011001011110 "
b00000000000000000000011001011110 $
1&
b0011001011011 3
b0011001011100 6
18
19
#16305
0&
08
09
#16310
b00000000000000000000011001011111 "
b00000000000000000000011001011111 $
1&
b0011001011100 3
b0011001011101 6
18
19
#16315
0&
08
09
#16320
b00000000000000000000011001100000 "
b00000000000000000000011001100000 $
1&
b0011001011101 3
b0011001011110 6
18
19
#16325
0&
08
09
#16330
b00000000000000000000011001100001 "
b00000000000000000000011001100001 $
1&
b0011001011110 3
b0011001011111 6
18
19
#16335
0&
08
09
#16340
b00000000000000000000011001100010 "
b00000000000000000000011001100010 $
1&
b0011001011111 3
b0011001100000 6
18
19
#16345
0&
08
09
#16350
b00000000000000000000011001100011 "
b00000000000000000000011001100011 $
1&
b0011001100000 3
b0011001100001 6
18
19
#16355
0&
08
09
#16360
b00000000000000000000011001100100 "
b00000000000000000000011001100100 $
1&
b0011001100001 3
b0011001100010 6
18
19
#16365
0&
08
09
#16370
b00000000000000000000011001100101 "
b00000000000000000000011001100101 $
1&
b0011001100010 3
b0011001100011 6
18
19
#16375
0&
08
09
#16380
b00000000000000000000011001100110 "
b00000000000000000000011001100110 $
1&
b0011001100011 3
b0011001100100 6
18
19
#16385
0&
08
09
#16390
b00000000000000000000011001100111 "
b00000000000000000000011001100111 $
1&
b0011001100100 3
b0011001100101 6
18
19
#16395
0&
08
09
#16400
b00000000000000000000011001101000 "
b00000000000000000000011001101000 $
1&
b0011001100101 3
b0011001100110 6
18
19
#16405
0&
08
09
#16410
b00000000000000000000011001101001 "
b00000000000000000000011001101001 $
1&
b0011001100110 3
b0011001100111 6
18
19
#16415
0&
08
09
#16420
b00000000000000000000011001101010 "
b00000000000000000000011001101010 $
1&
b0011001100111 3
b0011001101000 6
18
19
#16425
0&
08
09
#16430
b00000000000000000000011001101011 "
b00000000000000000000011001101011 $
1&
b0011001101000 3
b0011001101001 6
18
19
#16435
0&
08
09
#16440
b00000000000000000000011001101100 "
b00000000000000000000011001101100 $
1&
b0011001101001 3
b0011001101010 6
18
19
#16445
0&
08
09
#16450
b00000000000000000000011001101101 "
b00000000000000000000011001101101 $
1&
b0011001101010 3
b0011001101011 6
18
19
#16455
0&
08
09
#16460
b00000000000000000000011001101110 "
b00000000000000000000011001101110 $
1&
b0011001101011 3
b0011001101100 6
18
19
#16465
0&
08
09
#16470
b00000000000000000000011001101111 "
b00000000000000000000011001101111 $
1&
b0011001101100 3
b0011001101101 6
18
19
#16475
0&
08
09
#16480
b00000000000000000000011001110000 "
b00000000000000000000011001110000 $
1&
b0011001101101 3
b0011001101110 6
18
19
#16485
0&
08
09
#16490
b00000000000000000000011001110001 "
b00000000000000000000011001110001 $
1&
b0011001101110 3
b0011001101111 6
18
19
#16495
0&
08
09
#16500
b00000000000000000000011001110010 "
b00000000000000000000011001110010 $
1&
b0011001101111 3
b0011001110000 6
18
19
#16505
0&
08
09
#16510
b00000000000000000000011001110011 "
b00000000000000000000011001110011 $
1&
b0011001110000 3
b0011001110001 6
18
19
#16515
0&
08
09
#16520
b00000000000000000000011001110100 "
b00000000000000000000011001110100 $
1&
b0011001110001 3
b0011001110010 6
18
19
#16525
0&
08
09
#16530
b00000000000000000000011001110101 "
b00000000000000000000011001110101 $
1&
b0011001110010 3
b0011001110011 6
18
19
#16535
0&
08
09
#16540
b00000000000000000000011001110110 "
b00000000000000000000011001110110 $
1&
b0011001110011 3
b0011001110100 6
18
19
#16545
0&
08
09
#16550
b00000000000000000000011001110111 "
b00000000000000000000011001110111 $
1&
b0011001110100 3
b0011001110101 6
18
19
#16555
0&
08
09
#16560
b00000000000000000000011001111000 "
b00000000000000000000011001111000 $
1&
b0011001110101 3
b0011001110110 6
18
19
#16565
0&
08
09
#16570
b00000000000000000000011001111001 "
b00000000000000000000011001111001 $
1&
b0011001110110 3
b0011001110111 6
18
19
#16575
0&
08
09
#16580
b00000000000000000000011001111010 "
b00000000000000000000011001111010 $
1&
b0011001110111 3
b0011001111000 6
18
19
#16585
0&
08
09
#16590
b00000000000000000000011001111011 "
b00000000000000000000011001111011 $
1&
b0011001111000 3
b0011001111001 6
18
19
#16595
0&
08
09
#16600
b00000000000000000000011001111100 "
b00000000000000000000011001111100 $
1&
b0011001111001 3
b0011001111010 6
18
19
#16605
0&
08
09
#16610
b00000000000000000000011001111101 "
b00000000000000000000011001111101 $
1&
b0011001111010 3
b0011001111011 6
18
19
#16615
0&
08
09
#16620
b00000000000000000000011001111110 "
b00000000000000000000011001111110 $
1&
b0011001111011 3
b0011001111100 6
18
19
#16625
0&
08
09
#16630
b00000000000000000000011001111111 "
b00000000000000000000011001111111 $
1&
b0011001111100 3
b0011001111101 6
18
19
#16635
0&
08
09
#16640
b00000000000000000000011010000000 "
b00000000000000000000011010000000 $
1&
b0011001111101 3
b0011001111110 6
18
19
#16645
0&
08
09
#16650
b00000000000000000000011010000001 "
b00000000000000000000011010000001 $
1&
b0011001111110 3
b0011001111111 6
18
19
#16655
0&
08
09
#16660
b00000000000000000000011010000010 "
b00000000000000000000011010000010 $
1&
b0011001111111 3
b0011010000000 6
18
19
#16665
0&
08
09
#16670
b00000000000000000000011010000011 "
b00000000000000000000011010000011 $
1&
b0011010000000 3
b0011010000001 6
18
19
#16675
0&
08
09
#16680
b00000000000000000000011010000100 "
b00000000000000000000011010000100 $
1&
b0011010000001 3
b0011010000010 6
18
19
#16685
0&
08
09
#16690
b00000000000000000000011010000101 "
b00000000000000000000011010000101 $
1&
b0011010000010 3
b0011010000011 6
18
19
#16695
0&
08
09
#16700
b00000000000000000000011010000110 "
b00000000000000000000011010000110 $
1&
b0011010000011 3
b0011010000100 6
18
19
#16705
0&
08
09
#16710
b00000000000000000000011010000111 "
b00000000000000000000011010000111 $
1&
b0011010000100 3
b0011010000101 6
18
19
#16715
0&
08
09
#16720
b00000000000000000000011010001000 "
b00000000000000000000011010001000 $
1&
b0011010000101 3
b0011010000110 6
18
19
#16725
0&
08
09
#16730
b00000000000000000000011010001001 "
b00000000000000000000011010001001 $
1&
b0011010000110 3
b0011010000111 6
18
19
#16735
0&
08
09
#16740
b00000000000000000000011010001010 "
b00000000000000000000011010001010 $
1&
b0011010000111 3
b0011010001000 6
18
19
#16745
0&
08
09
#16750
b00000000000000000000011010001011 "
b00000000000000000000011010001011 $
1&
b0011010001000 3
b0011010001001 6
18
19
#16755
0&
08
09
#16760
b00000000000000000000011010001100 "
b00000000000000000000011010001100 $
1&
b0011010001001 3
b0011010001010 6
18
19
#16765
0&
08
09
#16770
b00000000000000000000011010001101 "
b00000000000000000000011010001101 $
1&
b0011010001010 3
b0011010001011 6
18
19
#16775
0&
08
09
#16780
b00000000000000000000011010001110 "
b00000000000000000000011010001110 $
1&
b0011010001011 3
b0011010001100 6
18
19
#16785
0&
08
09
#16790
b00000000000000000000011010001111 "
b00000000000000000000011010001111 $
1&
b0011010001100 3
b0011010001101 6
18
19
#16795
0&
08
09
#16800
b00000000000000000000011010010000 "
b00000000000000000000011010010000 $
1&
b0011010001101 3
b0011010001110 6
18
19
#16805
0&
08
09
#16810
b00000000000000000000011010010001 "
b00000000000000000000011010010001 $
1&
b0011010001110 3
b0011010001111 6
18
19
#16815
0&
08
09
#16820
b00000000000000000000011010010010 "
b00000000000000000000011010010010 $
1&
b0011010001111 3
b0011010010000 6
18
19
#16825
0&
08
09
#16830
b00000000000000000000011010010011 "
b00000000000000000000011010010011 $
1&
b0011010010000 3
b0011010010001 6
18
19
#16835
0&
08
09
#16840
b00000000000000000000011010010100 "
b00000000000000000000011010010100 $
1&
b0011010010001 3
b0011010010010 6
18
19
#16845
0&
08
09
#16850
b00000000000000000000011010010101 "
b00000000000000000000011010010101 $
1&
b0011010010010 3
b0011010010011 6
18
19
#16855
0&
08
09
#16860
b00000000000000000000011010010110 "
b00000000000000000000011010010110 $
1&
b0011010010011 3
b0011010010100 6
18
19
#16865
0&
08
09
#16870
b00000000000000000000011010010111 "
b00000000000000000000011010010111 $
1&
b0011010010100 3
b0011010010101 6
18
19
#16875
0&
08
09
#16880
b00000000000000000000011010011000 "
b00000000000000000000011010011000 $
1&
b0011010010101 3
b0011010010110 6
18
19
#16885
0&
08
09
#16890
b00000000000000000000011010011001 "
b00000000000000000000011010011001 $
1&
b0011010010110 3
b0011010010111 6
18
19
#16895
0&
08
09
#16900
b00000000000000000000011010011010 "
b00000000000000000000011010011010 $
1&
b0011010010111 3
b0011010011000 6
18
19
#16905
0&
08
09
#16910
b00000000000000000000011010011011 "
b00000000000000000000011010011011 $
1&
b0011010011000 3
b0011010011001 6
18
19
#16915
0&
08
09
#16920
b00000000000000000000011010011100 "
b00000000000000000000011010011100 $
1&
b0011010011001 3
b0011010011010 6
18
19
#16925
0&
08
09
#16930
b00000000000000000000011010011101 "
b00000000000000000000011010011101 $
1&
b0011010011010 3
b0011010011011 6
18
19
#16935
0&
08
09
#16940
b00000000000000000000011010011110 "
b00000000000000000000011010011110 $
1&
b0011010011011 3
b0011010011100 6
18
19
#16945
0&
08
09
#16950
b00000000000000000000011010011111 "
b00000000000000000000011010011111 $
1&
b0011010011100 3
b0011010011101 6
18
19
#16955
0&
08
09
#16960
b00000000000000000000011010100000 "
b00000000000000000000011010100000 $
1&
b0011010011101 3
b0011010011110 6
18
19
#16965
0&
08
09
#16970
b00000000000000000000011010100001 "
b00000000000000000000011010100001 $
1&
b0011010011110 3
b0011010011111 6
18
19
#16975
0&
08
09
#16980
b00000000000000000000011010100010 "
b00000000000000000000011010100010 $
1&
b0011010011111 3
b0011010100000 6
18
19
#16985
0&
08
09
#16990
b00000000000000000000011010100011 "
b00000000000000000000011010100011 $
1&
b0011010100000 3
b0011010100001 6
18
19
#16995
0&
08
09
#17000
b00000000000000000000011010100100 "
b00000000000000000000011010100100 $
1&
b0011010100001 3
b0011010100010 6
18
19
#17005
0&
08
09
#17010
b00000000000000000000011010100101 "
b00000000000000000000011010100101 $
1&
b0011010100010 3
b0011010100011 6
18
19
#17015
0&
08
09
#17020
b00000000000000000000011010100110 "
b00000000000000000000011010100110 $
1&
b0011010100011 3
b0011010100100 6
18
19
#17025
0&
08
09
#17030
b00000000000000000000011010100111 "
b00000000000000000000011010100111 $
1&
b0011010100100 3
b0011010100101 6
18
19
#17035
0&
08
09
#17040
b00000000000000000000011010101000 "
b00000000000000000000011010101000 $
1&
b0011010100101 3
b0011010100110 6
18
19
#17045
0&
08
09
#17050
b00000000000000000000011010101001 "
b00000000000000000000011010101001 $
1&
b0011010100110 3
b0011010100111 6
18
19
#17055
0&
08
09
#17060
b00000000000000000000011010101010 "
b00000000000000000000011010101010 $
1&
b0011010100111 3
b0011010101000 6
18
19
#17065
0&
08
09
#17070
b00000000000000000000011010101011 "
b00000000000000000000011010101011 $
1&
b0011010101000 3
b0011010101001 6
18
19
#17075
0&
08
09
#17080
b00000000000000000000011010101100 "
b00000000000000000000011010101100 $
1&
b0011010101001 3
b0011010101010 6
18
19
#17085
0&
08
09
#17090
b00000000000000000000011010101101 "
b00000000000000000000011010101101 $
1&
b0011010101010 3
b0011010101011 6
18
19
#17095
0&
08
09
#17100
b00000000000000000000011010101110 "
b00000000000000000000011010101110 $
1&
b0011010101011 3
b0011010101100 6
18
19
#17105
0&
08
09
#17110
b00000000000000000000011010101111 "
b00000000000000000000011010101111 $
1&
b0011010101100 3
b0011010101101 6
18
19
#17115
0&
08
09
#17120
b00000000000000000000011010110000 "
b00000000000000000000011010110000 $
1&
b0011010101101 3
b0011010101110 6
18
19
#17125
0&
08
09
#17130
b00000000000000000000011010110001 "
b00000000000000000000011010110001 $
1&
b0011010101110 3
b0011010101111 6
18
19
#17135
0&
08
09
#17140
b00000000000000000000011010110010 "
b00000000000000000000011010110010 $
1&
b0011010101111 3
b0011010110000 6
18
19
#17145
0&
08
09
#17150
b00000000000000000000011010110011 "
b00000000000000000000011010110011 $
1&
b0011010110000 3
b0011010110001 6
18
19
#17155
0&
08
09
#17160
b00000000000000000000011010110100 "
b00000000000000000000011010110100 $
1&
b0011010110001 3
b0011010110010 6
18
19
#17165
0&
08
09
#17170
b00000000000000000000011010110101 "
b00000000000000000000011010110101 $
1&
b0011010110010 3
b0011010110011 6
18
19
#17175
0&
08
09
#17180
b00000000000000000000011010110110 "
b00000000000000000000011010110110 $
1&
b0011010110011 3
b0011010110100 6
18
19
#17185
0&
08
09
#17190
b00000000000000000000011010110111 "
b00000000000000000000011010110111 $
1&
b0011010110100 3
b0011010110101 6
18
19
#17195
0&
08
09
#17200
b00000000000000000000011010111000 "
b00000000000000000000011010111000 $
1&
b0011010110101 3
b0011010110110 6
18
19
#17205
0&
08
09
#17210
b00000000000000000000011010111001 "
b00000000000000000000011010111001 $
1&
b0011010110110 3
b0011010110111 6
18
19
#17215
0&
08
09
#17220
b00000000000000000000011010111010 "
b00000000000000000000011010111010 $
1&
b0011010110111 3
b0011010111000 6
18
19
#17225
0&
08
09
#17230
b00000000000000000000011010111011 "
b00000000000000000000011010111011 $
1&
b0011010111000 3
b0011010111001 6
18
19
#17235
0&
08
09
#17240
b00000000000000000000011010111100 "
b00000000000000000000011010111100 $
1&
b0011010111001 3
b0011010111010 6
18
19
#17245
0&
08
09
#17250
b00000000000000000000011010111101 "
b00000000000000000000011010111101 $
1&
b0011010111010 3
b0011010111011 6
18
19
#17255
0&
08
09
#17260
b00000000000000000000011010111110 "
b00000000000000000000011010111110 $
1&
b0011010111011 3
b0011010111100 6
18
19
#17265
0&
08
09
#17270
b00000000000000000000011010111111 "
b00000000000000000000011010111111 $
1&
b0011010111100 3
b0011010111101 6
18
19
#17275
0&
08
09
#17280
b00000000000000000000011011000000 "
b00000000000000000000011011000000 $
1&
b0011010111101 3
b0011010111110 6
18
19
#17285
0&
08
09
#17290
b00000000000000000000011011000001 "
b00000000000000000000011011000001 $
1&
b0011010111110 3
b0011010111111 6
18
19
#17295
0&
08
09
#17300
b00000000000000000000011011000010 "
b00000000000000000000011011000010 $
1&
b0011010111111 3
b0011011000000 6
18
19
#17305
0&
08
09
#17310
b00000000000000000000011011000011 "
b00000000000000000000011011000011 $
1&
b0011011000000 3
b0011011000001 6
18
19
#17315
0&
08
09
#17320
b00000000000000000000011011000100 "
b00000000000000000000011011000100 $
1&
b0011011000001 3
b0011011000010 6
18
19
#17325
0&
08
09
#17330
b00000000000000000000011011000101 "
b00000000000000000000011011000101 $
1&
b0011011000010 3
b0011011000011 6
18
19
#17335
0&
08
09
#17340
b00000000000000000000011011000110 "
b00000000000000000000011011000110 $
1&
b0011011000011 3
b0011011000100 6
18
19
#17345
0&
08
09
#17350
b00000000000000000000011011000111 "
b00000000000000000000011011000111 $
1&
b0011011000100 3
b0011011000101 6
18
19
#17355
0&
08
09
#17360
b00000000000000000000011011001000 "
b00000000000000000000011011001000 $
1&
b0011011000101 3
b0011011000110 6
18
19
#17365
0&
08
09
#17370
b00000000000000000000011011001001 "
b00000000000000000000011011001001 $
1&
b0011011000110 3
b0011011000111 6
18
19
#17375
0&
08
09
#17380
b00000000000000000000011011001010 "
b00000000000000000000011011001010 $
1&
b0011011000111 3
b0011011001000 6
18
19
#17385
0&
08
09
#17390
b00000000000000000000011011001011 "
b00000000000000000000011011001011 $
1&
b0011011001000 3
b0011011001001 6
18
19
#17395
0&
08
09
#17400
b00000000000000000000011011001100 "
b00000000000000000000011011001100 $
1&
b0011011001001 3
b0011011001010 6
18
19
#17405
0&
08
09
#17410
b00000000000000000000011011001101 "
b00000000000000000000011011001101 $
1&
b0011011001010 3
b0011011001011 6
18
19
#17415
0&
08
09
#17420
b00000000000000000000011011001110 "
b00000000000000000000011011001110 $
1&
b0011011001011 3
b0011011001100 6
18
19
#17425
0&
08
09
#17430
b00000000000000000000011011001111 "
b00000000000000000000011011001111 $
1&
b0011011001100 3
b0011011001101 6
18
19
#17435
0&
08
09
#17440
b00000000000000000000011011010000 "
b00000000000000000000011011010000 $
1&
b0011011001101 3
b0011011001110 6
18
19
#17445
0&
08
09
#17450
b00000000000000000000011011010001 "
b00000000000000000000011011010001 $
1&
b0011011001110 3
b0011011001111 6
18
19
#17455
0&
08
09
#17460
b00000000000000000000011011010010 "
b00000000000000000000011011010010 $
1&
b0011011001111 3
b0011011010000 6
18
19
#17465
0&
08
09
#17470
b00000000000000000000011011010011 "
b00000000000000000000011011010011 $
1&
b0011011010000 3
b0011011010001 6
18
19
#17475
0&
08
09
#17480
b00000000000000000000011011010100 "
b00000000000000000000011011010100 $
1&
b0011011010001 3
b0011011010010 6
18
19
#17485
0&
08
09
#17490
b00000000000000000000011011010101 "
b00000000000000000000011011010101 $
1&
b0011011010010 3
b0011011010011 6
18
19
#17495
0&
08
09
#17500
b00000000000000000000011011010110 "
b00000000000000000000011011010110 $
1&
b0011011010011 3
b0011011010100 6
18
19
#17505
0&
08
09
#17510
b00000000000000000000011011010111 "
b00000000000000000000011011010111 $
1&
b0011011010100 3
b0011011010101 6
18
19
#17515
0&
08
09
#17520
b00000000000000000000011011011000 "
b00000000000000000000011011011000 $
1&
b0011011010101 3
b0011011010110 6
18
19
#17525
0&
08
09
#17530
b00000000000000000000011011011001 "
b00000000000000000000011011011001 $
1&
b0011011010110 3
b0011011010111 6
18
19
#17535
0&
08
09
#17540
b00000000000000000000011011011010 "
b00000000000000000000011011011010 $
1&
b0011011010111 3
b0011011011000 6
18
19
#17545
0&
08
09
#17550
b00000000000000000000011011011011 "
b00000000000000000000011011011011 $
1&
b0011011011000 3
b0011011011001 6
18
19
#17555
0&
08
09
#17560
b00000000000000000000011011011100 "
b00000000000000000000011011011100 $
1&
b0011011011001 3
b0011011011010 6
18
19
#17565
0&
08
09
#17570
b00000000000000000000011011011101 "
b00000000000000000000011011011101 $
1&
b0011011011010 3
b0011011011011 6
18
19
#17575
0&
08
09
#17580
b00000000000000000000011011011110 "
b00000000000000000000011011011110 $
1&
b0011011011011 3
b0011011011100 6
18
19
#17585
0&
08
09
#17590
b00000000000000000000011011011111 "
b00000000000000000000011011011111 $
1&
b0011011011100 3
b0011011011101 6
18
19
#17595
0&
08
09
#17600
b00000000000000000000011011100000 "
b00000000000000000000011011100000 $
1&
b0011011011101 3
b0011011011110 6
18
19
#17605
0&
08
09
#17610
b00000000000000000000011011100001 "
b00000000000000000000011011100001 $
1&
b0011011011110 3
b0011011011111 6
18
19
#17615
0&
08
09
#17620
b00000000000000000000011011100010 "
b00000000000000000000011011100010 $
1&
b0011011011111 3
b0011011100000 6
18
19
#17625
0&
08
09
#17630
b00000000000000000000011011100011 "
b00000000000000000000011011100011 $
1&
b0011011100000 3
b0011011100001 6
18
19
#17635
0&
08
09
#17640
b00000000000000000000011011100100 "
b00000000000000000000011011100100 $
1&
b0011011100001 3
b0011011100010 6
18
19
#17645
0&
08
09
#17650
b00000000000000000000011011100101 "
b00000000000000000000011011100101 $
1&
b0011011100010 3
b0011011100011 6
18
19
#17655
0&
08
09
#17660
b00000000000000000000011011100110 "
b00000000000000000000011011100110 $
1&
b0011011100011 3
b0011011100100 6
18
19
#17665
0&
08
09
#17670
b00000000000000000000011011100111 "
b00000000000000000000011011100111 $
1&
b0011011100100 3
b0011011100101 6
18
19
#17675
0&
08
09
#17680
b00000000000000000000011011101000 "
b00000000000000000000011011101000 $
1&
b0011011100101 3
b0011011100110 6
18
19
#17685
0&
08
09
#17690
b00000000000000000000011011101001 "
b00000000000000000000011011101001 $
1&
b0011011100110 3
b0011011100111 6
18
19
#17695
0&
08
09
#17700
b00000000000000000000011011101010 "
b00000000000000000000011011101010 $
1&
b0011011100111 3
b0011011101000 6
18
19
#17705
0&
08
09
#17710
b00000000000000000000011011101011 "
b00000000000000000000011011101011 $
1&
b0011011101000 3
b0011011101001 6
18
19
#17715
0&
08
09
#17720
b00000000000000000000011011101100 "
b00000000000000000000011011101100 $
1&
b0011011101001 3
b0011011101010 6
18
19
#17725
0&
08
09
#17730
b00000000000000000000011011101101 "
b00000000000000000000011011101101 $
1&
b0011011101010 3
b0011011101011 6
18
19
#17735
0&
08
09
#17740
b00000000000000000000011011101110 "
b00000000000000000000011011101110 $
1&
b0011011101011 3
b0011011101100 6
18
19
#17745
0&
08
09
#17750
b00000000000000000000011011101111 "
b00000000000000000000011011101111 $
1&
b0011011101100 3
b0011011101101 6
18
19
#17755
0&
08
09
#17760
b00000000000000000000011011110000 "
b00000000000000000000011011110000 $
1&
b0011011101101 3
b0011011101110 6
18
19
#17765
0&
08
09
#17770
b00000000000000000000011011110001 "
b00000000000000000000011011110001 $
1&
b0011011101110 3
b0011011101111 6
18
19
#17775
0&
08
09
#17780
b00000000000000000000011011110010 "
b00000000000000000000011011110010 $
1&
b0011011101111 3
b0011011110000 6
18
19
#17785
0&
08
09
#17790
b00000000000000000000011011110011 "
b00000000000000000000011011110011 $
1&
b0011011110000 3
b0011011110001 6
18
19
#17795
0&
08
09
#17800
b00000000000000000000011011110100 "
b00000000000000000000011011110100 $
1&
b0011011110001 3
b0011011110010 6
18
19
#17805
0&
08
09
#17810
b00000000000000000000011011110101 "
b00000000000000000000011011110101 $
1&
b0011011110010 3
b0011011110011 6
18
19
#17815
0&
08
09
#17820
b00000000000000000000011011110110 "
b00000000000000000000011011110110 $
1&
b0011011110011 3
b0011011110100 6
18
19
#17825
0&
08
09
#17830
b00000000000000000000011011110111 "
b00000000000000000000011011110111 $
1&
b0011011110100 3
b0011011110101 6
18
19
#17835
0&
08
09
#17840
b00000000000000000000011011111000 "
b00000000000000000000011011111000 $
1&
b0011011110101 3
b0011011110110 6
18
19
#17845
0&
08
09
#17850
b00000000000000000000011011111001 "
b00000000000000000000011011111001 $
1&
b0011011110110 3
b0011011110111 6
18
19
#17855
0&
08
09
#17860
b00000000000000000000011011111010 "
b00000000000000000000011011111010 $
1&
b0011011110111 3
b0011011111000 6
18
19
#17865
0&
08
09
#17870
b00000000000000000000011011111011 "
b00000000000000000000011011111011 $
1&
b0011011111000 3
b0011011111001 6
18
19
#17875
0&
08
09
#17880
b00000000000000000000011011111100 "
b00000000000000000000011011111100 $
1&
b0011011111001 3
b0011011111010 6
18
19
#17885
0&
08
09
#17890
b00000000000000000000011011111101 "
b00000000000000000000011011111101 $
1&
b0011011111010 3
b0011011111011 6
18
19
#17895
0&
08
09
#17900
b00000000000000000000011011111110 "
b00000000000000000000011011111110 $
1&
b0011011111011 3
b0011011111100 6
18
19
#17905
0&
08
09
#17910
b00000000000000000000011011111111 "
b00000000000000000000011011111111 $
1&
b0011011111100 3
b0011011111101 6
18
19
#17915
0&
08
09
#17920
b00000000000000000000011100000000 "
b00000000000000000000011100000000 $
1&
b0011011111101 3
b0011011111110 6
18
19
#17925
0&
08
09
#17930
b00000000000000000000011100000001 "
b00000000000000000000011100000001 $
1&
b0011011111110 3
b0011011111111 6
18
19
#17935
0&
08
09
#17940
b00000000000000000000011100000010 "
b00000000000000000000011100000010 $
1&
b0011011111111 3
b0011100000000 6
18
19
#17945
0&
08
09
#17950
b00000000000000000000011100000011 "
b00000000000000000000011100000011 $
1&
b0011100000000 3
b0011100000001 6
18
19
#17955
0&
08
09
#17960
b00000000000000000000011100000100 "
b00000000000000000000011100000100 $
1&
b0011100000001 3
b0011100000010 6
18
19
#17965
0&
08
09
#17970
b00000000000000000000011100000101 "
b00000000000000000000011100000101 $
1&
b0011100000010 3
b0011100000011 6
18
19
#17975
0&
08
09
#17980
b00000000000000000000011100000110 "
b00000000000000000000011100000110 $
1&
b0011100000011 3
b0011100000100 6
18
19
#17985
0&
08
09
#17990
b00000000000000000000011100000111 "
b00000000000000000000011100000111 $
1&
b0011100000100 3
b0011100000101 6
18
19
#17995
0&
08
09
#18000
b00000000000000000000011100001000 "
b00000000000000000000011100001000 $
1&
b0011100000101 3
b0011100000110 6
18
19
#18005
0&
08
09
#18010
b00000000000000000000011100001001 "
b00000000000000000000011100001001 $
1&
b0011100000110 3
b0011100000111 6
18
19
#18015
0&
08
09
#18020
b00000000000000000000011100001010 "
b00000000000000000000011100001010 $
1&
b0011100000111 3
b0011100001000 6
18
19
#18025
0&
08
09
#18030
b00000000000000000000011100001011 "
b00000000000000000000011100001011 $
1&
b0011100001000 3
b0011100001001 6
18
19
#18035
0&
08
09
#18040
b00000000000000000000011100001100 "
b00000000000000000000011100001100 $
1&
b0011100001001 3
b0011100001010 6
18
19
#18045
0&
08
09
#18050
b00000000000000000000011100001101 "
b00000000000000000000011100001101 $
1&
b0011100001010 3
b0011100001011 6
18
19
#18055
0&
08
09
#18060
b00000000000000000000011100001110 "
b00000000000000000000011100001110 $
1&
b0011100001011 3
b0011100001100 6
18
19
#18065
0&
08
09
#18070
b00000000000000000000011100001111 "
b00000000000000000000011100001111 $
1&
b0011100001100 3
b0011100001101 6
18
19
#18075
0&
08
09
#18080
b00000000000000000000011100010000 "
b00000000000000000000011100010000 $
1&
b0011100001101 3
b0011100001110 6
18
19
#18085
0&
08
09
#18090
b00000000000000000000011100010001 "
b00000000000000000000011100010001 $
1&
b0011100001110 3
b0011100001111 6
18
19
#18095
0&
08
09
#18100
b00000000000000000000011100010010 "
b00000000000000000000011100010010 $
1&
b0011100001111 3
b0011100010000 6
18
19
#18105
0&
08
09
#18110
b00000000000000000000011100010011 "
b00000000000000000000011100010011 $
1&
b0011100010000 3
b0011100010001 6
18
19
#18115
0&
08
09
#18120
b00000000000000000000011100010100 "
b00000000000000000000011100010100 $
1&
b0011100010001 3
b0011100010010 6
18
19
#18125
0&
08
09
#18130
b00000000000000000000011100010101 "
b00000000000000000000011100010101 $
1&
b0011100010010 3
b0011100010011 6
18
19
#18135
0&
08
09
#18140
b00000000000000000000011100010110 "
b00000000000000000000011100010110 $
1&
b0011100010011 3
b0011100010100 6
18
19
#18145
0&
08
09
#18150
b00000000000000000000011100010111 "
b00000000000000000000011100010111 $
1&
b0011100010100 3
b0011100010101 6
18
19
#18155
0&
08
09
#18160
b00000000000000000000011100011000 "
b00000000000000000000011100011000 $
1&
b0011100010101 3
b0011100010110 6
18
19
#18165
0&
08
09
#18170
b00000000000000000000011100011001 "
b00000000000000000000011100011001 $
1&
b0011100010110 3
b0011100010111 6
18
19
#18175
0&
08
09
#18180
b00000000000000000000011100011010 "
b00000000000000000000011100011010 $
1&
b0011100010111 3
b0011100011000 6
18
19
#18185
0&
08
09
#18190
b00000000000000000000011100011011 "
b00000000000000000000011100011011 $
1&
b0011100011000 3
b0011100011001 6
18
19
#18195
0&
08
09
#18200
b00000000000000000000011100011100 "
b00000000000000000000011100011100 $
1&
b0011100011001 3
b0011100011010 6
18
19
#18205
0&
08
09
#18210
b00000000000000000000011100011101 "
b00000000000000000000011100011101 $
1&
b0011100011010 3
b0011100011011 6
18
19
#18215
0&
08
09
#18220
b00000000000000000000011100011110 "
b00000000000000000000011100011110 $
1&
b0011100011011 3
b0011100011100 6
18
19
#18225
0&
08
09
#18230
b00000000000000000000011100011111 "
b00000000000000000000011100011111 $
1&
b0011100011100 3
b0011100011101 6
18
19
#18235
0&
08
09
#18240
b00000000000000000000011100100000 "
b00000000000000000000011100100000 $
1&
b0011100011101 3
b0011100011110 6
18
19
#18245
0&
08
09
#18250
b00000000000000000000011100100001 "
b00000000000000000000011100100001 $
1&
b0011100011110 3
b0011100011111 6
18
19
#18255
0&
08
09
#18260
b00000000000000000000011100100010 "
b00000000000000000000011100100010 $
1&
b0011100011111 3
b0011100100000 6
18
19
#18265
0&
08
09
#18270
b00000000000000000000011100100011 "
b00000000000000000000011100100011 $
1&
b0011100100000 3
b0011100100001 6
18
19
#18275
0&
08
09
#18280
b00000000000000000000011100100100 "
b00000000000000000000011100100100 $
1&
b0011100100001 3
b0011100100010 6
18
19
#18285
0&
08
09
#18290
b00000000000000000000011100100101 "
b00000000000000000000011100100101 $
1&
b0011100100010 3
b0011100100011 6
18
19
#18295
0&
08
09
#18300
b00000000000000000000011100100110 "
b00000000000000000000011100100110 $
1&
b0011100100011 3
b0011100100100 6
18
19
#18305
0&
08
09
#18310
b00000000000000000000011100100111 "
b00000000000000000000011100100111 $
1&
b0011100100100 3
b0011100100101 6
18
19
#18315
0&
08
09
#18320
b00000000000000000000011100101000 "
b00000000000000000000011100101000 $
1&
b0011100100101 3
b0011100100110 6
18
19
#18325
0&
08
09
#18330
b00000000000000000000011100101001 "
b00000000000000000000011100101001 $
1&
b0011100100110 3
b0011100100111 6
18
19
#18335
0&
08
09
#18340
b00000000000000000000011100101010 "
b00000000000000000000011100101010 $
1&
b0011100100111 3
b0011100101000 6
18
19
#18345
0&
08
09
#18350
b00000000000000000000011100101011 "
b00000000000000000000011100101011 $
1&
b0011100101000 3
b0011100101001 6
18
19
#18355
0&
08
09
#18360
b00000000000000000000011100101100 "
b00000000000000000000011100101100 $
1&
b0011100101001 3
b0011100101010 6
18
19
#18365
0&
08
09
#18370
b00000000000000000000011100101101 "
b00000000000000000000011100101101 $
1&
b0011100101010 3
b0011100101011 6
18
19
#18375
0&
08
09
#18380
b00000000000000000000011100101110 "
b00000000000000000000011100101110 $
1&
b0011100101011 3
b0011100101100 6
18
19
#18385
0&
08
09
#18390
b00000000000000000000011100101111 "
b00000000000000000000011100101111 $
1&
b0011100101100 3
b0011100101101 6
18
19
#18395
0&
08
09
#18400
b00000000000000000000011100110000 "
b00000000000000000000011100110000 $
1&
b0011100101101 3
b0011100101110 6
18
19
#18405
0&
08
09
#18410
b00000000000000000000011100110001 "
b00000000000000000000011100110001 $
1&
b0011100101110 3
b0011100101111 6
18
19
#18415
0&
08
09
#18420
b00000000000000000000011100110010 "
b00000000000000000000011100110010 $
1&
b0011100101111 3
b0011100110000 6
18
19
#18425
0&
08
09
#18430
b00000000000000000000011100110011 "
b00000000000000000000011100110011 $
1&
b0011100110000 3
b0011100110001 6
18
19
#18435
0&
08
09
#18440
b00000000000000000000011100110100 "
b00000000000000000000011100110100 $
1&
b0011100110001 3
b0011100110010 6
18
19
#18445
0&
08
09
#18450
b00000000000000000000011100110101 "
b00000000000000000000011100110101 $
1&
b0011100110010 3
b0011100110011 6
18
19
#18455
0&
08
09
#18460
b00000000000000000000011100110110 "
b00000000000000000000011100110110 $
1&
b0011100110011 3
b0011100110100 6
18
19
#18465
0&
08
09
#18470
b00000000000000000000011100110111 "
b00000000000000000000011100110111 $
1&
b0011100110100 3
b0011100110101 6
18
19
#18475
0&
08
09
#18480
b00000000000000000000011100111000 "
b00000000000000000000011100111000 $
1&
b0011100110101 3
b0011100110110 6
18
19
#18485
0&
08
09
#18490
b00000000000000000000011100111001 "
b00000000000000000000011100111001 $
1&
b0011100110110 3
b0011100110111 6
18
19
#18495
0&
08
09
#18500
b00000000000000000000011100111010 "
b00000000000000000000011100111010 $
1&
b0011100110111 3
b0011100111000 6
18
19
#18505
0&
08
09
#18510
b00000000000000000000011100111011 "
b00000000000000000000011100111011 $
1&
b0011100111000 3
b0011100111001 6
18
19
#18515
0&
08
09
#18520
b00000000000000000000011100111100 "
b00000000000000000000011100111100 $
1&
b0011100111001 3
b0011100111010 6
18
19
#18525
0&
08
09
#18530
b00000000000000000000011100111101 "
b00000000000000000000011100111101 $
1&
b0011100111010 3
b0011100111011 6
18
19
#18535
0&
08
09
#18540
b00000000000000000000011100111110 "
b00000000000000000000011100111110 $
1&
b0011100111011 3
b0011100111100 6
18
19
#18545
0&
08
09
#18550
b00000000000000000000011100111111 "
b00000000000000000000011100111111 $
1&
b0011100111100 3
b0011100111101 6
18
19
#18555
0&
08
09
#18560
b00000000000000000000011101000000 "
b00000000000000000000011101000000 $
1&
b0011100111101 3
b0011100111110 6
18
19
#18565
0&
08
09
#18570
b00000000000000000000011101000001 "
b00000000000000000000011101000001 $
1&
b0011100111110 3
b0011100111111 6
18
19
#18575
0&
08
09
#18580
b00000000000000000000011101000010 "
b00000000000000000000011101000010 $
1&
b0011100111111 3
b0011101000000 6
18
19
#18585
0&
08
09
#18590
b00000000000000000000011101000011 "
b00000000000000000000011101000011 $
1&
b0011101000000 3
b0011101000001 6
18
19
#18595
0&
08
09
#18600
b00000000000000000000011101000100 "
b00000000000000000000011101000100 $
1&
b0011101000001 3
b0011101000010 6
18
19
#18605
0&
08
09
#18610
b00000000000000000000011101000101 "
b00000000000000000000011101000101 $
1&
b0011101000010 3
b0011101000011 6
18
19
#18615
0&
08
09
#18620
b00000000000000000000011101000110 "
b00000000000000000000011101000110 $
1&
b0011101000011 3
b0011101000100 6
18
19
#18625
0&
08
09
#18630
b00000000000000000000011101000111 "
b00000000000000000000011101000111 $
1&
b0011101000100 3
b0011101000101 6
18
19
#18635
0&
08
09
#18640
b00000000000000000000011101001000 "
b00000000000000000000011101001000 $
1&
b0011101000101 3
b0011101000110 6
18
19
#18645
0&
08
09
#18650
b00000000000000000000011101001001 "
b00000000000000000000011101001001 $
1&
b0011101000110 3
b0011101000111 6
18
19
#18655
0&
08
09
#18660
b00000000000000000000011101001010 "
b00000000000000000000011101001010 $
1&
b0011101000111 3
b0011101001000 6
18
19
#18665
0&
08
09
#18670
b00000000000000000000011101001011 "
b00000000000000000000011101001011 $
1&
b0011101001000 3
b0011101001001 6
18
19
#18675
0&
08
09
#18680
b00000000000000000000011101001100 "
b00000000000000000000011101001100 $
1&
b0011101001001 3
b0011101001010 6
18
19
#18685
0&
08
09
#18690
b00000000000000000000011101001101 "
b00000000000000000000011101001101 $
1&
b0011101001010 3
b0011101001011 6
18
19
#18695
0&
08
09
#18700
b00000000000000000000011101001110 "
b00000000000000000000011101001110 $
1&
b0011101001011 3
b0011101001100 6
18
19
#18705
0&
08
09
#18710
b00000000000000000000011101001111 "
b00000000000000000000011101001111 $
1&
b0011101001100 3
b0011101001101 6
18
19
#18715
0&
08
09
#18720
b00000000000000000000011101010000 "
b00000000000000000000011101010000 $
1&
b0011101001101 3
b0011101001110 6
18
19
#18725
0&
08
09
#18730
b00000000000000000000011101010001 "
b00000000000000000000011101010001 $
1&
b0011101001110 3
b0011101001111 6
18
19
#18735
0&
08
09
#18740
b00000000000000000000011101010010 "
b00000000000000000000011101010010 $
1&
b0011101001111 3
b0011101010000 6
18
19
#18745
0&
08
09
#18750
b00000000000000000000011101010011 "
b00000000000000000000011101010011 $
1&
b0011101010000 3
b0011101010001 6
18
19
#18755
0&
08
09
#18760
b00000000000000000000011101010100 "
b00000000000000000000011101010100 $
1&
b0011101010001 3
b0011101010010 6
18
19
#18765
0&
08
09
#18770
b00000000000000000000011101010101 "
b00000000000000000000011101010101 $
1&
b0011101010010 3
b0011101010011 6
18
19
#18775
0&
08
09
#18780
b00000000000000000000011101010110 "
b00000000000000000000011101010110 $
1&
b0011101010011 3
b0011101010100 6
18
19
#18785
0&
08
09
#18790
b00000000000000000000011101010111 "
b00000000000000000000011101010111 $
1&
b0011101010100 3
b0011101010101 6
18
19
#18795
0&
08
09
#18800
b00000000000000000000011101011000 "
b00000000000000000000011101011000 $
1&
b0011101010101 3
b0011101010110 6
18
19
#18805
0&
08
09
#18810
b00000000000000000000011101011001 "
b00000000000000000000011101011001 $
1&
b0011101010110 3
b0011101010111 6
18
19
#18815
0&
08
09
#18820
b00000000000000000000011101011010 "
b00000000000000000000011101011010 $
1&
b0011101010111 3
b0011101011000 6
18
19
#18825
0&
08
09
#18830
b00000000000000000000011101011011 "
b00000000000000000000011101011011 $
1&
b0011101011000 3
b0011101011001 6
18
19
#18835
0&
08
09
#18840
b00000000000000000000011101011100 "
b00000000000000000000011101011100 $
1&
b0011101011001 3
b0011101011010 6
18
19
#18845
0&
08
09
#18850
b00000000000000000000011101011101 "
b00000000000000000000011101011101 $
1&
b0011101011010 3
b0011101011011 6
18
19
#18855
0&
08
09
#18860
b00000000000000000000011101011110 "
b00000000000000000000011101011110 $
1&
b0011101011011 3
b0011101011100 6
18
19
#18865
0&
08
09
#18870
b00000000000000000000011101011111 "
b00000000000000000000011101011111 $
1&
b0011101011100 3
b0011101011101 6
18
19
#18875
0&
08
09
#18880
b00000000000000000000011101100000 "
b00000000000000000000011101100000 $
1&
b0011101011101 3
b0011101011110 6
18
19
#18885
0&
08
09
#18890
b00000000000000000000011101100001 "
b00000000000000000000011101100001 $
1&
b0011101011110 3
b0011101011111 6
18
19
#18895
0&
08
09
#18900
b00000000000000000000011101100010 "
b00000000000000000000011101100010 $
1&
b0011101011111 3
b0011101100000 6
18
19
#18905
0&
08
09
#18910
b00000000000000000000011101100011 "
b00000000000000000000011101100011 $
1&
b0011101100000 3
b0011101100001 6
18
19
#18915
0&
08
09
#18920
b00000000000000000000011101100100 "
b00000000000000000000011101100100 $
1&
b0011101100001 3
b0011101100010 6
18
19
#18925
0&
08
09
#18930
b00000000000000000000011101100101 "
b00000000000000000000011101100101 $
1&
b0011101100010 3
b0011101100011 6
18
19
#18935
0&
08
09
#18940
b00000000000000000000011101100110 "
b00000000000000000000011101100110 $
1&
b0011101100011 3
b0011101100100 6
18
19
#18945
0&
08
09
#18950
b00000000000000000000011101100111 "
b00000000000000000000011101100111 $
1&
b0011101100100 3
b0011101100101 6
18
19
#18955
0&
08
09
#18960
b00000000000000000000011101101000 "
b00000000000000000000011101101000 $
1&
b0011101100101 3
b0011101100110 6
18
19
#18965
0&
08
09
#18970
b00000000000000000000011101101001 "
b00000000000000000000011101101001 $
1&
b0011101100110 3
b0011101100111 6
18
19
#18975
0&
08
09
#18980
b00000000000000000000011101101010 "
b00000000000000000000011101101010 $
1&
b0011101100111 3
b0011101101000 6
18
19
#18985
0&
08
09
#18990
b00000000000000000000011101101011 "
b00000000000000000000011101101011 $
1&
b0011101101000 3
b0011101101001 6
18
19
#18995
0&
08
09
#19000
b00000000000000000000011101101100 "
b00000000000000000000011101101100 $
1&
b0011101101001 3
b0011101101010 6
18
19
#19005
0&
08
09
#19010
b00000000000000000000011101101101 "
b00000000000000000000011101101101 $
1&
b0011101101010 3
b0011101101011 6
18
19
#19015
0&
08
09
#19020
b00000000000000000000011101101110 "
b00000000000000000000011101101110 $
1&
b0011101101011 3
b0011101101100 6
18
19
#19025
0&
08
09
#19030
b00000000000000000000011101101111 "
b00000000000000000000011101101111 $
1&
b0011101101100 3
b0011101101101 6
18
19
#19035
0&
08
09
#19040
b00000000000000000000011101110000 "
b00000000000000000000011101110000 $
1&
b0011101101101 3
b0011101101110 6
18
19
#19045
0&
08
09
#19050
b00000000000000000000011101110001 "
b00000000000000000000011101110001 $
1&
b0011101101110 3
b0011101101111 6
18
19
#19055
0&
08
09
#19060
b00000000000000000000011101110010 "
b00000000000000000000011101110010 $
1&
b0011101101111 3
b0011101110000 6
18
19
#19065
0&
08
09
#19070
b00000000000000000000011101110011 "
b00000000000000000000011101110011 $
1&
b0011101110000 3
b0011101110001 6
18
19
#19075
0&
08
09
#19080
b00000000000000000000011101110100 "
b00000000000000000000011101110100 $
1&
b0011101110001 3
b0011101110010 6
18
19
#19085
0&
08
09
#19090
b00000000000000000000011101110101 "
b00000000000000000000011101110101 $
1&
b0011101110010 3
b0011101110011 6
18
19
#19095
0&
08
09
#19100
b00000000000000000000011101110110 "
b00000000000000000000011101110110 $
1&
b0011101110011 3
b0011101110100 6
18
19
#19105
0&
08
09
#19110
b00000000000000000000011101110111 "
b00000000000000000000011101110111 $
1&
b0011101110100 3
b0011101110101 6
18
19
#19115
0&
08
09
#19120
b00000000000000000000011101111000 "
b00000000000000000000011101111000 $
1&
b0011101110101 3
b0011101110110 6
18
19
#19125
0&
08
09
#19130
b00000000000000000000011101111001 "
b00000000000000000000011101111001 $
1&
b0011101110110 3
b0011101110111 6
18
19
#19135
0&
08
09
#19140
b00000000000000000000011101111010 "
b00000000000000000000011101111010 $
1&
b0011101110111 3
b0011101111000 6
18
19
#19145
0&
08
09
#19150
b00000000000000000000011101111011 "
b00000000000000000000011101111011 $
1&
b0011101111000 3
b0011101111001 6
18
19
#19155
0&
08
09
#19160
b00000000000000000000011101111100 "
b00000000000000000000011101111100 $
1&
b0011101111001 3
b0011101111010 6
18
19
#19165
0&
08
09
#19170
b00000000000000000000011101111101 "
b00000000000000000000011101111101 $
1&
b0011101111010 3
b0011101111011 6
18
19
#19175
0&
08
09
#19180
b00000000000000000000011101111110 "
b00000000000000000000011101111110 $
1&
b0011101111011 3
b0011101111100 6
18
19
#19185
0&
08
09
#19190
b00000000000000000000011101111111 "
b00000000000000000000011101111111 $
1&
b0011101111100 3
b0011101111101 6
18
19
#19195
0&
08
09
#19200
b00000000000000000000011110000000 "
b00000000000000000000011110000000 $
1&
b0011101111101 3
b0011101111110 6
18
19
#19205
0&
08
09
#19210
b00000000000000000000011110000001 "
b00000000000000000000011110000001 $
1&
b0011101111110 3
b0011101111111 6
18
19
#19215
0&
08
09
#19220
b00000000000000000000011110000010 "
b00000000000000000000011110000010 $
1&
b0011101111111 3
b0011110000000 6
18
19
#19225
0&
08
09
#19230
b00000000000000000000011110000011 "
b00000000000000000000011110000011 $
1&
b0011110000000 3
b0011110000001 6
18
19
#19235
0&
08
09
#19240
b00000000000000000000011110000100 "
b00000000000000000000011110000100 $
1&
b0011110000001 3
b0011110000010 6
18
19
#19245
0&
08
09
#19250
b00000000000000000000011110000101 "
b00000000000000000000011110000101 $
1&
b0011110000010 3
b0011110000011 6
18
19
#19255
0&
08
09
#19260
b00000000000000000000011110000110 "
b00000000000000000000011110000110 $
1&
b0011110000011 3
b0011110000100 6
18
19
#19265
0&
08
09
#19270
b00000000000000000000011110000111 "
b00000000000000000000011110000111 $
1&
b0011110000100 3
b0011110000101 6
18
19
#19275
0&
08
09
#19280
b00000000000000000000011110001000 "
b00000000000000000000011110001000 $
1&
b0011110000101 3
b0011110000110 6
18
19
#19285
0&
08
09
#19290
b00000000000000000000011110001001 "
b00000000000000000000011110001001 $
1&
b0011110000110 3
b0011110000111 6
18
19
#19295
0&
08
09
#19300
b00000000000000000000011110001010 "
b00000000000000000000011110001010 $
1&
b0011110000111 3
b0011110001000 6
18
19
#19305
0&
08
09
#19310
b00000000000000000000011110001011 "
b00000000000000000000011110001011 $
1&
b0011110001000 3
b0011110001001 6
18
19
#19315
0&
08
09
#19320
b00000000000000000000011110001100 "
b00000000000000000000011110001100 $
1&
b0011110001001 3
b0011110001010 6
18
19
#19325
0&
08
09
#19330
b00000000000000000000011110001101 "
b00000000000000000000011110001101 $
1&
b0011110001010 3
b0011110001011 6
18
19
#19335
0&
08
09
#19340
b00000000000000000000011110001110 "
b00000000000000000000011110001110 $
1&
b0011110001011 3
b0011110001100 6
18
19
#19345
0&
08
09
#19350
b00000000000000000000011110001111 "
b00000000000000000000011110001111 $
1&
b0011110001100 3
b0011110001101 6
18
19
#19355
0&
08
09
#19360
b00000000000000000000011110010000 "
b00000000000000000000011110010000 $
1&
b0011110001101 3
b0011110001110 6
18
19
#19365
0&
08
09
#19370
b00000000000000000000011110010001 "
b00000000000000000000011110010001 $
1&
b0011110001110 3
b0011110001111 6
18
19
#19375
0&
08
09
#19380
b00000000000000000000011110010010 "
b00000000000000000000011110010010 $
1&
b0011110001111 3
b0011110010000 6
18
19
#19385
0&
08
09
#19390
b00000000000000000000011110010011 "
b00000000000000000000011110010011 $
1&
b0011110010000 3
b0011110010001 6
18
19
#19395
0&
08
09
#19400
b00000000000000000000011110010100 "
b00000000000000000000011110010100 $
1&
b0011110010001 3
b0011110010010 6
18
19
#19405
0&
08
09
#19410
b00000000000000000000011110010101 "
b00000000000000000000011110010101 $
1&
b0011110010010 3
b0011110010011 6
18
19
#19415
0&
08
09
#19420
b00000000000000000000011110010110 "
b00000000000000000000011110010110 $
1&
b0011110010011 3
b0011110010100 6
18
19
#19425
0&
08
09
#19430
b00000000000000000000011110010111 "
b00000000000000000000011110010111 $
1&
b0011110010100 3
b0011110010101 6
18
19
#19435
0&
08
09
#19440
b00000000000000000000011110011000 "
b00000000000000000000011110011000 $
1&
b0011110010101 3
b0011110010110 6
18
19
#19445
0&
08
09
#19450
b00000000000000000000011110011001 "
b00000000000000000000011110011001 $
1&
b0011110010110 3
b0011110010111 6
18
19
#19455
0&
08
09
#19460
b00000000000000000000011110011010 "
b00000000000000000000011110011010 $
1&
b0011110010111 3
b0011110011000 6
18
19
#19465
0&
08
09
#19470
b00000000000000000000011110011011 "
b00000000000000000000011110011011 $
1&
b0011110011000 3
b0011110011001 6
18
19
#19475
0&
08
09
#19480
b00000000000000000000011110011100 "
b00000000000000000000011110011100 $
1&
b0011110011001 3
b0011110011010 6
18
19
#19485
0&
08
09
#19490
b00000000000000000000011110011101 "
b00000000000000000000011110011101 $
1&
b0011110011010 3
b0011110011011 6
18
19
#19495
0&
08
09
#19500
b00000000000000000000011110011110 "
b00000000000000000000011110011110 $
1&
b0011110011011 3
b0011110011100 6
18
19
#19505
0&
08
09
#19510
b00000000000000000000011110011111 "
b00000000000000000000011110011111 $
1&
b0011110011100 3
b0011110011101 6
18
19
#19515
0&
08
09
#19520
b00000000000000000000011110100000 "
b00000000000000000000011110100000 $
1&
b0011110011101 3
b0011110011110 6
18
19
#19525
0&
08
09
#19530
b00000000000000000000011110100001 "
b00000000000000000000011110100001 $
1&
b0011110011110 3
b0011110011111 6
18
19
#19535
0&
08
09
#19540
b00000000000000000000011110100010 "
b00000000000000000000011110100010 $
1&
b0011110011111 3
b0011110100000 6
18
19
#19545
0&
08
09
#19550
b00000000000000000000011110100011 "
b00000000000000000000011110100011 $
1&
b0011110100000 3
b0011110100001 6
18
19
#19555
0&
08
09
#19560
b00000000000000000000011110100100 "
b00000000000000000000011110100100 $
1&
b0011110100001 3
b0011110100010 6
18
19
#19565
0&
08
09
#19570
b00000000000000000000011110100101 "
b00000000000000000000011110100101 $
1&
b0011110100010 3
b0011110100011 6
18
19
#19575
0&
08
09
#19580
b00000000000000000000011110100110 "
b00000000000000000000011110100110 $
1&
b0011110100011 3
b0011110100100 6
18
19
#19585
0&
08
09
#19590
b00000000000000000000011110100111 "
b00000000000000000000011110100111 $
1&
b0011110100100 3
b0011110100101 6
18
19
#19595
0&
08
09
#19600
b00000000000000000000011110101000 "
b00000000000000000000011110101000 $
1&
b0011110100101 3
b0011110100110 6
18
19
#19605
0&
08
09
#19610
b00000000000000000000011110101001 "
b00000000000000000000011110101001 $
1&
b0011110100110 3
b0011110100111 6
18
19
#19615
0&
08
09
#19620
b00000000000000000000011110101010 "
b00000000000000000000011110101010 $
1&
b0011110100111 3
b0011110101000 6
18
19
#19625
0&
08
09
#19630
b00000000000000000000011110101011 "
b00000000000000000000011110101011 $
1&
b0011110101000 3
b0011110101001 6
18
19
#19635
0&
08
09
#19640
b00000000000000000000011110101100 "
b00000000000000000000011110101100 $
1&
b0011110101001 3
b0011110101010 6
18
19
#19645
0&
08
09
#19650
b00000000000000000000011110101101 "
b00000000000000000000011110101101 $
1&
b0011110101010 3
b0011110101011 6
18
19
#19655
0&
08
09
#19660
b00000000000000000000011110101110 "
b00000000000000000000011110101110 $
1&
b0011110101011 3
b0011110101100 6
18
19
#19665
0&
08
09
#19670
b00000000000000000000011110101111 "
b00000000000000000000011110101111 $
1&
b0011110101100 3
b0011110101101 6
18
19
#19675
0&
08
09
#19680
b00000000000000000000011110110000 "
b00000000000000000000011110110000 $
1&
b0011110101101 3
b0011110101110 6
18
19
#19685
0&
08
09
#19690
b00000000000000000000011110110001 "
b00000000000000000000011110110001 $
1&
b0011110101110 3
b0011110101111 6
18
19
#19695
0&
08
09
#19700
b00000000000000000000011110110010 "
b00000000000000000000011110110010 $
1&
b0011110101111 3
b0011110110000 6
18
19
#19705
0&
08
09
#19710
b00000000000000000000011110110011 "
b00000000000000000000011110110011 $
1&
b0011110110000 3
b0011110110001 6
18
19
#19715
0&
08
09
#19720
b00000000000000000000011110110100 "
b00000000000000000000011110110100 $
1&
b0011110110001 3
b0011110110010 6
18
19
#19725
0&
08
09
#19730
b00000000000000000000011110110101 "
b00000000000000000000011110110101 $
1&
b0011110110010 3
b0011110110011 6
18
19
#19735
0&
08
09
#19740
b00000000000000000000011110110110 "
b00000000000000000000011110110110 $
1&
b0011110110011 3
b0011110110100 6
18
19
#19745
0&
08
09
#19750
b00000000000000000000011110110111 "
b00000000000000000000011110110111 $
1&
b0011110110100 3
b0011110110101 6
18
19
#19755
0&
08
09
#19760
b00000000000000000000011110111000 "
b00000000000000000000011110111000 $
1&
b0011110110101 3
b0011110110110 6
18
19
#19765
0&
08
09
#19770
b00000000000000000000011110111001 "
b00000000000000000000011110111001 $
1&
b0011110110110 3
b0011110110111 6
18
19
#19775
0&
08
09
#19780
b00000000000000000000011110111010 "
b00000000000000000000011110111010 $
1&
b0011110110111 3
b0011110111000 6
18
19
#19785
0&
08
09
#19790
b00000000000000000000011110111011 "
b00000000000000000000011110111011 $
1&
b0011110111000 3
b0011110111001 6
18
19
#19795
0&
08
09
#19800
b00000000000000000000011110111100 "
b00000000000000000000011110111100 $
1&
b0011110111001 3
b0011110111010 6
18
19
#19805
0&
08
09
#19810
b00000000000000000000011110111101 "
b00000000000000000000011110111101 $
1&
b0011110111010 3
b0011110111011 6
18
19
#19815
0&
08
09
#19820
b00000000000000000000011110111110 "
b00000000000000000000011110111110 $
1&
b0011110111011 3
b0011110111100 6
18
19
#19825
0&
08
09
#19830
b00000000000000000000011110111111 "
b00000000000000000000011110111111 $
1&
b0011110111100 3
b0011110111101 6
18
19
#19835
0&
08
09
#19840
b00000000000000000000011111000000 "
b00000000000000000000011111000000 $
1&
b0011110111101 3
b0011110111110 6
18
19
#19845
0&
08
09
#19850
b00000000000000000000011111000001 "
b00000000000000000000011111000001 $
1&
b0011110111110 3
b0011110111111 6
18
19
#19855
0&
08
09
#19860
b00000000000000000000011111000010 "
b00000000000000000000011111000010 $
1&
b0011110111111 3
b0011111000000 6
18
19
#19865
0&
08
09
#19870
b00000000000000000000011111000011 "
b00000000000000000000011111000011 $
1&
b0011111000000 3
b0011111000001 6
18
19
#19875
0&
08
09
#19880
b00000000000000000000011111000100 "
b00000000000000000000011111000100 $
1&
b0011111000001 3
b0011111000010 6
18
19
#19885
0&
08
09
#19890
b00000000000000000000011111000101 "
b00000000000000000000011111000101 $
1&
b0011111000010 3
b0011111000011 6
18
19
#19895
0&
08
09
#19900
b00000000000000000000011111000110 "
b00000000000000000000011111000110 $
1&
b0011111000011 3
b0011111000100 6
18
19
#19905
0&
08
09
#19910
b00000000000000000000011111000111 "
b00000000000000000000011111000111 $
1&
b0011111000100 3
b0011111000101 6
18
19
#19915
0&
08
09
#19920
b00000000000000000000011111001000 "
b00000000000000000000011111001000 $
1&
b0011111000101 3
b0011111000110 6
18
19
#19925
0&
08
09
#19930
b00000000000000000000011111001001 "
b00000000000000000000011111001001 $
1&
b0011111000110 3
b0011111000111 6
18
19
#19935
0&
08
09
#19940
b00000000000000000000011111001010 "
b00000000000000000000011111001010 $
1&
b0011111000111 3
b0011111001000 6
18
19
#19945
0&
08
09
#19950
b00000000000000000000011111001011 "
b00000000000000000000011111001011 $
1&
b0011111001000 3
b0011111001001 6
18
19
#19955
0&
08
09
#19960
b00000000000000000000011111001100 "
b00000000000000000000011111001100 $
1&
b0011111001001 3
b0011111001010 6
18
19
#19965
0&
08
09
#19970
b00000000000000000000011111001101 "
b00000000000000000000011111001101 $
1&
b0011111001010 3
b0011111001011 6
18
19
#19975
0&
08
09
#19980
b00000000000000000000011111001110 "
b00000000000000000000011111001110 $
1&
b0011111001011 3
b0011111001100 6
18
19
#19985
0&
08
09
#19990
b00000000000000000000011111001111 "
b00000000000000000000011111001111 $
1&
b0011111001100 3
b0011111001101 6
18
19
#19995
0&
08
09
#20000
b00000000000000000000011111010000 "
b00000000000000000000011111010000 $
1&
b0011111001101 3
b0011111001110 6
18
19
#20005
0&
08
09
#20010
b00000000000000000000011111010001 "
b00000000000000000000011111010001 $
1&
b0011111001110 3
b0011111001111 6
18
19
#20015
0&
08
09
#20020
b00000000000000000000011111010010 "
b00000000000000000000011111010010 $
1&
b0011111001111 3
b0011111010000 6
18
19
#20025
0&
08
09
#20030
b00000000000000000000011111010011 "
b00000000000000000000011111010011 $
1&
b0011111010000 3
b0011111010001 6
18
19
#20035
0&
08
09
#20040
b00000000000000000000011111010100 "
b00000000000000000000011111010100 $
1&
b0011111010001 3
b0011111010010 6
18
19
#20045
0&
08
09
#20050
b00000000000000000000011111010101 "
b00000000000000000000011111010101 $
1&
b0011111010010 3
b0011111010011 6
18
19
#20055
0&
08
09
#20060
b00000000000000000000011111010110 "
b00000000000000000000011111010110 $
1&
b0011111010011 3
b0011111010100 6
18
19
#20065
0&
08
09
#20070
b00000000000000000000011111010111 "
b00000000000000000000011111010111 $
1&
b0011111010100 3
b0011111010101 6
18
19
#20075
0&
08
09
#20080
b00000000000000000000011111011000 "
b00000000000000000000011111011000 $
1&
b0011111010101 3
b0011111010110 6
18
19
#20085
0&
08
09
#20090
b00000000000000000000011111011001 "
b00000000000000000000011111011001 $
1&
b0011111010110 3
b0011111010111 6
18
19
#20095
0&
08
09
#20100
b00000000000000000000011111011010 "
b00000000000000000000011111011010 $
1&
b0011111010111 3
b0011111011000 6
18
19
#20105
0&
08
09
#20110
b00000000000000000000011111011011 "
b00000000000000000000011111011011 $
1&
b0011111011000 3
b0011111011001 6
18
19
#20115
0&
08
09
#20120
b00000000000000000000011111011100 "
b00000000000000000000011111011100 $
1&
b0011111011001 3
b0011111011010 6
18
19
#20125
0&
08
09
#20130
b00000000000000000000011111011101 "
b00000000000000000000011111011101 $
1&
b0011111011010 3
b0011111011011 6
18
19
#20135
0&
08
09
#20140
b00000000000000000000011111011110 "
b00000000000000000000011111011110 $
1&
b0011111011011 3
b0011111011100 6
18
19
#20145
0&
08
09
#20150
b00000000000000000000011111011111 "
b00000000000000000000011111011111 $
1&
b0011111011100 3
b0011111011101 6
18
19
#20155
0&
08
09
#20160
b00000000000000000000011111100000 "
b00000000000000000000011111100000 $
1&
b0011111011101 3
b0011111011110 6
18
19
#20165
0&
08
09
#20170
b00000000000000000000011111100001 "
b00000000000000000000011111100001 $
1&
b0011111011110 3
b0011111011111 6
18
19
#20175
0&
08
09
#20180
b00000000000000000000011111100010 "
b00000000000000000000011111100010 $
1&
b0011111011111 3
b0011111100000 6
18
19
#20185
0&
08
09
#20190
b00000000000000000000011111100011 "
b00000000000000000000011111100011 $
1&
b0011111100000 3
b0011111100001 6
18
19
#20195
0&
08
09
#20200
b00000000000000000000011111100100 "
b00000000000000000000011111100100 $
1&
b0011111100001 3
b0011111100010 6
18
19
#20205
0&
08
09
#20210
b00000000000000000000011111100101 "
b00000000000000000000011111100101 $
1&
b0011111100010 3
b0011111100011 6
18
19
#20215
0&
08
09
#20220
b00000000000000000000011111100110 "
b00000000000000000000011111100110 $
1&
b0011111100011 3
b0011111100100 6
18
19
#20225
0&
08
09
#20230
b00000000000000000000011111100111 "
b00000000000000000000011111100111 $
1&
b0011111100100 3
b0011111100101 6
18
19
#20235
0&
08
09
#20240
b00000000000000000000011111101000 "
b00000000000000000000011111101000 $
1&
b0011111100101 3
b0011111100110 6
18
19
#20245
0&
08
09
#20250
b00000000000000000000011111101001 "
b00000000000000000000011111101001 $
1&
b0011111100110 3
b0011111100111 6
18
19
#20255
0&
08
09
#20260
b00000000000000000000011111101010 "
b00000000000000000000011111101010 $
1&
b0011111100111 3
b0011111101000 6
18
19
#20265
0&
08
09
#20270
b00000000000000000000011111101011 "
b00000000000000000000011111101011 $
1&
b0011111101000 3
b0011111101001 6
18
19
#20275
0&
08
09
#20280
b00000000000000000000011111101100 "
b00000000000000000000011111101100 $
1&
b0011111101001 3
b0011111101010 6
18
19
#20285
0&
08
09
#20290
b00000000000000000000011111101101 "
b00000000000000000000011111101101 $
1&
b0011111101010 3
b0011111101011 6
18
19
#20295
0&
08
09
#20300
b00000000000000000000011111101110 "
b00000000000000000000011111101110 $
1&
b0011111101011 3
b0011111101100 6
18
19
#20305
0&
08
09
#20310
b00000000000000000000011111101111 "
b00000000000000000000011111101111 $
1&
b0011111101100 3
b0011111101101 6
18
19
#20315
0&
08
09
#20320
b00000000000000000000011111110000 "
b00000000000000000000011111110000 $
1&
b0011111101101 3
b0011111101110 6
18
19
#20325
0&
08
09
#20330
b00000000000000000000011111110001 "
b00000000000000000000011111110001 $
1&
b0011111101110 3
b0011111101111 6
18
19
#20335
0&
08
09
#20340
b00000000000000000000011111110010 "
b00000000000000000000011111110010 $
1&
b0011111101111 3
b0011111110000 6
18
19
#20345
0&
08
09
#20350
b00000000000000000000011111110011 "
b00000000000000000000011111110011 $
1&
b0011111110000 3
b0011111110001 6
18
19
#20355
0&
08
09
#20360
b00000000000000000000011111110100 "
b00000000000000000000011111110100 $
1&
b0011111110001 3
b0011111110010 6
18
19
#20365
0&
08
09
#20370
b00000000000000000000011111110101 "
b00000000000000000000011111110101 $
1&
b0011111110010 3
b0011111110011 6
18
19
#20375
0&
08
09
#20380
b00000000000000000000011111110110 "
b00000000000000000000011111110110 $
1&
b0011111110011 3
b0011111110100 6
18
19
#20385
0&
08
09
#20390
b00000000000000000000011111110111 "
b00000000000000000000011111110111 $
1&
b0011111110100 3
b0011111110101 6
18
19
#20395
0&
08
09
#20400
b00000000000000000000011111111000 "
b00000000000000000000011111111000 $
1&
b0011111110101 3
b0011111110110 6
18
19
#20405
0&
08
09
#20410
b00000000000000000000011111111001 "
b00000000000000000000011111111001 $
1&
b0011111110110 3
b0011111110111 6
18
19
#20415
0&
08
09
#20420
b00000000000000000000011111111010 "
b00000000000000000000011111111010 $
1&
b0011111110111 3
b0011111111000 6
18
19
#20425
0&
08
09
#20430
b00000000000000000000011111111011 "
b00000000000000000000011111111011 $
1&
b0011111111000 3
b0011111111001 6
18
19
#20435
0&
08
09
#20440
b00000000000000000000011111111100 "
b00000000000000000000011111111100 $
1&
b0011111111001 3
b0011111111010 6
18
19
#20445
0&
08
09
#20450
b00000000000000000000011111111101 "
b00000000000000000000011111111101 $
1&
b0011111111010 3
b0011111111011 6
18
19
#20455
0&
08
09
#20460
b00000000000000000000011111111110 "
b00000000000000000000011111111110 $
1&
b0011111111011 3
b0011111111100 6
18
19
#20465
0&
08
09
#20470
b00000000000000000000011111111111 "
b00000000000000000000011111111111 $
1&
b0011111111100 3
b0011111111101 6
18
19
#20475
0&
08
09
#20480
b00000000000000000000100000000000 "
b00000000000000000000100000000000 $
1&
b0011111111101 3
b0011111111110 6
18
19
#20485
0&
08
09
#20490
b00000000000000000000100000000001 "
b00000000000000000000100000000001 $
1&
b0011111111110 3
b0011111111111 6
18
19
#20495
0&
08
09
#20500
b00000000000000000000100000000010 "
b00000000000000000000100000000010 $
1&
b0011111111111 3
b0100000000000 6
18
19
#20505
0&
08
09
#20510
b00000000000000000000100000000011 "
b00000000000000000000100000000011 $
1&
b0100000000000 3
b0100000000001 6
18
19
#20515
0&
08
09
#20520
b00000000000000000000100000000100 "
b00000000000000000000100000000100 $
1&
b0100000000001 3
b0100000000010 6
18
19
#20525
0&
08
09
#20530
b00000000000000000000100000000101 "
b00000000000000000000100000000101 $
1&
b0100000000010 3
b0100000000011 6
18
19
#20535
0&
08
09
#20540
b00000000000000000000100000000110 "
b00000000000000000000100000000110 $
1&
b0100000000011 3
b0100000000100 6
18
19
#20545
0&
08
09
#20550
b00000000000000000000100000000111 "
b00000000000000000000100000000111 $
1&
b0100000000100 3
b0100000000101 6
18
19
#20555
0&
08
09
#20560
b00000000000000000000100000001000 "
b00000000000000000000100000001000 $
1&
b0100000000101 3
b0100000000110 6
18
19
#20565
0&
08
09
#20570
b00000000000000000000100000001001 "
b00000000000000000000100000001001 $
1&
b0100000000110 3
b0100000000111 6
18
19
#20575
0&
08
09
#20580
b00000000000000000000100000001010 "
b00000000000000000000100000001010 $
1&
b0100000000111 3
b0100000001000 6
18
19
#20585
0&
08
09
#20590
b00000000000000000000100000001011 "
b00000000000000000000100000001011 $
1&
b0100000001000 3
b0100000001001 6
18
19
#20595
0&
08
09
#20600
b00000000000000000000100000001100 "
b00000000000000000000100000001100 $
1&
b0100000001001 3
b0100000001010 6
18
19
#20605
0&
08
09
#20610
b00000000000000000000100000001101 "
b00000000000000000000100000001101 $
1&
b0100000001010 3
b0100000001011 6
18
19
#20615
0&
08
09
#20620
b00000000000000000000100000001110 "
b00000000000000000000100000001110 $
1&
b0100000001011 3
b0100000001100 6
18
19
#20625
0&
08
09
#20630
b00000000000000000000100000001111 "
b00000000000000000000100000001111 $
1&
b0100000001100 3
b0100000001101 6
18
19
#20635
0&
08
09
#20640
b00000000000000000000100000010000 "
b00000000000000000000100000010000 $
1&
b0100000001101 3
b0100000001110 6
18
19
#20645
0&
08
09
#20650
b00000000000000000000100000010001 "
b00000000000000000000100000010001 $
1&
b0100000001110 3
b0100000001111 6
18
19
#20655
0&
08
09
#20660
b00000000000000000000100000010010 "
b00000000000000000000100000010010 $
1&
b0100000001111 3
b0100000010000 6
18
19
#20665
0&
08
09
#20670
b00000000000000000000100000010011 "
b00000000000000000000100000010011 $
1&
b0100000010000 3
b0100000010001 6
18
19
#20675
0&
08
09
#20680
b00000000000000000000100000010100 "
b00000000000000000000100000010100 $
1&
b0100000010001 3
b0100000010010 6
18
19
#20685
0&
08
09
#20690
b00000000000000000000100000010101 "
b00000000000000000000100000010101 $
1&
b0100000010010 3
b0100000010011 6
18
19
#20695
0&
08
09
#20700
b00000000000000000000100000010110 "
b00000000000000000000100000010110 $
1&
b0100000010011 3
b0100000010100 6
18
19
#20705
0&
08
09
#20710
b00000000000000000000100000010111 "
b00000000000000000000100000010111 $
1&
b0100000010100 3
b0100000010101 6
18
19
#20715
0&
08
09
#20720
b00000000000000000000100000011000 "
b00000000000000000000100000011000 $
1&
b0100000010101 3
b0100000010110 6
18
19
#20725
0&
08
09
#20730
b00000000000000000000100000011001 "
b00000000000000000000100000011001 $
1&
b0100000010110 3
b0100000010111 6
18
19
#20735
0&
08
09
#20740
b00000000000000000000100000011010 "
b00000000000000000000100000011010 $
1&
b0100000010111 3
b0100000011000 6
18
19
#20745
0&
08
09
#20750
b00000000000000000000100000011011 "
b00000000000000000000100000011011 $
1&
b0100000011000 3
b0100000011001 6
18
19
#20755
0&
08
09
#20760
b00000000000000000000100000011100 "
b00000000000000000000100000011100 $
1&
b0100000011001 3
b0100000011010 6
18
19
#20765
0&
08
09
#20770
b00000000000000000000100000011101 "
b00000000000000000000100000011101 $
1&
b0100000011010 3
b0100000011011 6
18
19
#20775
0&
08
09
#20780
b00000000000000000000100000011110 "
b00000000000000000000100000011110 $
1&
b0100000011011 3
b0100000011100 6
18
19
#20785
0&
08
09
#20790
b00000000000000000000100000011111 "
b00000000000000000000100000011111 $
1&
b0100000011100 3
b0100000011101 6
18
19
#20795
0&
08
09
#20800
b00000000000000000000100000100000 "
b00000000000000000000100000100000 $
1&
b0100000011101 3
b0100000011110 6
18
19
#20805
0&
08
09
#20810
b00000000000000000000100000100001 "
b00000000000000000000100000100001 $
1&
b0100000011110 3
b0100000011111 6
18
19
#20815
0&
08
09
#20820
b00000000000000000000100000100010 "
b00000000000000000000100000100010 $
1&
b0100000011111 3
b0100000100000 6
18
19
#20825
0&
08
09
#20830
b00000000000000000000100000100011 "
b00000000000000000000100000100011 $
1&
b0100000100000 3
b0100000100001 6
18
19
#20835
0&
08
09
#20840
b00000000000000000000100000100100 "
b00000000000000000000100000100100 $
1&
b0100000100001 3
b0100000100010 6
18
19
#20845
0&
08
09
#20850
b00000000000000000000100000100101 "
b00000000000000000000100000100101 $
1&
b0100000100010 3
b0100000100011 6
18
19
#20855
0&
08
09
#20860
b00000000000000000000100000100110 "
b00000000000000000000100000100110 $
1&
b0100000100011 3
b0100000100100 6
18
19
#20865
0&
08
09
#20870
b00000000000000000000100000100111 "
b00000000000000000000100000100111 $
1&
b0100000100100 3
b0100000100101 6
18
19
#20875
0&
08
09
#20880
b00000000000000000000100000101000 "
b00000000000000000000100000101000 $
1&
b0100000100101 3
b0100000100110 6
18
19
#20885
0&
08
09
#20890
b00000000000000000000100000101001 "
b00000000000000000000100000101001 $
1&
b0100000100110 3
b0100000100111 6
18
19
#20895
0&
08
09
#20900
b00000000000000000000100000101010 "
b00000000000000000000100000101010 $
1&
b0100000100111 3
b0100000101000 6
18
19
#20905
0&
08
09
#20910
b00000000000000000000100000101011 "
b00000000000000000000100000101011 $
1&
b0100000101000 3
b0100000101001 6
18
19
#20915
0&
08
09
#20920
b00000000000000000000100000101100 "
b00000000000000000000100000101100 $
1&
b0100000101001 3
b0100000101010 6
18
19
#20925
0&
08
09
#20930
b00000000000000000000100000101101 "
b00000000000000000000100000101101 $
1&
b0100000101010 3
b0100000101011 6
18
19
#20935
0&
08
09
#20940
b00000000000000000000100000101110 "
b00000000000000000000100000101110 $
1&
b0100000101011 3
b0100000101100 6
18
19
#20945
0&
08
09
#20950
b00000000000000000000100000101111 "
b00000000000000000000100000101111 $
1&
b0100000101100 3
b0100000101101 6
18
19
#20955
0&
08
09
#20960
b00000000000000000000100000110000 "
b00000000000000000000100000110000 $
1&
b0100000101101 3
b0100000101110 6
18
19
#20965
0&
08
09
#20970
b00000000000000000000100000110001 "
b00000000000000000000100000110001 $
1&
b0100000101110 3
b0100000101111 6
18
19
#20975
0&
08
09
#20980
b00000000000000000000100000110010 "
b00000000000000000000100000110010 $
1&
b0100000101111 3
b0100000110000 6
18
19
#20985
0&
08
09
#20990
b00000000000000000000100000110011 "
b00000000000000000000100000110011 $
1&
b0100000110000 3
b0100000110001 6
18
19
#20995
0&
08
09
#21000
b00000000000000000000100000110100 "
b00000000000000000000100000110100 $
1&
b0100000110001 3
b0100000110010 6
18
19
#21005
0&
08
09
#21010
b00000000000000000000100000110101 "
b00000000000000000000100000110101 $
1&
b0100000110010 3
b0100000110011 6
18
19
#21015
0&
08
09
#21020
b00000000000000000000100000110110 "
b00000000000000000000100000110110 $
1&
b0100000110011 3
b0100000110100 6
18
19
#21025
0&
08
09
#21030
b00000000000000000000100000110111 "
b00000000000000000000100000110111 $
1&
b0100000110100 3
b0100000110101 6
18
19
#21035
0&
08
09
#21040
b00000000000000000000100000111000 "
b00000000000000000000100000111000 $
1&
b0100000110101 3
b0100000110110 6
18
19
#21045
0&
08
09
#21050
b00000000000000000000100000111001 "
b00000000000000000000100000111001 $
1&
b0100000110110 3
b0100000110111 6
18
19
#21055
0&
08
09
#21060
b00000000000000000000100000111010 "
b00000000000000000000100000111010 $
1&
b0100000110111 3
b0100000111000 6
18
19
#21065
0&
08
09
#21070
b00000000000000000000100000111011 "
b00000000000000000000100000111011 $
1&
b0100000111000 3
b0100000111001 6
18
19
#21075
0&
08
09
#21080
b00000000000000000000100000111100 "
b00000000000000000000100000111100 $
1&
b0100000111001 3
b0100000111010 6
18
19
#21085
0&
08
09
#21090
b00000000000000000000100000111101 "
b00000000000000000000100000111101 $
1&
b0100000111010 3
b0100000111011 6
18
19
#21095
0&
08
09
#21100
b00000000000000000000100000111110 "
b00000000000000000000100000111110 $
1&
b0100000111011 3
b0100000111100 6
18
19
#21105
0&
08
09
#21110
b00000000000000000000100000111111 "
b00000000000000000000100000111111 $
1&
b0100000111100 3
b0100000111101 6
18
19
#21115
0&
08
09
#21120
b00000000000000000000100001000000 "
b00000000000000000000100001000000 $
1&
b0100000111101 3
b0100000111110 6
18
19
#21125
0&
08
09
#21130
b00000000000000000000100001000001 "
b00000000000000000000100001000001 $
1&
b0100000111110 3
b0100000111111 6
18
19
#21135
0&
08
09
#21140
b00000000000000000000100001000010 "
b00000000000000000000100001000010 $
1&
b0100000111111 3
b0100001000000 6
18
19
#21145
0&
08
09
#21150
b00000000000000000000100001000011 "
b00000000000000000000100001000011 $
1&
b0100001000000 3
b0100001000001 6
18
19
#21155
0&
08
09
#21160
b00000000000000000000100001000100 "
b00000000000000000000100001000100 $
1&
b0100001000001 3
b0100001000010 6
18
19
#21165
0&
08
09
#21170
b00000000000000000000100001000101 "
b00000000000000000000100001000101 $
1&
b0100001000010 3
b0100001000011 6
18
19
#21175
0&
08
09
#21180
b00000000000000000000100001000110 "
b00000000000000000000100001000110 $
1&
b0100001000011 3
b0100001000100 6
18
19
#21185
0&
08
09
#21190
b00000000000000000000100001000111 "
b00000000000000000000100001000111 $
1&
b0100001000100 3
b0100001000101 6
18
19
#21195
0&
08
09
#21200
b00000000000000000000100001001000 "
b00000000000000000000100001001000 $
1&
b0100001000101 3
b0100001000110 6
18
19
#21205
0&
08
09
#21210
b00000000000000000000100001001001 "
b00000000000000000000100001001001 $
1&
b0100001000110 3
b0100001000111 6
18
19
#21215
0&
08
09
#21220
b00000000000000000000100001001010 "
b00000000000000000000100001001010 $
1&
b0100001000111 3
b0100001001000 6
18
19
#21225
0&
08
09
#21230
b00000000000000000000100001001011 "
b00000000000000000000100001001011 $
1&
b0100001001000 3
b0100001001001 6
18
19
#21235
0&
08
09
#21240
b00000000000000000000100001001100 "
b00000000000000000000100001001100 $
1&
b0100001001001 3
b0100001001010 6
18
19
#21245
0&
08
09
#21250
b00000000000000000000100001001101 "
b00000000000000000000100001001101 $
1&
b0100001001010 3
b0100001001011 6
18
19
#21255
0&
08
09
#21260
b00000000000000000000100001001110 "
b00000000000000000000100001001110 $
1&
b0100001001011 3
b0100001001100 6
18
19
#21265
0&
08
09
#21270
b00000000000000000000100001001111 "
b00000000000000000000100001001111 $
1&
b0100001001100 3
b0100001001101 6
18
19
#21275
0&
08
09
#21280
b00000000000000000000100001010000 "
b00000000000000000000100001010000 $
1&
b0100001001101 3
b0100001001110 6
18
19
#21285
0&
08
09
#21290
b00000000000000000000100001010001 "
b00000000000000000000100001010001 $
1&
b0100001001110 3
b0100001001111 6
18
19
#21295
0&
08
09
#21300
b00000000000000000000100001010010 "
b00000000000000000000100001010010 $
1&
b0100001001111 3
b0100001010000 6
18
19
#21305
0&
08
09
#21310
b00000000000000000000100001010011 "
b00000000000000000000100001010011 $
1&
b0100001010000 3
b0100001010001 6
18
19
#21315
0&
08
09
#21320
b00000000000000000000100001010100 "
b00000000000000000000100001010100 $
1&
b0100001010001 3
b0100001010010 6
18
19
#21325
0&
08
09
#21330
b00000000000000000000100001010101 "
b00000000000000000000100001010101 $
1&
b0100001010010 3
b0100001010011 6
18
19
#21335
0&
08
09
#21340
b00000000000000000000100001010110 "
b00000000000000000000100001010110 $
1&
b0100001010011 3
b0100001010100 6
18
19
#21345
0&
08
09
#21350
b00000000000000000000100001010111 "
b00000000000000000000100001010111 $
1&
b0100001010100 3
b0100001010101 6
18
19
#21355
0&
08
09
#21360
b00000000000000000000100001011000 "
b00000000000000000000100001011000 $
1&
b0100001010101 3
b0100001010110 6
18
19
#21365
0&
08
09
#21370
b00000000000000000000100001011001 "
b00000000000000000000100001011001 $
1&
b0100001010110 3
b0100001010111 6
18
19
#21375
0&
08
09
#21380
b00000000000000000000100001011010 "
b00000000000000000000100001011010 $
1&
b0100001010111 3
b0100001011000 6
18
19
#21385
0&
08
09
#21390
b00000000000000000000100001011011 "
b00000000000000000000100001011011 $
1&
b0100001011000 3
b0100001011001 6
18
19
#21395
0&
08
09
#21400
b00000000000000000000100001011100 "
b00000000000000000000100001011100 $
1&
b0100001011001 3
b0100001011010 6
18
19
#21405
0&
08
09
#21410
b00000000000000000000100001011101 "
b00000000000000000000100001011101 $
1&
b0100001011010 3
b0100001011011 6
18
19
#21415
0&
08
09
#21420
b00000000000000000000100001011110 "
b00000000000000000000100001011110 $
1&
b0100001011011 3
b0100001011100 6
18
19
#21425
0&
08
09
#21430
b00000000000000000000100001011111 "
b00000000000000000000100001011111 $
1&
b0100001011100 3
b0100001011101 6
18
19
#21435
0&
08
09
#21440
b00000000000000000000100001100000 "
b00000000000000000000100001100000 $
1&
b0100001011101 3
b0100001011110 6
18
19
#21445
0&
08
09
#21450
b00000000000000000000100001100001 "
b00000000000000000000100001100001 $
1&
b0100001011110 3
b0100001011111 6
18
19
#21455
0&
08
09
#21460
b00000000000000000000100001100010 "
b00000000000000000000100001100010 $
1&
b0100001011111 3
b0100001100000 6
18
19
#21465
0&
08
09
#21470
b00000000000000000000100001100011 "
b00000000000000000000100001100011 $
1&
b0100001100000 3
b0100001100001 6
18
19
#21475
0&
08
09
#21480
b00000000000000000000100001100100 "
b00000000000000000000100001100100 $
1&
b0100001100001 3
b0100001100010 6
18
19
#21485
0&
08
09
#21490
b00000000000000000000100001100101 "
b00000000000000000000100001100101 $
1&
b0100001100010 3
b0100001100011 6
18
19
#21495
0&
08
09
#21500
b00000000000000000000100001100110 "
b00000000000000000000100001100110 $
1&
b0100001100011 3
b0100001100100 6
18
19
#21505
0&
08
09
#21510
b00000000000000000000100001100111 "
b00000000000000000000100001100111 $
1&
b0100001100100 3
b0100001100101 6
18
19
#21515
0&
08
09
#21520
b00000000000000000000100001101000 "
b00000000000000000000100001101000 $
1&
b0100001100101 3
b0100001100110 6
18
19
#21525
0&
08
09
#21530
b00000000000000000000100001101001 "
b00000000000000000000100001101001 $
1&
b0100001100110 3
b0100001100111 6
18
19
#21535
0&
08
09
#21540
b00000000000000000000100001101010 "
b00000000000000000000100001101010 $
1&
b0100001100111 3
b0100001101000 6
18
19
#21545
0&
08
09
#21550
b00000000000000000000100001101011 "
b00000000000000000000100001101011 $
1&
b0100001101000 3
b0100001101001 6
18
19
#21555
0&
08
09
#21560
b00000000000000000000100001101100 "
b00000000000000000000100001101100 $
1&
b0100001101001 3
b0100001101010 6
18
19
#21565
0&
08
09
#21570
b00000000000000000000100001101101 "
b00000000000000000000100001101101 $
1&
b0100001101010 3
b0100001101011 6
18
19
#21575
0&
08
09
#21580
b00000000000000000000100001101110 "
b00000000000000000000100001101110 $
1&
b0100001101011 3
b0100001101100 6
18
19
#21585
0&
08
09
#21590
b00000000000000000000100001101111 "
b00000000000000000000100001101111 $
1&
b0100001101100 3
b0100001101101 6
18
19
#21595
0&
08
09
#21600
b00000000000000000000100001110000 "
b00000000000000000000100001110000 $
1&
b0100001101101 3
b0100001101110 6
18
19
#21605
0&
08
09
#21610
b00000000000000000000100001110001 "
b00000000000000000000100001110001 $
1&
b0100001101110 3
b0100001101111 6
18
19
#21615
0&
08
09
#21620
b00000000000000000000100001110010 "
b00000000000000000000100001110010 $
1&
b0100001101111 3
b0100001110000 6
18
19
#21625
0&
08
09
#21630
b00000000000000000000100001110011 "
b00000000000000000000100001110011 $
1&
b0100001110000 3
b0100001110001 6
18
19
#21635
0&
08
09
#21640
b00000000000000000000100001110100 "
b00000000000000000000100001110100 $
1&
b0100001110001 3
b0100001110010 6
18
19
#21645
0&
08
09
#21650
b00000000000000000000100001110101 "
b00000000000000000000100001110101 $
1&
b0100001110010 3
b0100001110011 6
18
19
#21655
0&
08
09
#21660
b00000000000000000000100001110110 "
b00000000000000000000100001110110 $
1&
b0100001110011 3
b0100001110100 6
18
19
#21665
0&
08
09
#21670
b00000000000000000000100001110111 "
b00000000000000000000100001110111 $
1&
b0100001110100 3
b0100001110101 6
18
19
#21675
0&
08
09
#21680
b00000000000000000000100001111000 "
b00000000000000000000100001111000 $
1&
b0100001110101 3
b0100001110110 6
18
19
#21685
0&
08
09
#21690
b00000000000000000000100001111001 "
b00000000000000000000100001111001 $
1&
b0100001110110 3
b0100001110111 6
18
19
#21695
0&
08
09
#21700
b00000000000000000000100001111010 "
b00000000000000000000100001111010 $
1&
b0100001110111 3
b0100001111000 6
18
19
#21705
0&
08
09
#21710
b00000000000000000000100001111011 "
b00000000000000000000100001111011 $
1&
b0100001111000 3
b0100001111001 6
18
19
#21715
0&
08
09
#21720
b00000000000000000000100001111100 "
b00000000000000000000100001111100 $
1&
b0100001111001 3
b0100001111010 6
18
19
#21725
0&
08
09
#21730
b00000000000000000000100001111101 "
b00000000000000000000100001111101 $
1&
b0100001111010 3
b0100001111011 6
18
19
#21735
0&
08
09
#21740
b00000000000000000000100001111110 "
b00000000000000000000100001111110 $
1&
b0100001111011 3
b0100001111100 6
18
19
#21745
0&
08
09
#21750
b00000000000000000000100001111111 "
b00000000000000000000100001111111 $
1&
b0100001111100 3
b0100001111101 6
18
19
#21755
0&
08
09
#21760
b00000000000000000000100010000000 "
b00000000000000000000100010000000 $
1&
b0100001111101 3
b0100001111110 6
18
19
#21765
0&
08
09
#21770
b00000000000000000000100010000001 "
b00000000000000000000100010000001 $
1&
b0100001111110 3
b0100001111111 6
18
19
#21775
0&
08
09
#21780
b00000000000000000000100010000010 "
b00000000000000000000100010000010 $
1&
b0100001111111 3
b0100010000000 6
18
19
#21785
0&
08
09
#21790
b00000000000000000000100010000011 "
b00000000000000000000100010000011 $
1&
b0100010000000 3
b0100010000001 6
18
19
#21795
0&
08
09
#21800
b00000000000000000000100010000100 "
b00000000000000000000100010000100 $
1&
b0100010000001 3
b0100010000010 6
18
19
#21805
0&
08
09
#21810
b00000000000000000000100010000101 "
b00000000000000000000100010000101 $
1&
b0100010000010 3
b0100010000011 6
18
19
#21815
0&
08
09
#21820
b00000000000000000000100010000110 "
b00000000000000000000100010000110 $
1&
b0100010000011 3
b0100010000100 6
18
19
#21825
0&
08
09
#21830
b00000000000000000000100010000111 "
b00000000000000000000100010000111 $
1&
b0100010000100 3
b0100010000101 6
18
19
#21835
0&
08
09
#21840
b00000000000000000000100010001000 "
b00000000000000000000100010001000 $
1&
b0100010000101 3
b0100010000110 6
18
19
#21845
0&
08
09
#21850
b00000000000000000000100010001001 "
b00000000000000000000100010001001 $
1&
b0100010000110 3
b0100010000111 6
18
19
#21855
0&
08
09
#21860
b00000000000000000000100010001010 "
b00000000000000000000100010001010 $
1&
b0100010000111 3
b0100010001000 6
18
19
#21865
0&
08
09
#21870
b00000000000000000000100010001011 "
b00000000000000000000100010001011 $
1&
b0100010001000 3
b0100010001001 6
18
19
#21875
0&
08
09
#21880
b00000000000000000000100010001100 "
b00000000000000000000100010001100 $
1&
b0100010001001 3
b0100010001010 6
18
19
#21885
0&
08
09
#21890
b00000000000000000000100010001101 "
b00000000000000000000100010001101 $
1&
b0100010001010 3
b0100010001011 6
18
19
#21895
0&
08
09
#21900
b00000000000000000000100010001110 "
b00000000000000000000100010001110 $
1&
b0100010001011 3
b0100010001100 6
18
19
#21905
0&
08
09
#21910
b00000000000000000000100010001111 "
b00000000000000000000100010001111 $
1&
b0100010001100 3
b0100010001101 6
18
19
#21915
0&
08
09
#21920
b00000000000000000000100010010000 "
b00000000000000000000100010010000 $
1&
b0100010001101 3
b0100010001110 6
18
19
#21925
0&
08
09
#21930
b00000000000000000000100010010001 "
b00000000000000000000100010010001 $
1&
b0100010001110 3
b0100010001111 6
18
19
#21935
0&
08
09
#21940
b00000000000000000000100010010010 "
b00000000000000000000100010010010 $
1&
b0100010001111 3
b0100010010000 6
18
19
#21945
0&
08
09
#21950
b00000000000000000000100010010011 "
b00000000000000000000100010010011 $
1&
b0100010010000 3
b0100010010001 6
18
19
#21955
0&
08
09
#21960
b00000000000000000000100010010100 "
b00000000000000000000100010010100 $
1&
b0100010010001 3
b0100010010010 6
18
19
#21965
0&
08
09
#21970
b00000000000000000000100010010101 "
b00000000000000000000100010010101 $
1&
b0100010010010 3
b0100010010011 6
18
19
#21975
0&
08
09
#21980
b00000000000000000000100010010110 "
b00000000000000000000100010010110 $
1&
b0100010010011 3
b0100010010100 6
18
19
#21985
0&
08
09
#21990
b00000000000000000000100010010111 "
b00000000000000000000100010010111 $
1&
b0100010010100 3
b0100010010101 6
18
19
#21995
0&
08
09
#22000
b00000000000000000000100010011000 "
b00000000000000000000100010011000 $
1&
b0100010010101 3
b0100010010110 6
18
19
#22005
0&
08
09
#22010
b00000000000000000000100010011001 "
b00000000000000000000100010011001 $
1&
b0100010010110 3
b0100010010111 6
18
19
#22015
0&
08
09
#22020
b00000000000000000000100010011010 "
b00000000000000000000100010011010 $
1&
b0100010010111 3
b0100010011000 6
18
19
#22025
0&
08
09
#22030
b00000000000000000000100010011011 "
b00000000000000000000100010011011 $
1&
b0100010011000 3
b0100010011001 6
18
19
#22035
0&
08
09
#22040
b00000000000000000000100010011100 "
b00000000000000000000100010011100 $
1&
b0100010011001 3
b0100010011010 6
18
19
#22045
0&
08
09
#22050
b00000000000000000000100010011101 "
b00000000000000000000100010011101 $
1&
b0100010011010 3
b0100010011011 6
18
19
#22055
0&
08
09
#22060
b00000000000000000000100010011110 "
b00000000000000000000100010011110 $
1&
b0100010011011 3
b0100010011100 6
18
19
#22065
0&
08
09
#22070
b00000000000000000000100010011111 "
b00000000000000000000100010011111 $
1&
b0100010011100 3
b0100010011101 6
18
19
#22075
0&
08
09
#22080
b00000000000000000000100010100000 "
b00000000000000000000100010100000 $
1&
b0100010011101 3
b0100010011110 6
18
19
#22085
0&
08
09
#22090
b00000000000000000000100010100001 "
b00000000000000000000100010100001 $
1&
b0100010011110 3
b0100010011111 6
18
19
#22095
0&
08
09
#22100
b00000000000000000000100010100010 "
b00000000000000000000100010100010 $
1&
b0100010011111 3
b0100010100000 6
18
19
#22105
0&
08
09
#22110
b00000000000000000000100010100011 "
b00000000000000000000100010100011 $
1&
b0100010100000 3
b0100010100001 6
18
19
#22115
0&
08
09
#22120
b00000000000000000000100010100100 "
b00000000000000000000100010100100 $
1&
b0100010100001 3
b0100010100010 6
18
19
#22125
0&
08
09
#22130
b00000000000000000000100010100101 "
b00000000000000000000100010100101 $
1&
b0100010100010 3
b0100010100011 6
18
19
#22135
0&
08
09
#22140
b00000000000000000000100010100110 "
b00000000000000000000100010100110 $
1&
b0100010100011 3
b0100010100100 6
18
19
#22145
0&
08
09
#22150
b00000000000000000000100010100111 "
b00000000000000000000100010100111 $
1&
b0100010100100 3
b0100010100101 6
18
19
#22155
0&
08
09
#22160
b00000000000000000000100010101000 "
b00000000000000000000100010101000 $
1&
b0100010100101 3
b0100010100110 6
18
19
#22165
0&
08
09
#22170
b00000000000000000000100010101001 "
b00000000000000000000100010101001 $
1&
b0100010100110 3
b0100010100111 6
18
19
#22175
0&
08
09
#22180
b00000000000000000000100010101010 "
b00000000000000000000100010101010 $
1&
b0100010100111 3
b0100010101000 6
18
19
#22185
0&
08
09
#22190
b00000000000000000000100010101011 "
b00000000000000000000100010101011 $
1&
b0100010101000 3
b0100010101001 6
18
19
#22195
0&
08
09
#22200
b00000000000000000000100010101100 "
b00000000000000000000100010101100 $
1&
b0100010101001 3
b0100010101010 6
18
19
#22205
0&
08
09
#22210
b00000000000000000000100010101101 "
b00000000000000000000100010101101 $
1&
b0100010101010 3
b0100010101011 6
18
19
#22215
0&
08
09
#22220
b00000000000000000000100010101110 "
b00000000000000000000100010101110 $
1&
b0100010101011 3
b0100010101100 6
18
19
#22225
0&
08
09
#22230
b00000000000000000000100010101111 "
b00000000000000000000100010101111 $
1&
b0100010101100 3
b0100010101101 6
18
19
#22235
0&
08
09
#22240
b00000000000000000000100010110000 "
b00000000000000000000100010110000 $
1&
b0100010101101 3
b0100010101110 6
18
19
#22245
0&
08
09
#22250
b00000000000000000000100010110001 "
b00000000000000000000100010110001 $
1&
b0100010101110 3
b0100010101111 6
18
19
#22255
0&
08
09
#22260
b00000000000000000000100010110010 "
b00000000000000000000100010110010 $
1&
b0100010101111 3
b0100010110000 6
18
19
#22265
0&
08
09
#22270
b00000000000000000000100010110011 "
b00000000000000000000100010110011 $
1&
b0100010110000 3
b0100010110001 6
18
19
#22275
0&
08
09
#22280
b00000000000000000000100010110100 "
b00000000000000000000100010110100 $
1&
b0100010110001 3
b0100010110010 6
18
19
#22285
0&
08
09
#22290
b00000000000000000000100010110101 "
b00000000000000000000100010110101 $
1&
b0100010110010 3
b0100010110011 6
18
19
#22295
0&
08
09
#22300
b00000000000000000000100010110110 "
b00000000000000000000100010110110 $
1&
b0100010110011 3
b0100010110100 6
18
19
#22305
0&
08
09
#22310
b00000000000000000000100010110111 "
b00000000000000000000100010110111 $
1&
b0100010110100 3
b0100010110101 6
18
19
#22315
0&
08
09
#22320
b00000000000000000000100010111000 "
b00000000000000000000100010111000 $
1&
b0100010110101 3
b0100010110110 6
18
19
#22325
0&
08
09
#22330
b00000000000000000000100010111001 "
b00000000000000000000100010111001 $
1&
b0100010110110 3
b0100010110111 6
18
19
#22335
0&
08
09
#22340
b00000000000000000000100010111010 "
b00000000000000000000100010111010 $
1&
b0100010110111 3
b0100010111000 6
18
19
#22345
0&
08
09
#22350
b00000000000000000000100010111011 "
b00000000000000000000100010111011 $
1&
b0100010111000 3
b0100010111001 6
18
19
#22355
0&
08
09
#22360
b00000000000000000000100010111100 "
b00000000000000000000100010111100 $
1&
b0100010111001 3
b0100010111010 6
18
19
#22365
0&
08
09
#22370
b00000000000000000000100010111101 "
b00000000000000000000100010111101 $
1&
b0100010111010 3
b0100010111011 6
18
19
#22375
0&
08
09
#22380
b00000000000000000000100010111110 "
b00000000000000000000100010111110 $
1&
b0100010111011 3
b0100010111100 6
18
19
#22385
0&
08
09
#22390
b00000000000000000000100010111111 "
b00000000000000000000100010111111 $
1&
b0100010111100 3
b0100010111101 6
18
19
#22395
0&
08
09
#22400
b00000000000000000000100011000000 "
b00000000000000000000100011000000 $
1&
b0100010111101 3
b0100010111110 6
18
19
#22405
0&
08
09
#22410
b00000000000000000000100011000001 "
b00000000000000000000100011000001 $
1&
b0100010111110 3
b0100010111111 6
18
19
#22415
0&
08
09
#22420
b00000000000000000000100011000010 "
b00000000000000000000100011000010 $
1&
b0100010111111 3
b0100011000000 6
18
19
#22425
0&
08
09
#22430
b00000000000000000000100011000011 "
b00000000000000000000100011000011 $
1&
b0100011000000 3
b0100011000001 6
18
19
#22435
0&
08
09
#22440
b00000000000000000000100011000100 "
b00000000000000000000100011000100 $
1&
b0100011000001 3
b0100011000010 6
18
19
#22445
0&
08
09
#22450
b00000000000000000000100011000101 "
b00000000000000000000100011000101 $
1&
b0100011000010 3
b0100011000011 6
18
19
#22455
0&
08
09
#22460
b00000000000000000000100011000110 "
b00000000000000000000100011000110 $
1&
b0100011000011 3
b0100011000100 6
18
19
#22465
0&
08
09
#22470
b00000000000000000000100011000111 "
b00000000000000000000100011000111 $
1&
b0100011000100 3
b0100011000101 6
18
19
#22475
0&
08
09
#22480
b00000000000000000000100011001000 "
b00000000000000000000100011001000 $
1&
b0100011000101 3
b0100011000110 6
18
19
#22485
0&
08
09
#22490
b00000000000000000000100011001001 "
b00000000000000000000100011001001 $
1&
b0100011000110 3
b0100011000111 6
18
19
#22495
0&
08
09
#22500
b00000000000000000000100011001010 "
b00000000000000000000100011001010 $
1&
b0100011000111 3
b0100011001000 6
18
19
#22505
0&
08
09
#22510
b00000000000000000000100011001011 "
b00000000000000000000100011001011 $
1&
b0100011001000 3
b0100011001001 6
18
19
#22515
0&
08
09
#22520
b00000000000000000000100011001100 "
b00000000000000000000100011001100 $
1&
b0100011001001 3
b0100011001010 6
18
19
#22525
0&
08
09
#22530
b00000000000000000000100011001101 "
b00000000000000000000100011001101 $
1&
b0100011001010 3
b0100011001011 6
18
19
#22535
0&
08
09
#22540
b00000000000000000000100011001110 "
b00000000000000000000100011001110 $
1&
b0100011001011 3
b0100011001100 6
18
19
#22545
0&
08
09
#22550
b00000000000000000000100011001111 "
b00000000000000000000100011001111 $
1&
b0100011001100 3
b0100011001101 6
18
19
#22555
0&
08
09
#22560
b00000000000000000000100011010000 "
b00000000000000000000100011010000 $
1&
b0100011001101 3
b0100011001110 6
18
19
#22565
0&
08
09
#22570
b00000000000000000000100011010001 "
b00000000000000000000100011010001 $
1&
b0100011001110 3
b0100011001111 6
18
19
#22575
0&
08
09
#22580
b00000000000000000000100011010010 "
b00000000000000000000100011010010 $
1&
b0100011001111 3
b0100011010000 6
18
19
#22585
0&
08
09
#22590
b00000000000000000000100011010011 "
b00000000000000000000100011010011 $
1&
b0100011010000 3
b0100011010001 6
18
19
#22595
0&
08
09
#22600
b00000000000000000000100011010100 "
b00000000000000000000100011010100 $
1&
b0100011010001 3
b0100011010010 6
18
19
#22605
0&
08
09
#22610
b00000000000000000000100011010101 "
b00000000000000000000100011010101 $
1&
b0100011010010 3
b0100011010011 6
18
19
#22615
0&
08
09
#22620
b00000000000000000000100011010110 "
b00000000000000000000100011010110 $
1&
b0100011010011 3
b0100011010100 6
18
19
#22625
0&
08
09
#22630
b00000000000000000000100011010111 "
b00000000000000000000100011010111 $
1&
b0100011010100 3
b0100011010101 6
18
19
#22635
0&
08
09
#22640
b00000000000000000000100011011000 "
b00000000000000000000100011011000 $
1&
b0100011010101 3
b0100011010110 6
18
19
#22645
0&
08
09
#22650
b00000000000000000000100011011001 "
b00000000000000000000100011011001 $
1&
b0100011010110 3
b0100011010111 6
18
19
#22655
0&
08
09
#22660
b00000000000000000000100011011010 "
b00000000000000000000100011011010 $
1&
b0100011010111 3
b0100011011000 6
18
19
#22665
0&
08
09
#22670
b00000000000000000000100011011011 "
b00000000000000000000100011011011 $
1&
b0100011011000 3
b0100011011001 6
18
19
#22675
0&
08
09
#22680
b00000000000000000000100011011100 "
b00000000000000000000100011011100 $
1&
b0100011011001 3
b0100011011010 6
18
19
#22685
0&
08
09
#22690
b00000000000000000000100011011101 "
b00000000000000000000100011011101 $
1&
b0100011011010 3
b0100011011011 6
18
19
#22695
0&
08
09
#22700
b00000000000000000000100011011110 "
b00000000000000000000100011011110 $
1&
b0100011011011 3
b0100011011100 6
18
19
#22705
0&
08
09
#22710
b00000000000000000000100011011111 "
b00000000000000000000100011011111 $
1&
b0100011011100 3
b0100011011101 6
18
19
#22715
0&
08
09
#22720
b00000000000000000000100011100000 "
b00000000000000000000100011100000 $
1&
b0100011011101 3
b0100011011110 6
18
19
#22725
0&
08
09
#22730
b00000000000000000000100011100001 "
b00000000000000000000100011100001 $
1&
b0100011011110 3
b0100011011111 6
18
19
#22735
0&
08
09
#22740
b00000000000000000000100011100010 "
b00000000000000000000100011100010 $
1&
b0100011011111 3
b0100011100000 6
18
19
#22745
0&
08
09
#22750
b00000000000000000000100011100011 "
b00000000000000000000100011100011 $
1&
b0100011100000 3
b0100011100001 6
18
19
#22755
0&
08
09
#22760
b00000000000000000000100011100100 "
b00000000000000000000100011100100 $
1&
b0100011100001 3
b0100011100010 6
18
19
#22765
0&
08
09
#22770
b00000000000000000000100011100101 "
b00000000000000000000100011100101 $
1&
b0100011100010 3
b0100011100011 6
18
19
#22775
0&
08
09
#22780
b00000000000000000000100011100110 "
b00000000000000000000100011100110 $
1&
b0100011100011 3
b0100011100100 6
18
19
#22785
0&
08
09
#22790
b00000000000000000000100011100111 "
b00000000000000000000100011100111 $
1&
b0100011100100 3
b0100011100101 6
18
19
#22795
0&
08
09
#22800
b00000000000000000000100011101000 "
b00000000000000000000100011101000 $
1&
b0100011100101 3
b0100011100110 6
18
19
#22805
0&
08
09
#22810
b00000000000000000000100011101001 "
b00000000000000000000100011101001 $
1&
b0100011100110 3
b0100011100111 6
18
19
#22815
0&
08
09
#22820
b00000000000000000000100011101010 "
b00000000000000000000100011101010 $
1&
b0100011100111 3
b0100011101000 6
18
19
#22825
0&
08
09
#22830
b00000000000000000000100011101011 "
b00000000000000000000100011101011 $
1&
b0100011101000 3
b0100011101001 6
18
19
#22835
0&
08
09
#22840
b00000000000000000000100011101100 "
b00000000000000000000100011101100 $
1&
b0100011101001 3
b0100011101010 6
18
19
#22845
0&
08
09
#22850
b00000000000000000000100011101101 "
b00000000000000000000100011101101 $
1&
b0100011101010 3
b0100011101011 6
18
19
#22855
0&
08
09
#22860
b00000000000000000000100011101110 "
b00000000000000000000100011101110 $
1&
b0100011101011 3
b0100011101100 6
18
19
#22865
0&
08
09
#22870
b00000000000000000000100011101111 "
b00000000000000000000100011101111 $
1&
b0100011101100 3
b0100011101101 6
18
19
#22875
0&
08
09
#22880
b00000000000000000000100011110000 "
b00000000000000000000100011110000 $
1&
b0100011101101 3
b0100011101110 6
18
19
#22885
0&
08
09
#22890
b00000000000000000000100011110001 "
b00000000000000000000100011110001 $
1&
b0100011101110 3
b0100011101111 6
18
19
#22895
0&
08
09
#22900
b00000000000000000000100011110010 "
b00000000000000000000100011110010 $
1&
b0100011101111 3
b0100011110000 6
18
19
#22905
0&
08
09
#22910
b00000000000000000000100011110011 "
b00000000000000000000100011110011 $
1&
b0100011110000 3
b0100011110001 6
18
19
#22915
0&
08
09
#22920
b00000000000000000000100011110100 "
b00000000000000000000100011110100 $
1&
b0100011110001 3
b0100011110010 6
18
19
#22925
0&
08
09
#22930
b00000000000000000000100011110101 "
b00000000000000000000100011110101 $
1&
b0100011110010 3
b0100011110011 6
18
19
#22935
0&
08
09
#22940
b00000000000000000000100011110110 "
b00000000000000000000100011110110 $
1&
b0100011110011 3
b0100011110100 6
18
19
#22945
0&
08
09
#22950
b00000000000000000000100011110111 "
b00000000000000000000100011110111 $
1&
b0100011110100 3
b0100011110101 6
18
19
#22955
0&
08
09
#22960
b00000000000000000000100011111000 "
b00000000000000000000100011111000 $
1&
b0100011110101 3
b0100011110110 6
18
19
#22965
0&
08
09
#22970
b00000000000000000000100011111001 "
b00000000000000000000100011111001 $
1&
b0100011110110 3
b0100011110111 6
18
19
#22975
0&
08
09
#22980
b00000000000000000000100011111010 "
b00000000000000000000100011111010 $
1&
b0100011110111 3
b0100011111000 6
18
19
#22985
0&
08
09
#22990
b00000000000000000000100011111011 "
b00000000000000000000100011111011 $
1&
b0100011111000 3
b0100011111001 6
18
19
#22995
0&
08
09
#23000
b00000000000000000000100011111100 "
b00000000000000000000100011111100 $
1&
b0100011111001 3
b0100011111010 6
18
19
#23005
0&
08
09
#23010
b00000000000000000000100011111101 "
b00000000000000000000100011111101 $
1&
b0100011111010 3
b0100011111011 6
18
19
#23015
0&
08
09
#23020
b00000000000000000000100011111110 "
b00000000000000000000100011111110 $
1&
b0100011111011 3
b0100011111100 6
18
19
#23025
0&
08
09
#23030
b00000000000000000000100011111111 "
b00000000000000000000100011111111 $
1&
b0100011111100 3
b0100011111101 6
18
19
#23035
0&
08
09
#23040
b00000000000000000000100100000000 "
b00000000000000000000100100000000 $
1&
b0100011111101 3
b0100011111110 6
18
19
#23045
0&
08
09
#23050
b00000000000000000000100100000001 "
b00000000000000000000100100000001 $
1&
b0100011111110 3
b0100011111111 6
18
19
#23055
0&
08
09
#23060
b00000000000000000000100100000010 "
b00000000000000000000100100000010 $
1&
b0100011111111 3
b0100100000000 6
18
19
#23065
0&
08
09
#23070
b00000000000000000000100100000011 "
b00000000000000000000100100000011 $
1&
b0100100000000 3
b0100100000001 6
18
19
#23075
0&
08
09
#23080
b00000000000000000000100100000100 "
b00000000000000000000100100000100 $
1&
b0100100000001 3
b0100100000010 6
18
19
#23085
0&
08
09
#23090
b00000000000000000000100100000101 "
b00000000000000000000100100000101 $
1&
b0100100000010 3
b0100100000011 6
18
19
#23095
0&
08
09
#23100
b00000000000000000000100100000110 "
b00000000000000000000100100000110 $
1&
b0100100000011 3
b0100100000100 6
18
19
#23105
0&
08
09
#23110
b00000000000000000000100100000111 "
b00000000000000000000100100000111 $
1&
b0100100000100 3
b0100100000101 6
18
19
#23115
0&
08
09
#23120
b00000000000000000000100100001000 "
b00000000000000000000100100001000 $
1&
b0100100000101 3
b0100100000110 6
18
19
#23125
0&
08
09
#23130
b00000000000000000000100100001001 "
b00000000000000000000100100001001 $
1&
b0100100000110 3
b0100100000111 6
18
19
#23135
0&
08
09
#23140
b00000000000000000000100100001010 "
b00000000000000000000100100001010 $
1&
b0100100000111 3
b0100100001000 6
18
19
#23145
0&
08
09
#23150
b00000000000000000000100100001011 "
b00000000000000000000100100001011 $
1&
b0100100001000 3
b0100100001001 6
18
19
#23155
0&
08
09
#23160
b00000000000000000000100100001100 "
b00000000000000000000100100001100 $
1&
b0100100001001 3
b0100100001010 6
18
19
#23165
0&
08
09
#23170
b00000000000000000000100100001101 "
b00000000000000000000100100001101 $
1&
b0100100001010 3
b0100100001011 6
18
19
#23175
0&
08
09
#23180
b00000000000000000000100100001110 "
b00000000000000000000100100001110 $
1&
b0100100001011 3
b0100100001100 6
18
19
#23185
0&
08
09
#23190
b00000000000000000000100100001111 "
b00000000000000000000100100001111 $
1&
b0100100001100 3
b0100100001101 6
18
19
#23195
0&
08
09
#23200
b00000000000000000000100100010000 "
b00000000000000000000100100010000 $
1&
b0100100001101 3
b0100100001110 6
18
19
#23205
0&
08
09
#23210
b00000000000000000000100100010001 "
b00000000000000000000100100010001 $
1&
b0100100001110 3
b0100100001111 6
18
19
#23215
0&
08
09
#23220
b00000000000000000000100100010010 "
b00000000000000000000100100010010 $
1&
b0100100001111 3
b0100100010000 6
18
19
#23225
0&
08
09
#23230
b00000000000000000000100100010011 "
b00000000000000000000100100010011 $
1&
b0100100010000 3
b0100100010001 6
18
19
#23235
0&
08
09
#23240
b00000000000000000000100100010100 "
b00000000000000000000100100010100 $
1&
b0100100010001 3
b0100100010010 6
18
19
#23245
0&
08
09
#23250
b00000000000000000000100100010101 "
b00000000000000000000100100010101 $
1&
b0100100010010 3
b0100100010011 6
18
19
#23255
0&
08
09
#23260
b00000000000000000000100100010110 "
b00000000000000000000100100010110 $
1&
b0100100010011 3
b0100100010100 6
18
19
#23265
0&
08
09
#23270
b00000000000000000000100100010111 "
b00000000000000000000100100010111 $
1&
b0100100010100 3
b0100100010101 6
18
19
#23275
0&
08
09
#23280
b00000000000000000000100100011000 "
b00000000000000000000100100011000 $
1&
b0100100010101 3
b0100100010110 6
18
19
#23285
0&
08
09
#23290
b00000000000000000000100100011001 "
b00000000000000000000100100011001 $
1&
b0100100010110 3
b0100100010111 6
18
19
#23295
0&
08
09
#23300
b00000000000000000000100100011010 "
b00000000000000000000100100011010 $
1&
b0100100010111 3
b0100100011000 6
18
19
#23305
0&
08
09
#23310
b00000000000000000000100100011011 "
b00000000000000000000100100011011 $
1&
b0100100011000 3
b0100100011001 6
18
19
#23315
0&
08
09
#23320
b00000000000000000000100100011100 "
b00000000000000000000100100011100 $
1&
b0100100011001 3
b0100100011010 6
18
19
#23325
0&
08
09
#23330
b00000000000000000000100100011101 "
b00000000000000000000100100011101 $
1&
b0100100011010 3
b0100100011011 6
18
19
#23335
0&
08
09
#23340
b00000000000000000000100100011110 "
b00000000000000000000100100011110 $
1&
b0100100011011 3
b0100100011100 6
18
19
#23345
0&
08
09
#23350
b00000000000000000000100100011111 "
b00000000000000000000100100011111 $
1&
b0100100011100 3
b0100100011101 6
18
19
#23355
0&
08
09
#23360
b00000000000000000000100100100000 "
b00000000000000000000100100100000 $
1&
b0100100011101 3
b0100100011110 6
18
19
#23365
0&
08
09
#23370
b00000000000000000000100100100001 "
b00000000000000000000100100100001 $
1&
b0100100011110 3
b0100100011111 6
18
19
#23375
0&
08
09
#23380
b00000000000000000000100100100010 "
b00000000000000000000100100100010 $
1&
b0100100011111 3
b0100100100000 6
18
19
#23385
0&
08
09
#23390
b00000000000000000000100100100011 "
b00000000000000000000100100100011 $
1&
b0100100100000 3
b0100100100001 6
18
19
#23395
0&
08
09
#23400
b00000000000000000000100100100100 "
b00000000000000000000100100100100 $
1&
b0100100100001 3
b0100100100010 6
18
19
#23405
0&
08
09
#23410
b00000000000000000000100100100101 "
b00000000000000000000100100100101 $
1&
b0100100100010 3
b0100100100011 6
18
19
#23415
0&
08
09
#23420
b00000000000000000000100100100110 "
b00000000000000000000100100100110 $
1&
b0100100100011 3
b0100100100100 6
18
19
#23425
0&
08
09
#23430
b00000000000000000000100100100111 "
b00000000000000000000100100100111 $
1&
b0100100100100 3
b0100100100101 6
18
19
#23435
0&
08
09
#23440
b00000000000000000000100100101000 "
b00000000000000000000100100101000 $
1&
b0100100100101 3
b0100100100110 6
18
19
#23445
0&
08
09
#23450
b00000000000000000000100100101001 "
b00000000000000000000100100101001 $
1&
b0100100100110 3
b0100100100111 6
18
19
#23455
0&
08
09
#23460
b00000000000000000000100100101010 "
b00000000000000000000100100101010 $
1&
b0100100100111 3
b0100100101000 6
18
19
#23465
0&
08
09
#23470
b00000000000000000000100100101011 "
b00000000000000000000100100101011 $
1&
b0100100101000 3
b0100100101001 6
18
19
#23475
0&
08
09
#23480
b00000000000000000000100100101100 "
b00000000000000000000100100101100 $
1&
b0100100101001 3
b0100100101010 6
18
19
#23485
0&
08
09
#23490
b00000000000000000000100100101101 "
b00000000000000000000100100101101 $
1&
b0100100101010 3
b0100100101011 6
18
19
#23495
0&
08
09
#23500
b00000000000000000000100100101110 "
b00000000000000000000100100101110 $
1&
b0100100101011 3
b0100100101100 6
18
19
#23505
0&
08
09
#23510
b00000000000000000000100100101111 "
b00000000000000000000100100101111 $
1&
b0100100101100 3
b0100100101101 6
18
19
#23515
0&
08
09
#23520
b00000000000000000000100100110000 "
b00000000000000000000100100110000 $
1&
b0100100101101 3
b0100100101110 6
18
19
#23525
0&
08
09
#23530
b00000000000000000000100100110001 "
b00000000000000000000100100110001 $
1&
b0100100101110 3
b0100100101111 6
18
19
#23535
0&
08
09
#23540
b00000000000000000000100100110010 "
b00000000000000000000100100110010 $
1&
b0100100101111 3
b0100100110000 6
18
19
#23545
0&
08
09
#23550
b00000000000000000000100100110011 "
b00000000000000000000100100110011 $
1&
b0100100110000 3
b0100100110001 6
18
19
#23555
0&
08
09
#23560
b00000000000000000000100100110100 "
b00000000000000000000100100110100 $
1&
b0100100110001 3
b0100100110010 6
18
19
#23565
0&
08
09
#23570
b00000000000000000000100100110101 "
b00000000000000000000100100110101 $
1&
b0100100110010 3
b0100100110011 6
18
19
#23575
0&
08
09
#23580
b00000000000000000000100100110110 "
b00000000000000000000100100110110 $
1&
b0100100110011 3
b0100100110100 6
18
19
#23585
0&
08
09
#23590
b00000000000000000000100100110111 "
b00000000000000000000100100110111 $
1&
b0100100110100 3
b0100100110101 6
18
19
#23595
0&
08
09
#23600
b00000000000000000000100100111000 "
b00000000000000000000100100111000 $
1&
b0100100110101 3
b0100100110110 6
18
19
#23605
0&
08
09
#23610
b00000000000000000000100100111001 "
b00000000000000000000100100111001 $
1&
b0100100110110 3
b0100100110111 6
18
19
#23615
0&
08
09
#23620
b00000000000000000000100100111010 "
b00000000000000000000100100111010 $
1&
b0100100110111 3
b0100100111000 6
18
19
#23625
0&
08
09
#23630
b00000000000000000000100100111011 "
b00000000000000000000100100111011 $
1&
b0100100111000 3
b0100100111001 6
18
19
#23635
0&
08
09
#23640
b00000000000000000000100100111100 "
b00000000000000000000100100111100 $
1&
b0100100111001 3
b0100100111010 6
18
19
#23645
0&
08
09
#23650
b00000000000000000000100100111101 "
b00000000000000000000100100111101 $
1&
b0100100111010 3
b0100100111011 6
18
19
#23655
0&
08
09
#23660
b00000000000000000000100100111110 "
b00000000000000000000100100111110 $
1&
b0100100111011 3
b0100100111100 6
18
19
#23665
0&
08
09
#23670
b00000000000000000000100100111111 "
b00000000000000000000100100111111 $
1&
b0100100111100 3
b0100100111101 6
18
19
#23675
0&
08
09
#23680
b00000000000000000000100101000000 "
b00000000000000000000100101000000 $
1&
b0100100111101 3
b0100100111110 6
18
19
#23685
0&
08
09
#23690
b00000000000000000000100101000001 "
b00000000000000000000100101000001 $
1&
b0100100111110 3
b0100100111111 6
18
19
#23695
0&
08
09
#23700
b00000000000000000000100101000010 "
b00000000000000000000100101000010 $
1&
b0100100111111 3
b0100101000000 6
18
19
#23705
0&
08
09
#23710
b00000000000000000000100101000011 "
b00000000000000000000100101000011 $
1&
b0100101000000 3
b0100101000001 6
18
19
#23715
0&
08
09
#23720
b00000000000000000000100101000100 "
b00000000000000000000100101000100 $
1&
b0100101000001 3
b0100101000010 6
18
19
#23725
0&
08
09
#23730
b00000000000000000000100101000101 "
b00000000000000000000100101000101 $
1&
b0100101000010 3
b0100101000011 6
18
19
#23735
0&
08
09
#23740
b00000000000000000000100101000110 "
b00000000000000000000100101000110 $
1&
b0100101000011 3
b0100101000100 6
18
19
#23745
0&
08
09
#23750
b00000000000000000000100101000111 "
b00000000000000000000100101000111 $
1&
b0100101000100 3
b0100101000101 6
18
19
#23755
0&
08
09
#23760
b00000000000000000000100101001000 "
b00000000000000000000100101001000 $
1&
b0100101000101 3
b0100101000110 6
18
19
#23765
0&
08
09
#23770
b00000000000000000000100101001001 "
b00000000000000000000100101001001 $
1&
b0100101000110 3
b0100101000111 6
18
19
#23775
0&
08
09
#23780
b00000000000000000000100101001010 "
b00000000000000000000100101001010 $
1&
b0100101000111 3
b0100101001000 6
18
19
#23785
0&
08
09
#23790
b00000000000000000000100101001011 "
b00000000000000000000100101001011 $
1&
b0100101001000 3
b0100101001001 6
18
19
#23795
0&
08
09
#23800
b00000000000000000000100101001100 "
b00000000000000000000100101001100 $
1&
b0100101001001 3
b0100101001010 6
18
19
#23805
0&
08
09
#23810
b00000000000000000000100101001101 "
b00000000000000000000100101001101 $
1&
b0100101001010 3
b0100101001011 6
18
19
#23815
0&
08
09
#23820
b00000000000000000000100101001110 "
b00000000000000000000100101001110 $
1&
b0100101001011 3
b0100101001100 6
18
19
#23825
0&
08
09
#23830
b00000000000000000000100101001111 "
b00000000000000000000100101001111 $
1&
b0100101001100 3
b0100101001101 6
18
19
#23835
0&
08
09
#23840
b00000000000000000000100101010000 "
b00000000000000000000100101010000 $
1&
b0100101001101 3
b0100101001110 6
18
19
#23845
0&
08
09
#23850
b00000000000000000000100101010001 "
b00000000000000000000100101010001 $
1&
b0100101001110 3
b0100101001111 6
18
19
#23855
0&
08
09
#23860
b00000000000000000000100101010010 "
b00000000000000000000100101010010 $
1&
b0100101001111 3
b0100101010000 6
18
19
#23865
0&
08
09
#23870
b00000000000000000000100101010011 "
b00000000000000000000100101010011 $
1&
b0100101010000 3
b0100101010001 6
18
19
#23875
0&
08
09
#23880
b00000000000000000000100101010100 "
b00000000000000000000100101010100 $
1&
b0100101010001 3
b0100101010010 6
18
19
#23885
0&
08
09
#23890
b00000000000000000000100101010101 "
b00000000000000000000100101010101 $
1&
b0100101010010 3
b0100101010011 6
18
19
#23895
0&
08
09
#23900
b00000000000000000000100101010110 "
b00000000000000000000100101010110 $
1&
b0100101010011 3
b0100101010100 6
18
19
#23905
0&
08
09
#23910
b00000000000000000000100101010111 "
b00000000000000000000100101010111 $
1&
b0100101010100 3
b0100101010101 6
18
19
#23915
0&
08
09
#23920
b00000000000000000000100101011000 "
b00000000000000000000100101011000 $
1&
b0100101010101 3
b0100101010110 6
18
19
#23925
0&
08
09
#23930
b00000000000000000000100101011001 "
b00000000000000000000100101011001 $
1&
b0100101010110 3
b0100101010111 6
18
19
#23935
0&
08
09
#23940
b00000000000000000000100101011010 "
b00000000000000000000100101011010 $
1&
b0100101010111 3
b0100101011000 6
18
19
#23945
0&
08
09
#23950
b00000000000000000000100101011011 "
b00000000000000000000100101011011 $
1&
b0100101011000 3
b0100101011001 6
18
19
#23955
0&
08
09
#23960
b00000000000000000000100101011100 "
b00000000000000000000100101011100 $
1&
b0100101011001 3
b0100101011010 6
18
19
#23965
0&
08
09
#23970
b00000000000000000000100101011101 "
b00000000000000000000100101011101 $
1&
b0100101011010 3
b0100101011011 6
18
19
#23975
0&
08
09
#23980
b00000000000000000000100101011110 "
b00000000000000000000100101011110 $
1&
b0100101011011 3
b0100101011100 6
18
19
#23985
0&
08
09
#23990
b00000000000000000000100101011111 "
b00000000000000000000100101011111 $
1&
b0100101011100 3
b0100101011101 6
18
19
#23995
0&
08
09
#24000
b00000000000000000000100101100000 "
b00000000000000000000100101100000 $
1&
b0100101011101 3
b0100101011110 6
18
19
#24005
0&
08
09
#24010
b00000000000000000000100101100001 "
b00000000000000000000100101100001 $
1&
b0100101011110 3
b0100101011111 6
18
19
#24015
0&
08
09
#24020
b00000000000000000000100101100010 "
b00000000000000000000100101100010 $
1&
b0100101011111 3
b0100101100000 6
18
19
#24025
0&
08
09
#24030
b00000000000000000000100101100011 "
b00000000000000000000100101100011 $
1&
b0100101100000 3
b0100101100001 6
18
19
#24035
0&
08
09
#24040
b00000000000000000000100101100100 "
b00000000000000000000100101100100 $
1&
b0100101100001 3
b0100101100010 6
18
19
#24045
0&
08
09
#24050
b00000000000000000000100101100101 "
b00000000000000000000100101100101 $
1&
b0100101100010 3
b0100101100011 6
18
19
#24055
0&
08
09
#24060
b00000000000000000000100101100110 "
b00000000000000000000100101100110 $
1&
b0100101100011 3
b0100101100100 6
18
19
#24065
0&
08
09
#24070
b00000000000000000000100101100111 "
b00000000000000000000100101100111 $
1&
b0100101100100 3
b0100101100101 6
18
19
#24075
0&
08
09
#24080
b00000000000000000000100101101000 "
b00000000000000000000100101101000 $
1&
b0100101100101 3
b0100101100110 6
18
19
#24085
0&
08
09
#24090
b00000000000000000000100101101001 "
b00000000000000000000100101101001 $
1&
b0100101100110 3
b0100101100111 6
18
19
#24095
0&
08
09
#24100
b00000000000000000000100101101010 "
b00000000000000000000100101101010 $
1&
b0100101100111 3
b0100101101000 6
18
19
#24105
0&
08
09
#24110
b00000000000000000000100101101011 "
b00000000000000000000100101101011 $
1&
b0100101101000 3
b0100101101001 6
18
19
#24115
0&
08
09
#24120
b00000000000000000000100101101100 "
b00000000000000000000100101101100 $
1&
b0100101101001 3
b0100101101010 6
18
19
#24125
0&
08
09
#24130
b00000000000000000000100101101101 "
b00000000000000000000100101101101 $
1&
b0100101101010 3
b0100101101011 6
18
19
#24135
0&
08
09
#24140
b00000000000000000000100101101110 "
b00000000000000000000100101101110 $
1&
b0100101101011 3
b0100101101100 6
18
19
#24145
0&
08
09
#24150
b00000000000000000000100101101111 "
b00000000000000000000100101101111 $
1&
b0100101101100 3
b0100101101101 6
18
19
#24155
0&
08
09
#24160
b00000000000000000000100101110000 "
b00000000000000000000100101110000 $
1&
b0100101101101 3
b0100101101110 6
18
19
#24165
0&
08
09
#24170
b00000000000000000000100101110001 "
b00000000000000000000100101110001 $
1&
b0100101101110 3
b0100101101111 6
18
19
#24175
0&
08
09
#24180
b00000000000000000000100101110010 "
b00000000000000000000100101110010 $
1&
b0100101101111 3
b0100101110000 6
18
19
#24185
0&
08
09
#24190
b00000000000000000000100101110011 "
b00000000000000000000100101110011 $
1&
b0100101110000 3
b0100101110001 6
18
19
#24195
0&
08
09
#24200
b00000000000000000000100101110100 "
b00000000000000000000100101110100 $
1&
b0100101110001 3
b0100101110010 6
18
19
#24205
0&
08
09
#24210
b00000000000000000000100101110101 "
b00000000000000000000100101110101 $
1&
b0100101110010 3
b0100101110011 6
18
19
#24215
0&
08
09
#24220
b00000000000000000000100101110110 "
b00000000000000000000100101110110 $
1&
b0100101110011 3
b0100101110100 6
18
19
#24225
0&
08
09
#24230
b00000000000000000000100101110111 "
b00000000000000000000100101110111 $
1&
b0100101110100 3
b0100101110101 6
18
19
#24235
0&
08
09
#24240
b00000000000000000000100101111000 "
b00000000000000000000100101111000 $
1&
b0100101110101 3
b0100101110110 6
18
19
#24245
0&
08
09
#24250
b00000000000000000000100101111001 "
b00000000000000000000100101111001 $
1&
b0100101110110 3
b0100101110111 6
18
19
#24255
0&
08
09
#24260
b00000000000000000000100101111010 "
b00000000000000000000100101111010 $
1&
b0100101110111 3
b0100101111000 6
18
19
#24265
0&
08
09
#24270
b00000000000000000000100101111011 "
b00000000000000000000100101111011 $
1&
b0100101111000 3
b0100101111001 6
18
19
#24275
0&
08
09
#24280
b00000000000000000000100101111100 "
b00000000000000000000100101111100 $
1&
b0100101111001 3
b0100101111010 6
18
19
#24285
0&
08
09
#24290
b00000000000000000000100101111101 "
b00000000000000000000100101111101 $
1&
b0100101111010 3
b0100101111011 6
18
19
#24295
0&
08
09
#24300
b00000000000000000000100101111110 "
b00000000000000000000100101111110 $
1&
b0100101111011 3
b0100101111100 6
18
19
#24305
0&
08
09
#24310
b00000000000000000000100101111111 "
b00000000000000000000100101111111 $
1&
b0100101111100 3
b0100101111101 6
18
19
#24315
0&
08
09
#24320
b00000000000000000000100110000000 "
b00000000000000000000100110000000 $
1&
b0100101111101 3
b0100101111110 6
18
19
#24325
0&
08
09
#24330
b00000000000000000000100110000001 "
b00000000000000000000100110000001 $
1&
b0100101111110 3
b0100101111111 6
18
19
#24335
0&
08
09
#24340
b00000000000000000000100110000010 "
b00000000000000000000100110000010 $
1&
b0100101111111 3
b0100110000000 6
18
19
#24345
0&
08
09
#24350
b00000000000000000000100110000011 "
b00000000000000000000100110000011 $
1&
b0100110000000 3
b0100110000001 6
18
19
#24355
0&
08
09
#24360
b00000000000000000000100110000100 "
b00000000000000000000100110000100 $
1&
b0100110000001 3
b0100110000010 6
18
19
#24365
0&
08
09
#24370
b00000000000000000000100110000101 "
b00000000000000000000100110000101 $
1&
b0100110000010 3
b0100110000011 6
18
19
#24375
0&
08
09
#24380
b00000000000000000000100110000110 "
b00000000000000000000100110000110 $
1&
b0100110000011 3
b0100110000100 6
18
19
#24385
0&
08
09
#24390
b00000000000000000000100110000111 "
b00000000000000000000100110000111 $
1&
b0100110000100 3
b0100110000101 6
18
19
#24395
0&
08
09
#24400
b00000000000000000000100110001000 "
b00000000000000000000100110001000 $
1&
b0100110000101 3
b0100110000110 6
18
19
#24405
0&
08
09
#24410
b00000000000000000000100110001001 "
b00000000000000000000100110001001 $
1&
b0100110000110 3
b0100110000111 6
18
19
#24415
0&
08
09
#24420
b00000000000000000000100110001010 "
b00000000000000000000100110001010 $
1&
b0100110000111 3
b0100110001000 6
18
19
#24425
0&
08
09
#24430
b00000000000000000000100110001011 "
b00000000000000000000100110001011 $
1&
b0100110001000 3
b0100110001001 6
18
19
#24435
0&
08
09
#24440
b00000000000000000000100110001100 "
b00000000000000000000100110001100 $
1&
b0100110001001 3
b0100110001010 6
18
19
#24445
0&
08
09
#24450
b00000000000000000000100110001101 "
b00000000000000000000100110001101 $
1&
b0100110001010 3
b0100110001011 6
18
19
#24455
0&
08
09
#24460
b00000000000000000000100110001110 "
b00000000000000000000100110001110 $
1&
b0100110001011 3
b0100110001100 6
18
19
#24465
0&
08
09
#24470
b00000000000000000000100110001111 "
b00000000000000000000100110001111 $
1&
b0100110001100 3
b0100110001101 6
18
19
#24475
0&
08
09
#24480
b00000000000000000000100110010000 "
b00000000000000000000100110010000 $
1&
b0100110001101 3
b0100110001110 6
18
19
#24485
0&
08
09
#24490
b00000000000000000000100110010001 "
b00000000000000000000100110010001 $
1&
b0100110001110 3
b0100110001111 6
18
19
#24495
0&
08
09
#24500
b00000000000000000000100110010010 "
b00000000000000000000100110010010 $
1&
b0100110001111 3
b0100110010000 6
18
19
#24505
0&
08
09
#24510
b00000000000000000000100110010011 "
b00000000000000000000100110010011 $
1&
b0100110010000 3
b0100110010001 6
18
19
#24515
0&
08
09
#24520
b00000000000000000000100110010100 "
b00000000000000000000100110010100 $
1&
b0100110010001 3
b0100110010010 6
18
19
#24525
0&
08
09
#24530
b00000000000000000000100110010101 "
b00000000000000000000100110010101 $
1&
b0100110010010 3
b0100110010011 6
18
19
#24535
0&
08
09
#24540
b00000000000000000000100110010110 "
b00000000000000000000100110010110 $
1&
b0100110010011 3
b0100110010100 6
18
19
#24545
0&
08
09
#24550
b00000000000000000000100110010111 "
b00000000000000000000100110010111 $
1&
b0100110010100 3
b0100110010101 6
18
19
#24555
0&
08
09
#24560
b00000000000000000000100110011000 "
b00000000000000000000100110011000 $
1&
b0100110010101 3
b0100110010110 6
18
19
#24565
0&
08
09
#24570
b00000000000000000000100110011001 "
b00000000000000000000100110011001 $
1&
b0100110010110 3
b0100110010111 6
18
19
#24575
0&
08
09
#24580
b00000000000000000000100110011010 "
b00000000000000000000100110011010 $
1&
b0100110010111 3
b0100110011000 6
18
19
#24585
0&
08
09
#24590
b00000000000000000000100110011011 "
b00000000000000000000100110011011 $
1&
b0100110011000 3
b0100110011001 6
18
19
#24595
0&
08
09
#24600
b00000000000000000000100110011100 "
b00000000000000000000100110011100 $
1&
b0100110011001 3
b0100110011010 6
18
19
#24605
0&
08
09
#24610
b00000000000000000000100110011101 "
b00000000000000000000100110011101 $
1&
b0100110011010 3
b0100110011011 6
18
19
#24615
0&
08
09
#24620
b00000000000000000000100110011110 "
b00000000000000000000100110011110 $
1&
b0100110011011 3
b0100110011100 6
18
19
#24625
0&
08
09
#24630
b00000000000000000000100110011111 "
b00000000000000000000100110011111 $
1&
b0100110011100 3
b0100110011101 6
18
19
#24635
0&
08
09
#24640
b00000000000000000000100110100000 "
b00000000000000000000100110100000 $
1&
b0100110011101 3
b0100110011110 6
18
19
#24645
0&
08
09
#24650
b00000000000000000000100110100001 "
b00000000000000000000100110100001 $
1&
b0100110011110 3
b0100110011111 6
18
19
#24655
0&
08
09
#24660
b00000000000000000000100110100010 "
b00000000000000000000100110100010 $
1&
b0100110011111 3
b0100110100000 6
18
19
#24665
0&
08
09
#24670
b00000000000000000000100110100011 "
b00000000000000000000100110100011 $
1&
b0100110100000 3
b0100110100001 6
18
19
#24675
0&
08
09
#24680
b00000000000000000000100110100100 "
b00000000000000000000100110100100 $
1&
b0100110100001 3
b0100110100010 6
18
19
#24685
0&
08
09
#24690
b00000000000000000000100110100101 "
b00000000000000000000100110100101 $
1&
b0100110100010 3
b0100110100011 6
18
19
#24695
0&
08
09
#24700
b00000000000000000000100110100110 "
b00000000000000000000100110100110 $
1&
b0100110100011 3
b0100110100100 6
18
19
#24705
0&
08
09
#24710
b00000000000000000000100110100111 "
b00000000000000000000100110100111 $
1&
b0100110100100 3
b0100110100101 6
18
19
#24715
0&
08
09
#24720
b00000000000000000000100110101000 "
b00000000000000000000100110101000 $
1&
b0100110100101 3
b0100110100110 6
18
19
#24725
0&
08
09
#24730
b00000000000000000000100110101001 "
b00000000000000000000100110101001 $
1&
b0100110100110 3
b0100110100111 6
18
19
#24735
0&
08
09
#24740
b00000000000000000000100110101010 "
b00000000000000000000100110101010 $
1&
b0100110100111 3
b0100110101000 6
18
19
#24745
0&
08
09
#24750
b00000000000000000000100110101011 "
b00000000000000000000100110101011 $
1&
b0100110101000 3
b0100110101001 6
18
19
#24755
0&
08
09
#24760
b00000000000000000000100110101100 "
b00000000000000000000100110101100 $
1&
b0100110101001 3
b0100110101010 6
18
19
#24765
0&
08
09
#24770
b00000000000000000000100110101101 "
b00000000000000000000100110101101 $
1&
b0100110101010 3
b0100110101011 6
18
19
#24775
0&
08
09
#24780
b00000000000000000000100110101110 "
b00000000000000000000100110101110 $
1&
b0100110101011 3
b0100110101100 6
18
19
#24785
0&
08
09
#24790
b00000000000000000000100110101111 "
b00000000000000000000100110101111 $
1&
b0100110101100 3
b0100110101101 6
18
19
#24795
0&
08
09
#24800
b00000000000000000000100110110000 "
b00000000000000000000100110110000 $
1&
b0100110101101 3
b0100110101110 6
18
19
#24805
0&
08
09
#24810
b00000000000000000000100110110001 "
b00000000000000000000100110110001 $
1&
b0100110101110 3
b0100110101111 6
18
19
#24815
0&
08
09
#24820
b00000000000000000000100110110010 "
b00000000000000000000100110110010 $
1&
b0100110101111 3
b0100110110000 6
18
19
#24825
0&
08
09
#24830
b00000000000000000000100110110011 "
b00000000000000000000100110110011 $
1&
b0100110110000 3
b0100110110001 6
18
19
#24835
0&
08
09
#24840
b00000000000000000000100110110100 "
b00000000000000000000100110110100 $
1&
b0100110110001 3
b0100110110010 6
18
19
#24845
0&
08
09
#24850
b00000000000000000000100110110101 "
b00000000000000000000100110110101 $
1&
b0100110110010 3
b0100110110011 6
18
19
#24855
0&
08
09
#24860
b00000000000000000000100110110110 "
b00000000000000000000100110110110 $
1&
b0100110110011 3
b0100110110100 6
18
19
#24865
0&
08
09
#24870
b00000000000000000000100110110111 "
b00000000000000000000100110110111 $
1&
b0100110110100 3
b0100110110101 6
18
19
#24875
0&
08
09
#24880
b00000000000000000000100110111000 "
b00000000000000000000100110111000 $
1&
b0100110110101 3
b0100110110110 6
18
19
#24885
0&
08
09
#24890
b00000000000000000000100110111001 "
b00000000000000000000100110111001 $
1&
b0100110110110 3
b0100110110111 6
18
19
#24895
0&
08
09
#24900
b00000000000000000000100110111010 "
b00000000000000000000100110111010 $
1&
b0100110110111 3
b0100110111000 6
18
19
#24905
0&
08
09
#24910
b00000000000000000000100110111011 "
b00000000000000000000100110111011 $
1&
b0100110111000 3
b0100110111001 6
18
19
#24915
0&
08
09
#24920
b00000000000000000000100110111100 "
b00000000000000000000100110111100 $
1&
b0100110111001 3
b0100110111010 6
18
19
#24925
0&
08
09
#24930
b00000000000000000000100110111101 "
b00000000000000000000100110111101 $
1&
b0100110111010 3
b0100110111011 6
18
19
#24935
0&
08
09
#24940
b00000000000000000000100110111110 "
b00000000000000000000100110111110 $
1&
b0100110111011 3
b0100110111100 6
18
19
#24945
0&
08
09
#24950
b00000000000000000000100110111111 "
b00000000000000000000100110111111 $
1&
b0100110111100 3
b0100110111101 6
18
19
#24955
0&
08
09
#24960
b00000000000000000000100111000000 "
b00000000000000000000100111000000 $
1&
b0100110111101 3
b0100110111110 6
18
19
#24965
0&
08
09
#24970
b00000000000000000000100111000001 "
b00000000000000000000100111000001 $
1&
b0100110111110 3
b0100110111111 6
18
19
#24975
0&
08
09
#24980
b00000000000000000000100111000010 "
b00000000000000000000100111000010 $
1&
b0100110111111 3
b0100111000000 6
18
19
#24985
0&
08
09
#24990
b00000000000000000000100111000011 "
b00000000000000000000100111000011 $
1&
b0100111000000 3
b0100111000001 6
18
19
#24995
0&
08
09
#25000
b00000000000000000000100111000100 "
b00000000000000000000100111000100 $
1&
b0100111000001 3
b0100111000010 6
18
19
#25005
0&
08
09
#25010
b00000000000000000000100111000101 "
b00000000000000000000100111000101 $
1&
b0100111000010 3
b0100111000011 6
18
19
#25015
0&
08
09
#25020
b00000000000000000000100111000110 "
b00000000000000000000100111000110 $
1&
b0100111000011 3
b0100111000100 6
18
19
#25025
0&
08
09
#25030
b00000000000000000000100111000111 "
b00000000000000000000100111000111 $
1&
b0100111000100 3
b0100111000101 6
18
19
#25035
0&
08
09
#25040
b00000000000000000000100111001000 "
b00000000000000000000100111001000 $
1&
b0100111000101 3
b0100111000110 6
18
19
#25045
0&
08
09
#25050
b00000000000000000000100111001001 "
b00000000000000000000100111001001 $
1&
b0100111000110 3
b0100111000111 6
18
19
#25055
0&
08
09
#25060
b00000000000000000000100111001010 "
b00000000000000000000100111001010 $
1&
b0100111000111 3
b0100111001000 6
18
19
#25065
0&
08
09
#25070
b00000000000000000000100111001011 "
b00000000000000000000100111001011 $
1&
b0100111001000 3
b0100111001001 6
18
19
#25075
0&
08
09
#25080
b00000000000000000000100111001100 "
b00000000000000000000100111001100 $
1&
b0100111001001 3
b0100111001010 6
18
19
#25085
0&
08
09
#25090
b00000000000000000000100111001101 "
b00000000000000000000100111001101 $
1&
b0100111001010 3
b0100111001011 6
18
19
#25095
0&
08
09
#25100
b00000000000000000000100111001110 "
b00000000000000000000100111001110 $
1&
b0100111001011 3
b0100111001100 6
18
19
#25105
0&
08
09
#25110
b00000000000000000000100111001111 "
b00000000000000000000100111001111 $
1&
b0100111001100 3
b0100111001101 6
18
19
#25115
0&
08
09
#25120
b00000000000000000000100111010000 "
b00000000000000000000100111010000 $
1&
b0100111001101 3
b0100111001110 6
18
19
#25125
0&
08
09
#25130
b00000000000000000000100111010001 "
b00000000000000000000100111010001 $
1&
b0100111001110 3
b0100111001111 6
18
19
#25135
0&
08
09
#25140
b00000000000000000000100111010010 "
b00000000000000000000100111010010 $
1&
b0100111001111 3
b0100111010000 6
18
19
#25145
0&
08
09
#25150
b00000000000000000000100111010011 "
b00000000000000000000100111010011 $
1&
b0100111010000 3
b0100111010001 6
18
19
#25155
0&
08
09
#25160
b00000000000000000000100111010100 "
b00000000000000000000100111010100 $
1&
b0100111010001 3
b0100111010010 6
18
19
#25165
0&
08
09
#25170
b00000000000000000000100111010101 "
b00000000000000000000100111010101 $
1&
b0100111010010 3
b0100111010011 6
18
19
#25175
0&
08
09
#25180
b00000000000000000000100111010110 "
b00000000000000000000100111010110 $
1&
b0100111010011 3
b0100111010100 6
18
19
#25185
0&
08
09
#25190
b00000000000000000000100111010111 "
b00000000000000000000100111010111 $
1&
b0100111010100 3
b0100111010101 6
18
19
#25195
0&
08
09
#25200
b00000000000000000000100111011000 "
b00000000000000000000100111011000 $
1&
b0100111010101 3
b0100111010110 6
18
19
#25205
0&
08
09
#25210
b00000000000000000000100111011001 "
b00000000000000000000100111011001 $
1&
b0100111010110 3
b0100111010111 6
18
19
#25215
0&
08
09
#25220
b00000000000000000000100111011010 "
b00000000000000000000100111011010 $
1&
b0100111010111 3
b0100111011000 6
18
19
#25225
0&
08
09
#25230
b00000000000000000000100111011011 "
b00000000000000000000100111011011 $
1&
b0100111011000 3
b0100111011001 6
18
19
#25235
0&
08
09
#25240
b00000000000000000000100111011100 "
b00000000000000000000100111011100 $
1&
b0100111011001 3
b0100111011010 6
18
19
#25245
0&
08
09
#25250
b00000000000000000000100111011101 "
b00000000000000000000100111011101 $
1&
b0100111011010 3
b0100111011011 6
18
19
#25255
0&
08
09
#25260
b00000000000000000000100111011110 "
b00000000000000000000100111011110 $
1&
b0100111011011 3
b0100111011100 6
18
19
#25265
0&
08
09
#25270
b00000000000000000000100111011111 "
b00000000000000000000100111011111 $
1&
b0100111011100 3
b0100111011101 6
18
19
#25275
0&
08
09
#25280
b00000000000000000000100111100000 "
b00000000000000000000100111100000 $
1&
b0100111011101 3
b0100111011110 6
18
19
#25285
0&
08
09
#25290
b00000000000000000000100111100001 "
b00000000000000000000100111100001 $
1&
b0100111011110 3
b0100111011111 6
18
19
#25295
0&
08
09
#25300
b00000000000000000000100111100010 "
b00000000000000000000100111100010 $
1&
b0100111011111 3
b0100111100000 6
18
19
#25305
0&
08
09
#25310
b00000000000000000000100111100011 "
b00000000000000000000100111100011 $
1&
b0100111100000 3
b0100111100001 6
18
19
#25315
0&
08
09
#25320
b00000000000000000000100111100100 "
b00000000000000000000100111100100 $
1&
b0100111100001 3
b0100111100010 6
18
19
#25325
0&
08
09
#25330
b00000000000000000000100111100101 "
b00000000000000000000100111100101 $
1&
b0100111100010 3
b0100111100011 6
18
19
#25335
0&
08
09
#25340
b00000000000000000000100111100110 "
b00000000000000000000100111100110 $
1&
b0100111100011 3
b0100111100100 6
18
19
#25345
0&
08
09
#25350
b00000000000000000000100111100111 "
b00000000000000000000100111100111 $
1&
b0100111100100 3
b0100111100101 6
18
19
#25355
0&
08
09
#25360
b00000000000000000000100111101000 "
b00000000000000000000100111101000 $
1&
b0100111100101 3
b0100111100110 6
18
19
#25365
0&
08
09
#25370
b00000000000000000000100111101001 "
b00000000000000000000100111101001 $
1&
b0100111100110 3
b0100111100111 6
18
19
#25375
0&
08
09
#25380
b00000000000000000000100111101010 "
b00000000000000000000100111101010 $
1&
b0100111100111 3
b0100111101000 6
18
19
#25385
0&
08
09
#25390
b00000000000000000000100111101011 "
b00000000000000000000100111101011 $
1&
b0100111101000 3
b0100111101001 6
18
19
#25395
0&
08
09
#25400
b00000000000000000000100111101100 "
b00000000000000000000100111101100 $
1&
b0100111101001 3
b0100111101010 6
18
19
#25405
0&
08
09
#25410
b00000000000000000000100111101101 "
b00000000000000000000100111101101 $
1&
b0100111101010 3
b0100111101011 6
18
19
#25415
0&
08
09
#25420
b00000000000000000000100111101110 "
b00000000000000000000100111101110 $
1&
b0100111101011 3
b0100111101100 6
18
19
#25425
0&
08
09
#25430
b00000000000000000000100111101111 "
b00000000000000000000100111101111 $
1&
b0100111101100 3
b0100111101101 6
18
19
#25435
0&
08
09
#25440
b00000000000000000000100111110000 "
b00000000000000000000100111110000 $
1&
b0100111101101 3
b0100111101110 6
18
19
#25445
0&
08
09
#25450
b00000000000000000000100111110001 "
b00000000000000000000100111110001 $
1&
b0100111101110 3
b0100111101111 6
18
19
#25455
0&
08
09
#25460
b00000000000000000000100111110010 "
b00000000000000000000100111110010 $
1&
b0100111101111 3
b0100111110000 6
18
19
#25465
0&
08
09
#25470
b00000000000000000000100111110011 "
b00000000000000000000100111110011 $
1&
b0100111110000 3
b0100111110001 6
18
19
#25475
0&
08
09
#25480
b00000000000000000000100111110100 "
b00000000000000000000100111110100 $
1&
b0100111110001 3
b0100111110010 6
18
19
#25485
0&
08
09
#25490
b00000000000000000000100111110101 "
b00000000000000000000100111110101 $
1&
b0100111110010 3
b0100111110011 6
18
19
#25495
0&
08
09
#25500
b00000000000000000000100111110110 "
b00000000000000000000100111110110 $
1&
b0100111110011 3
b0100111110100 6
18
19
#25505
0&
08
09
#25510
b00000000000000000000100111110111 "
b00000000000000000000100111110111 $
1&
b0100111110100 3
b0100111110101 6
18
19
#25515
0&
08
09
#25520
b00000000000000000000100111111000 "
b00000000000000000000100111111000 $
1&
b0100111110101 3
b0100111110110 6
18
19
#25525
0&
08
09
#25530
b00000000000000000000100111111001 "
b00000000000000000000100111111001 $
1&
b0100111110110 3
b0100111110111 6
18
19
#25535
0&
08
09
#25540
b00000000000000000000100111111010 "
b00000000000000000000100111111010 $
1&
b0100111110111 3
b0100111111000 6
18
19
#25545
0&
08
09
#25550
b00000000000000000000100111111011 "
b00000000000000000000100111111011 $
1&
b0100111111000 3
b0100111111001 6
18
19
#25555
0&
08
09
#25560
b00000000000000000000100111111100 "
b00000000000000000000100111111100 $
1&
b0100111111001 3
b0100111111010 6
18
19
#25565
0&
08
09
#25570
b00000000000000000000100111111101 "
b00000000000000000000100111111101 $
1&
b0100111111010 3
b0100111111011 6
18
19
#25575
0&
08
09
#25580
b00000000000000000000100111111110 "
b00000000000000000000100111111110 $
1&
b0100111111011 3
b0100111111100 6
18
19
#25585
0&
08
09
#25590
b00000000000000000000100111111111 "
b00000000000000000000100111111111 $
1&
b0100111111100 3
b0100111111101 6
18
19
#25595
0&
08
09
#25600
b00000000000000000000101000000000 "
b00000000000000000000101000000000 $
1&
b0100111111101 3
b0100111111110 6
18
19
#25605
0&
08
09
#25610
b00000000000000000000101000000001 "
b00000000000000000000101000000001 $
1&
b0100111111110 3
b0100111111111 6
18
19
#25615
0&
08
09
#25620
b00000000000000000000101000000010 "
b00000000000000000000101000000010 $
1&
b0100111111111 3
b0101000000000 6
18
19
#25625
0&
08
09
#25630
b00000000000000000000101000000011 "
b00000000000000000000101000000011 $
1&
b0101000000000 3
b0101000000001 6
18
19
#25635
0&
08
09
#25640
b00000000000000000000101000000100 "
b00000000000000000000101000000100 $
1&
b0101000000001 3
b0101000000010 6
18
19
#25645
0&
08
09
#25650
b00000000000000000000101000000101 "
b00000000000000000000101000000101 $
1&
b0101000000010 3
b0101000000011 6
18
19
#25655
0&
08
09
#25660
b00000000000000000000101000000110 "
b00000000000000000000101000000110 $
1&
b0101000000011 3
b0101000000100 6
18
19
#25665
0&
08
09
#25670
b00000000000000000000101000000111 "
b00000000000000000000101000000111 $
1&
b0101000000100 3
b0101000000101 6
18
19
#25675
0&
08
09
#25680
b00000000000000000000101000001000 "
b00000000000000000000101000001000 $
1&
b0101000000101 3
b0101000000110 6
18
19
#25685
0&
08
09
#25690
b00000000000000000000101000001001 "
b00000000000000000000101000001001 $
1&
b0101000000110 3
b0101000000111 6
18
19
#25695
0&
08
09
#25700
b00000000000000000000101000001010 "
b00000000000000000000101000001010 $
1&
b0101000000111 3
b0101000001000 6
18
19
#25705
0&
08
09
#25710
b00000000000000000000101000001011 "
b00000000000000000000101000001011 $
1&
b0101000001000 3
b0101000001001 6
18
19
#25715
0&
08
09
#25720
b00000000000000000000101000001100 "
b00000000000000000000101000001100 $
1&
b0101000001001 3
b0101000001010 6
18
19
#25725
0&
08
09
#25730
b00000000000000000000101000001101 "
b00000000000000000000101000001101 $
1&
b0101000001010 3
b0101000001011 6
18
19
#25735
0&
08
09
#25740
b00000000000000000000101000001110 "
b00000000000000000000101000001110 $
1&
b0101000001011 3
b0101000001100 6
18
19
#25745
0&
08
09
#25750
b00000000000000000000101000001111 "
b00000000000000000000101000001111 $
1&
b0101000001100 3
b0101000001101 6
18
19
#25755
0&
08
09
#25760
b00000000000000000000101000010000 "
b00000000000000000000101000010000 $
1&
b0101000001101 3
b0101000001110 6
18
19
#25765
0&
08
09
#25770
b00000000000000000000101000010001 "
b00000000000000000000101000010001 $
1&
b0101000001110 3
b0101000001111 6
18
19
#25775
0&
08
09
#25780
b00000000000000000000101000010010 "
b00000000000000000000101000010010 $
1&
b0101000001111 3
b0101000010000 6
18
19
#25785
0&
08
09
#25790
b00000000000000000000101000010011 "
b00000000000000000000101000010011 $
1&
b0101000010000 3
b0101000010001 6
18
19
#25795
0&
08
09
#25800
b00000000000000000000101000010100 "
b00000000000000000000101000010100 $
1&
b0101000010001 3
b0101000010010 6
18
19
#25805
0&
08
09
#25810
b00000000000000000000101000010101 "
b00000000000000000000101000010101 $
1&
b0101000010010 3
b0101000010011 6
18
19
#25815
0&
08
09
#25820
b00000000000000000000101000010110 "
b00000000000000000000101000010110 $
1&
b0101000010011 3
b0101000010100 6
18
19
#25825
0&
08
09
#25830
b00000000000000000000101000010111 "
b00000000000000000000101000010111 $
1&
b0101000010100 3
b0101000010101 6
18
19
#25835
0&
08
09
#25840
b00000000000000000000101000011000 "
b00000000000000000000101000011000 $
1&
b0101000010101 3
b0101000010110 6
18
19
#25845
0&
08
09
#25850
b00000000000000000000101000011001 "
b00000000000000000000101000011001 $
1&
b0101000010110 3
b0101000010111 6
18
19
#25855
0&
08
09
#25860
b00000000000000000000101000011010 "
b00000000000000000000101000011010 $
1&
b0101000010111 3
b0101000011000 6
18
19
#25865
0&
08
09
#25870
b00000000000000000000101000011011 "
b00000000000000000000101000011011 $
1&
b0101000011000 3
b0101000011001 6
18
19
#25875
0&
08
09
#25880
b00000000000000000000101000011100 "
b00000000000000000000101000011100 $
1&
b0101000011001 3
b0101000011010 6
18
19
#25885
0&
08
09
#25890
b00000000000000000000101000011101 "
b00000000000000000000101000011101 $
1&
b0101000011010 3
b0101000011011 6
18
19
#25895
0&
08
09
#25900
b00000000000000000000101000011110 "
b00000000000000000000101000011110 $
1&
b0101000011011 3
b0101000011100 6
18
19
#25905
0&
08
09
#25910
b00000000000000000000101000011111 "
b00000000000000000000101000011111 $
1&
b0101000011100 3
b0101000011101 6
18
19
#25915
0&
08
09
#25920
b00000000000000000000101000100000 "
b00000000000000000000101000100000 $
1&
b0101000011101 3
b0101000011110 6
18
19
#25925
0&
08
09
#25930
b00000000000000000000101000100001 "
b00000000000000000000101000100001 $
1&
b0101000011110 3
b0101000011111 6
18
19
#25935
0&
08
09
#25940
b00000000000000000000101000100010 "
b00000000000000000000101000100010 $
1&
b0101000011111 3
b0101000100000 6
18
19
#25945
0&
08
09
#25950
b00000000000000000000101000100011 "
b00000000000000000000101000100011 $
1&
b0101000100000 3
b0101000100001 6
18
19
#25955
0&
08
09
#25960
b00000000000000000000101000100100 "
b00000000000000000000101000100100 $
1&
b0101000100001 3
b0101000100010 6
18
19
#25965
0&
08
09
#25970
b00000000000000000000101000100101 "
b00000000000000000000101000100101 $
1&
b0101000100010 3
b0101000100011 6
18
19
#25975
0&
08
09
#25980
b00000000000000000000101000100110 "
b00000000000000000000101000100110 $
1&
b0101000100011 3
b0101000100100 6
18
19
#25985
0&
08
09
#25990
b00000000000000000000101000100111 "
b00000000000000000000101000100111 $
1&
b0101000100100 3
b0101000100101 6
18
19
#25995
0&
08
09
#26000
b00000000000000000000101000101000 "
b00000000000000000000101000101000 $
1&
b0101000100101 3
b0101000100110 6
18
19
#26005
0&
08
09
#26010
b00000000000000000000101000101001 "
b00000000000000000000101000101001 $
1&
b0101000100110 3
b0101000100111 6
18
19
#26015
0&
08
09
#26020
b00000000000000000000101000101010 "
b00000000000000000000101000101010 $
1&
b0101000100111 3
b0101000101000 6
18
19
#26025
0&
08
09
#26030
b00000000000000000000101000101011 "
b00000000000000000000101000101011 $
1&
b0101000101000 3
b0101000101001 6
18
19
#26035
0&
08
09
#26040
b00000000000000000000101000101100 "
b00000000000000000000101000101100 $
1&
b0101000101001 3
b0101000101010 6
18
19
#26045
0&
08
09
#26050
b00000000000000000000101000101101 "
b00000000000000000000101000101101 $
1&
b0101000101010 3
b0101000101011 6
18
19
#26055
0&
08
09
#26060
b00000000000000000000101000101110 "
b00000000000000000000101000101110 $
1&
b0101000101011 3
b0101000101100 6
18
19
#26065
0&
08
09
#26070
b00000000000000000000101000101111 "
b00000000000000000000101000101111 $
1&
b0101000101100 3
b0101000101101 6
18
19
#26075
0&
08
09
#26080
b00000000000000000000101000110000 "
b00000000000000000000101000110000 $
1&
b0101000101101 3
b0101000101110 6
18
19
#26085
0&
08
09
#26090
b00000000000000000000101000110001 "
b00000000000000000000101000110001 $
1&
b0101000101110 3
b0101000101111 6
18
19
#26095
0&
08
09
#26100
b00000000000000000000101000110010 "
b00000000000000000000101000110010 $
1&
b0101000101111 3
b0101000110000 6
18
19
#26105
0&
08
09
#26110
b00000000000000000000101000110011 "
b00000000000000000000101000110011 $
1&
b0101000110000 3
b0101000110001 6
18
19
#26115
0&
08
09
#26120
b00000000000000000000101000110100 "
b00000000000000000000101000110100 $
1&
b0101000110001 3
b0101000110010 6
18
19
#26125
0&
08
09
#26130
b00000000000000000000101000110101 "
b00000000000000000000101000110101 $
1&
b0101000110010 3
b0101000110011 6
18
19
#26135
0&
08
09
#26140
b00000000000000000000101000110110 "
b00000000000000000000101000110110 $
1&
b0101000110011 3
b0101000110100 6
18
19
#26145
0&
08
09
#26150
b00000000000000000000101000110111 "
b00000000000000000000101000110111 $
1&
b0101000110100 3
b0101000110101 6
18
19
#26155
0&
08
09
#26160
b00000000000000000000101000111000 "
b00000000000000000000101000111000 $
1&
b0101000110101 3
b0101000110110 6
18
19
#26165
0&
08
09
#26170
b00000000000000000000101000111001 "
b00000000000000000000101000111001 $
1&
b0101000110110 3
b0101000110111 6
18
19
#26175
0&
08
09
#26180
b00000000000000000000101000111010 "
b00000000000000000000101000111010 $
1&
b0101000110111 3
b0101000111000 6
18
19
#26185
0&
08
09
#26190
b00000000000000000000101000111011 "
b00000000000000000000101000111011 $
1&
b0101000111000 3
b0101000111001 6
18
19
#26195
0&
08
09
#26200
b00000000000000000000101000111100 "
b00000000000000000000101000111100 $
1&
b0101000111001 3
b0101000111010 6
18
19
#26205
0&
08
09
#26210
b00000000000000000000101000111101 "
b00000000000000000000101000111101 $
1&
b0101000111010 3
b0101000111011 6
18
19
#26215
0&
08
09
#26220
b00000000000000000000101000111110 "
b00000000000000000000101000111110 $
1&
b0101000111011 3
b0101000111100 6
18
19
#26225
0&
08
09
#26230
b00000000000000000000101000111111 "
b00000000000000000000101000111111 $
1&
b0101000111100 3
b0101000111101 6
18
19
#26235
0&
08
09
#26240
b00000000000000000000101001000000 "
b00000000000000000000101001000000 $
1&
b0101000111101 3
b0101000111110 6
18
19
#26245
0&
08
09
#26250
b00000000000000000000101001000001 "
b00000000000000000000101001000001 $
1&
b0101000111110 3
b0101000111111 6
18
19
#26255
0&
08
09
#26260
b00000000000000000000101001000010 "
b00000000000000000000101001000010 $
1&
b0101000111111 3
b0101001000000 6
18
19
#26265
0&
08
09
#26270
b00000000000000000000101001000011 "
b00000000000000000000101001000011 $
1&
b0101001000000 3
b0101001000001 6
18
19
#26275
0&
08
09
#26280
b00000000000000000000101001000100 "
b00000000000000000000101001000100 $
1&
b0101001000001 3
b0101001000010 6
18
19
#26285
0&
08
09
#26290
b00000000000000000000101001000101 "
b00000000000000000000101001000101 $
1&
b0101001000010 3
b0101001000011 6
18
19
#26295
0&
08
09
#26300
b00000000000000000000101001000110 "
b00000000000000000000101001000110 $
1&
b0101001000011 3
b0101001000100 6
18
19
#26305
0&
08
09
#26310
b00000000000000000000101001000111 "
b00000000000000000000101001000111 $
1&
b0101001000100 3
b0101001000101 6
18
19
#26315
0&
08
09
#26320
b00000000000000000000101001001000 "
b00000000000000000000101001001000 $
1&
b0101001000101 3
b0101001000110 6
18
19
#26325
0&
08
09
#26330
b00000000000000000000101001001001 "
b00000000000000000000101001001001 $
1&
b0101001000110 3
b0101001000111 6
18
19
#26335
0&
08
09
#26340
b00000000000000000000101001001010 "
b00000000000000000000101001001010 $
1&
b0101001000111 3
b0101001001000 6
18
19
#26345
0&
08
09
#26350
b00000000000000000000101001001011 "
b00000000000000000000101001001011 $
1&
b0101001001000 3
b0101001001001 6
18
19
#26355
0&
08
09
#26360
b00000000000000000000101001001100 "
b00000000000000000000101001001100 $
1&
b0101001001001 3
b0101001001010 6
18
19
#26365
0&
08
09
#26370
b00000000000000000000101001001101 "
b00000000000000000000101001001101 $
1&
b0101001001010 3
b0101001001011 6
18
19
#26375
0&
08
09
#26380
b00000000000000000000101001001110 "
b00000000000000000000101001001110 $
1&
b0101001001011 3
b0101001001100 6
18
19
#26385
0&
08
09
#26390
b00000000000000000000101001001111 "
b00000000000000000000101001001111 $
1&
b0101001001100 3
b0101001001101 6
18
19
#26395
0&
08
09
#26400
b00000000000000000000101001010000 "
b00000000000000000000101001010000 $
1&
b0101001001101 3
b0101001001110 6
18
19
#26405
0&
08
09
#26410
b00000000000000000000101001010001 "
b00000000000000000000101001010001 $
1&
b0101001001110 3
b0101001001111 6
18
19
#26415
0&
08
09
#26420
b00000000000000000000101001010010 "
b00000000000000000000101001010010 $
1&
b0101001001111 3
b0101001010000 6
18
19
#26425
0&
08
09
#26430
b00000000000000000000101001010011 "
b00000000000000000000101001010011 $
1&
b0101001010000 3
b0101001010001 6
18
19
#26435
0&
08
09
#26440
b00000000000000000000101001010100 "
b00000000000000000000101001010100 $
1&
b0101001010001 3
b0101001010010 6
18
19
#26445
0&
08
09
#26450
b00000000000000000000101001010101 "
b00000000000000000000101001010101 $
1&
b0101001010010 3
b0101001010011 6
18
19
#26455
0&
08
09
#26460
b00000000000000000000101001010110 "
b00000000000000000000101001010110 $
1&
b0101001010011 3
b0101001010100 6
18
19
#26465
0&
08
09
#26470
b00000000000000000000101001010111 "
b00000000000000000000101001010111 $
1&
b0101001010100 3
b0101001010101 6
18
19
#26475
0&
08
09
#26480
b00000000000000000000101001011000 "
b00000000000000000000101001011000 $
1&
b0101001010101 3
b0101001010110 6
18
19
#26485
0&
08
09
#26490
b00000000000000000000101001011001 "
b00000000000000000000101001011001 $
1&
b0101001010110 3
b0101001010111 6
18
19
#26495
0&
08
09
#26500
b00000000000000000000101001011010 "
b00000000000000000000101001011010 $
1&
b0101001010111 3
b0101001011000 6
18
19
#26505
0&
08
09
#26510
b00000000000000000000101001011011 "
b00000000000000000000101001011011 $
1&
b0101001011000 3
b0101001011001 6
18
19
#26515
0&
08
09
#26520
b00000000000000000000101001011100 "
b00000000000000000000101001011100 $
1&
b0101001011001 3
b0101001011010 6
18
19
#26525
0&
08
09
#26530
b00000000000000000000101001011101 "
b00000000000000000000101001011101 $
1&
b0101001011010 3
b0101001011011 6
18
19
#26535
0&
08
09
#26540
b00000000000000000000101001011110 "
b00000000000000000000101001011110 $
1&
b0101001011011 3
b0101001011100 6
18
19
#26545
0&
08
09
#26550
b00000000000000000000101001011111 "
b00000000000000000000101001011111 $
1&
b0101001011100 3
b0101001011101 6
18
19
#26555
0&
08
09
#26560
b00000000000000000000101001100000 "
b00000000000000000000101001100000 $
1&
b0101001011101 3
b0101001011110 6
18
19
#26565
0&
08
09
#26570
b00000000000000000000101001100001 "
b00000000000000000000101001100001 $
1&
b0101001011110 3
b0101001011111 6
18
19
#26575
0&
08
09
#26580
b00000000000000000000101001100010 "
b00000000000000000000101001100010 $
1&
b0101001011111 3
b0101001100000 6
18
19
#26585
0&
08
09
#26590
b00000000000000000000101001100011 "
b00000000000000000000101001100011 $
1&
b0101001100000 3
b0101001100001 6
18
19
#26595
0&
08
09
#26600
b00000000000000000000101001100100 "
b00000000000000000000101001100100 $
1&
b0101001100001 3
b0101001100010 6
18
19
#26605
0&
08
09
#26610
b00000000000000000000101001100101 "
b00000000000000000000101001100101 $
1&
b0101001100010 3
b0101001100011 6
18
19
#26615
0&
08
09
#26620
b00000000000000000000101001100110 "
b00000000000000000000101001100110 $
1&
b0101001100011 3
b0101001100100 6
18
19
#26625
0&
08
09
#26630
b00000000000000000000101001100111 "
b00000000000000000000101001100111 $
1&
b0101001100100 3
b0101001100101 6
18
19
#26635
0&
08
09
#26640
b00000000000000000000101001101000 "
b00000000000000000000101001101000 $
1&
b0101001100101 3
b0101001100110 6
18
19
#26645
0&
08
09
#26650
b00000000000000000000101001101001 "
b00000000000000000000101001101001 $
1&
b0101001100110 3
b0101001100111 6
18
19
#26655
0&
08
09
#26660
b00000000000000000000101001101010 "
b00000000000000000000101001101010 $
1&
b0101001100111 3
b0101001101000 6
18
19
#26665
0&
08
09
#26670
b00000000000000000000101001101011 "
b00000000000000000000101001101011 $
1&
b0101001101000 3
b0101001101001 6
18
19
#26675
0&
08
09
#26680
b00000000000000000000101001101100 "
b00000000000000000000101001101100 $
1&
b0101001101001 3
b0101001101010 6
18
19
#26685
0&
08
09
#26690
b00000000000000000000101001101101 "
b00000000000000000000101001101101 $
1&
b0101001101010 3
b0101001101011 6
18
19
#26695
0&
08
09
#26700
b00000000000000000000101001101110 "
b00000000000000000000101001101110 $
1&
b0101001101011 3
b0101001101100 6
18
19
#26705
0&
08
09
#26710
b00000000000000000000101001101111 "
b00000000000000000000101001101111 $
1&
b0101001101100 3
b0101001101101 6
18
19
#26715
0&
08
09
#26720
b00000000000000000000101001110000 "
b00000000000000000000101001110000 $
1&
b0101001101101 3
b0101001101110 6
18
19
#26725
0&
08
09
#26730
b00000000000000000000101001110001 "
b00000000000000000000101001110001 $
1&
b0101001101110 3
b0101001101111 6
18
19
#26735
0&
08
09
#26740
b00000000000000000000101001110010 "
b00000000000000000000101001110010 $
1&
b0101001101111 3
b0101001110000 6
18
19
#26745
0&
08
09
#26750
b00000000000000000000101001110011 "
b00000000000000000000101001110011 $
1&
b0101001110000 3
b0101001110001 6
18
19
#26755
0&
08
09
#26760
b00000000000000000000101001110100 "
b00000000000000000000101001110100 $
1&
b0101001110001 3
b0101001110010 6
18
19
#26765
0&
08
09
#26770
b00000000000000000000101001110101 "
b00000000000000000000101001110101 $
1&
b0101001110010 3
b0101001110011 6
18
19
#26775
0&
08
09
#26780
b00000000000000000000101001110110 "
b00000000000000000000101001110110 $
1&
b0101001110011 3
b0101001110100 6
18
19
#26785
0&
08
09
#26790
b00000000000000000000101001110111 "
b00000000000000000000101001110111 $
1&
b0101001110100 3
b0101001110101 6
18
19
#26795
0&
08
09
#26800
b00000000000000000000101001111000 "
b00000000000000000000101001111000 $
1&
b0101001110101 3
b0101001110110 6
18
19
#26805
0&
08
09
#26810
b00000000000000000000101001111001 "
b00000000000000000000101001111001 $
1&
b0101001110110 3
b0101001110111 6
18
19
#26815
0&
08
09
#26820
b00000000000000000000101001111010 "
b00000000000000000000101001111010 $
1&
b0101001110111 3
b0101001111000 6
18
19
#26825
0&
08
09
#26830
b00000000000000000000101001111011 "
b00000000000000000000101001111011 $
1&
b0101001111000 3
b0101001111001 6
18
19
#26835
0&
08
09
#26840
b00000000000000000000101001111100 "
b00000000000000000000101001111100 $
1&
b0101001111001 3
b0101001111010 6
18
19
#26845
0&
08
09
#26850
b00000000000000000000101001111101 "
b00000000000000000000101001111101 $
1&
b0101001111010 3
b0101001111011 6
18
19
#26855
0&
08
09
#26860
b00000000000000000000101001111110 "
b00000000000000000000101001111110 $
1&
b0101001111011 3
b0101001111100 6
18
19
#26865
0&
08
09
#26870
b00000000000000000000101001111111 "
b00000000000000000000101001111111 $
1&
b0101001111100 3
b0101001111101 6
18
19
#26875
0&
08
09
#26880
b00000000000000000000101010000000 "
b00000000000000000000101010000000 $
1&
b0101001111101 3
b0101001111110 6
18
19
#26885
0&
08
09
#26890
b00000000000000000000101010000001 "
b00000000000000000000101010000001 $
1&
b0101001111110 3
b0101001111111 6
18
19
#26895
0&
08
09
#26900
b00000000000000000000101010000010 "
b00000000000000000000101010000010 $
1&
b0101001111111 3
b0101010000000 6
18
19
#26905
0&
08
09
#26910
b00000000000000000000101010000011 "
b00000000000000000000101010000011 $
1&
b0101010000000 3
b0101010000001 6
18
19
#26915
0&
08
09
#26920
b00000000000000000000101010000100 "
b00000000000000000000101010000100 $
1&
b0101010000001 3
b0101010000010 6
18
19
#26925
0&
08
09
#26930
b00000000000000000000101010000101 "
b00000000000000000000101010000101 $
1&
b0101010000010 3
b0101010000011 6
18
19
#26935
0&
08
09
#26940
b00000000000000000000101010000110 "
b00000000000000000000101010000110 $
1&
b0101010000011 3
b0101010000100 6
18
19
#26945
0&
08
09
#26950
b00000000000000000000101010000111 "
b00000000000000000000101010000111 $
1&
b0101010000100 3
b0101010000101 6
18
19
#26955
0&
08
09
#26960
b00000000000000000000101010001000 "
b00000000000000000000101010001000 $
1&
b0101010000101 3
b0101010000110 6
18
19
#26965
0&
08
09
#26970
b00000000000000000000101010001001 "
b00000000000000000000101010001001 $
1&
b0101010000110 3
b0101010000111 6
18
19
#26975
0&
08
09
#26980
b00000000000000000000101010001010 "
b00000000000000000000101010001010 $
1&
b0101010000111 3
b0101010001000 6
18
19
#26985
0&
08
09
#26990
b00000000000000000000101010001011 "
b00000000000000000000101010001011 $
1&
b0101010001000 3
b0101010001001 6
18
19
#26995
0&
08
09
#27000
b00000000000000000000101010001100 "
b00000000000000000000101010001100 $
1&
b0101010001001 3
b0101010001010 6
18
19
#27005
0&
08
09
#27010
b00000000000000000000101010001101 "
b00000000000000000000101010001101 $
1&
b0101010001010 3
b0101010001011 6
18
19
#27015
0&
08
09
#27020
b00000000000000000000101010001110 "
b00000000000000000000101010001110 $
1&
b0101010001011 3
b0101010001100 6
18
19
#27025
0&
08
09
#27030
b00000000000000000000101010001111 "
b00000000000000000000101010001111 $
1&
b0101010001100 3
b0101010001101 6
18
19
#27035
0&
08
09
#27040
b00000000000000000000101010010000 "
b00000000000000000000101010010000 $
1&
b0101010001101 3
b0101010001110 6
18
19
#27045
0&
08
09
#27050
b00000000000000000000101010010001 "
b00000000000000000000101010010001 $
1&
b0101010001110 3
b0101010001111 6
18
19
#27055
0&
08
09
#27060
b00000000000000000000101010010010 "
b00000000000000000000101010010010 $
1&
b0101010001111 3
b0101010010000 6
18
19
#27065
0&
08
09
#27070
b00000000000000000000101010010011 "
b00000000000000000000101010010011 $
1&
b0101010010000 3
b0101010010001 6
18
19
#27075
0&
08
09
#27080
b00000000000000000000101010010100 "
b00000000000000000000101010010100 $
1&
b0101010010001 3
b0101010010010 6
18
19
#27085
0&
08
09
#27090
b00000000000000000000101010010101 "
b00000000000000000000101010010101 $
1&
b0101010010010 3
b0101010010011 6
18
19
#27095
0&
08
09
#27100
b00000000000000000000101010010110 "
b00000000000000000000101010010110 $
1&
b0101010010011 3
b0101010010100 6
18
19
#27105
0&
08
09
#27110
b00000000000000000000101010010111 "
b00000000000000000000101010010111 $
1&
b0101010010100 3
b0101010010101 6
18
19
#27115
0&
08
09
#27120
b00000000000000000000101010011000 "
b00000000000000000000101010011000 $
1&
b0101010010101 3
b0101010010110 6
18
19
#27125
0&
08
09
#27130
b00000000000000000000101010011001 "
b00000000000000000000101010011001 $
1&
b0101010010110 3
b0101010010111 6
18
19
#27135
0&
08
09
#27140
b00000000000000000000101010011010 "
b00000000000000000000101010011010 $
1&
b0101010010111 3
b0101010011000 6
18
19
#27145
0&
08
09
#27150
b00000000000000000000101010011011 "
b00000000000000000000101010011011 $
1&
b0101010011000 3
b0101010011001 6
18
19
#27155
0&
08
09
#27160
b00000000000000000000101010011100 "
b00000000000000000000101010011100 $
1&
b0101010011001 3
b0101010011010 6
18
19
#27165
0&
08
09
#27170
b00000000000000000000101010011101 "
b00000000000000000000101010011101 $
1&
b0101010011010 3
b0101010011011 6
18
19
#27175
0&
08
09
#27180
b00000000000000000000101010011110 "
b00000000000000000000101010011110 $
1&
b0101010011011 3
b0101010011100 6
18
19
#27185
0&
08
09
#27190
b00000000000000000000101010011111 "
b00000000000000000000101010011111 $
1&
b0101010011100 3
b0101010011101 6
18
19
#27195
0&
08
09
#27200
b00000000000000000000101010100000 "
b00000000000000000000101010100000 $
1&
b0101010011101 3
b0101010011110 6
18
19
#27205
0&
08
09
#27210
b00000000000000000000101010100001 "
b00000000000000000000101010100001 $
1&
b0101010011110 3
b0101010011111 6
18
19
#27215
0&
08
09
#27220
b00000000000000000000101010100010 "
b00000000000000000000101010100010 $
1&
b0101010011111 3
b0101010100000 6
18
19
#27225
0&
08
09
#27230
b00000000000000000000101010100011 "
b00000000000000000000101010100011 $
1&
b0101010100000 3
b0101010100001 6
18
19
#27235
0&
08
09
#27240
b00000000000000000000101010100100 "
b00000000000000000000101010100100 $
1&
b0101010100001 3
b0101010100010 6
18
19
#27245
0&
08
09
#27250
b00000000000000000000101010100101 "
b00000000000000000000101010100101 $
1&
b0101010100010 3
b0101010100011 6
18
19
#27255
0&
08
09
#27260
b00000000000000000000101010100110 "
b00000000000000000000101010100110 $
1&
b0101010100011 3
b0101010100100 6
18
19
#27265
0&
08
09
#27270
b00000000000000000000101010100111 "
b00000000000000000000101010100111 $
1&
b0101010100100 3
b0101010100101 6
18
19
#27275
0&
08
09
#27280
b00000000000000000000101010101000 "
b00000000000000000000101010101000 $
1&
b0101010100101 3
b0101010100110 6
18
19
#27285
0&
08
09
#27290
b00000000000000000000101010101001 "
b00000000000000000000101010101001 $
1&
b0101010100110 3
b0101010100111 6
18
19
#27295
0&
08
09
#27300
b00000000000000000000101010101010 "
b00000000000000000000101010101010 $
1&
b0101010100111 3
b0101010101000 6
18
19
#27305
0&
08
09
#27310
b00000000000000000000101010101011 "
b00000000000000000000101010101011 $
1&
b0101010101000 3
b0101010101001 6
18
19
#27315
0&
08
09
#27320
b00000000000000000000101010101100 "
b00000000000000000000101010101100 $
1&
b0101010101001 3
b0101010101010 6
18
19
#27325
0&
08
09
#27330
b00000000000000000000101010101101 "
b00000000000000000000101010101101 $
1&
b0101010101010 3
b0101010101011 6
18
19
#27335
0&
08
09
#27340
b00000000000000000000101010101110 "
b00000000000000000000101010101110 $
1&
b0101010101011 3
b0101010101100 6
18
19
#27345
0&
08
09
#27350
b00000000000000000000101010101111 "
b00000000000000000000101010101111 $
1&
b0101010101100 3
b0101010101101 6
18
19
#27355
0&
08
09
#27360
b00000000000000000000101010110000 "
b00000000000000000000101010110000 $
1&
b0101010101101 3
b0101010101110 6
18
19
#27365
0&
08
09
#27370
b00000000000000000000101010110001 "
b00000000000000000000101010110001 $
1&
b0101010101110 3
b0101010101111 6
18
19
#27375
0&
08
09
#27380
b00000000000000000000101010110010 "
b00000000000000000000101010110010 $
1&
b0101010101111 3
b0101010110000 6
18
19
#27385
0&
08
09
#27390
b00000000000000000000101010110011 "
b00000000000000000000101010110011 $
1&
b0101010110000 3
b0101010110001 6
18
19
#27395
0&
08
09
#27400
b00000000000000000000101010110100 "
b00000000000000000000101010110100 $
1&
b0101010110001 3
b0101010110010 6
18
19
#27405
0&
08
09
#27410
b00000000000000000000101010110101 "
b00000000000000000000101010110101 $
1&
b0101010110010 3
b0101010110011 6
18
19
#27415
0&
08
09
#27420
b00000000000000000000101010110110 "
b00000000000000000000101010110110 $
1&
b0101010110011 3
b0101010110100 6
18
19
#27425
0&
08
09
#27430
b00000000000000000000101010110111 "
b00000000000000000000101010110111 $
1&
b0101010110100 3
b0101010110101 6
18
19
#27435
0&
08
09
#27440
b00000000000000000000101010111000 "
b00000000000000000000101010111000 $
1&
b0101010110101 3
b0101010110110 6
18
19
#27445
0&
08
09
#27450
b00000000000000000000101010111001 "
b00000000000000000000101010111001 $
1&
b0101010110110 3
b0101010110111 6
18
19
#27455
0&
08
09
#27460
b00000000000000000000101010111010 "
b00000000000000000000101010111010 $
1&
b0101010110111 3
b0101010111000 6
18
19
#27465
0&
08
09
#27470
b00000000000000000000101010111011 "
b00000000000000000000101010111011 $
1&
b0101010111000 3
b0101010111001 6
18
19
#27475
0&
08
09
#27480
b00000000000000000000101010111100 "
b00000000000000000000101010111100 $
1&
b0101010111001 3
b0101010111010 6
18
19
#27485
0&
08
09
#27490
b00000000000000000000101010111101 "
b00000000000000000000101010111101 $
1&
b0101010111010 3
b0101010111011 6
18
19
#27495
0&
08
09
#27500
b00000000000000000000101010111110 "
b00000000000000000000101010111110 $
1&
b0101010111011 3
b0101010111100 6
18
19
#27505
0&
08
09
#27510
b00000000000000000000101010111111 "
b00000000000000000000101010111111 $
1&
b0101010111100 3
b0101010111101 6
18
19
#27515
0&
08
09
#27520
b00000000000000000000101011000000 "
b00000000000000000000101011000000 $
1&
b0101010111101 3
b0101010111110 6
18
19
#27525
0&
08
09
#27530
b00000000000000000000101011000001 "
b00000000000000000000101011000001 $
1&
b0101010111110 3
b0101010111111 6
18
19
#27535
0&
08
09
#27540
b00000000000000000000101011000010 "
b00000000000000000000101011000010 $
1&
b0101010111111 3
b0101011000000 6
18
19
#27545
0&
08
09
#27550
b00000000000000000000101011000011 "
b00000000000000000000101011000011 $
1&
b0101011000000 3
b0101011000001 6
18
19
#27555
0&
08
09
#27560
b00000000000000000000101011000100 "
b00000000000000000000101011000100 $
1&
b0101011000001 3
b0101011000010 6
18
19
#27565
0&
08
09
#27570
b00000000000000000000101011000101 "
b00000000000000000000101011000101 $
1&
b0101011000010 3
b0101011000011 6
18
19
#27575
0&
08
09
#27580
b00000000000000000000101011000110 "
b00000000000000000000101011000110 $
1&
b0101011000011 3
b0101011000100 6
18
19
#27585
0&
08
09
#27590
b00000000000000000000101011000111 "
b00000000000000000000101011000111 $
1&
b0101011000100 3
b0101011000101 6
18
19
#27595
0&
08
09
#27600
b00000000000000000000101011001000 "
b00000000000000000000101011001000 $
1&
b0101011000101 3
b0101011000110 6
18
19
#27605
0&
08
09
#27610
b00000000000000000000101011001001 "
b00000000000000000000101011001001 $
1&
b0101011000110 3
b0101011000111 6
18
19
#27615
0&
08
09
#27620
b00000000000000000000101011001010 "
b00000000000000000000101011001010 $
1&
b0101011000111 3
b0101011001000 6
18
19
#27625
0&
08
09
#27630
b00000000000000000000101011001011 "
b00000000000000000000101011001011 $
1&
b0101011001000 3
b0101011001001 6
18
19
#27635
0&
08
09
#27640
b00000000000000000000101011001100 "
b00000000000000000000101011001100 $
1&
b0101011001001 3
b0101011001010 6
18
19
#27645
0&
08
09
#27650
b00000000000000000000101011001101 "
b00000000000000000000101011001101 $
1&
b0101011001010 3
b0101011001011 6
18
19
#27655
0&
08
09
#27660
b00000000000000000000101011001110 "
b00000000000000000000101011001110 $
1&
b0101011001011 3
b0101011001100 6
18
19
#27665
0&
08
09
#27670
b00000000000000000000101011001111 "
b00000000000000000000101011001111 $
1&
b0101011001100 3
b0101011001101 6
18
19
#27675
0&
08
09
#27680
b00000000000000000000101011010000 "
b00000000000000000000101011010000 $
1&
b0101011001101 3
b0101011001110 6
18
19
#27685
0&
08
09
#27690
b00000000000000000000101011010001 "
b00000000000000000000101011010001 $
1&
b0101011001110 3
b0101011001111 6
18
19
#27695
0&
08
09
#27700
b00000000000000000000101011010010 "
b00000000000000000000101011010010 $
1&
b0101011001111 3
b0101011010000 6
18
19
#27705
0&
08
09
#27710
b00000000000000000000101011010011 "
b00000000000000000000101011010011 $
1&
b0101011010000 3
b0101011010001 6
18
19
#27715
0&
08
09
#27720
b00000000000000000000101011010100 "
b00000000000000000000101011010100 $
1&
b0101011010001 3
b0101011010010 6
18
19
#27725
0&
08
09
#27730
b00000000000000000000101011010101 "
b00000000000000000000101011010101 $
1&
b0101011010010 3
b0101011010011 6
18
19
#27735
0&
08
09
#27740
b00000000000000000000101011010110 "
b00000000000000000000101011010110 $
1&
b0101011010011 3
b0101011010100 6
18
19
#27745
0&
08
09
#27750
b00000000000000000000101011010111 "
b00000000000000000000101011010111 $
1&
b0101011010100 3
b0101011010101 6
18
19
#27755
0&
08
09
#27760
b00000000000000000000101011011000 "
b00000000000000000000101011011000 $
1&
b0101011010101 3
b0101011010110 6
18
19
#27765
0&
08
09
#27770
b00000000000000000000101011011001 "
b00000000000000000000101011011001 $
1&
b0101011010110 3
b0101011010111 6
18
19
#27775
0&
08
09
#27780
b00000000000000000000101011011010 "
b00000000000000000000101011011010 $
1&
b0101011010111 3
b0101011011000 6
18
19
#27785
0&
08
09
#27790
b00000000000000000000101011011011 "
b00000000000000000000101011011011 $
1&
b0101011011000 3
b0101011011001 6
18
19
#27795
0&
08
09
#27800
b00000000000000000000101011011100 "
b00000000000000000000101011011100 $
1&
b0101011011001 3
b0101011011010 6
18
19
#27805
0&
08
09
#27810
b00000000000000000000101011011101 "
b00000000000000000000101011011101 $
1&
b0101011011010 3
b0101011011011 6
18
19
#27815
0&
08
09
#27820
b00000000000000000000101011011110 "
b00000000000000000000101011011110 $
1&
b0101011011011 3
b0101011011100 6
18
19
#27825
0&
08
09
#27830
b00000000000000000000101011011111 "
b00000000000000000000101011011111 $
1&
b0101011011100 3
b0101011011101 6
18
19
#27835
0&
08
09
#27840
b00000000000000000000101011100000 "
b00000000000000000000101011100000 $
1&
b0101011011101 3
b0101011011110 6
18
19
#27845
0&
08
09
#27850
b00000000000000000000101011100001 "
b00000000000000000000101011100001 $
1&
b0101011011110 3
b0101011011111 6
18
19
#27855
0&
08
09
#27860
b00000000000000000000101011100010 "
b00000000000000000000101011100010 $
1&
b0101011011111 3
b0101011100000 6
18
19
#27865
0&
08
09
#27870
b00000000000000000000101011100011 "
b00000000000000000000101011100011 $
1&
b0101011100000 3
b0101011100001 6
18
19
#27875
0&
08
09
#27880
b00000000000000000000101011100100 "
b00000000000000000000101011100100 $
1&
b0101011100001 3
b0101011100010 6
18
19
#27885
0&
08
09
#27890
b00000000000000000000101011100101 "
b00000000000000000000101011100101 $
1&
b0101011100010 3
b0101011100011 6
18
19
#27895
0&
08
09
#27900
b00000000000000000000101011100110 "
b00000000000000000000101011100110 $
1&
b0101011100011 3
b0101011100100 6
18
19
#27905
0&
08
09
#27910
b00000000000000000000101011100111 "
b00000000000000000000101011100111 $
1&
b0101011100100 3
b0101011100101 6
18
19
#27915
0&
08
09
#27920
b00000000000000000000101011101000 "
b00000000000000000000101011101000 $
1&
b0101011100101 3
b0101011100110 6
18
19
#27925
0&
08
09
#27930
b00000000000000000000101011101001 "
b00000000000000000000101011101001 $
1&
b0101011100110 3
b0101011100111 6
18
19
#27935
0&
08
09
#27940
b00000000000000000000101011101010 "
b00000000000000000000101011101010 $
1&
b0101011100111 3
b0101011101000 6
18
19
#27945
0&
08
09
#27950
b00000000000000000000101011101011 "
b00000000000000000000101011101011 $
1&
b0101011101000 3
b0101011101001 6
18
19
#27955
0&
08
09
#27960
b00000000000000000000101011101100 "
b00000000000000000000101011101100 $
1&
b0101011101001 3
b0101011101010 6
18
19
#27965
0&
08
09
#27970
b00000000000000000000101011101101 "
b00000000000000000000101011101101 $
1&
b0101011101010 3
b0101011101011 6
18
19
#27975
0&
08
09
#27980
b00000000000000000000101011101110 "
b00000000000000000000101011101110 $
1&
b0101011101011 3
b0101011101100 6
18
19
#27985
0&
08
09
#27990
b00000000000000000000101011101111 "
b00000000000000000000101011101111 $
1&
b0101011101100 3
b0101011101101 6
18
19
#27995
0&
08
09
#28000
b00000000000000000000101011110000 "
b00000000000000000000101011110000 $
1&
b0101011101101 3
b0101011101110 6
18
19
#28005
0&
08
09
#28010
b00000000000000000000101011110001 "
b00000000000000000000101011110001 $
1&
b0101011101110 3
b0101011101111 6
18
19
#28015
0&
08
09
#28020
b00000000000000000000101011110010 "
b00000000000000000000101011110010 $
1&
b0101011101111 3
b0101011110000 6
18
19
#28025
0&
08
09
#28030
b00000000000000000000101011110011 "
b00000000000000000000101011110011 $
1&
b0101011110000 3
b0101011110001 6
18
19
#28035
0&
08
09
#28040
b00000000000000000000101011110100 "
b00000000000000000000101011110100 $
1&
b0101011110001 3
b0101011110010 6
18
19
#28045
0&
08
09
#28050
b00000000000000000000101011110101 "
b00000000000000000000101011110101 $
1&
b0101011110010 3
b0101011110011 6
18
19
#28055
0&
08
09
#28060
b00000000000000000000101011110110 "
b00000000000000000000101011110110 $
1&
b0101011110011 3
b0101011110100 6
18
19
#28065
0&
08
09
#28070
b00000000000000000000101011110111 "
b00000000000000000000101011110111 $
1&
b0101011110100 3
b0101011110101 6
18
19
#28075
0&
08
09
#28080
b00000000000000000000101011111000 "
b00000000000000000000101011111000 $
1&
b0101011110101 3
b0101011110110 6
18
19
#28085
0&
08
09
#28090
b00000000000000000000101011111001 "
b00000000000000000000101011111001 $
1&
b0101011110110 3
b0101011110111 6
18
19
#28095
0&
08
09
#28100
b00000000000000000000101011111010 "
b00000000000000000000101011111010 $
1&
b0101011110111 3
b0101011111000 6
18
19
#28105
0&
08
09
#28110
b00000000000000000000101011111011 "
b00000000000000000000101011111011 $
1&
b0101011111000 3
b0101011111001 6
18
19
#28115
0&
08
09
#28120
b00000000000000000000101011111100 "
b00000000000000000000101011111100 $
1&
b0101011111001 3
b0101011111010 6
18
19
#28125
0&
08
09
#28130
b00000000000000000000101011111101 "
b00000000000000000000101011111101 $
1&
b0101011111010 3
b0101011111011 6
18
19
#28135
0&
08
09
#28140
b00000000000000000000101011111110 "
b00000000000000000000101011111110 $
1&
b0101011111011 3
b0101011111100 6
18
19
#28145
0&
08
09
#28150
b00000000000000000000101011111111 "
b00000000000000000000101011111111 $
1&
b0101011111100 3
b0101011111101 6
18
19
#28155
0&
08
09
#28160
b00000000000000000000101100000000 "
b00000000000000000000101100000000 $
1&
b0101011111101 3
b0101011111110 6
18
19
#28165
0&
08
09
#28170
b00000000000000000000101100000001 "
b00000000000000000000101100000001 $
1&
b0101011111110 3
b0101011111111 6
18
19
#28175
0&
08
09
#28180
b00000000000000000000101100000010 "
b00000000000000000000101100000010 $
1&
b0101011111111 3
b0101100000000 6
18
19
#28185
0&
08
09
#28190
b00000000000000000000101100000011 "
b00000000000000000000101100000011 $
1&
b0101100000000 3
b0101100000001 6
18
19
#28195
0&
08
09
#28200
b00000000000000000000101100000100 "
b00000000000000000000101100000100 $
1&
b0101100000001 3
b0101100000010 6
18
19
#28205
0&
08
09
#28210
b00000000000000000000101100000101 "
b00000000000000000000101100000101 $
1&
b0101100000010 3
b0101100000011 6
18
19
#28215
0&
08
09
#28220
b00000000000000000000101100000110 "
b00000000000000000000101100000110 $
1&
b0101100000011 3
b0101100000100 6
18
19
#28225
0&
08
09
#28230
b00000000000000000000101100000111 "
b00000000000000000000101100000111 $
1&
b0101100000100 3
b0101100000101 6
18
19
#28235
0&
08
09
#28240
b00000000000000000000101100001000 "
b00000000000000000000101100001000 $
1&
b0101100000101 3
b0101100000110 6
18
19
#28245
0&
08
09
#28250
b00000000000000000000101100001001 "
b00000000000000000000101100001001 $
1&
b0101100000110 3
b0101100000111 6
18
19
#28255
0&
08
09
#28260
b00000000000000000000101100001010 "
b00000000000000000000101100001010 $
1&
b0101100000111 3
b0101100001000 6
18
19
#28265
0&
08
09
#28270
b00000000000000000000101100001011 "
b00000000000000000000101100001011 $
1&
b0101100001000 3
b0101100001001 6
18
19
#28275
0&
08
09
#28280
b00000000000000000000101100001100 "
b00000000000000000000101100001100 $
1&
b0101100001001 3
b0101100001010 6
18
19
#28285
0&
08
09
#28290
b00000000000000000000101100001101 "
b00000000000000000000101100001101 $
1&
b0101100001010 3
b0101100001011 6
18
19
#28295
0&
08
09
#28300
b00000000000000000000101100001110 "
b00000000000000000000101100001110 $
1&
b0101100001011 3
b0101100001100 6
18
19
#28305
0&
08
09
#28310
b00000000000000000000101100001111 "
b00000000000000000000101100001111 $
1&
b0101100001100 3
b0101100001101 6
18
19
#28315
0&
08
09
#28320
b00000000000000000000101100010000 "
b00000000000000000000101100010000 $
1&
b0101100001101 3
b0101100001110 6
18
19
#28325
0&
08
09
#28330
b00000000000000000000101100010001 "
b00000000000000000000101100010001 $
1&
b0101100001110 3
b0101100001111 6
18
19
#28335
0&
08
09
#28340
b00000000000000000000101100010010 "
b00000000000000000000101100010010 $
1&
b0101100001111 3
b0101100010000 6
18
19
#28345
0&
08
09
#28350
b00000000000000000000101100010011 "
b00000000000000000000101100010011 $
1&
b0101100010000 3
b0101100010001 6
18
19
#28355
0&
08
09
#28360
b00000000000000000000101100010100 "
b00000000000000000000101100010100 $
1&
b0101100010001 3
b0101100010010 6
18
19
#28365
0&
08
09
#28370
b00000000000000000000101100010101 "
b00000000000000000000101100010101 $
1&
b0101100010010 3
b0101100010011 6
18
19
#28375
0&
08
09
#28380
b00000000000000000000101100010110 "
b00000000000000000000101100010110 $
1&
b0101100010011 3
b0101100010100 6
18
19
#28385
0&
08
09
#28390
b00000000000000000000101100010111 "
b00000000000000000000101100010111 $
1&
b0101100010100 3
b0101100010101 6
18
19
#28395
0&
08
09
#28400
b00000000000000000000101100011000 "
b00000000000000000000101100011000 $
1&
b0101100010101 3
b0101100010110 6
18
19
#28405
0&
08
09
#28410
b00000000000000000000101100011001 "
b00000000000000000000101100011001 $
1&
b0101100010110 3
b0101100010111 6
18
19
#28415
0&
08
09
#28420
b00000000000000000000101100011010 "
b00000000000000000000101100011010 $
1&
b0101100010111 3
b0101100011000 6
18
19
#28425
0&
08
09
#28430
b00000000000000000000101100011011 "
b00000000000000000000101100011011 $
1&
b0101100011000 3
b0101100011001 6
18
19
#28435
0&
08
09
#28440
b00000000000000000000101100011100 "
b00000000000000000000101100011100 $
1&
b0101100011001 3
b0101100011010 6
18
19
#28445
0&
08
09
#28450
b00000000000000000000101100011101 "
b00000000000000000000101100011101 $
1&
b0101100011010 3
b0101100011011 6
18
19
#28455
0&
08
09
#28460
b00000000000000000000101100011110 "
b00000000000000000000101100011110 $
1&
b0101100011011 3
b0101100011100 6
18
19
#28465
0&
08
09
#28470
b00000000000000000000101100011111 "
b00000000000000000000101100011111 $
1&
b0101100011100 3
b0101100011101 6
18
19
#28475
0&
08
09
#28480
b00000000000000000000101100100000 "
b00000000000000000000101100100000 $
1&
b0101100011101 3
b0101100011110 6
18
19
#28485
0&
08
09
#28490
b00000000000000000000101100100001 "
b00000000000000000000101100100001 $
1&
b0101100011110 3
b0101100011111 6
18
19
#28495
0&
08
09
#28500
b00000000000000000000101100100010 "
b00000000000000000000101100100010 $
1&
b0101100011111 3
b0101100100000 6
18
19
#28505
0&
08
09
#28510
b00000000000000000000101100100011 "
b00000000000000000000101100100011 $
1&
b0101100100000 3
b0101100100001 6
18
19
#28515
0&
08
09
#28520
b00000000000000000000101100100100 "
b00000000000000000000101100100100 $
1&
b0101100100001 3
b0101100100010 6
18
19
#28525
0&
08
09
#28530
b00000000000000000000101100100101 "
b00000000000000000000101100100101 $
1&
b0101100100010 3
b0101100100011 6
18
19
#28535
0&
08
09
#28540
b00000000000000000000101100100110 "
b00000000000000000000101100100110 $
1&
b0101100100011 3
b0101100100100 6
18
19
#28545
0&
08
09
#28550
b00000000000000000000101100100111 "
b00000000000000000000101100100111 $
1&
b0101100100100 3
b0101100100101 6
18
19
#28555
0&
08
09
#28560
b00000000000000000000101100101000 "
b00000000000000000000101100101000 $
1&
b0101100100101 3
b0101100100110 6
18
19
#28565
0&
08
09
#28570
b00000000000000000000101100101001 "
b00000000000000000000101100101001 $
1&
b0101100100110 3
b0101100100111 6
18
19
#28575
0&
08
09
#28580
b00000000000000000000101100101010 "
b00000000000000000000101100101010 $
1&
b0101100100111 3
b0101100101000 6
18
19
#28585
0&
08
09
#28590
b00000000000000000000101100101011 "
b00000000000000000000101100101011 $
1&
b0101100101000 3
b0101100101001 6
18
19
#28595
0&
08
09
#28600
b00000000000000000000101100101100 "
b00000000000000000000101100101100 $
1&
b0101100101001 3
b0101100101010 6
18
19
#28605
0&
08
09
#28610
b00000000000000000000101100101101 "
b00000000000000000000101100101101 $
1&
b0101100101010 3
b0101100101011 6
18
19
#28615
0&
08
09
#28620
b00000000000000000000101100101110 "
b00000000000000000000101100101110 $
1&
b0101100101011 3
b0101100101100 6
18
19
#28625
0&
08
09
#28630
b00000000000000000000101100101111 "
b00000000000000000000101100101111 $
1&
b0101100101100 3
b0101100101101 6
18
19
#28635
0&
08
09
#28640
b00000000000000000000101100110000 "
b00000000000000000000101100110000 $
1&
b0101100101101 3
b0101100101110 6
18
19
#28645
0&
08
09
#28650
b00000000000000000000101100110001 "
b00000000000000000000101100110001 $
1&
b0101100101110 3
b0101100101111 6
18
19
#28655
0&
08
09
#28660
b00000000000000000000101100110010 "
b00000000000000000000101100110010 $
1&
b0101100101111 3
b0101100110000 6
18
19
#28665
0&
08
09
#28670
b00000000000000000000101100110011 "
b00000000000000000000101100110011 $
1&
b0101100110000 3
b0101100110001 6
18
19
#28675
0&
08
09
#28680
b00000000000000000000101100110100 "
b00000000000000000000101100110100 $
1&
b0101100110001 3
b0101100110010 6
18
19
#28685
0&
08
09
#28690
b00000000000000000000101100110101 "
b00000000000000000000101100110101 $
1&
b0101100110010 3
b0101100110011 6
18
19
#28695
0&
08
09
#28700
b00000000000000000000101100110110 "
b00000000000000000000101100110110 $
1&
b0101100110011 3
b0101100110100 6
18
19
#28705
0&
08
09
#28710
b00000000000000000000101100110111 "
b00000000000000000000101100110111 $
1&
b0101100110100 3
b0101100110101 6
18
19
#28715
0&
08
09
#28720
b00000000000000000000101100111000 "
b00000000000000000000101100111000 $
1&
b0101100110101 3
b0101100110110 6
18
19
#28725
0&
08
09
#28730
b00000000000000000000101100111001 "
b00000000000000000000101100111001 $
1&
b0101100110110 3
b0101100110111 6
18
19
#28735
0&
08
09
#28740
b00000000000000000000101100111010 "
b00000000000000000000101100111010 $
1&
b0101100110111 3
b0101100111000 6
18
19
#28745
0&
08
09
#28750
b00000000000000000000101100111011 "
b00000000000000000000101100111011 $
1&
b0101100111000 3
b0101100111001 6
18
19
#28755
0&
08
09
#28760
b00000000000000000000101100111100 "
b00000000000000000000101100111100 $
1&
b0101100111001 3
b0101100111010 6
18
19
#28765
0&
08
09
#28770
b00000000000000000000101100111101 "
b00000000000000000000101100111101 $
1&
b0101100111010 3
b0101100111011 6
18
19
#28775
0&
08
09
#28780
b00000000000000000000101100111110 "
b00000000000000000000101100111110 $
1&
b0101100111011 3
b0101100111100 6
18
19
#28785
0&
08
09
#28790
b00000000000000000000101100111111 "
b00000000000000000000101100111111 $
1&
b0101100111100 3
b0101100111101 6
18
19
#28795
0&
08
09
#28800
b00000000000000000000101101000000 "
b00000000000000000000101101000000 $
1&
b0101100111101 3
b0101100111110 6
18
19
#28805
0&
08
09
#28810
b00000000000000000000101101000001 "
b00000000000000000000101101000001 $
1&
b0101100111110 3
b0101100111111 6
18
19
#28815
0&
08
09
#28820
b00000000000000000000101101000010 "
b00000000000000000000101101000010 $
1&
b0101100111111 3
b0101101000000 6
18
19
#28825
0&
08
09
#28830
b00000000000000000000101101000011 "
b00000000000000000000101101000011 $
1&
b0101101000000 3
b0101101000001 6
18
19
#28835
0&
08
09
#28840
b00000000000000000000101101000100 "
b00000000000000000000101101000100 $
1&
b0101101000001 3
b0101101000010 6
18
19
#28845
0&
08
09
#28850
b00000000000000000000101101000101 "
b00000000000000000000101101000101 $
1&
b0101101000010 3
b0101101000011 6
18
19
#28855
0&
08
09
#28860
b00000000000000000000101101000110 "
b00000000000000000000101101000110 $
1&
b0101101000011 3
b0101101000100 6
18
19
#28865
0&
08
09
#28870
b00000000000000000000101101000111 "
b00000000000000000000101101000111 $
1&
b0101101000100 3
b0101101000101 6
18
19
#28875
0&
08
09
#28880
b00000000000000000000101101001000 "
b00000000000000000000101101001000 $
1&
b0101101000101 3
b0101101000110 6
18
19
#28885
0&
08
09
#28890
b00000000000000000000101101001001 "
b00000000000000000000101101001001 $
1&
b0101101000110 3
b0101101000111 6
18
19
#28895
0&
08
09
#28900
b00000000000000000000101101001010 "
b00000000000000000000101101001010 $
1&
b0101101000111 3
b0101101001000 6
18
19
#28905
0&
08
09
#28910
b00000000000000000000101101001011 "
b00000000000000000000101101001011 $
1&
b0101101001000 3
b0101101001001 6
18
19
#28915
0&
08
09
#28920
b00000000000000000000101101001100 "
b00000000000000000000101101001100 $
1&
b0101101001001 3
b0101101001010 6
18
19
#28925
0&
08
09
#28930
b00000000000000000000101101001101 "
b00000000000000000000101101001101 $
1&
b0101101001010 3
b0101101001011 6
18
19
#28935
0&
08
09
#28940
b00000000000000000000101101001110 "
b00000000000000000000101101001110 $
1&
b0101101001011 3
b0101101001100 6
18
19
#28945
0&
08
09
#28950
b00000000000000000000101101001111 "
b00000000000000000000101101001111 $
1&
b0101101001100 3
b0101101001101 6
18
19
#28955
0&
08
09
#28960
b00000000000000000000101101010000 "
b00000000000000000000101101010000 $
1&
b0101101001101 3
b0101101001110 6
18
19
#28965
0&
08
09
#28970
b00000000000000000000101101010001 "
b00000000000000000000101101010001 $
1&
b0101101001110 3
b0101101001111 6
18
19
#28975
0&
08
09
#28980
b00000000000000000000101101010010 "
b00000000000000000000101101010010 $
1&
b0101101001111 3
b0101101010000 6
18
19
#28985
0&
08
09
#28990
b00000000000000000000101101010011 "
b00000000000000000000101101010011 $
1&
b0101101010000 3
b0101101010001 6
18
19
#28995
0&
08
09
#29000
b00000000000000000000101101010100 "
b00000000000000000000101101010100 $
1&
b0101101010001 3
b0101101010010 6
18
19
#29005
0&
08
09
#29010
b00000000000000000000101101010101 "
b00000000000000000000101101010101 $
1&
b0101101010010 3
b0101101010011 6
18
19
#29015
0&
08
09
#29020
b00000000000000000000101101010110 "
b00000000000000000000101101010110 $
1&
b0101101010011 3
b0101101010100 6
18
19
#29025
0&
08
09
#29030
b00000000000000000000101101010111 "
b00000000000000000000101101010111 $
1&
b0101101010100 3
b0101101010101 6
18
19
#29035
0&
08
09
#29040
b00000000000000000000101101011000 "
b00000000000000000000101101011000 $
1&
b0101101010101 3
b0101101010110 6
18
19
#29045
0&
08
09
#29050
b00000000000000000000101101011001 "
b00000000000000000000101101011001 $
1&
b0101101010110 3
b0101101010111 6
18
19
#29055
0&
08
09
#29060
b00000000000000000000101101011010 "
b00000000000000000000101101011010 $
1&
b0101101010111 3
b0101101011000 6
18
19
#29065
0&
08
09
#29070
b00000000000000000000101101011011 "
b00000000000000000000101101011011 $
1&
b0101101011000 3
b0101101011001 6
18
19
#29075
0&
08
09
#29080
b00000000000000000000101101011100 "
b00000000000000000000101101011100 $
1&
b0101101011001 3
b0101101011010 6
18
19
#29085
0&
08
09
#29090
b00000000000000000000101101011101 "
b00000000000000000000101101011101 $
1&
b0101101011010 3
b0101101011011 6
18
19
#29095
0&
08
09
#29100
b00000000000000000000101101011110 "
b00000000000000000000101101011110 $
1&
b0101101011011 3
b0101101011100 6
18
19
#29105
0&
08
09
#29110
b00000000000000000000101101011111 "
b00000000000000000000101101011111 $
1&
b0101101011100 3
b0101101011101 6
18
19
#29115
0&
08
09
#29120
b00000000000000000000101101100000 "
b00000000000000000000101101100000 $
1&
b0101101011101 3
b0101101011110 6
18
19
#29125
0&
08
09
#29130
b00000000000000000000101101100001 "
b00000000000000000000101101100001 $
1&
b0101101011110 3
b0101101011111 6
18
19
#29135
0&
08
09
#29140
b00000000000000000000101101100010 "
b00000000000000000000101101100010 $
1&
b0101101011111 3
b0101101100000 6
18
19
#29145
0&
08
09
#29150
b00000000000000000000101101100011 "
b00000000000000000000101101100011 $
1&
b0101101100000 3
b0101101100001 6
18
19
#29155
0&
08
09
#29160
b00000000000000000000101101100100 "
b00000000000000000000101101100100 $
1&
b0101101100001 3
b0101101100010 6
18
19
#29165
0&
08
09
#29170
b00000000000000000000101101100101 "
b00000000000000000000101101100101 $
1&
b0101101100010 3
b0101101100011 6
18
19
#29175
0&
08
09
#29180
b00000000000000000000101101100110 "
b00000000000000000000101101100110 $
1&
b0101101100011 3
b0101101100100 6
18
19
#29185
0&
08
09
#29190
b00000000000000000000101101100111 "
b00000000000000000000101101100111 $
1&
b0101101100100 3
b0101101100101 6
18
19
#29195
0&
08
09
#29200
b00000000000000000000101101101000 "
b00000000000000000000101101101000 $
1&
b0101101100101 3
b0101101100110 6
18
19
#29205
0&
08
09
#29210
b00000000000000000000101101101001 "
b00000000000000000000101101101001 $
1&
b0101101100110 3
b0101101100111 6
18
19
#29215
0&
08
09
#29220
b00000000000000000000101101101010 "
b00000000000000000000101101101010 $
1&
b0101101100111 3
b0101101101000 6
18
19
#29225
0&
08
09
#29230
b00000000000000000000101101101011 "
b00000000000000000000101101101011 $
1&
b0101101101000 3
b0101101101001 6
18
19
#29235
0&
08
09
#29240
b00000000000000000000101101101100 "
b00000000000000000000101101101100 $
1&
b0101101101001 3
b0101101101010 6
18
19
#29245
0&
08
09
#29250
b00000000000000000000101101101101 "
b00000000000000000000101101101101 $
1&
b0101101101010 3
b0101101101011 6
18
19
#29255
0&
08
09
#29260
b00000000000000000000101101101110 "
b00000000000000000000101101101110 $
1&
b0101101101011 3
b0101101101100 6
18
19
#29265
0&
08
09
#29270
b00000000000000000000101101101111 "
b00000000000000000000101101101111 $
1&
b0101101101100 3
b0101101101101 6
18
19
#29275
0&
08
09
#29280
b00000000000000000000101101110000 "
b00000000000000000000101101110000 $
1&
b0101101101101 3
b0101101101110 6
18
19
#29285
0&
08
09
#29290
b00000000000000000000101101110001 "
b00000000000000000000101101110001 $
1&
b0101101101110 3
b0101101101111 6
18
19
#29295
0&
08
09
#29300
b00000000000000000000101101110010 "
b00000000000000000000101101110010 $
1&
b0101101101111 3
b0101101110000 6
18
19
#29305
0&
08
09
#29310
b00000000000000000000101101110011 "
b00000000000000000000101101110011 $
1&
b0101101110000 3
b0101101110001 6
18
19
#29315
0&
08
09
#29320
b00000000000000000000101101110100 "
b00000000000000000000101101110100 $
1&
b0101101110001 3
b0101101110010 6
18
19
#29325
0&
08
09
#29330
b00000000000000000000101101110101 "
b00000000000000000000101101110101 $
1&
b0101101110010 3
b0101101110011 6
18
19
#29335
0&
08
09
#29340
b00000000000000000000101101110110 "
b00000000000000000000101101110110 $
1&
b0101101110011 3
b0101101110100 6
18
19
#29345
0&
08
09
#29350
b00000000000000000000101101110111 "
b00000000000000000000101101110111 $
1&
b0101101110100 3
b0101101110101 6
18
19
#29355
0&
08
09
#29360
b00000000000000000000101101111000 "
b00000000000000000000101101111000 $
1&
b0101101110101 3
b0101101110110 6
18
19
#29365
0&
08
09
#29370
b00000000000000000000101101111001 "
b00000000000000000000101101111001 $
1&
b0101101110110 3
b0101101110111 6
18
19
#29375
0&
08
09
#29380
b00000000000000000000101101111010 "
b00000000000000000000101101111010 $
1&
b0101101110111 3
b0101101111000 6
18
19
#29385
0&
08
09
#29390
b00000000000000000000101101111011 "
b00000000000000000000101101111011 $
1&
b0101101111000 3
b0101101111001 6
18
19
#29395
0&
08
09
#29400
b00000000000000000000101101111100 "
b00000000000000000000101101111100 $
1&
b0101101111001 3
b0101101111010 6
18
19
#29405
0&
08
09
#29410
b00000000000000000000101101111101 "
b00000000000000000000101101111101 $
1&
b0101101111010 3
b0101101111011 6
18
19
#29415
0&
08
09
#29420
b00000000000000000000101101111110 "
b00000000000000000000101101111110 $
1&
b0101101111011 3
b0101101111100 6
18
19
#29425
0&
08
09
#29430
b00000000000000000000101101111111 "
b00000000000000000000101101111111 $
1&
b0101101111100 3
b0101101111101 6
18
19
#29435
0&
08
09
#29440
b00000000000000000000101110000000 "
b00000000000000000000101110000000 $
1&
b0101101111101 3
b0101101111110 6
18
19
#29445
0&
08
09
#29450
b00000000000000000000101110000001 "
b00000000000000000000101110000001 $
1&
b0101101111110 3
b0101101111111 6
18
19
#29455
0&
08
09
#29460
b00000000000000000000101110000010 "
b00000000000000000000101110000010 $
1&
b0101101111111 3
b0101110000000 6
18
19
#29465
0&
08
09
#29470
b00000000000000000000101110000011 "
b00000000000000000000101110000011 $
1&
b0101110000000 3
b0101110000001 6
18
19
#29475
0&
08
09
#29480
b00000000000000000000101110000100 "
b00000000000000000000101110000100 $
1&
b0101110000001 3
b0101110000010 6
18
19
#29485
0&
08
09
#29490
b00000000000000000000101110000101 "
b00000000000000000000101110000101 $
1&
b0101110000010 3
b0101110000011 6
18
19
#29495
0&
08
09
#29500
b00000000000000000000101110000110 "
b00000000000000000000101110000110 $
1&
b0101110000011 3
b0101110000100 6
18
19
#29505
0&
08
09
#29510
b00000000000000000000101110000111 "
b00000000000000000000101110000111 $
1&
b0101110000100 3
b0101110000101 6
18
19
#29515
0&
08
09
#29520
b00000000000000000000101110001000 "
b00000000000000000000101110001000 $
1&
b0101110000101 3
b0101110000110 6
18
19
#29525
0&
08
09
#29530
b00000000000000000000101110001001 "
b00000000000000000000101110001001 $
1&
b0101110000110 3
b0101110000111 6
18
19
#29535
0&
08
09
#29540
b00000000000000000000101110001010 "
b00000000000000000000101110001010 $
1&
b0101110000111 3
b0101110001000 6
18
19
#29545
0&
08
09
#29550
b00000000000000000000101110001011 "
b00000000000000000000101110001011 $
1&
b0101110001000 3
b0101110001001 6
18
19
#29555
0&
08
09
#29560
b00000000000000000000101110001100 "
b00000000000000000000101110001100 $
1&
b0101110001001 3
b0101110001010 6
18
19
#29565
0&
08
09
#29570
b00000000000000000000101110001101 "
b00000000000000000000101110001101 $
1&
b0101110001010 3
b0101110001011 6
18
19
#29575
0&
08
09
#29580
b00000000000000000000101110001110 "
b00000000000000000000101110001110 $
1&
b0101110001011 3
b0101110001100 6
18
19
#29585
0&
08
09
#29590
b00000000000000000000101110001111 "
b00000000000000000000101110001111 $
1&
b0101110001100 3
b0101110001101 6
18
19
#29595
0&
08
09
#29600
b00000000000000000000101110010000 "
b00000000000000000000101110010000 $
1&
b0101110001101 3
b0101110001110 6
18
19
#29605
0&
08
09
#29610
b00000000000000000000101110010001 "
b00000000000000000000101110010001 $
1&
b0101110001110 3
b0101110001111 6
18
19
#29615
0&
08
09
#29620
b00000000000000000000101110010010 "
b00000000000000000000101110010010 $
1&
b0101110001111 3
b0101110010000 6
18
19
#29625
0&
08
09
#29630
b00000000000000000000101110010011 "
b00000000000000000000101110010011 $
1&
b0101110010000 3
b0101110010001 6
18
19
#29635
0&
08
09
#29640
b00000000000000000000101110010100 "
b00000000000000000000101110010100 $
1&
b0101110010001 3
b0101110010010 6
18
19
#29645
0&
08
09
#29650
b00000000000000000000101110010101 "
b00000000000000000000101110010101 $
1&
b0101110010010 3
b0101110010011 6
18
19
#29655
0&
08
09
#29660
b00000000000000000000101110010110 "
b00000000000000000000101110010110 $
1&
b0101110010011 3
b0101110010100 6
18
19
#29665
0&
08
09
#29670
b00000000000000000000101110010111 "
b00000000000000000000101110010111 $
1&
b0101110010100 3
b0101110010101 6
18
19
#29675
0&
08
09
#29680
b00000000000000000000101110011000 "
b00000000000000000000101110011000 $
1&
b0101110010101 3
b0101110010110 6
18
19
#29685
0&
08
09
#29690
b00000000000000000000101110011001 "
b00000000000000000000101110011001 $
1&
b0101110010110 3
b0101110010111 6
18
19
#29695
0&
08
09
#29700
b00000000000000000000101110011010 "
b00000000000000000000101110011010 $
1&
b0101110010111 3
b0101110011000 6
18
19
#29705
0&
08
09
#29710
b00000000000000000000101110011011 "
b00000000000000000000101110011011 $
1&
b0101110011000 3
b0101110011001 6
18
19
#29715
0&
08
09
#29720
b00000000000000000000101110011100 "
b00000000000000000000101110011100 $
1&
b0101110011001 3
b0101110011010 6
18
19
#29725
0&
08
09
#29730
b00000000000000000000101110011101 "
b00000000000000000000101110011101 $
1&
b0101110011010 3
b0101110011011 6
18
19
#29735
0&
08
09
#29740
b00000000000000000000101110011110 "
b00000000000000000000101110011110 $
1&
b0101110011011 3
b0101110011100 6
18
19
#29745
0&
08
09
#29750
b00000000000000000000101110011111 "
b00000000000000000000101110011111 $
1&
b0101110011100 3
b0101110011101 6
18
19
#29755
0&
08
09
#29760
b00000000000000000000101110100000 "
b00000000000000000000101110100000 $
1&
b0101110011101 3
b0101110011110 6
18
19
#29765
0&
08
09
#29770
b00000000000000000000101110100001 "
b00000000000000000000101110100001 $
1&
b0101110011110 3
b0101110011111 6
18
19
#29775
0&
08
09
#29780
b00000000000000000000101110100010 "
b00000000000000000000101110100010 $
1&
b0101110011111 3
b0101110100000 6
18
19
#29785
0&
08
09
#29790
b00000000000000000000101110100011 "
b00000000000000000000101110100011 $
1&
b0101110100000 3
b0101110100001 6
18
19
#29795
0&
08
09
#29800
b00000000000000000000101110100100 "
b00000000000000000000101110100100 $
1&
b0101110100001 3
b0101110100010 6
18
19
#29805
0&
08
09
#29810
b00000000000000000000101110100101 "
b00000000000000000000101110100101 $
1&
b0101110100010 3
b0101110100011 6
18
19
#29815
0&
08
09
#29820
b00000000000000000000101110100110 "
b00000000000000000000101110100110 $
1&
b0101110100011 3
b0101110100100 6
18
19
#29825
0&
08
09
#29830
b00000000000000000000101110100111 "
b00000000000000000000101110100111 $
1&
b0101110100100 3
b0101110100101 6
18
19
#29835
0&
08
09
#29840
b00000000000000000000101110101000 "
b00000000000000000000101110101000 $
1&
b0101110100101 3
b0101110100110 6
18
19
#29845
0&
08
09
#29850
b00000000000000000000101110101001 "
b00000000000000000000101110101001 $
1&
b0101110100110 3
b0101110100111 6
18
19
#29855
0&
08
09
#29860
b00000000000000000000101110101010 "
b00000000000000000000101110101010 $
1&
b0101110100111 3
b0101110101000 6
18
19
#29865
0&
08
09
#29870
b00000000000000000000101110101011 "
b00000000000000000000101110101011 $
1&
b0101110101000 3
b0101110101001 6
18
19
#29875
0&
08
09
#29880
b00000000000000000000101110101100 "
b00000000000000000000101110101100 $
1&
b0101110101001 3
b0101110101010 6
18
19
#29885
0&
08
09
#29890
b00000000000000000000101110101101 "
b00000000000000000000101110101101 $
1&
b0101110101010 3
b0101110101011 6
18
19
#29895
0&
08
09
#29900
b00000000000000000000101110101110 "
b00000000000000000000101110101110 $
1&
b0101110101011 3
b0101110101100 6
18
19
#29905
0&
08
09
#29910
b00000000000000000000101110101111 "
b00000000000000000000101110101111 $
1&
b0101110101100 3
b0101110101101 6
18
19
#29915
0&
08
09
#29920
b00000000000000000000101110110000 "
b00000000000000000000101110110000 $
1&
b0101110101101 3
b0101110101110 6
18
19
#29925
0&
08
09
#29930
b00000000000000000000101110110001 "
b00000000000000000000101110110001 $
1&
b0101110101110 3
b0101110101111 6
18
19
#29935
0&
08
09
#29940
b00000000000000000000101110110010 "
b00000000000000000000101110110010 $
1&
b0101110101111 3
b0101110110000 6
18
19
#29945
0&
08
09
#29950
b00000000000000000000101110110011 "
b00000000000000000000101110110011 $
1&
b0101110110000 3
b0101110110001 6
18
19
#29955
0&
08
09
#29960
b00000000000000000000101110110100 "
b00000000000000000000101110110100 $
1&
b0101110110001 3
b0101110110010 6
18
19
#29965
0&
08
09
#29970
b00000000000000000000101110110101 "
b00000000000000000000101110110101 $
1&
b0101110110010 3
b0101110110011 6
18
19
#29975
0&
08
09
#29980
b00000000000000000000101110110110 "
b00000000000000000000101110110110 $
1&
b0101110110011 3
b0101110110100 6
18
19
#29985
0&
08
09
#29990
b00000000000000000000101110110111 "
b00000000000000000000101110110111 $
1&
b0101110110100 3
b0101110110101 6
18
19
#29995
0&
08
09
#30000
b00000000000000000000101110111000 "
b00000000000000000000101110111000 $
1&
b0101110110101 3
b0101110110110 6
18
19
#30005
0&
08
09
#30010
b00000000000000000000101110111001 "
b00000000000000000000101110111001 $
1&
b0101110110110 3
b0101110110111 6
18
19
#30015
0&
08
09
#30020
b00000000000000000000101110111010 "
b00000000000000000000101110111010 $
1&
b0101110110111 3
b0101110111000 6
18
19
#30025
0&
08
09
#30030
b00000000000000000000101110111011 "
b00000000000000000000101110111011 $
1&
b0101110111000 3
b0101110111001 6
18
19
#30035
0&
08
09
#30040
b00000000000000000000101110111100 "
b00000000000000000000101110111100 $
1&
b0101110111001 3
b0101110111010 6
18
19
#30045
0&
08
09
#30050
b00000000000000000000101110111101 "
b00000000000000000000101110111101 $
1&
b0101110111010 3
b0101110111011 6
18
19
#30055
0&
08
09
#30060
b00000000000000000000101110111110 "
b00000000000000000000101110111110 $
1&
b0101110111011 3
b0101110111100 6
18
19
#30065
0&
08
09
#30070
b00000000000000000000101110111111 "
b00000000000000000000101110111111 $
1&
b0101110111100 3
b0101110111101 6
18
19
#30075
0&
08
09
#30080
b00000000000000000000101111000000 "
b00000000000000000000101111000000 $
1&
b0101110111101 3
b0101110111110 6
18
19
#30085
0&
08
09
#30090
b00000000000000000000101111000001 "
b00000000000000000000101111000001 $
1&
b0101110111110 3
b0101110111111 6
18
19
#30095
0&
08
09
#30100
b00000000000000000000101111000010 "
b00000000000000000000101111000010 $
1&
b0101110111111 3
b0101111000000 6
18
19
#30105
0&
08
09
#30110
b00000000000000000000101111000011 "
b00000000000000000000101111000011 $
1&
b0101111000000 3
b0101111000001 6
18
19
#30115
0&
08
09
#30120
b00000000000000000000101111000100 "
b00000000000000000000101111000100 $
1&
b0101111000001 3
b0101111000010 6
18
19
#30125
0&
08
09
#30130
b00000000000000000000101111000101 "
b00000000000000000000101111000101 $
1&
b0101111000010 3
b0101111000011 6
18
19
#30135
0&
08
09
#30140
b00000000000000000000101111000110 "
b00000000000000000000101111000110 $
1&
b0101111000011 3
b0101111000100 6
18
19
#30145
0&
08
09
#30150
b00000000000000000000101111000111 "
b00000000000000000000101111000111 $
1&
b0101111000100 3
b0101111000101 6
18
19
#30155
0&
08
09
#30160
b00000000000000000000101111001000 "
b00000000000000000000101111001000 $
1&
b0101111000101 3
b0101111000110 6
18
19
#30165
0&
08
09
#30170
b00000000000000000000101111001001 "
b00000000000000000000101111001001 $
1&
b0101111000110 3
b0101111000111 6
18
19
#30175
0&
08
09
#30180
b00000000000000000000101111001010 "
b00000000000000000000101111001010 $
1&
b0101111000111 3
b0101111001000 6
18
19
#30185
0&
08
09
#30190
b00000000000000000000101111001011 "
b00000000000000000000101111001011 $
1&
b0101111001000 3
b0101111001001 6
18
19
#30195
0&
08
09
#30200
b00000000000000000000101111001100 "
b00000000000000000000101111001100 $
1&
b0101111001001 3
b0101111001010 6
18
19
#30205
0&
08
09
#30210
b00000000000000000000101111001101 "
b00000000000000000000101111001101 $
1&
b0101111001010 3
b0101111001011 6
18
19
#30215
0&
08
09
#30220
b00000000000000000000101111001110 "
b00000000000000000000101111001110 $
1&
b0101111001011 3
b0101111001100 6
18
19
#30225
0&
08
09
#30230
b00000000000000000000101111001111 "
b00000000000000000000101111001111 $
1&
b0101111001100 3
b0101111001101 6
18
19
#30235
0&
08
09
#30240
b00000000000000000000101111010000 "
b00000000000000000000101111010000 $
1&
b0101111001101 3
b0101111001110 6
18
19
#30245
0&
08
09
#30250
b00000000000000000000101111010001 "
b00000000000000000000101111010001 $
1&
b0101111001110 3
b0101111001111 6
18
19
#30255
0&
08
09
#30260
b00000000000000000000101111010010 "
b00000000000000000000101111010010 $
1&
b0101111001111 3
b0101111010000 6
18
19
#30265
0&
08
09
#30270
b00000000000000000000101111010011 "
b00000000000000000000101111010011 $
1&
b0101111010000 3
b0101111010001 6
18
19
#30275
0&
08
09
#30280
b00000000000000000000101111010100 "
b00000000000000000000101111010100 $
1&
b0101111010001 3
b0101111010010 6
18
19
#30285
0&
08
09
#30290
b00000000000000000000101111010101 "
b00000000000000000000101111010101 $
1&
b0101111010010 3
b0101111010011 6
18
19
#30295
0&
08
09
#30300
b00000000000000000000101111010110 "
b00000000000000000000101111010110 $
1&
b0101111010011 3
b0101111010100 6
18
19
#30305
0&
08
09
#30310
b00000000000000000000101111010111 "
b00000000000000000000101111010111 $
1&
b0101111010100 3
b0101111010101 6
18
19
#30315
0&
08
09
#30320
b00000000000000000000101111011000 "
b00000000000000000000101111011000 $
1&
b0101111010101 3
b0101111010110 6
18
19
#30325
0&
08
09
#30330
b00000000000000000000101111011001 "
b00000000000000000000101111011001 $
1&
b0101111010110 3
b0101111010111 6
18
19
#30335
0&
08
09
#30340
b00000000000000000000101111011010 "
b00000000000000000000101111011010 $
1&
b0101111010111 3
b0101111011000 6
18
19
#30345
0&
08
09
#30350
b00000000000000000000101111011011 "
b00000000000000000000101111011011 $
1&
b0101111011000 3
b0101111011001 6
18
19
#30355
0&
08
09
#30360
b00000000000000000000101111011100 "
b00000000000000000000101111011100 $
1&
b0101111011001 3
b0101111011010 6
18
19
#30365
0&
08
09
#30370
b00000000000000000000101111011101 "
b00000000000000000000101111011101 $
1&
b0101111011010 3
b0101111011011 6
18
19
#30375
0&
08
09
#30380
b00000000000000000000101111011110 "
b00000000000000000000101111011110 $
1&
b0101111011011 3
b0101111011100 6
18
19
#30385
0&
08
09
#30390
b00000000000000000000101111011111 "
b00000000000000000000101111011111 $
1&
b0101111011100 3
b0101111011101 6
18
19
#30395
0&
08
09
#30400
b00000000000000000000101111100000 "
b00000000000000000000101111100000 $
1&
b0101111011101 3
b0101111011110 6
18
19
#30405
0&
08
09
#30410
b00000000000000000000101111100001 "
b00000000000000000000101111100001 $
1&
b0101111011110 3
b0101111011111 6
18
19
#30415
0&
08
09
#30420
b00000000000000000000101111100010 "
b00000000000000000000101111100010 $
1&
b0101111011111 3
b0101111100000 6
18
19
#30425
0&
08
09
#30430
b00000000000000000000101111100011 "
b00000000000000000000101111100011 $
1&
b0101111100000 3
b0101111100001 6
18
19
#30435
0&
08
09
#30440
b00000000000000000000101111100100 "
b00000000000000000000101111100100 $
1&
b0101111100001 3
b0101111100010 6
18
19
#30445
0&
08
09
#30450
b00000000000000000000101111100101 "
b00000000000000000000101111100101 $
1&
b0101111100010 3
b0101111100011 6
18
19
#30455
0&
08
09
#30460
b00000000000000000000101111100110 "
b00000000000000000000101111100110 $
1&
b0101111100011 3
b0101111100100 6
18
19
#30465
0&
08
09
#30470
b00000000000000000000101111100111 "
b00000000000000000000101111100111 $
1&
b0101111100100 3
b0101111100101 6
18
19
#30475
0&
08
09
#30480
b00000000000000000000101111101000 "
b00000000000000000000101111101000 $
1&
b0101111100101 3
b0101111100110 6
18
19
#30485
0&
08
09
#30490
b00000000000000000000101111101001 "
b00000000000000000000101111101001 $
1&
b0101111100110 3
b0101111100111 6
18
19
#30495
0&
08
09
#30500
b00000000000000000000101111101010 "
b00000000000000000000101111101010 $
1&
b0101111100111 3
b0101111101000 6
18
19
#30505
0&
08
09
#30510
b00000000000000000000101111101011 "
b00000000000000000000101111101011 $
1&
b0101111101000 3
b0101111101001 6
18
19
#30515
0&
08
09
#30520
b00000000000000000000101111101100 "
b00000000000000000000101111101100 $
1&
b0101111101001 3
b0101111101010 6
18
19
#30525
0&
08
09
#30530
b00000000000000000000101111101101 "
b00000000000000000000101111101101 $
1&
b0101111101010 3
b0101111101011 6
18
19
#30535
0&
08
09
#30540
b00000000000000000000101111101110 "
b00000000000000000000101111101110 $
1&
b0101111101011 3
b0101111101100 6
18
19
#30545
0&
08
09
#30550
b00000000000000000000101111101111 "
b00000000000000000000101111101111 $
1&
b0101111101100 3
b0101111101101 6
18
19
#30555
0&
08
09
#30560
b00000000000000000000101111110000 "
b00000000000000000000101111110000 $
1&
b0101111101101 3
b0101111101110 6
18
19
#30565
0&
08
09
#30570
b00000000000000000000101111110001 "
b00000000000000000000101111110001 $
1&
b0101111101110 3
b0101111101111 6
18
19
#30575
0&
08
09
#30580
b00000000000000000000101111110010 "
b00000000000000000000101111110010 $
1&
b0101111101111 3
b0101111110000 6
18
19
#30585
0&
08
09
#30590
b00000000000000000000101111110011 "
b00000000000000000000101111110011 $
1&
b0101111110000 3
b0101111110001 6
18
19
#30595
0&
08
09
#30600
b00000000000000000000101111110100 "
b00000000000000000000101111110100 $
1&
b0101111110001 3
b0101111110010 6
18
19
#30605
0&
08
09
#30610
b00000000000000000000101111110101 "
b00000000000000000000101111110101 $
1&
b0101111110010 3
b0101111110011 6
18
19
#30615
0&
08
09
#30620
b00000000000000000000101111110110 "
b00000000000000000000101111110110 $
1&
b0101111110011 3
b0101111110100 6
18
19
#30625
0&
08
09
#30630
b00000000000000000000101111110111 "
b00000000000000000000101111110111 $
1&
b0101111110100 3
b0101111110101 6
18
19
#30635
0&
08
09
#30640
b00000000000000000000101111111000 "
b00000000000000000000101111111000 $
1&
b0101111110101 3
b0101111110110 6
18
19
#30645
0&
08
09
#30650
b00000000000000000000101111111001 "
b00000000000000000000101111111001 $
1&
b0101111110110 3
b0101111110111 6
18
19
#30655
0&
08
09
#30660
b00000000000000000000101111111010 "
b00000000000000000000101111111010 $
1&
b0101111110111 3
b0101111111000 6
18
19
#30665
0&
08
09
#30670
b00000000000000000000101111111011 "
b00000000000000000000101111111011 $
1&
b0101111111000 3
b0101111111001 6
18
19
#30675
0&
08
09
#30680
b00000000000000000000101111111100 "
b00000000000000000000101111111100 $
1&
b0101111111001 3
b0101111111010 6
18
19
#30685
0&
08
09
#30690
b00000000000000000000101111111101 "
b00000000000000000000101111111101 $
1&
b0101111111010 3
b0101111111011 6
18
19
#30695
0&
08
09
#30700
b00000000000000000000101111111110 "
b00000000000000000000101111111110 $
1&
b0101111111011 3
b0101111111100 6
18
19
#30705
0&
08
09
#30710
b00000000000000000000101111111111 "
b00000000000000000000101111111111 $
1&
b0101111111100 3
b0101111111101 6
18
19
#30715
0&
08
09
#30720
b00000000000000000000110000000000 "
b00000000000000000000110000000000 $
1&
b0101111111101 3
b0101111111110 6
18
19
#30725
0&
08
09
#30730
b00000000000000000000110000000001 "
b00000000000000000000110000000001 $
1&
b0101111111110 3
b0101111111111 6
18
19
#30735
0&
08
09
#30740
b00000000000000000000110000000010 "
b00000000000000000000110000000010 $
1&
b0101111111111 3
b0110000000000 6
18
19
#30745
0&
08
09
#30750
b00000000000000000000110000000011 "
b00000000000000000000110000000011 $
1&
b0110000000000 3
b0110000000001 6
18
19
#30755
0&
08
09
#30760
b00000000000000000000110000000100 "
b00000000000000000000110000000100 $
1&
b0110000000001 3
b0110000000010 6
18
19
#30765
0&
08
09
#30770
b00000000000000000000110000000101 "
b00000000000000000000110000000101 $
1&
b0110000000010 3
b0110000000011 6
18
19
#30775
0&
08
09
#30780
b00000000000000000000110000000110 "
b00000000000000000000110000000110 $
1&
b0110000000011 3
b0110000000100 6
18
19
#30785
0&
08
09
#30790
b00000000000000000000110000000111 "
b00000000000000000000110000000111 $
1&
b0110000000100 3
b0110000000101 6
18
19
#30795
0&
08
09
#30800
b00000000000000000000110000001000 "
b00000000000000000000110000001000 $
1&
b0110000000101 3
b0110000000110 6
18
19
#30805
0&
08
09
#30810
b00000000000000000000110000001001 "
b00000000000000000000110000001001 $
1&
b0110000000110 3
b0110000000111 6
18
19
#30815
0&
08
09
#30820
b00000000000000000000110000001010 "
b00000000000000000000110000001010 $
1&
b0110000000111 3
b0110000001000 6
18
19
#30825
0&
08
09
#30830
b00000000000000000000110000001011 "
b00000000000000000000110000001011 $
1&
b0110000001000 3
b0110000001001 6
18
19
#30835
0&
08
09
#30840
b00000000000000000000110000001100 "
b00000000000000000000110000001100 $
1&
b0110000001001 3
b0110000001010 6
18
19
#30845
0&
08
09
#30850
b00000000000000000000110000001101 "
b00000000000000000000110000001101 $
1&
b0110000001010 3
b0110000001011 6
18
19
#30855
0&
08
09
#30860
b00000000000000000000110000001110 "
b00000000000000000000110000001110 $
1&
b0110000001011 3
b0110000001100 6
18
19
#30865
0&
08
09
#30870
b00000000000000000000110000001111 "
b00000000000000000000110000001111 $
1&
b0110000001100 3
b0110000001101 6
18
19
#30875
0&
08
09
#30880
b00000000000000000000110000010000 "
b00000000000000000000110000010000 $
1&
b0110000001101 3
b0110000001110 6
18
19
#30885
0&
08
09
#30890
b00000000000000000000110000010001 "
b00000000000000000000110000010001 $
1&
b0110000001110 3
b0110000001111 6
18
19
#30895
0&
08
09
#30900
b00000000000000000000110000010010 "
b00000000000000000000110000010010 $
1&
b0110000001111 3
b0110000010000 6
18
19
#30905
0&
08
09
#30910
b00000000000000000000110000010011 "
b00000000000000000000110000010011 $
1&
b0110000010000 3
b0110000010001 6
18
19
#30915
0&
08
09
#30920
b00000000000000000000110000010100 "
b00000000000000000000110000010100 $
1&
b0110000010001 3
b0110000010010 6
18
19
#30925
0&
08
09
#30930
b00000000000000000000110000010101 "
b00000000000000000000110000010101 $
1&
b0110000010010 3
b0110000010011 6
18
19
#30935
0&
08
09
#30940
b00000000000000000000110000010110 "
b00000000000000000000110000010110 $
1&
b0110000010011 3
b0110000010100 6
18
19
#30945
0&
08
09
#30950
b00000000000000000000110000010111 "
b00000000000000000000110000010111 $
1&
b0110000010100 3
b0110000010101 6
18
19
#30955
0&
08
09
#30960
b00000000000000000000110000011000 "
b00000000000000000000110000011000 $
1&
b0110000010101 3
b0110000010110 6
18
19
#30965
0&
08
09
#30970
b00000000000000000000110000011001 "
b00000000000000000000110000011001 $
1&
b0110000010110 3
b0110000010111 6
18
19
#30975
0&
08
09
#30980
b00000000000000000000110000011010 "
b00000000000000000000110000011010 $
1&
b0110000010111 3
b0110000011000 6
18
19
#30985
0&
08
09
#30990
b00000000000000000000110000011011 "
b00000000000000000000110000011011 $
1&
b0110000011000 3
b0110000011001 6
18
19
#30995
0&
08
09
#31000
b00000000000000000000110000011100 "
b00000000000000000000110000011100 $
1&
b0110000011001 3
b0110000011010 6
18
19
#31005
0&
08
09
#31010
b00000000000000000000110000011101 "
b00000000000000000000110000011101 $
1&
b0110000011010 3
b0110000011011 6
18
19
#31015
0&
08
09
#31020
b00000000000000000000110000011110 "
b00000000000000000000110000011110 $
1&
b0110000011011 3
b0110000011100 6
18
19
#31025
0&
08
09
#31030
b00000000000000000000110000011111 "
b00000000000000000000110000011111 $
1&
b0110000011100 3
b0110000011101 6
18
19
#31035
0&
08
09
#31040
b00000000000000000000110000100000 "
b00000000000000000000110000100000 $
1&
b0110000011101 3
b0110000011110 6
18
19
#31045
0&
08
09
#31050
b00000000000000000000110000100001 "
b00000000000000000000110000100001 $
1&
b0110000011110 3
b0110000011111 6
18
19
#31055
0&
08
09
#31060
b00000000000000000000110000100010 "
b00000000000000000000110000100010 $
1&
b0110000011111 3
b0110000100000 6
18
19
#31065
0&
08
09
#31070
b00000000000000000000110000100011 "
b00000000000000000000110000100011 $
1&
b0110000100000 3
b0110000100001 6
18
19
#31075
0&
08
09
#31080
b00000000000000000000110000100100 "
b00000000000000000000110000100100 $
1&
b0110000100001 3
b0110000100010 6
18
19
#31085
0&
08
09
#31090
b00000000000000000000110000100101 "
b00000000000000000000110000100101 $
1&
b0110000100010 3
b0110000100011 6
18
19
#31095
0&
08
09
#31100
b00000000000000000000110000100110 "
b00000000000000000000110000100110 $
1&
b0110000100011 3
b0110000100100 6
18
19
#31105
0&
08
09
#31110
b00000000000000000000110000100111 "
b00000000000000000000110000100111 $
1&
b0110000100100 3
b0110000100101 6
18
19
#31115
0&
08
09
#31120
b00000000000000000000110000101000 "
b00000000000000000000110000101000 $
1&
b0110000100101 3
b0110000100110 6
18
19
#31125
0&
08
09
#31130
b00000000000000000000110000101001 "
b00000000000000000000110000101001 $
1&
b0110000100110 3
b0110000100111 6
18
19
#31135
0&
08
09
#31140
b00000000000000000000110000101010 "
b00000000000000000000110000101010 $
1&
b0110000100111 3
b0110000101000 6
18
19
#31145
0&
08
09
#31150
b00000000000000000000110000101011 "
b00000000000000000000110000101011 $
1&
b0110000101000 3
b0110000101001 6
18
19
#31155
0&
08
09
#31160
b00000000000000000000110000101100 "
b00000000000000000000110000101100 $
1&
b0110000101001 3
b0110000101010 6
18
19
#31165
0&
08
09
#31170
b00000000000000000000110000101101 "
b00000000000000000000110000101101 $
1&
b0110000101010 3
b0110000101011 6
18
19
#31175
0&
08
09
#31180
b00000000000000000000110000101110 "
b00000000000000000000110000101110 $
1&
b0110000101011 3
b0110000101100 6
18
19
#31185
0&
08
09
#31190
b00000000000000000000110000101111 "
b00000000000000000000110000101111 $
1&
b0110000101100 3
b0110000101101 6
18
19
#31195
0&
08
09
#31200
b00000000000000000000110000110000 "
b00000000000000000000110000110000 $
1&
b0110000101101 3
b0110000101110 6
18
19
#31205
0&
08
09
#31210
b00000000000000000000110000110001 "
b00000000000000000000110000110001 $
1&
b0110000101110 3
b0110000101111 6
18
19
#31215
0&
08
09
#31220
b00000000000000000000110000110010 "
b00000000000000000000110000110010 $
1&
b0110000101111 3
b0110000110000 6
18
19
#31225
0&
08
09
#31230
b00000000000000000000110000110011 "
b00000000000000000000110000110011 $
1&
b0110000110000 3
b0110000110001 6
18
19
#31235
0&
08
09
#31240
b00000000000000000000110000110100 "
b00000000000000000000110000110100 $
1&
b0110000110001 3
b0110000110010 6
18
19
#31245
0&
08
09
#31250
b00000000000000000000110000110101 "
b00000000000000000000110000110101 $
1&
b0110000110010 3
b0110000110011 6
18
19
#31255
0&
08
09
#31260
b00000000000000000000110000110110 "
b00000000000000000000110000110110 $
1&
b0110000110011 3
b0110000110100 6
18
19
#31265
0&
08
09
#31270
b00000000000000000000110000110111 "
b00000000000000000000110000110111 $
1&
b0110000110100 3
b0110000110101 6
18
19
#31275
0&
08
09
#31280
b00000000000000000000110000111000 "
b00000000000000000000110000111000 $
1&
b0110000110101 3
b0110000110110 6
18
19
#31285
0&
08
09
#31290
b00000000000000000000110000111001 "
b00000000000000000000110000111001 $
1&
b0110000110110 3
b0110000110111 6
18
19
#31295
0&
08
09
#31300
b00000000000000000000110000111010 "
b00000000000000000000110000111010 $
1&
b0110000110111 3
b0110000111000 6
18
19
#31305
0&
08
09
#31310
b00000000000000000000110000111011 "
b00000000000000000000110000111011 $
1&
b0110000111000 3
b0110000111001 6
18
19
#31315
0&
08
09
#31320
b00000000000000000000110000111100 "
b00000000000000000000110000111100 $
1&
b0110000111001 3
b0110000111010 6
18
19
#31325
0&
08
09
#31330
b00000000000000000000110000111101 "
b00000000000000000000110000111101 $
1&
b0110000111010 3
b0110000111011 6
18
19
#31335
0&
08
09
#31340
b00000000000000000000110000111110 "
b00000000000000000000110000111110 $
1&
b0110000111011 3
b0110000111100 6
18
19
#31345
0&
08
09
#31350
b00000000000000000000110000111111 "
b00000000000000000000110000111111 $
1&
b0110000111100 3
b0110000111101 6
18
19
#31355
0&
08
09
#31360
b00000000000000000000110001000000 "
b00000000000000000000110001000000 $
1&
b0110000111101 3
b0110000111110 6
18
19
#31365
0&
08
09
#31370
b00000000000000000000110001000001 "
b00000000000000000000110001000001 $
1&
b0110000111110 3
b0110000111111 6
18
19
#31375
0&
08
09
#31380
b00000000000000000000110001000010 "
b00000000000000000000110001000010 $
1&
b0110000111111 3
b0110001000000 6
18
19
#31385
0&
08
09
#31390
b00000000000000000000110001000011 "
b00000000000000000000110001000011 $
1&
b0110001000000 3
b0110001000001 6
18
19
#31395
0&
08
09
#31400
b00000000000000000000110001000100 "
b00000000000000000000110001000100 $
1&
b0110001000001 3
b0110001000010 6
18
19
#31405
0&
08
09
#31410
b00000000000000000000110001000101 "
b00000000000000000000110001000101 $
1&
b0110001000010 3
b0110001000011 6
18
19
#31415
0&
08
09
#31420
b00000000000000000000110001000110 "
b00000000000000000000110001000110 $
1&
b0110001000011 3
b0110001000100 6
18
19
#31425
0&
08
09
#31430
b00000000000000000000110001000111 "
b00000000000000000000110001000111 $
1&
b0110001000100 3
b0110001000101 6
18
19
#31435
0&
08
09
#31440
b00000000000000000000110001001000 "
b00000000000000000000110001001000 $
1&
b0110001000101 3
b0110001000110 6
18
19
#31445
0&
08
09
#31450
b00000000000000000000110001001001 "
b00000000000000000000110001001001 $
1&
b0110001000110 3
b0110001000111 6
18
19
#31455
0&
08
09
#31460
b00000000000000000000110001001010 "
b00000000000000000000110001001010 $
1&
b0110001000111 3
b0110001001000 6
18
19
#31465
0&
08
09
#31470
b00000000000000000000110001001011 "
b00000000000000000000110001001011 $
1&
b0110001001000 3
b0110001001001 6
18
19
#31475
0&
08
09
#31480
b00000000000000000000110001001100 "
b00000000000000000000110001001100 $
1&
b0110001001001 3
b0110001001010 6
18
19
#31485
0&
08
09
#31490
b00000000000000000000110001001101 "
b00000000000000000000110001001101 $
1&
b0110001001010 3
b0110001001011 6
18
19
#31495
0&
08
09
#31500
b00000000000000000000110001001110 "
b00000000000000000000110001001110 $
1&
b0110001001011 3
b0110001001100 6
18
19
#31505
0&
08
09
#31510
b00000000000000000000110001001111 "
b00000000000000000000110001001111 $
1&
b0110001001100 3
b0110001001101 6
18
19
#31515
0&
08
09
#31520
b00000000000000000000110001010000 "
b00000000000000000000110001010000 $
1&
b0110001001101 3
b0110001001110 6
18
19
#31525
0&
08
09
#31530
b00000000000000000000110001010001 "
b00000000000000000000110001010001 $
1&
b0110001001110 3
b0110001001111 6
18
19
#31535
0&
08
09
#31540
b00000000000000000000110001010010 "
b00000000000000000000110001010010 $
1&
b0110001001111 3
b0110001010000 6
18
19
#31545
0&
08
09
#31550
b00000000000000000000110001010011 "
b00000000000000000000110001010011 $
1&
b0110001010000 3
b0110001010001 6
18
19
#31555
0&
08
09
#31560
b00000000000000000000110001010100 "
b00000000000000000000110001010100 $
1&
b0110001010001 3
b0110001010010 6
18
19
#31565
0&
08
09
#31570
b00000000000000000000110001010101 "
b00000000000000000000110001010101 $
1&
b0110001010010 3
b0110001010011 6
18
19
#31575
0&
08
09
#31580
b00000000000000000000110001010110 "
b00000000000000000000110001010110 $
1&
b0110001010011 3
b0110001010100 6
18
19
#31585
0&
08
09
#31590
b00000000000000000000110001010111 "
b00000000000000000000110001010111 $
1&
b0110001010100 3
b0110001010101 6
18
19
#31595
0&
08
09
#31600
b00000000000000000000110001011000 "
b00000000000000000000110001011000 $
1&
b0110001010101 3
b0110001010110 6
18
19
#31605
0&
08
09
#31610
b00000000000000000000110001011001 "
b00000000000000000000110001011001 $
1&
b0110001010110 3
b0110001010111 6
18
19
#31615
0&
08
09
#31620
b00000000000000000000110001011010 "
b00000000000000000000110001011010 $
1&
b0110001010111 3
b0110001011000 6
18
19
#31625
0&
08
09
#31630
b00000000000000000000110001011011 "
b00000000000000000000110001011011 $
1&
b0110001011000 3
b0110001011001 6
18
19
#31635
0&
08
09
#31640
b00000000000000000000110001011100 "
b00000000000000000000110001011100 $
1&
b0110001011001 3
b0110001011010 6
18
19
#31645
0&
08
09
#31650
b00000000000000000000110001011101 "
b00000000000000000000110001011101 $
1&
b0110001011010 3
b0110001011011 6
18
19
#31655
0&
08
09
#31660
b00000000000000000000110001011110 "
b00000000000000000000110001011110 $
1&
b0110001011011 3
b0110001011100 6
18
19
#31665
0&
08
09
#31670
b00000000000000000000110001011111 "
b00000000000000000000110001011111 $
1&
b0110001011100 3
b0110001011101 6
18
19
#31675
0&
08
09
#31680
b00000000000000000000110001100000 "
b00000000000000000000110001100000 $
1&
b0110001011101 3
b0110001011110 6
18
19
#31685
0&
08
09
#31690
b00000000000000000000110001100001 "
b00000000000000000000110001100001 $
1&
b0110001011110 3
b0110001011111 6
18
19
#31695
0&
08
09
#31700
b00000000000000000000110001100010 "
b00000000000000000000110001100010 $
1&
b0110001011111 3
b0110001100000 6
18
19
#31705
0&
08
09
#31710
b00000000000000000000110001100011 "
b00000000000000000000110001100011 $
1&
b0110001100000 3
b0110001100001 6
18
19
#31715
0&
08
09
#31720
b00000000000000000000110001100100 "
b00000000000000000000110001100100 $
1&
b0110001100001 3
b0110001100010 6
18
19
#31725
0&
08
09
#31730
b00000000000000000000110001100101 "
b00000000000000000000110001100101 $
1&
b0110001100010 3
b0110001100011 6
18
19
#31735
0&
08
09
#31740
b00000000000000000000110001100110 "
b00000000000000000000110001100110 $
1&
b0110001100011 3
b0110001100100 6
18
19
#31745
0&
08
09
#31750
b00000000000000000000110001100111 "
b00000000000000000000110001100111 $
1&
b0110001100100 3
b0110001100101 6
18
19
#31755
0&
08
09
#31760
b00000000000000000000110001101000 "
b00000000000000000000110001101000 $
1&
b0110001100101 3
b0110001100110 6
18
19
#31765
0&
08
09
#31770
b00000000000000000000110001101001 "
b00000000000000000000110001101001 $
1&
b0110001100110 3
b0110001100111 6
18
19
#31775
0&
08
09
#31780
b00000000000000000000110001101010 "
b00000000000000000000110001101010 $
1&
b0110001100111 3
b0110001101000 6
18
19
#31785
0&
08
09
#31790
b00000000000000000000110001101011 "
b00000000000000000000110001101011 $
1&
b0110001101000 3
b0110001101001 6
18
19
#31795
0&
08
09
#31800
b00000000000000000000110001101100 "
b00000000000000000000110001101100 $
1&
b0110001101001 3
b0110001101010 6
18
19
#31805
0&
08
09
#31810
b00000000000000000000110001101101 "
b00000000000000000000110001101101 $
1&
b0110001101010 3
b0110001101011 6
18
19
#31815
0&
08
09
#31820
b00000000000000000000110001101110 "
b00000000000000000000110001101110 $
1&
b0110001101011 3
b0110001101100 6
18
19
#31825
0&
08
09
#31830
b00000000000000000000110001101111 "
b00000000000000000000110001101111 $
1&
b0110001101100 3
b0110001101101 6
18
19
#31835
0&
08
09
#31840
b00000000000000000000110001110000 "
b00000000000000000000110001110000 $
1&
b0110001101101 3
b0110001101110 6
18
19
#31845
0&
08
09
#31850
b00000000000000000000110001110001 "
b00000000000000000000110001110001 $
1&
b0110001101110 3
b0110001101111 6
18
19
#31855
0&
08
09
#31860
b00000000000000000000110001110010 "
b00000000000000000000110001110010 $
1&
b0110001101111 3
b0110001110000 6
18
19
#31865
0&
08
09
#31870
b00000000000000000000110001110011 "
b00000000000000000000110001110011 $
1&
b0110001110000 3
b0110001110001 6
18
19
#31875
0&
08
09
#31880
b00000000000000000000110001110100 "
b00000000000000000000110001110100 $
1&
b0110001110001 3
b0110001110010 6
18
19
#31885
0&
08
09
#31890
b00000000000000000000110001110101 "
b00000000000000000000110001110101 $
1&
b0110001110010 3
b0110001110011 6
18
19
#31895
0&
08
09
#31900
b00000000000000000000110001110110 "
b00000000000000000000110001110110 $
1&
b0110001110011 3
b0110001110100 6
18
19
#31905
0&
08
09
#31910
b00000000000000000000110001110111 "
b00000000000000000000110001110111 $
1&
b0110001110100 3
b0110001110101 6
18
19
#31915
0&
08
09
#31920
b00000000000000000000110001111000 "
b00000000000000000000110001111000 $
1&
b0110001110101 3
b0110001110110 6
18
19
#31925
0&
08
09
#31930
b00000000000000000000110001111001 "
b00000000000000000000110001111001 $
1&
b0110001110110 3
b0110001110111 6
18
19
#31935
0&
08
09
#31940
b00000000000000000000110001111010 "
b00000000000000000000110001111010 $
1&
b0110001110111 3
b0110001111000 6
18
19
#31945
0&
08
09
#31950
b00000000000000000000110001111011 "
b00000000000000000000110001111011 $
1&
b0110001111000 3
b0110001111001 6
18
19
#31955
0&
08
09
#31960
b00000000000000000000110001111100 "
b00000000000000000000110001111100 $
1&
b0110001111001 3
b0110001111010 6
18
19
#31965
0&
08
09
#31970
b00000000000000000000110001111101 "
b00000000000000000000110001111101 $
1&
b0110001111010 3
b0110001111011 6
18
19
#31975
0&
08
09
#31980
b00000000000000000000110001111110 "
b00000000000000000000110001111110 $
1&
b0110001111011 3
b0110001111100 6
18
19
#31985
0&
08
09
#31990
b00000000000000000000110001111111 "
b00000000000000000000110001111111 $
1&
b0110001111100 3
b0110001111101 6
18
19
#31995
0&
08
09
#32000
b00000000000000000000110010000000 "
b00000000000000000000110010000000 $
1&
b0110001111101 3
b0110001111110 6
18
19
#32005
0&
08
09
#32010
b00000000000000000000110010000001 "
b00000000000000000000110010000001 $
1&
b0110001111110 3
b0110001111111 6
18
19
#32015
0&
08
09
#32020
b00000000000000000000110010000010 "
b00000000000000000000110010000010 $
1&
b0110001111111 3
b0110010000000 6
18
19
#32025
0&
08
09
#32030
b00000000000000000000110010000011 "
b00000000000000000000110010000011 $
1&
b0110010000000 3
b0110010000001 6
18
19
#32035
0&
08
09
#32040
b00000000000000000000110010000100 "
b00000000000000000000110010000100 $
1&
b0110010000001 3
b0110010000010 6
18
19
#32045
0&
08
09
#32050
b00000000000000000000110010000101 "
b00000000000000000000110010000101 $
1&
b0110010000010 3
b0110010000011 6
18
19
#32055
0&
08
09
#32060
b00000000000000000000110010000110 "
b00000000000000000000110010000110 $
1&
b0110010000011 3
b0110010000100 6
18
19
#32065
0&
08
09
#32070
b00000000000000000000110010000111 "
b00000000000000000000110010000111 $
1&
b0110010000100 3
b0110010000101 6
18
19
#32075
0&
08
09
#32080
b00000000000000000000110010001000 "
b00000000000000000000110010001000 $
1&
b0110010000101 3
b0110010000110 6
18
19
#32085
0&
08
09
#32090
b00000000000000000000110010001001 "
b00000000000000000000110010001001 $
1&
b0110010000110 3
b0110010000111 6
18
19
#32095
0&
08
09
#32100
b00000000000000000000110010001010 "
b00000000000000000000110010001010 $
1&
b0110010000111 3
b0110010001000 6
18
19
#32105
0&
08
09
#32110
b00000000000000000000110010001011 "
b00000000000000000000110010001011 $
1&
b0110010001000 3
b0110010001001 6
18
19
#32115
0&
08
09
#32120
b00000000000000000000110010001100 "
b00000000000000000000110010001100 $
1&
b0110010001001 3
b0110010001010 6
18
19
#32125
0&
08
09
#32130
b00000000000000000000110010001101 "
b00000000000000000000110010001101 $
1&
b0110010001010 3
b0110010001011 6
18
19
#32135
0&
08
09
#32140
b00000000000000000000110010001110 "
b00000000000000000000110010001110 $
1&
b0110010001011 3
b0110010001100 6
18
19
#32145
0&
08
09
#32150
b00000000000000000000110010001111 "
b00000000000000000000110010001111 $
1&
b0110010001100 3
b0110010001101 6
18
19
#32155
0&
08
09
#32160
b00000000000000000000110010010000 "
b00000000000000000000110010010000 $
1&
b0110010001101 3
b0110010001110 6
18
19
#32165
0&
08
09
#32170
b00000000000000000000110010010001 "
b00000000000000000000110010010001 $
1&
b0110010001110 3
b0110010001111 6
18
19
#32175
0&
08
09
#32180
b00000000000000000000110010010010 "
b00000000000000000000110010010010 $
1&
b0110010001111 3
b0110010010000 6
18
19
#32185
0&
08
09
#32190
b00000000000000000000110010010011 "
b00000000000000000000110010010011 $
1&
b0110010010000 3
b0110010010001 6
18
19
#32195
0&
08
09
#32200
b00000000000000000000110010010100 "
b00000000000000000000110010010100 $
1&
b0110010010001 3
b0110010010010 6
18
19
#32205
0&
08
09
#32210
b00000000000000000000110010010101 "
b00000000000000000000110010010101 $
1&
b0110010010010 3
b0110010010011 6
18
19
#32215
0&
08
09
#32220
b00000000000000000000110010010110 "
b00000000000000000000110010010110 $
1&
b0110010010011 3
b0110010010100 6
18
19
#32225
0&
08
09
#32230
b00000000000000000000110010010111 "
b00000000000000000000110010010111 $
1&
b0110010010100 3
b0110010010101 6
18
19
#32235
0&
08
09
#32240
b00000000000000000000110010011000 "
b00000000000000000000110010011000 $
1&
b0110010010101 3
b0110010010110 6
18
19
#32245
0&
08
09
#32250
b00000000000000000000110010011001 "
b00000000000000000000110010011001 $
1&
b0110010010110 3
b0110010010111 6
18
19
#32255
0&
08
09
#32260
b00000000000000000000110010011010 "
b00000000000000000000110010011010 $
1&
b0110010010111 3
b0110010011000 6
18
19
#32265
0&
08
09
#32270
b00000000000000000000110010011011 "
b00000000000000000000110010011011 $
1&
b0110010011000 3
b0110010011001 6
18
19
#32275
0&
08
09
#32280
b00000000000000000000110010011100 "
b00000000000000000000110010011100 $
1&
b0110010011001 3
b0110010011010 6
18
19
#32285
0&
08
09
#32290
b00000000000000000000110010011101 "
b00000000000000000000110010011101 $
1&
b0110010011010 3
b0110010011011 6
18
19
#32295
0&
08
09
#32300
b00000000000000000000110010011110 "
b00000000000000000000110010011110 $
1&
b0110010011011 3
b0110010011100 6
18
19
#32305
0&
08
09
#32310
b00000000000000000000110010011111 "
b00000000000000000000110010011111 $
1&
b0110010011100 3
b0110010011101 6
18
19
#32315
0&
08
09
#32320
b00000000000000000000110010100000 "
b00000000000000000000110010100000 $
1&
b0110010011101 3
b0110010011110 6
18
19
#32325
0&
08
09
#32330
b00000000000000000000110010100001 "
b00000000000000000000110010100001 $
1&
b0110010011110 3
b0110010011111 6
18
19
#32335
0&
08
09
#32340
b00000000000000000000110010100010 "
b00000000000000000000110010100010 $
1&
b0110010011111 3
b0110010100000 6
18
19
#32345
0&
08
09
#32350
b00000000000000000000110010100011 "
b00000000000000000000110010100011 $
1&
b0110010100000 3
b0110010100001 6
18
19
#32355
0&
08
09
#32360
b00000000000000000000110010100100 "
b00000000000000000000110010100100 $
1&
b0110010100001 3
b0110010100010 6
18
19
#32365
0&
08
09
#32370
b00000000000000000000110010100101 "
b00000000000000000000110010100101 $
1&
b0110010100010 3
b0110010100011 6
18
19
#32375
0&
08
09
#32380
b00000000000000000000110010100110 "
b00000000000000000000110010100110 $
1&
b0110010100011 3
b0110010100100 6
18
19
#32385
0&
08
09
#32390
b00000000000000000000110010100111 "
b00000000000000000000110010100111 $
1&
b0110010100100 3
b0110010100101 6
18
19
#32395
0&
08
09
#32400
b00000000000000000000110010101000 "
b00000000000000000000110010101000 $
1&
b0110010100101 3
b0110010100110 6
18
19
#32405
0&
08
09
#32410
b00000000000000000000110010101001 "
b00000000000000000000110010101001 $
1&
b0110010100110 3
b0110010100111 6
18
19
#32415
0&
08
09
#32420
b00000000000000000000110010101010 "
b00000000000000000000110010101010 $
1&
b0110010100111 3
b0110010101000 6
18
19
#32425
0&
08
09
#32430
b00000000000000000000110010101011 "
b00000000000000000000110010101011 $
1&
b0110010101000 3
b0110010101001 6
18
19
#32435
0&
08
09
#32440
b00000000000000000000110010101100 "
b00000000000000000000110010101100 $
1&
b0110010101001 3
b0110010101010 6
18
19
#32445
0&
08
09
#32450
b00000000000000000000110010101101 "
b00000000000000000000110010101101 $
1&
b0110010101010 3
b0110010101011 6
18
19
#32455
0&
08
09
#32460
b00000000000000000000110010101110 "
b00000000000000000000110010101110 $
1&
b0110010101011 3
b0110010101100 6
18
19
#32465
0&
08
09
#32470
b00000000000000000000110010101111 "
b00000000000000000000110010101111 $
1&
b0110010101100 3
b0110010101101 6
18
19
#32475
0&
08
09
#32480
b00000000000000000000110010110000 "
b00000000000000000000110010110000 $
1&
b0110010101101 3
b0110010101110 6
18
19
#32485
0&
08
09
#32490
b00000000000000000000110010110001 "
b00000000000000000000110010110001 $
1&
b0110010101110 3
b0110010101111 6
18
19
#32495
0&
08
09
#32500
b00000000000000000000110010110010 "
b00000000000000000000110010110010 $
1&
b0110010101111 3
b0110010110000 6
18
19
#32505
0&
08
09
#32510
b00000000000000000000110010110011 "
b00000000000000000000110010110011 $
1&
b0110010110000 3
b0110010110001 6
18
19
#32515
0&
08
09
#32520
b00000000000000000000110010110100 "
b00000000000000000000110010110100 $
1&
b0110010110001 3
b0110010110010 6
18
19
#32525
0&
08
09
#32530
b00000000000000000000110010110101 "
b00000000000000000000110010110101 $
1&
b0110010110010 3
b0110010110011 6
18
19
#32535
0&
08
09
#32540
b00000000000000000000110010110110 "
b00000000000000000000110010110110 $
1&
b0110010110011 3
b0110010110100 6
18
19
#32545
0&
08
09
#32550
b00000000000000000000110010110111 "
b00000000000000000000110010110111 $
1&
b0110010110100 3
b0110010110101 6
18
19
#32555
0&
08
09
#32560
b00000000000000000000110010111000 "
b00000000000000000000110010111000 $
1&
b0110010110101 3
b0110010110110 6
18
19
#32565
0&
08
09
#32570
b00000000000000000000110010111001 "
b00000000000000000000110010111001 $
1&
b0110010110110 3
b0110010110111 6
18
19
#32575
0&
08
09
#32580
b00000000000000000000110010111010 "
b00000000000000000000110010111010 $
1&
b0110010110111 3
b0110010111000 6
18
19
#32585
0&
08
09
#32590
b00000000000000000000110010111011 "
b00000000000000000000110010111011 $
1&
b0110010111000 3
b0110010111001 6
18
19
#32595
0&
08
09
#32600
b00000000000000000000110010111100 "
b00000000000000000000110010111100 $
1&
b0110010111001 3
b0110010111010 6
18
19
#32605
0&
08
09
#32610
b00000000000000000000110010111101 "
b00000000000000000000110010111101 $
1&
b0110010111010 3
b0110010111011 6
18
19
#32615
0&
08
09
#32620
b00000000000000000000110010111110 "
b00000000000000000000110010111110 $
1&
b0110010111011 3
b0110010111100 6
18
19
#32625
0&
08
09
#32630
b00000000000000000000110010111111 "
b00000000000000000000110010111111 $
1&
b0110010111100 3
b0110010111101 6
18
19
#32635
0&
08
09
#32640
b00000000000000000000110011000000 "
b00000000000000000000110011000000 $
1&
b0110010111101 3
b0110010111110 6
18
19
#32645
0&
08
09
#32650
b00000000000000000000110011000001 "
b00000000000000000000110011000001 $
1&
b0110010111110 3
b0110010111111 6
18
19
#32655
0&
08
09
#32660
b00000000000000000000110011000010 "
b00000000000000000000110011000010 $
1&
b0110010111111 3
b0110011000000 6
18
19
#32665
0&
08
09
#32670
b00000000000000000000110011000011 "
b00000000000000000000110011000011 $
1&
b0110011000000 3
b0110011000001 6
18
19
#32675
0&
08
09
#32680
b00000000000000000000110011000100 "
b00000000000000000000110011000100 $
1&
b0110011000001 3
b0110011000010 6
18
19
#32685
0&
08
09
#32690
b00000000000000000000110011000101 "
b00000000000000000000110011000101 $
1&
b0110011000010 3
b0110011000011 6
18
19
#32695
0&
08
09
#32700
b00000000000000000000110011000110 "
b00000000000000000000110011000110 $
1&
b0110011000011 3
b0110011000100 6
18
19
#32705
0&
08
09
#32710
b00000000000000000000110011000111 "
b00000000000000000000110011000111 $
1&
b0110011000100 3
b0110011000101 6
18
19
#32715
0&
08
09
#32720
b00000000000000000000110011001000 "
b00000000000000000000110011001000 $
1&
b0110011000101 3
b0110011000110 6
18
19
#32725
0&
08
09
#32730
b00000000000000000000110011001001 "
b00000000000000000000110011001001 $
1&
b0110011000110 3
b0110011000111 6
18
19
#32735
0&
08
09
#32740
b00000000000000000000110011001010 "
b00000000000000000000110011001010 $
1&
b0110011000111 3
b0110011001000 6
18
19
#32745
0&
08
09
#32750
b00000000000000000000110011001011 "
b00000000000000000000110011001011 $
1&
b0110011001000 3
b0110011001001 6
18
19
#32755
0&
08
09
#32760
b00000000000000000000110011001100 "
b00000000000000000000110011001100 $
1&
b0110011001001 3
b0110011001010 6
18
19
#32765
0&
08
09
#32770
b00000000000000000000110011001101 "
b00000000000000000000110011001101 $
1&
b0110011001010 3
b0110011001011 6
18
19
#32775
0&
08
09
#32780
b00000000000000000000110011001110 "
b00000000000000000000110011001110 $
1&
b0110011001011 3
b0110011001100 6
18
19
#32785
0&
08
09
#32790
b00000000000000000000110011001111 "
b00000000000000000000110011001111 $
1&
b0110011001100 3
b0110011001101 6
18
19
#32795
0&
08
09
#32800
b00000000000000000000110011010000 "
b00000000000000000000110011010000 $
1&
b0110011001101 3
b0110011001110 6
18
19
#32805
0&
08
09
#32810
b00000000000000000000110011010001 "
b00000000000000000000110011010001 $
1&
b0110011001110 3
b0110011001111 6
18
19
#32815
0&
08
09
#32820
b00000000000000000000110011010010 "
b00000000000000000000110011010010 $
1&
b0110011001111 3
b0110011010000 6
18
19
#32825
0&
08
09
#32830
b00000000000000000000110011010011 "
b00000000000000000000110011010011 $
1&
b0110011010000 3
b0110011010001 6
18
19
#32835
0&
08
09
#32840
b00000000000000000000110011010100 "
b00000000000000000000110011010100 $
1&
b0110011010001 3
b0110011010010 6
18
19
#32845
0&
08
09
#32850
b00000000000000000000110011010101 "
b00000000000000000000110011010101 $
1&
b0110011010010 3
b0110011010011 6
18
19
#32855
0&
08
09
#32860
b00000000000000000000110011010110 "
b00000000000000000000110011010110 $
1&
b0110011010011 3
b0110011010100 6
18
19
#32865
0&
08
09
#32870
b00000000000000000000110011010111 "
b00000000000000000000110011010111 $
1&
b0110011010100 3
b0110011010101 6
18
19
#32875
0&
08
09
#32880
b00000000000000000000110011011000 "
b00000000000000000000110011011000 $
1&
b0110011010101 3
b0110011010110 6
18
19
#32885
0&
08
09
#32890
b00000000000000000000110011011001 "
b00000000000000000000110011011001 $
1&
b0110011010110 3
b0110011010111 6
18
19
#32895
0&
08
09
#32900
b00000000000000000000110011011010 "
b00000000000000000000110011011010 $
1&
b0110011010111 3
b0110011011000 6
18
19
#32905
0&
08
09
#32910
b00000000000000000000110011011011 "
b00000000000000000000110011011011 $
1&
b0110011011000 3
b0110011011001 6
18
19
#32915
0&
08
09
#32920
b00000000000000000000110011011100 "
b00000000000000000000110011011100 $
1&
b0110011011001 3
b0110011011010 6
18
19
#32925
0&
08
09
#32930
b00000000000000000000110011011101 "
b00000000000000000000110011011101 $
1&
b0110011011010 3
b0110011011011 6
18
19
#32935
0&
08
09
#32940
b00000000000000000000110011011110 "
b00000000000000000000110011011110 $
1&
b0110011011011 3
b0110011011100 6
18
19
#32945
0&
08
09
#32950
b00000000000000000000110011011111 "
b00000000000000000000110011011111 $
1&
b0110011011100 3
b0110011011101 6
18
19
#32955
0&
08
09
#32960
b00000000000000000000110011100000 "
b00000000000000000000110011100000 $
1&
b0110011011101 3
b0110011011110 6
18
19
#32965
0&
08
09
#32970
b00000000000000000000110011100001 "
b00000000000000000000110011100001 $
1&
b0110011011110 3
b0110011011111 6
18
19
#32975
0&
08
09
#32980
b00000000000000000000110011100010 "
b00000000000000000000110011100010 $
1&
b0110011011111 3
b0110011100000 6
18
19
#32985
0&
08
09
#32990
b00000000000000000000110011100011 "
b00000000000000000000110011100011 $
1&
b0110011100000 3
b0110011100001 6
18
19
#32995
0&
08
09
#33000
b00000000000000000000110011100100 "
b00000000000000000000110011100100 $
1&
b0110011100001 3
b0110011100010 6
18
19
#33005
0&
08
09
#33010
b00000000000000000000110011100101 "
b00000000000000000000110011100101 $
1&
b0110011100010 3
b0110011100011 6
18
19
#33015
0&
08
09
#33020
b00000000000000000000110011100110 "
b00000000000000000000110011100110 $
1&
b0110011100011 3
b0110011100100 6
18
19
#33025
0&
08
09
#33030
b00000000000000000000110011100111 "
b00000000000000000000110011100111 $
1&
b0110011100100 3
b0110011100101 6
18
19
#33035
0&
08
09
#33040
b00000000000000000000110011101000 "
b00000000000000000000110011101000 $
1&
b0110011100101 3
b0110011100110 6
18
19
#33045
0&
08
09
#33050
b00000000000000000000110011101001 "
b00000000000000000000110011101001 $
1&
b0110011100110 3
b0110011100111 6
18
19
#33055
0&
08
09
#33060
b00000000000000000000110011101010 "
b00000000000000000000110011101010 $
1&
b0110011100111 3
b0110011101000 6
18
19
#33065
0&
08
09
#33070
b00000000000000000000110011101011 "
b00000000000000000000110011101011 $
1&
b0110011101000 3
b0110011101001 6
18
19
#33075
0&
08
09
#33080
b00000000000000000000110011101100 "
b00000000000000000000110011101100 $
1&
b0110011101001 3
b0110011101010 6
18
19
#33085
0&
08
09
#33090
b00000000000000000000110011101101 "
b00000000000000000000110011101101 $
1&
b0110011101010 3
b0110011101011 6
18
19
#33095
0&
08
09
#33100
b00000000000000000000110011101110 "
b00000000000000000000110011101110 $
1&
b0110011101011 3
b0110011101100 6
18
19
#33105
0&
08
09
#33110
b00000000000000000000110011101111 "
b00000000000000000000110011101111 $
1&
b0110011101100 3
b0110011101101 6
18
19
#33115
0&
08
09
#33120
b00000000000000000000110011110000 "
b00000000000000000000110011110000 $
1&
b0110011101101 3
b0110011101110 6
18
19
#33125
0&
08
09
#33130
b00000000000000000000110011110001 "
b00000000000000000000110011110001 $
1&
b0110011101110 3
b0110011101111 6
18
19
#33135
0&
08
09
#33140
b00000000000000000000110011110010 "
b00000000000000000000110011110010 $
1&
b0110011101111 3
b0110011110000 6
18
19
#33145
0&
08
09
#33150
b00000000000000000000110011110011 "
b00000000000000000000110011110011 $
1&
b0110011110000 3
b0110011110001 6
18
19
#33155
0&
08
09
#33160
b00000000000000000000110011110100 "
b00000000000000000000110011110100 $
1&
b0110011110001 3
b0110011110010 6
18
19
#33165
0&
08
09
#33170
b00000000000000000000110011110101 "
b00000000000000000000110011110101 $
1&
b0110011110010 3
b0110011110011 6
18
19
#33175
0&
08
09
#33180
b00000000000000000000110011110110 "
b00000000000000000000110011110110 $
1&
b0110011110011 3
b0110011110100 6
18
19
#33185
0&
08
09
#33190
b00000000000000000000110011110111 "
b00000000000000000000110011110111 $
1&
b0110011110100 3
b0110011110101 6
18
19
#33195
0&
08
09
#33200
b00000000000000000000110011111000 "
b00000000000000000000110011111000 $
1&
b0110011110101 3
b0110011110110 6
18
19
#33205
0&
08
09
#33210
b00000000000000000000110011111001 "
b00000000000000000000110011111001 $
1&
b0110011110110 3
b0110011110111 6
18
19
#33215
0&
08
09
#33220
b00000000000000000000110011111010 "
b00000000000000000000110011111010 $
1&
b0110011110111 3
b0110011111000 6
18
19
#33225
0&
08
09
#33230
b00000000000000000000110011111011 "
b00000000000000000000110011111011 $
1&
b0110011111000 3
b0110011111001 6
18
19
#33235
0&
08
09
#33240
b00000000000000000000110011111100 "
b00000000000000000000110011111100 $
1&
b0110011111001 3
b0110011111010 6
18
19
#33245
0&
08
09
#33250
b00000000000000000000110011111101 "
b00000000000000000000110011111101 $
1&
b0110011111010 3
b0110011111011 6
18
19
#33255
0&
08
09
#33260
b00000000000000000000110011111110 "
b00000000000000000000110011111110 $
1&
b0110011111011 3
b0110011111100 6
18
19
#33265
0&
08
09
#33270
b00000000000000000000110011111111 "
b00000000000000000000110011111111 $
1&
b0110011111100 3
b0110011111101 6
18
19
#33275
0&
08
09
#33280
b00000000000000000000110100000000 "
b00000000000000000000110100000000 $
1&
b0110011111101 3
b0110011111110 6
18
19
#33285
0&
08
09
#33290
b00000000000000000000110100000001 "
b00000000000000000000110100000001 $
1&
b0110011111110 3
b0110011111111 6
18
19
#33295
0&
08
09
#33300
b00000000000000000000110100000010 "
b00000000000000000000110100000010 $
1&
b0110011111111 3
b0110100000000 6
18
19
#33305
0&
08
09
#33310
b00000000000000000000110100000011 "
b00000000000000000000110100000011 $
1&
b0110100000000 3
b0110100000001 6
18
19
#33315
0&
08
09
#33320
b00000000000000000000110100000100 "
b00000000000000000000110100000100 $
1&
b0110100000001 3
b0110100000010 6
18
19
#33325
0&
08
09
#33330
b00000000000000000000110100000101 "
b00000000000000000000110100000101 $
1&
b0110100000010 3
b0110100000011 6
18
19
#33335
0&
08
09
#33340
b00000000000000000000110100000110 "
b00000000000000000000110100000110 $
1&
b0110100000011 3
b0110100000100 6
18
19
#33345
0&
08
09
#33350
b00000000000000000000110100000111 "
b00000000000000000000110100000111 $
1&
b0110100000100 3
b0110100000101 6
18
19
#33355
0&
08
09
#33360
b00000000000000000000110100001000 "
b00000000000000000000110100001000 $
1&
b0110100000101 3
b0110100000110 6
18
19
#33365
0&
08
09
#33370
b00000000000000000000110100001001 "
b00000000000000000000110100001001 $
1&
b0110100000110 3
b0110100000111 6
18
19
#33375
0&
08
09
#33380
b00000000000000000000110100001010 "
b00000000000000000000110100001010 $
1&
b0110100000111 3
b0110100001000 6
18
19
#33385
0&
08
09
#33390
b00000000000000000000110100001011 "
b00000000000000000000110100001011 $
1&
b0110100001000 3
b0110100001001 6
18
19
#33395
0&
08
09
#33400
b00000000000000000000110100001100 "
b00000000000000000000110100001100 $
1&
b0110100001001 3
b0110100001010 6
18
19
#33405
0&
08
09
#33410
b00000000000000000000110100001101 "
b00000000000000000000110100001101 $
1&
b0110100001010 3
b0110100001011 6
18
19
#33415
0&
08
09
#33420
b00000000000000000000110100001110 "
b00000000000000000000110100001110 $
1&
b0110100001011 3
b0110100001100 6
18
19
#33425
0&
08
09
#33430
b00000000000000000000110100001111 "
b00000000000000000000110100001111 $
1&
b0110100001100 3
b0110100001101 6
18
19
#33435
0&
08
09
#33440
b00000000000000000000110100010000 "
b00000000000000000000110100010000 $
1&
b0110100001101 3
b0110100001110 6
18
19
#33445
0&
08
09
#33450
b00000000000000000000110100010001 "
b00000000000000000000110100010001 $
1&
b0110100001110 3
b0110100001111 6
18
19
#33455
0&
08
09
#33460
b00000000000000000000110100010010 "
b00000000000000000000110100010010 $
1&
b0110100001111 3
b0110100010000 6
18
19
#33465
0&
08
09
#33470
b00000000000000000000110100010011 "
b00000000000000000000110100010011 $
1&
b0110100010000 3
b0110100010001 6
18
19
#33475
0&
08
09
#33480
b00000000000000000000110100010100 "
b00000000000000000000110100010100 $
1&
b0110100010001 3
b0110100010010 6
18
19
#33485
0&
08
09
#33490
b00000000000000000000110100010101 "
b00000000000000000000110100010101 $
1&
b0110100010010 3
b0110100010011 6
18
19
#33495
0&
08
09
#33500
b00000000000000000000110100010110 "
b00000000000000000000110100010110 $
1&
b0110100010011 3
b0110100010100 6
18
19
#33505
0&
08
09
#33510
b00000000000000000000110100010111 "
b00000000000000000000110100010111 $
1&
b0110100010100 3
b0110100010101 6
18
19
#33515
0&
08
09
#33520
b00000000000000000000110100011000 "
b00000000000000000000110100011000 $
1&
b0110100010101 3
b0110100010110 6
18
19
#33525
0&
08
09
#33530
b00000000000000000000110100011001 "
b00000000000000000000110100011001 $
1&
b0110100010110 3
b0110100010111 6
18
19
#33535
0&
08
09
#33540
b00000000000000000000110100011010 "
b00000000000000000000110100011010 $
1&
b0110100010111 3
b0110100011000 6
18
19
#33545
0&
08
09
#33550
b00000000000000000000110100011011 "
b00000000000000000000110100011011 $
1&
b0110100011000 3
b0110100011001 6
18
19
#33555
0&
08
09
#33560
b00000000000000000000110100011100 "
b00000000000000000000110100011100 $
1&
b0110100011001 3
b0110100011010 6
18
19
#33565
0&
08
09
#33570
b00000000000000000000110100011101 "
b00000000000000000000110100011101 $
1&
b0110100011010 3
b0110100011011 6
18
19
#33575
0&
08
09
#33580
b00000000000000000000110100011110 "
b00000000000000000000110100011110 $
1&
b0110100011011 3
b0110100011100 6
18
19
#33585
0&
08
09
#33590
b00000000000000000000110100011111 "
b00000000000000000000110100011111 $
1&
b0110100011100 3
b0110100011101 6
18
19
#33595
0&
08
09
#33600
b00000000000000000000110100100000 "
b00000000000000000000110100100000 $
1&
b0110100011101 3
b0110100011110 6
18
19
#33605
0&
08
09
#33610
b00000000000000000000110100100001 "
b00000000000000000000110100100001 $
1&
b0110100011110 3
b0110100011111 6
18
19
#33615
0&
08
09
#33620
b00000000000000000000110100100010 "
b00000000000000000000110100100010 $
1&
b0110100011111 3
b0110100100000 6
18
19
#33625
0&
08
09
#33630
b00000000000000000000110100100011 "
b00000000000000000000110100100011 $
1&
b0110100100000 3
b0110100100001 6
18
19
#33635
0&
08
09
#33640
b00000000000000000000110100100100 "
b00000000000000000000110100100100 $
1&
b0110100100001 3
b0110100100010 6
18
19
#33645
0&
08
09
#33650
b00000000000000000000110100100101 "
b00000000000000000000110100100101 $
1&
b0110100100010 3
b0110100100011 6
18
19
#33655
0&
08
09
#33660
b00000000000000000000110100100110 "
b00000000000000000000110100100110 $
1&
b0110100100011 3
b0110100100100 6
18
19
#33665
0&
08
09
#33670
b00000000000000000000110100100111 "
b00000000000000000000110100100111 $
1&
b0110100100100 3
b0110100100101 6
18
19
#33675
0&
08
09
#33680
b00000000000000000000110100101000 "
b00000000000000000000110100101000 $
1&
b0110100100101 3
b0110100100110 6
18
19
#33685
0&
08
09
#33690
b00000000000000000000110100101001 "
b00000000000000000000110100101001 $
1&
b0110100100110 3
b0110100100111 6
18
19
#33695
0&
08
09
#33700
b00000000000000000000110100101010 "
b00000000000000000000110100101010 $
1&
b0110100100111 3
b0110100101000 6
18
19
#33705
0&
08
09
#33710
b00000000000000000000110100101011 "
b00000000000000000000110100101011 $
1&
b0110100101000 3
b0110100101001 6
18
19
#33715
0&
08
09
#33720
b00000000000000000000110100101100 "
b00000000000000000000110100101100 $
1&
b0110100101001 3
b0110100101010 6
18
19
#33725
0&
08
09
#33730
b00000000000000000000110100101101 "
b00000000000000000000110100101101 $
1&
b0110100101010 3
b0110100101011 6
18
19
#33735
0&
08
09
#33740
b00000000000000000000110100101110 "
b00000000000000000000110100101110 $
1&
b0110100101011 3
b0110100101100 6
18
19
#33745
0&
08
09
#33750
b00000000000000000000110100101111 "
b00000000000000000000110100101111 $
1&
b0110100101100 3
b0110100101101 6
18
19
#33755
0&
08
09
#33760
b00000000000000000000110100110000 "
b00000000000000000000110100110000 $
1&
b0110100101101 3
b0110100101110 6
18
19
#33765
0&
08
09
#33770
b00000000000000000000110100110001 "
b00000000000000000000110100110001 $
1&
b0110100101110 3
b0110100101111 6
18
19
#33775
0&
08
09
#33780
b00000000000000000000110100110010 "
b00000000000000000000110100110010 $
1&
b0110100101111 3
b0110100110000 6
18
19
#33785
0&
08
09
#33790
b00000000000000000000110100110011 "
b00000000000000000000110100110011 $
1&
b0110100110000 3
b0110100110001 6
18
19
#33795
0&
08
09
#33800
b00000000000000000000110100110100 "
b00000000000000000000110100110100 $
1&
b0110100110001 3
b0110100110010 6
18
19
#33805
0&
08
09
#33810
b00000000000000000000110100110101 "
b00000000000000000000110100110101 $
1&
b0110100110010 3
b0110100110011 6
18
19
#33815
0&
08
09
#33820
b00000000000000000000110100110110 "
b00000000000000000000110100110110 $
1&
b0110100110011 3
b0110100110100 6
18
19
#33825
0&
08
09
#33830
b00000000000000000000110100110111 "
b00000000000000000000110100110111 $
1&
b0110100110100 3
b0110100110101 6
18
19
#33835
0&
08
09
#33840
b00000000000000000000110100111000 "
b00000000000000000000110100111000 $
1&
b0110100110101 3
b0110100110110 6
18
19
#33845
0&
08
09
#33850
b00000000000000000000110100111001 "
b00000000000000000000110100111001 $
1&
b0110100110110 3
b0110100110111 6
18
19
#33855
0&
08
09
#33860
b00000000000000000000110100111010 "
b00000000000000000000110100111010 $
1&
b0110100110111 3
b0110100111000 6
18
19
#33865
0&
08
09
#33870
b00000000000000000000110100111011 "
b00000000000000000000110100111011 $
1&
b0110100111000 3
b0110100111001 6
18
19
#33875
0&
08
09
#33880
b00000000000000000000110100111100 "
b00000000000000000000110100111100 $
1&
b0110100111001 3
b0110100111010 6
18
19
#33885
0&
08
09
#33890
b00000000000000000000110100111101 "
b00000000000000000000110100111101 $
1&
b0110100111010 3
b0110100111011 6
18
19
#33895
0&
08
09
#33900
b00000000000000000000110100111110 "
b00000000000000000000110100111110 $
1&
b0110100111011 3
b0110100111100 6
18
19
#33905
0&
08
09
#33910
b00000000000000000000110100111111 "
b00000000000000000000110100111111 $
1&
b0110100111100 3
b0110100111101 6
18
19
#33915
0&
08
09
#33920
b00000000000000000000110101000000 "
b00000000000000000000110101000000 $
1&
b0110100111101 3
b0110100111110 6
18
19
#33925
0&
08
09
#33930
b00000000000000000000110101000001 "
b00000000000000000000110101000001 $
1&
b0110100111110 3
b0110100111111 6
18
19
#33935
0&
08
09
#33940
b00000000000000000000110101000010 "
b00000000000000000000110101000010 $
1&
b0110100111111 3
b0110101000000 6
18
19
#33945
0&
08
09
#33950
b00000000000000000000110101000011 "
b00000000000000000000110101000011 $
1&
b0110101000000 3
b0110101000001 6
18
19
#33955
0&
08
09
#33960
b00000000000000000000110101000100 "
b00000000000000000000110101000100 $
1&
b0110101000001 3
b0110101000010 6
18
19
#33965
0&
08
09
#33970
b00000000000000000000110101000101 "
b00000000000000000000110101000101 $
1&
b0110101000010 3
b0110101000011 6
18
19
#33975
0&
08
09
#33980
b00000000000000000000110101000110 "
b00000000000000000000110101000110 $
1&
b0110101000011 3
b0110101000100 6
18
19
#33985
0&
08
09
#33990
b00000000000000000000110101000111 "
b00000000000000000000110101000111 $
1&
b0110101000100 3
b0110101000101 6
18
19
#33995
0&
08
09
#34000
b00000000000000000000110101001000 "
b00000000000000000000110101001000 $
1&
b0110101000101 3
b0110101000110 6
18
19
#34005
0&
08
09
#34010
b00000000000000000000110101001001 "
b00000000000000000000110101001001 $
1&
b0110101000110 3
b0110101000111 6
18
19
#34015
0&
08
09
#34020
b00000000000000000000110101001010 "
b00000000000000000000110101001010 $
1&
b0110101000111 3
b0110101001000 6
18
19
#34025
0&
08
09
#34030
b00000000000000000000110101001011 "
b00000000000000000000110101001011 $
1&
b0110101001000 3
b0110101001001 6
18
19
#34035
0&
08
09
#34040
b00000000000000000000110101001100 "
b00000000000000000000110101001100 $
1&
b0110101001001 3
b0110101001010 6
18
19
#34045
0&
08
09
#34050
b00000000000000000000110101001101 "
b00000000000000000000110101001101 $
1&
b0110101001010 3
b0110101001011 6
18
19
#34055
0&
08
09
#34060
b00000000000000000000110101001110 "
b00000000000000000000110101001110 $
1&
b0110101001011 3
b0110101001100 6
18
19
#34065
0&
08
09
#34070
b00000000000000000000110101001111 "
b00000000000000000000110101001111 $
1&
b0110101001100 3
b0110101001101 6
18
19
#34075
0&
08
09
#34080
b00000000000000000000110101010000 "
b00000000000000000000110101010000 $
1&
b0110101001101 3
b0110101001110 6
18
19
#34085
0&
08
09
#34090
b00000000000000000000110101010001 "
b00000000000000000000110101010001 $
1&
b0110101001110 3
b0110101001111 6
18
19
#34095
0&
08
09
#34100
b00000000000000000000110101010010 "
b00000000000000000000110101010010 $
1&
b0110101001111 3
b0110101010000 6
18
19
#34105
0&
08
09
#34110
b00000000000000000000110101010011 "
b00000000000000000000110101010011 $
1&
b0110101010000 3
b0110101010001 6
18
19
#34115
0&
08
09
#34120
b00000000000000000000110101010100 "
b00000000000000000000110101010100 $
1&
b0110101010001 3
b0110101010010 6
18
19
#34125
0&
08
09
#34130
b00000000000000000000110101010101 "
b00000000000000000000110101010101 $
1&
b0110101010010 3
b0110101010011 6
18
19
#34135
0&
08
09
#34140
b00000000000000000000110101010110 "
b00000000000000000000110101010110 $
1&
b0110101010011 3
b0110101010100 6
18
19
#34145
0&
08
09
#34150
b00000000000000000000110101010111 "
b00000000000000000000110101010111 $
1&
b0110101010100 3
b0110101010101 6
18
19
#34155
0&
08
09
#34160
b00000000000000000000110101011000 "
b00000000000000000000110101011000 $
1&
b0110101010101 3
b0110101010110 6
18
19
#34165
0&
08
09
#34170
b00000000000000000000110101011001 "
b00000000000000000000110101011001 $
1&
b0110101010110 3
b0110101010111 6
18
19
#34175
0&
08
09
#34180
b00000000000000000000110101011010 "
b00000000000000000000110101011010 $
1&
b0110101010111 3
b0110101011000 6
18
19
#34185
0&
08
09
#34190
b00000000000000000000110101011011 "
b00000000000000000000110101011011 $
1&
b0110101011000 3
b0110101011001 6
18
19
#34195
0&
08
09
#34200
b00000000000000000000110101011100 "
b00000000000000000000110101011100 $
1&
b0110101011001 3
b0110101011010 6
18
19
#34205
0&
08
09
#34210
b00000000000000000000110101011101 "
b00000000000000000000110101011101 $
1&
b0110101011010 3
b0110101011011 6
18
19
#34215
0&
08
09
#34220
b00000000000000000000110101011110 "
b00000000000000000000110101011110 $
1&
b0110101011011 3
b0110101011100 6
18
19
#34225
0&
08
09
#34230
b00000000000000000000110101011111 "
b00000000000000000000110101011111 $
1&
b0110101011100 3
b0110101011101 6
18
19
#34235
0&
08
09
#34240
b00000000000000000000110101100000 "
b00000000000000000000110101100000 $
1&
b0110101011101 3
b0110101011110 6
18
19
#34245
0&
08
09
#34250
b00000000000000000000110101100001 "
b00000000000000000000110101100001 $
1&
b0110101011110 3
b0110101011111 6
18
19
#34255
0&
08
09
#34260
b00000000000000000000110101100010 "
b00000000000000000000110101100010 $
1&
b0110101011111 3
b0110101100000 6
18
19
#34265
0&
08
09
#34270
b00000000000000000000110101100011 "
b00000000000000000000110101100011 $
1&
b0110101100000 3
b0110101100001 6
18
19
#34275
0&
08
09
#34280
b00000000000000000000110101100100 "
b00000000000000000000110101100100 $
1&
b0110101100001 3
b0110101100010 6
18
19
#34285
0&
08
09
#34290
b00000000000000000000110101100101 "
b00000000000000000000110101100101 $
1&
b0110101100010 3
b0110101100011 6
18
19
#34295
0&
08
09
#34300
b00000000000000000000110101100110 "
b00000000000000000000110101100110 $
1&
b0110101100011 3
b0110101100100 6
18
19
#34305
0&
08
09
#34310
b00000000000000000000110101100111 "
b00000000000000000000110101100111 $
1&
b0110101100100 3
b0110101100101 6
18
19
#34315
0&
08
09
#34320
b00000000000000000000110101101000 "
b00000000000000000000110101101000 $
1&
b0110101100101 3
b0110101100110 6
18
19
#34325
0&
08
09
#34330
b00000000000000000000110101101001 "
b00000000000000000000110101101001 $
1&
b0110101100110 3
b0110101100111 6
18
19
#34335
0&
08
09
#34340
b00000000000000000000110101101010 "
b00000000000000000000110101101010 $
1&
b0110101100111 3
b0110101101000 6
18
19
#34345
0&
08
09
#34350
b00000000000000000000110101101011 "
b00000000000000000000110101101011 $
1&
b0110101101000 3
b0110101101001 6
18
19
#34355
0&
08
09
#34360
b00000000000000000000110101101100 "
b00000000000000000000110101101100 $
1&
b0110101101001 3
b0110101101010 6
18
19
#34365
0&
08
09
#34370
b00000000000000000000110101101101 "
b00000000000000000000110101101101 $
1&
b0110101101010 3
b0110101101011 6
18
19
#34375
0&
08
09
#34380
b00000000000000000000110101101110 "
b00000000000000000000110101101110 $
1&
b0110101101011 3
b0110101101100 6
18
19
#34385
0&
08
09
#34390
b00000000000000000000110101101111 "
b00000000000000000000110101101111 $
1&
b0110101101100 3
b0110101101101 6
18
19
#34395
0&
08
09
#34400
b00000000000000000000110101110000 "
b00000000000000000000110101110000 $
1&
b0110101101101 3
b0110101101110 6
18
19
#34405
0&
08
09
#34410
b00000000000000000000110101110001 "
b00000000000000000000110101110001 $
1&
b0110101101110 3
b0110101101111 6
18
19
#34415
0&
08
09
#34420
b00000000000000000000110101110010 "
b00000000000000000000110101110010 $
1&
b0110101101111 3
b0110101110000 6
18
19
#34425
0&
08
09
#34430
b00000000000000000000110101110011 "
b00000000000000000000110101110011 $
1&
b0110101110000 3
b0110101110001 6
18
19
#34435
0&
08
09
#34440
b00000000000000000000110101110100 "
b00000000000000000000110101110100 $
1&
b0110101110001 3
b0110101110010 6
18
19
#34445
0&
08
09
#34450
b00000000000000000000110101110101 "
b00000000000000000000110101110101 $
1&
b0110101110010 3
b0110101110011 6
18
19
#34455
0&
08
09
#34460
b00000000000000000000110101110110 "
b00000000000000000000110101110110 $
1&
b0110101110011 3
b0110101110100 6
18
19
#34465
0&
08
09
#34470
b00000000000000000000110101110111 "
b00000000000000000000110101110111 $
1&
b0110101110100 3
b0110101110101 6
18
19
#34475
0&
08
09
#34480
b00000000000000000000110101111000 "
b00000000000000000000110101111000 $
1&
b0110101110101 3
b0110101110110 6
18
19
#34485
0&
08
09
#34490
b00000000000000000000110101111001 "
b00000000000000000000110101111001 $
1&
b0110101110110 3
b0110101110111 6
18
19
#34495
0&
08
09
#34500
b00000000000000000000110101111010 "
b00000000000000000000110101111010 $
1&
b0110101110111 3
b0110101111000 6
18
19
#34505
0&
08
09
#34510
b00000000000000000000110101111011 "
b00000000000000000000110101111011 $
1&
b0110101111000 3
b0110101111001 6
18
19
#34515
0&
08
09
#34520
b00000000000000000000110101111100 "
b00000000000000000000110101111100 $
1&
b0110101111001 3
b0110101111010 6
18
19
#34525
0&
08
09
#34530
b00000000000000000000110101111101 "
b00000000000000000000110101111101 $
1&
b0110101111010 3
b0110101111011 6
18
19
#34535
0&
08
09
#34540
b00000000000000000000110101111110 "
b00000000000000000000110101111110 $
1&
b0110101111011 3
b0110101111100 6
18
19
#34545
0&
08
09
#34550
b00000000000000000000110101111111 "
b00000000000000000000110101111111 $
1&
b0110101111100 3
b0110101111101 6
18
19
#34555
0&
08
09
#34560
b00000000000000000000110110000000 "
b00000000000000000000110110000000 $
1&
b0110101111101 3
b0110101111110 6
18
19
#34565
0&
08
09
#34570
b00000000000000000000110110000001 "
b00000000000000000000110110000001 $
1&
b0110101111110 3
b0110101111111 6
18
19
#34575
0&
08
09
#34580
b00000000000000000000110110000010 "
b00000000000000000000110110000010 $
1&
b0110101111111 3
b0110110000000 6
18
19
#34585
0&
08
09
#34590
b00000000000000000000110110000011 "
b00000000000000000000110110000011 $
1&
b0110110000000 3
b0110110000001 6
18
19
#34595
0&
08
09
#34600
b00000000000000000000110110000100 "
b00000000000000000000110110000100 $
1&
b0110110000001 3
b0110110000010 6
18
19
#34605
0&
08
09
#34610
b00000000000000000000110110000101 "
b00000000000000000000110110000101 $
1&
b0110110000010 3
b0110110000011 6
18
19
#34615
0&
08
09
#34620
b00000000000000000000110110000110 "
b00000000000000000000110110000110 $
1&
b0110110000011 3
b0110110000100 6
18
19
#34625
0&
08
09
#34630
b00000000000000000000110110000111 "
b00000000000000000000110110000111 $
1&
b0110110000100 3
b0110110000101 6
18
19
#34635
0&
08
09
#34640
b00000000000000000000110110001000 "
b00000000000000000000110110001000 $
1&
b0110110000101 3
b0110110000110 6
18
19
#34645
0&
08
09
#34650
b00000000000000000000110110001001 "
b00000000000000000000110110001001 $
1&
b0110110000110 3
b0110110000111 6
18
19
#34655
0&
08
09
#34660
b00000000000000000000110110001010 "
b00000000000000000000110110001010 $
1&
b0110110000111 3
b0110110001000 6
18
19
#34665
0&
08
09
#34670
b00000000000000000000110110001011 "
b00000000000000000000110110001011 $
1&
b0110110001000 3
b0110110001001 6
18
19
#34675
0&
08
09
#34680
b00000000000000000000110110001100 "
b00000000000000000000110110001100 $
1&
b0110110001001 3
b0110110001010 6
18
19
#34685
0&
08
09
#34690
b00000000000000000000110110001101 "
b00000000000000000000110110001101 $
1&
b0110110001010 3
b0110110001011 6
18
19
#34695
0&
08
09
#34700
b00000000000000000000110110001110 "
b00000000000000000000110110001110 $
1&
b0110110001011 3
b0110110001100 6
18
19
#34705
0&
08
09
#34710
b00000000000000000000110110001111 "
b00000000000000000000110110001111 $
1&
b0110110001100 3
b0110110001101 6
18
19
#34715
0&
08
09
#34720
b00000000000000000000110110010000 "
b00000000000000000000110110010000 $
1&
b0110110001101 3
b0110110001110 6
18
19
#34725
0&
08
09
#34730
b00000000000000000000110110010001 "
b00000000000000000000110110010001 $
1&
b0110110001110 3
b0110110001111 6
18
19
#34735
0&
08
09
#34740
b00000000000000000000110110010010 "
b00000000000000000000110110010010 $
1&
b0110110001111 3
b0110110010000 6
18
19
#34745
0&
08
09
#34750
b00000000000000000000110110010011 "
b00000000000000000000110110010011 $
1&
b0110110010000 3
b0110110010001 6
18
19
#34755
0&
08
09
#34760
b00000000000000000000110110010100 "
b00000000000000000000110110010100 $
1&
b0110110010001 3
b0110110010010 6
18
19
#34765
0&
08
09
#34770
b00000000000000000000110110010101 "
b00000000000000000000110110010101 $
1&
b0110110010010 3
b0110110010011 6
18
19
#34775
0&
08
09
#34780
b00000000000000000000110110010110 "
b00000000000000000000110110010110 $
1&
b0110110010011 3
b0110110010100 6
18
19
#34785
0&
08
09
#34790
b00000000000000000000110110010111 "
b00000000000000000000110110010111 $
1&
b0110110010100 3
b0110110010101 6
18
19
#34795
0&
08
09
#34800
b00000000000000000000110110011000 "
b00000000000000000000110110011000 $
1&
b0110110010101 3
b0110110010110 6
18
19
#34805
0&
08
09
#34810
b00000000000000000000110110011001 "
b00000000000000000000110110011001 $
1&
b0110110010110 3
b0110110010111 6
18
19
#34815
0&
08
09
#34820
b00000000000000000000110110011010 "
b00000000000000000000110110011010 $
1&
b0110110010111 3
b0110110011000 6
18
19
#34825
0&
08
09
#34830
b00000000000000000000110110011011 "
b00000000000000000000110110011011 $
1&
b0110110011000 3
b0110110011001 6
18
19
#34835
0&
08
09
#34840
b00000000000000000000110110011100 "
b00000000000000000000110110011100 $
1&
b0110110011001 3
b0110110011010 6
18
19
#34845
0&
08
09
#34850
b00000000000000000000110110011101 "
b00000000000000000000110110011101 $
1&
b0110110011010 3
b0110110011011 6
18
19
#34855
0&
08
09
#34860
b00000000000000000000110110011110 "
b00000000000000000000110110011110 $
1&
b0110110011011 3
b0110110011100 6
18
19
#34865
0&
08
09
#34870
b00000000000000000000110110011111 "
b00000000000000000000110110011111 $
1&
b0110110011100 3
b0110110011101 6
18
19
#34875
0&
08
09
#34880
b00000000000000000000110110100000 "
b00000000000000000000110110100000 $
1&
b0110110011101 3
b0110110011110 6
18
19
#34885
0&
08
09
#34890
b00000000000000000000110110100001 "
b00000000000000000000110110100001 $
1&
b0110110011110 3
b0110110011111 6
18
19
#34895
0&
08
09
#34900
b00000000000000000000110110100010 "
b00000000000000000000110110100010 $
1&
b0110110011111 3
b0110110100000 6
18
19
#34905
0&
08
09
#34910
b00000000000000000000110110100011 "
b00000000000000000000110110100011 $
1&
b0110110100000 3
b0110110100001 6
18
19
#34915
0&
08
09
#34920
b00000000000000000000110110100100 "
b00000000000000000000110110100100 $
1&
b0110110100001 3
b0110110100010 6
18
19
#34925
0&
08
09
#34930
b00000000000000000000110110100101 "
b00000000000000000000110110100101 $
1&
b0110110100010 3
b0110110100011 6
18
19
#34935
0&
08
09
#34940
b00000000000000000000110110100110 "
b00000000000000000000110110100110 $
1&
b0110110100011 3
b0110110100100 6
18
19
#34945
0&
08
09
#34950
b00000000000000000000110110100111 "
b00000000000000000000110110100111 $
1&
b0110110100100 3
b0110110100101 6
18
19
#34955
0&
08
09
#34960
b00000000000000000000110110101000 "
b00000000000000000000110110101000 $
1&
b0110110100101 3
b0110110100110 6
18
19
#34965
0&
08
09
#34970
b00000000000000000000110110101001 "
b00000000000000000000110110101001 $
1&
b0110110100110 3
b0110110100111 6
18
19
#34975
0&
08
09
#34980
b00000000000000000000110110101010 "
b00000000000000000000110110101010 $
1&
b0110110100111 3
b0110110101000 6
18
19
#34985
0&
08
09
#34990
b00000000000000000000110110101011 "
b00000000000000000000110110101011 $
1&
b0110110101000 3
b0110110101001 6
18
19
#34995
0&
08
09
#35000
b00000000000000000000110110101100 "
b00000000000000000000110110101100 $
1&
b0110110101001 3
b0110110101010 6
18
19
#35005
0&
08
09
#35010
b00000000000000000000110110101101 "
b00000000000000000000110110101101 $
1&
b0110110101010 3
b0110110101011 6
18
19
#35015
0&
08
09
#35020
b00000000000000000000110110101110 "
b00000000000000000000110110101110 $
1&
b0110110101011 3
b0110110101100 6
18
19
#35025
0&
08
09
#35030
b00000000000000000000110110101111 "
b00000000000000000000110110101111 $
1&
b0110110101100 3
b0110110101101 6
18
19
#35035
0&
08
09
#35040
b00000000000000000000110110110000 "
b00000000000000000000110110110000 $
1&
b0110110101101 3
b0110110101110 6
18
19
#35045
0&
08
09
#35050
b00000000000000000000110110110001 "
b00000000000000000000110110110001 $
1&
b0110110101110 3
b0110110101111 6
18
19
#35055
0&
08
09
#35060
b00000000000000000000110110110010 "
b00000000000000000000110110110010 $
1&
b0110110101111 3
b0110110110000 6
18
19
#35065
0&
08
09
#35070
b00000000000000000000110110110011 "
b00000000000000000000110110110011 $
1&
b0110110110000 3
b0110110110001 6
18
19
#35075
0&
08
09
#35080
b00000000000000000000110110110100 "
b00000000000000000000110110110100 $
1&
b0110110110001 3
b0110110110010 6
18
19
#35085
0&
08
09
#35090
b00000000000000000000110110110101 "
b00000000000000000000110110110101 $
1&
b0110110110010 3
b0110110110011 6
18
19
#35095
0&
08
09
#35100
b00000000000000000000110110110110 "
b00000000000000000000110110110110 $
1&
b0110110110011 3
b0110110110100 6
18
19
#35105
0&
08
09
#35110
b00000000000000000000110110110111 "
b00000000000000000000110110110111 $
1&
b0110110110100 3
b0110110110101 6
18
19
#35115
0&
08
09
#35120
b00000000000000000000110110111000 "
b00000000000000000000110110111000 $
1&
b0110110110101 3
b0110110110110 6
18
19
#35125
0&
08
09
#35130
b00000000000000000000110110111001 "
b00000000000000000000110110111001 $
1&
b0110110110110 3
b0110110110111 6
18
19
#35135
0&
08
09
#35140
b00000000000000000000110110111010 "
b00000000000000000000110110111010 $
1&
b0110110110111 3
b0110110111000 6
18
19
#35145
0&
08
09
#35150
b00000000000000000000110110111011 "
b00000000000000000000110110111011 $
1&
b0110110111000 3
b0110110111001 6
18
19
#35155
0&
08
09
#35160
b00000000000000000000110110111100 "
b00000000000000000000110110111100 $
1&
b0110110111001 3
b0110110111010 6
18
19
#35165
0&
08
09
#35170
b00000000000000000000110110111101 "
b00000000000000000000110110111101 $
1&
b0110110111010 3
b0110110111011 6
18
19
#35175
0&
08
09
#35180
b00000000000000000000110110111110 "
b00000000000000000000110110111110 $
1&
b0110110111011 3
b0110110111100 6
18
19
#35185
0&
08
09
#35190
b00000000000000000000110110111111 "
b00000000000000000000110110111111 $
1&
b0110110111100 3
b0110110111101 6
18
19
#35195
0&
08
09
#35200
b00000000000000000000110111000000 "
b00000000000000000000110111000000 $
1&
b0110110111101 3
b0110110111110 6
18
19
#35205
0&
08
09
#35210
b00000000000000000000110111000001 "
b00000000000000000000110111000001 $
1&
b0110110111110 3
b0110110111111 6
18
19
#35215
0&
08
09
#35220
b00000000000000000000110111000010 "
b00000000000000000000110111000010 $
1&
b0110110111111 3
b0110111000000 6
18
19
#35225
0&
08
09
#35230
b00000000000000000000110111000011 "
b00000000000000000000110111000011 $
1&
b0110111000000 3
b0110111000001 6
18
19
#35235
0&
08
09
#35240
b00000000000000000000110111000100 "
b00000000000000000000110111000100 $
1&
b0110111000001 3
b0110111000010 6
18
19
#35245
0&
08
09
#35250
b00000000000000000000110111000101 "
b00000000000000000000110111000101 $
1&
b0110111000010 3
b0110111000011 6
18
19
#35255
0&
08
09
#35260
b00000000000000000000110111000110 "
b00000000000000000000110111000110 $
1&
b0110111000011 3
b0110111000100 6
18
19
#35265
0&
08
09
#35270
b00000000000000000000110111000111 "
b00000000000000000000110111000111 $
1&
b0110111000100 3
b0110111000101 6
18
19
#35275
0&
08
09
#35280
b00000000000000000000110111001000 "
b00000000000000000000110111001000 $
1&
b0110111000101 3
b0110111000110 6
18
19
#35285
0&
08
09
#35290
b00000000000000000000110111001001 "
b00000000000000000000110111001001 $
1&
b0110111000110 3
b0110111000111 6
18
19
#35295
0&
08
09
#35300
b00000000000000000000110111001010 "
b00000000000000000000110111001010 $
1&
b0110111000111 3
b0110111001000 6
18
19
#35305
0&
08
09
#35310
b00000000000000000000110111001011 "
b00000000000000000000110111001011 $
1&
b0110111001000 3
b0110111001001 6
18
19
#35315
0&
08
09
#35320
b00000000000000000000110111001100 "
b00000000000000000000110111001100 $
1&
b0110111001001 3
b0110111001010 6
18
19
#35325
0&
08
09
#35330
b00000000000000000000110111001101 "
b00000000000000000000110111001101 $
1&
b0110111001010 3
b0110111001011 6
18
19
#35335
0&
08
09
#35340
b00000000000000000000110111001110 "
b00000000000000000000110111001110 $
1&
b0110111001011 3
b0110111001100 6
18
19
#35345
0&
08
09
#35350
b00000000000000000000110111001111 "
b00000000000000000000110111001111 $
1&
b0110111001100 3
b0110111001101 6
18
19
#35355
0&
08
09
#35360
b00000000000000000000110111010000 "
b00000000000000000000110111010000 $
1&
b0110111001101 3
b0110111001110 6
18
19
#35365
0&
08
09
#35370
b00000000000000000000110111010001 "
b00000000000000000000110111010001 $
1&
b0110111001110 3
b0110111001111 6
18
19
#35375
0&
08
09
#35380
b00000000000000000000110111010010 "
b00000000000000000000110111010010 $
1&
b0110111001111 3
b0110111010000 6
18
19
#35385
0&
08
09
#35390
b00000000000000000000110111010011 "
b00000000000000000000110111010011 $
1&
b0110111010000 3
b0110111010001 6
18
19
#35395
0&
08
09
#35400
b00000000000000000000110111010100 "
b00000000000000000000110111010100 $
1&
b0110111010001 3
b0110111010010 6
18
19
#35405
0&
08
09
#35410
b00000000000000000000110111010101 "
b00000000000000000000110111010101 $
1&
b0110111010010 3
b0110111010011 6
18
19
#35415
0&
08
09
#35420
b00000000000000000000110111010110 "
b00000000000000000000110111010110 $
1&
b0110111010011 3
b0110111010100 6
18
19
#35425
0&
08
09
#35430
b00000000000000000000110111010111 "
b00000000000000000000110111010111 $
1&
b0110111010100 3
b0110111010101 6
18
19
#35435
0&
08
09
#35440
b00000000000000000000110111011000 "
b00000000000000000000110111011000 $
1&
b0110111010101 3
b0110111010110 6
18
19
#35445
0&
08
09
#35450
b00000000000000000000110111011001 "
b00000000000000000000110111011001 $
1&
b0110111010110 3
b0110111010111 6
18
19
#35455
0&
08
09
#35460
b00000000000000000000110111011010 "
b00000000000000000000110111011010 $
1&
b0110111010111 3
b0110111011000 6
18
19
#35465
0&
08
09
#35470
b00000000000000000000110111011011 "
b00000000000000000000110111011011 $
1&
b0110111011000 3
b0110111011001 6
18
19
#35475
0&
08
09
#35480
b00000000000000000000110111011100 "
b00000000000000000000110111011100 $
1&
b0110111011001 3
b0110111011010 6
18
19
#35485
0&
08
09
#35490
b00000000000000000000110111011101 "
b00000000000000000000110111011101 $
1&
b0110111011010 3
b0110111011011 6
18
19
#35495
0&
08
09
#35500
b00000000000000000000110111011110 "
b00000000000000000000110111011110 $
1&
b0110111011011 3
b0110111011100 6
18
19
#35505
0&
08
09
#35510
b00000000000000000000110111011111 "
b00000000000000000000110111011111 $
1&
b0110111011100 3
b0110111011101 6
18
19
#35515
0&
08
09
#35520
b00000000000000000000110111100000 "
b00000000000000000000110111100000 $
1&
b0110111011101 3
b0110111011110 6
18
19
#35525
0&
08
09
#35530
b00000000000000000000110111100001 "
b00000000000000000000110111100001 $
1&
b0110111011110 3
b0110111011111 6
18
19
#35535
0&
08
09
#35540
b00000000000000000000110111100010 "
b00000000000000000000110111100010 $
1&
b0110111011111 3
b0110111100000 6
18
19
#35545
0&
08
09
#35550
b00000000000000000000110111100011 "
b00000000000000000000110111100011 $
1&
b0110111100000 3
b0110111100001 6
18
19
#35555
0&
08
09
#35560
b00000000000000000000110111100100 "
b00000000000000000000110111100100 $
1&
b0110111100001 3
b0110111100010 6
18
19
#35565
0&
08
09
#35570
b00000000000000000000110111100101 "
b00000000000000000000110111100101 $
1&
b0110111100010 3
b0110111100011 6
18
19
#35575
0&
08
09
#35580
b00000000000000000000110111100110 "
b00000000000000000000110111100110 $
1&
b0110111100011 3
b0110111100100 6
18
19
#35585
0&
08
09
#35590
b00000000000000000000110111100111 "
b00000000000000000000110111100111 $
1&
b0110111100100 3
b0110111100101 6
18
19
#35595
0&
08
09
#35600
b00000000000000000000110111101000 "
b00000000000000000000110111101000 $
1&
b0110111100101 3
b0110111100110 6
18
19
#35605
0&
08
09
#35610
b00000000000000000000110111101001 "
b00000000000000000000110111101001 $
1&
b0110111100110 3
b0110111100111 6
18
19
#35615
0&
08
09
#35620
b00000000000000000000110111101010 "
b00000000000000000000110111101010 $
1&
b0110111100111 3
b0110111101000 6
18
19
#35625
0&
08
09
#35630
b00000000000000000000110111101011 "
b00000000000000000000110111101011 $
1&
b0110111101000 3
b0110111101001 6
18
19
#35635
0&
08
09
#35640
b00000000000000000000110111101100 "
b00000000000000000000110111101100 $
1&
b0110111101001 3
b0110111101010 6
18
19
#35645
0&
08
09
#35650
b00000000000000000000110111101101 "
b00000000000000000000110111101101 $
1&
b0110111101010 3
b0110111101011 6
18
19
#35655
0&
08
09
#35660
b00000000000000000000110111101110 "
b00000000000000000000110111101110 $
1&
b0110111101011 3
b0110111101100 6
18
19
#35665
0&
08
09
#35670
b00000000000000000000110111101111 "
b00000000000000000000110111101111 $
1&
b0110111101100 3
b0110111101101 6
18
19
#35675
0&
08
09
#35680
b00000000000000000000110111110000 "
b00000000000000000000110111110000 $
1&
b0110111101101 3
b0110111101110 6
18
19
#35685
0&
08
09
#35690
b00000000000000000000110111110001 "
b00000000000000000000110111110001 $
1&
b0110111101110 3
b0110111101111 6
18
19
#35695
0&
08
09
#35700
b00000000000000000000110111110010 "
b00000000000000000000110111110010 $
1&
b0110111101111 3
b0110111110000 6
18
19
#35705
0&
08
09
#35710
b00000000000000000000110111110011 "
b00000000000000000000110111110011 $
1&
b0110111110000 3
b0110111110001 6
18
19
#35715
0&
08
09
#35720
b00000000000000000000110111110100 "
b00000000000000000000110111110100 $
1&
b0110111110001 3
b0110111110010 6
18
19
#35725
0&
08
09
#35730
b00000000000000000000110111110101 "
b00000000000000000000110111110101 $
1&
b0110111110010 3
b0110111110011 6
18
19
#35735
0&
08
09
#35740
b00000000000000000000110111110110 "
b00000000000000000000110111110110 $
1&
b0110111110011 3
b0110111110100 6
18
19
#35745
0&
08
09
#35750
b00000000000000000000110111110111 "
b00000000000000000000110111110111 $
1&
b0110111110100 3
b0110111110101 6
18
19
#35755
0&
08
09
#35760
b00000000000000000000110111111000 "
b00000000000000000000110111111000 $
1&
b0110111110101 3
b0110111110110 6
18
19
#35765
0&
08
09
#35770
b00000000000000000000110111111001 "
b00000000000000000000110111111001 $
1&
b0110111110110 3
b0110111110111 6
18
19
#35775
0&
08
09
#35780
b00000000000000000000110111111010 "
b00000000000000000000110111111010 $
1&
b0110111110111 3
b0110111111000 6
18
19
#35785
0&
08
09
#35790
b00000000000000000000110111111011 "
b00000000000000000000110111111011 $
1&
b0110111111000 3
b0110111111001 6
18
19
#35795
0&
08
09
#35800
b00000000000000000000110111111100 "
b00000000000000000000110111111100 $
1&
b0110111111001 3
b0110111111010 6
18
19
#35805
0&
08
09
#35810
b00000000000000000000110111111101 "
b00000000000000000000110111111101 $
1&
b0110111111010 3
b0110111111011 6
18
19
#35815
0&
08
09
#35820
b00000000000000000000110111111110 "
b00000000000000000000110111111110 $
1&
b0110111111011 3
b0110111111100 6
18
19
#35825
0&
08
09
#35830
b00000000000000000000110111111111 "
b00000000000000000000110111111111 $
1&
b0110111111100 3
b0110111111101 6
18
19
#35835
0&
08
09
#35840
b00000000000000000000111000000000 "
b00000000000000000000111000000000 $
1&
b0110111111101 3
b0110111111110 6
18
19
#35845
0&
08
09
#35850
b00000000000000000000111000000001 "
b00000000000000000000111000000001 $
1&
b0110111111110 3
b0110111111111 6
18
19
#35855
0&
08
09
#35860
b00000000000000000000111000000010 "
b00000000000000000000111000000010 $
1&
b0110111111111 3
b0111000000000 6
18
19
#35865
0&
08
09
#35870
b00000000000000000000111000000011 "
b00000000000000000000111000000011 $
1&
b0111000000000 3
b0111000000001 6
18
19
#35875
0&
08
09
#35880
b00000000000000000000111000000100 "
b00000000000000000000111000000100 $
1&
b0111000000001 3
b0111000000010 6
18
19
#35885
0&
08
09
#35890
b00000000000000000000111000000101 "
b00000000000000000000111000000101 $
1&
b0111000000010 3
b0111000000011 6
18
19
#35895
0&
08
09
#35900
b00000000000000000000111000000110 "
b00000000000000000000111000000110 $
1&
b0111000000011 3
b0111000000100 6
18
19
#35905
0&
08
09
#35910
b00000000000000000000111000000111 "
b00000000000000000000111000000111 $
1&
b0111000000100 3
b0111000000101 6
18
19
#35915
0&
08
09
#35920
b00000000000000000000111000001000 "
b00000000000000000000111000001000 $
1&
b0111000000101 3
b0111000000110 6
18
19
#35925
0&
08
09
#35930
b00000000000000000000111000001001 "
b00000000000000000000111000001001 $
1&
b0111000000110 3
b0111000000111 6
18
19
#35935
0&
08
09
#35940
b00000000000000000000111000001010 "
b00000000000000000000111000001010 $
1&
b0111000000111 3
b0111000001000 6
18
19
#35945
0&
08
09
#35950
b00000000000000000000111000001011 "
b00000000000000000000111000001011 $
1&
b0111000001000 3
b0111000001001 6
18
19
#35955
0&
08
09
#35960
b00000000000000000000111000001100 "
b00000000000000000000111000001100 $
1&
b0111000001001 3
b0111000001010 6
18
19
#35965
0&
08
09
#35970
b00000000000000000000111000001101 "
b00000000000000000000111000001101 $
1&
b0111000001010 3
b0111000001011 6
18
19
#35975
0&
08
09
#35980
b00000000000000000000111000001110 "
b00000000000000000000111000001110 $
1&
b0111000001011 3
b0111000001100 6
18
19
#35985
0&
08
09
#35990
b00000000000000000000111000001111 "
b00000000000000000000111000001111 $
1&
b0111000001100 3
b0111000001101 6
18
19
#35995
0&
08
09
#36000
b00000000000000000000111000010000 "
b00000000000000000000111000010000 $
1&
b0111000001101 3
b0111000001110 6
18
19
#36005
0&
08
09
#36010
b00000000000000000000111000010001 "
b00000000000000000000111000010001 $
1&
b0111000001110 3
b0111000001111 6
18
19
#36015
0&
08
09
#36020
b00000000000000000000111000010010 "
b00000000000000000000111000010010 $
1&
b0111000001111 3
b0111000010000 6
18
19
#36025
0&
08
09
#36030
b00000000000000000000111000010011 "
b00000000000000000000111000010011 $
1&
b0111000010000 3
b0111000010001 6
18
19
#36035
0&
08
09
#36040
b00000000000000000000111000010100 "
b00000000000000000000111000010100 $
1&
b0111000010001 3
b0111000010010 6
18
19
#36045
0&
08
09
#36050
b00000000000000000000111000010101 "
b00000000000000000000111000010101 $
1&
b0111000010010 3
b0111000010011 6
18
19
#36055
0&
08
09
#36060
b00000000000000000000111000010110 "
b00000000000000000000111000010110 $
1&
b0111000010011 3
b0111000010100 6
18
19
#36065
0&
08
09
#36070
b00000000000000000000111000010111 "
b00000000000000000000111000010111 $
1&
b0111000010100 3
b0111000010101 6
18
19
#36075
0&
08
09
#36080
b00000000000000000000111000011000 "
b00000000000000000000111000011000 $
1&
b0111000010101 3
b0111000010110 6
18
19
#36085
0&
08
09
#36090
b00000000000000000000111000011001 "
b00000000000000000000111000011001 $
1&
b0111000010110 3
b0111000010111 6
18
19
#36095
0&
08
09
#36100
b00000000000000000000111000011010 "
b00000000000000000000111000011010 $
1&
b0111000010111 3
b0111000011000 6
18
19
#36105
0&
08
09
#36110
b00000000000000000000111000011011 "
b00000000000000000000111000011011 $
1&
b0111000011000 3
b0111000011001 6
18
19
#36115
0&
08
09
#36120
b00000000000000000000111000011100 "
b00000000000000000000111000011100 $
1&
b0111000011001 3
b0111000011010 6
18
19
#36125
0&
08
09
#36130
b00000000000000000000111000011101 "
b00000000000000000000111000011101 $
1&
b0111000011010 3
b0111000011011 6
18
19
#36135
0&
08
09
#36140
b00000000000000000000111000011110 "
b00000000000000000000111000011110 $
1&
b0111000011011 3
b0111000011100 6
18
19
#36145
0&
08
09
#36150
b00000000000000000000111000011111 "
b00000000000000000000111000011111 $
1&
b0111000011100 3
b0111000011101 6
18
19
#36155
0&
08
09
#36160
b00000000000000000000111000100000 "
b00000000000000000000111000100000 $
1&
b0111000011101 3
b0111000011110 6
18
19
#36165
0&
08
09
#36170
b00000000000000000000111000100001 "
b00000000000000000000111000100001 $
1&
b0111000011110 3
b0111000011111 6
18
19
#36175
0&
08
09
#36180
b00000000000000000000111000100010 "
b00000000000000000000111000100010 $
1&
b0111000011111 3
b0111000100000 6
18
19
#36185
0&
08
09
#36190
b00000000000000000000111000100011 "
b00000000000000000000111000100011 $
1&
b0111000100000 3
b0111000100001 6
18
19
#36195
0&
08
09
#36200
b00000000000000000000111000100100 "
b00000000000000000000111000100100 $
1&
b0111000100001 3
b0111000100010 6
18
19
#36205
0&
08
09
#36210
b00000000000000000000111000100101 "
b00000000000000000000111000100101 $
1&
b0111000100010 3
b0111000100011 6
18
19
#36215
0&
08
09
#36220
b00000000000000000000111000100110 "
b00000000000000000000111000100110 $
1&
b0111000100011 3
b0111000100100 6
18
19
#36225
0&
08
09
#36230
b00000000000000000000111000100111 "
b00000000000000000000111000100111 $
1&
b0111000100100 3
b0111000100101 6
18
19
#36235
0&
08
09
#36240
b00000000000000000000111000101000 "
b00000000000000000000111000101000 $
1&
b0111000100101 3
b0111000100110 6
18
19
#36245
0&
08
09
#36250
b00000000000000000000111000101001 "
b00000000000000000000111000101001 $
1&
b0111000100110 3
b0111000100111 6
18
19
#36255
0&
08
09
#36260
b00000000000000000000111000101010 "
b00000000000000000000111000101010 $
1&
b0111000100111 3
b0111000101000 6
18
19
#36265
0&
08
09
#36270
b00000000000000000000111000101011 "
b00000000000000000000111000101011 $
1&
b0111000101000 3
b0111000101001 6
18
19
#36275
0&
08
09
#36280
b00000000000000000000111000101100 "
b00000000000000000000111000101100 $
1&
b0111000101001 3
b0111000101010 6
18
19
#36285
0&
08
09
#36290
b00000000000000000000111000101101 "
b00000000000000000000111000101101 $
1&
b0111000101010 3
b0111000101011 6
18
19
#36295
0&
08
09
#36300
b00000000000000000000111000101110 "
b00000000000000000000111000101110 $
1&
b0111000101011 3
b0111000101100 6
18
19
#36305
0&
08
09
#36310
b00000000000000000000111000101111 "
b00000000000000000000111000101111 $
1&
b0111000101100 3
b0111000101101 6
18
19
#36315
0&
08
09
#36320
b00000000000000000000111000110000 "
b00000000000000000000111000110000 $
1&
b0111000101101 3
b0111000101110 6
18
19
#36325
0&
08
09
#36330
b00000000000000000000111000110001 "
b00000000000000000000111000110001 $
1&
b0111000101110 3
b0111000101111 6
18
19
#36335
0&
08
09
#36340
b00000000000000000000111000110010 "
b00000000000000000000111000110010 $
1&
b0111000101111 3
b0111000110000 6
18
19
#36345
0&
08
09
#36350
b00000000000000000000111000110011 "
b00000000000000000000111000110011 $
1&
b0111000110000 3
b0111000110001 6
18
19
#36355
0&
08
09
#36360
b00000000000000000000111000110100 "
b00000000000000000000111000110100 $
1&
b0111000110001 3
b0111000110010 6
18
19
#36365
0&
08
09
#36370
b00000000000000000000111000110101 "
b00000000000000000000111000110101 $
1&
b0111000110010 3
b0111000110011 6
18
19
#36375
0&
08
09
#36380
b00000000000000000000111000110110 "
b00000000000000000000111000110110 $
1&
b0111000110011 3
b0111000110100 6
18
19
#36385
0&
08
09
#36390
b00000000000000000000111000110111 "
b00000000000000000000111000110111 $
1&
b0111000110100 3
b0111000110101 6
18
19
#36395
0&
08
09
#36400
b00000000000000000000111000111000 "
b00000000000000000000111000111000 $
1&
b0111000110101 3
b0111000110110 6
18
19
#36405
0&
08
09
#36410
b00000000000000000000111000111001 "
b00000000000000000000111000111001 $
1&
b0111000110110 3
b0111000110111 6
18
19
#36415
0&
08
09
#36420
b00000000000000000000111000111010 "
b00000000000000000000111000111010 $
1&
b0111000110111 3
b0111000111000 6
18
19
#36425
0&
08
09
#36430
b00000000000000000000111000111011 "
b00000000000000000000111000111011 $
1&
b0111000111000 3
b0111000111001 6
18
19
#36435
0&
08
09
#36440
b00000000000000000000111000111100 "
b00000000000000000000111000111100 $
1&
b0111000111001 3
b0111000111010 6
18
19
#36445
0&
08
09
#36450
b00000000000000000000111000111101 "
b00000000000000000000111000111101 $
1&
b0111000111010 3
b0111000111011 6
18
19
#36455
0&
08
09
#36460
b00000000000000000000111000111110 "
b00000000000000000000111000111110 $
1&
b0111000111011 3
b0111000111100 6
18
19
#36465
0&
08
09
#36470
b00000000000000000000111000111111 "
b00000000000000000000111000111111 $
1&
b0111000111100 3
b0111000111101 6
18
19
#36475
0&
08
09
#36480
b00000000000000000000111001000000 "
b00000000000000000000111001000000 $
1&
b0111000111101 3
b0111000111110 6
18
19
#36485
0&
08
09
#36490
b00000000000000000000111001000001 "
b00000000000000000000111001000001 $
1&
b0111000111110 3
b0111000111111 6
18
19
#36495
0&
08
09
#36500
b00000000000000000000111001000010 "
b00000000000000000000111001000010 $
1&
b0111000111111 3
b0111001000000 6
18
19
#36505
0&
08
09
#36510
b00000000000000000000111001000011 "
b00000000000000000000111001000011 $
1&
b0111001000000 3
b0111001000001 6
18
19
#36515
0&
08
09
#36520
b00000000000000000000111001000100 "
b00000000000000000000111001000100 $
1&
b0111001000001 3
b0111001000010 6
18
19
#36525
0&
08
09
#36530
b00000000000000000000111001000101 "
b00000000000000000000111001000101 $
1&
b0111001000010 3
b0111001000011 6
18
19
#36535
0&
08
09
#36540
b00000000000000000000111001000110 "
b00000000000000000000111001000110 $
1&
b0111001000011 3
b0111001000100 6
18
19
#36545
0&
08
09
#36550
b00000000000000000000111001000111 "
b00000000000000000000111001000111 $
1&
b0111001000100 3
b0111001000101 6
18
19
#36555
0&
08
09
#36560
b00000000000000000000111001001000 "
b00000000000000000000111001001000 $
1&
b0111001000101 3
b0111001000110 6
18
19
#36565
0&
08
09
#36570
b00000000000000000000111001001001 "
b00000000000000000000111001001001 $
1&
b0111001000110 3
b0111001000111 6
18
19
#36575
0&
08
09
#36580
b00000000000000000000111001001010 "
b00000000000000000000111001001010 $
1&
b0111001000111 3
b0111001001000 6
18
19
#36585
0&
08
09
#36590
b00000000000000000000111001001011 "
b00000000000000000000111001001011 $
1&
b0111001001000 3
b0111001001001 6
18
19
#36595
0&
08
09
#36600
b00000000000000000000111001001100 "
b00000000000000000000111001001100 $
1&
b0111001001001 3
b0111001001010 6
18
19
#36605
0&
08
09
#36610
b00000000000000000000111001001101 "
b00000000000000000000111001001101 $
1&
b0111001001010 3
b0111001001011 6
18
19
#36615
0&
08
09
#36620
b00000000000000000000111001001110 "
b00000000000000000000111001001110 $
1&
b0111001001011 3
b0111001001100 6
18
19
#36625
0&
08
09
#36630
b00000000000000000000111001001111 "
b00000000000000000000111001001111 $
1&
b0111001001100 3
b0111001001101 6
18
19
#36635
0&
08
09
#36640
b00000000000000000000111001010000 "
b00000000000000000000111001010000 $
1&
b0111001001101 3
b0111001001110 6
18
19
#36645
0&
08
09
#36650
b00000000000000000000111001010001 "
b00000000000000000000111001010001 $
1&
b0111001001110 3
b0111001001111 6
18
19
#36655
0&
08
09
#36660
b00000000000000000000111001010010 "
b00000000000000000000111001010010 $
1&
b0111001001111 3
b0111001010000 6
18
19
#36665
0&
08
09
#36670
b00000000000000000000111001010011 "
b00000000000000000000111001010011 $
1&
b0111001010000 3
b0111001010001 6
18
19
#36675
0&
08
09
#36680
b00000000000000000000111001010100 "
b00000000000000000000111001010100 $
1&
b0111001010001 3
b0111001010010 6
18
19
#36685
0&
08
09
#36690
b00000000000000000000111001010101 "
b00000000000000000000111001010101 $
1&
b0111001010010 3
b0111001010011 6
18
19
#36695
0&
08
09
#36700
b00000000000000000000111001010110 "
b00000000000000000000111001010110 $
1&
b0111001010011 3
b0111001010100 6
18
19
#36705
0&
08
09
#36710
b00000000000000000000111001010111 "
b00000000000000000000111001010111 $
1&
b0111001010100 3
b0111001010101 6
18
19
#36715
0&
08
09
#36720
b00000000000000000000111001011000 "
b00000000000000000000111001011000 $
1&
b0111001010101 3
b0111001010110 6
18
19
#36725
0&
08
09
#36730
b00000000000000000000111001011001 "
b00000000000000000000111001011001 $
1&
b0111001010110 3
b0111001010111 6
18
19
#36735
0&
08
09
#36740
b00000000000000000000111001011010 "
b00000000000000000000111001011010 $
1&
b0111001010111 3
b0111001011000 6
18
19
#36745
0&
08
09
#36750
b00000000000000000000111001011011 "
b00000000000000000000111001011011 $
1&
b0111001011000 3
b0111001011001 6
18
19
#36755
0&
08
09
#36760
b00000000000000000000111001011100 "
b00000000000000000000111001011100 $
1&
b0111001011001 3
b0111001011010 6
18
19
#36765
0&
08
09
#36770
b00000000000000000000111001011101 "
b00000000000000000000111001011101 $
1&
b0111001011010 3
b0111001011011 6
18
19
#36775
0&
08
09
#36780
b00000000000000000000111001011110 "
b00000000000000000000111001011110 $
1&
b0111001011011 3
b0111001011100 6
18
19
#36785
0&
08
09
#36790
b00000000000000000000111001011111 "
b00000000000000000000111001011111 $
1&
b0111001011100 3
b0111001011101 6
18
19
#36795
0&
08
09
#36800
b00000000000000000000111001100000 "
b00000000000000000000111001100000 $
1&
b0111001011101 3
b0111001011110 6
18
19
#36805
0&
08
09
#36810
b00000000000000000000111001100001 "
b00000000000000000000111001100001 $
1&
b0111001011110 3
b0111001011111 6
18
19
#36815
0&
08
09
#36820
b00000000000000000000111001100010 "
b00000000000000000000111001100010 $
1&
b0111001011111 3
b0111001100000 6
18
19
#36825
0&
08
09
#36830
b00000000000000000000111001100011 "
b00000000000000000000111001100011 $
1&
b0111001100000 3
b0111001100001 6
18
19
#36835
0&
08
09
#36840
b00000000000000000000111001100100 "
b00000000000000000000111001100100 $
1&
b0111001100001 3
b0111001100010 6
18
19
#36845
0&
08
09
#36850
b00000000000000000000111001100101 "
b00000000000000000000111001100101 $
1&
b0111001100010 3
b0111001100011 6
18
19
#36855
0&
08
09
#36860
b00000000000000000000111001100110 "
b00000000000000000000111001100110 $
1&
b0111001100011 3
b0111001100100 6
18
19
#36865
0&
08
09
#36870
b00000000000000000000111001100111 "
b00000000000000000000111001100111 $
1&
b0111001100100 3
b0111001100101 6
18
19
#36875
0&
08
09
#36880
b00000000000000000000111001101000 "
b00000000000000000000111001101000 $
1&
b0111001100101 3
b0111001100110 6
18
19
#36885
0&
08
09
#36890
b00000000000000000000111001101001 "
b00000000000000000000111001101001 $
1&
b0111001100110 3
b0111001100111 6
18
19
#36895
0&
08
09
#36900
b00000000000000000000111001101010 "
b00000000000000000000111001101010 $
1&
b0111001100111 3
b0111001101000 6
18
19
#36905
0&
08
09
#36910
b00000000000000000000111001101011 "
b00000000000000000000111001101011 $
1&
b0111001101000 3
b0111001101001 6
18
19
#36915
0&
08
09
#36920
b00000000000000000000111001101100 "
b00000000000000000000111001101100 $
1&
b0111001101001 3
b0111001101010 6
18
19
#36925
0&
08
09
#36930
b00000000000000000000111001101101 "
b00000000000000000000111001101101 $
1&
b0111001101010 3
b0111001101011 6
18
19
#36935
0&
08
09
#36940
b00000000000000000000111001101110 "
b00000000000000000000111001101110 $
1&
b0111001101011 3
b0111001101100 6
18
19
#36945
0&
08
09
#36950
b00000000000000000000111001101111 "
b00000000000000000000111001101111 $
1&
b0111001101100 3
b0111001101101 6
18
19
#36955
0&
08
09
#36960
b00000000000000000000111001110000 "
b00000000000000000000111001110000 $
1&
b0111001101101 3
b0111001101110 6
18
19
#36965
0&
08
09
#36970
b00000000000000000000111001110001 "
b00000000000000000000111001110001 $
1&
b0111001101110 3
b0111001101111 6
18
19
#36975
0&
08
09
#36980
b00000000000000000000111001110010 "
b00000000000000000000111001110010 $
1&
b0111001101111 3
b0111001110000 6
18
19
#36985
0&
08
09
#36990
b00000000000000000000111001110011 "
b00000000000000000000111001110011 $
1&
b0111001110000 3
b0111001110001 6
18
19
#36995
0&
08
09
#37000
b00000000000000000000111001110100 "
b00000000000000000000111001110100 $
1&
b0111001110001 3
b0111001110010 6
18
19
#37005
0&
08
09
#37010
b00000000000000000000111001110101 "
b00000000000000000000111001110101 $
1&
b0111001110010 3
b0111001110011 6
18
19
#37015
0&
08
09
#37020
b00000000000000000000111001110110 "
b00000000000000000000111001110110 $
1&
b0111001110011 3
b0111001110100 6
18
19
#37025
0&
08
09
#37030
b00000000000000000000111001110111 "
b00000000000000000000111001110111 $
1&
b0111001110100 3
b0111001110101 6
18
19
#37035
0&
08
09
#37040
b00000000000000000000111001111000 "
b00000000000000000000111001111000 $
1&
b0111001110101 3
b0111001110110 6
18
19
#37045
0&
08
09
#37050
b00000000000000000000111001111001 "
b00000000000000000000111001111001 $
1&
b0111001110110 3
b0111001110111 6
18
19
#37055
0&
08
09
#37060
b00000000000000000000111001111010 "
b00000000000000000000111001111010 $
1&
b0111001110111 3
b0111001111000 6
18
19
#37065
0&
08
09
#37070
b00000000000000000000111001111011 "
b00000000000000000000111001111011 $
1&
b0111001111000 3
b0111001111001 6
18
19
#37075
0&
08
09
#37080
b00000000000000000000111001111100 "
b00000000000000000000111001111100 $
1&
b0111001111001 3
b0111001111010 6
18
19
#37085
0&
08
09
#37090
b00000000000000000000111001111101 "
b00000000000000000000111001111101 $
1&
b0111001111010 3
b0111001111011 6
18
19
#37095
0&
08
09
#37100
b00000000000000000000111001111110 "
b00000000000000000000111001111110 $
1&
b0111001111011 3
b0111001111100 6
18
19
#37105
0&
08
09
#37110
b00000000000000000000111001111111 "
b00000000000000000000111001111111 $
1&
b0111001111100 3
b0111001111101 6
18
19
#37115
0&
08
09
#37120
b00000000000000000000111010000000 "
b00000000000000000000111010000000 $
1&
b0111001111101 3
b0111001111110 6
18
19
#37125
0&
08
09
#37130
b00000000000000000000111010000001 "
b00000000000000000000111010000001 $
1&
b0111001111110 3
b0111001111111 6
18
19
#37135
0&
08
09
#37140
b00000000000000000000111010000010 "
b00000000000000000000111010000010 $
1&
b0111001111111 3
b0111010000000 6
18
19
#37145
0&
08
09
#37150
b00000000000000000000111010000011 "
b00000000000000000000111010000011 $
1&
b0111010000000 3
b0111010000001 6
18
19
#37155
0&
08
09
#37160
b00000000000000000000111010000100 "
b00000000000000000000111010000100 $
1&
b0111010000001 3
b0111010000010 6
18
19
#37165
0&
08
09
#37170
b00000000000000000000111010000101 "
b00000000000000000000111010000101 $
1&
b0111010000010 3
b0111010000011 6
18
19
#37175
0&
08
09
#37180
b00000000000000000000111010000110 "
b00000000000000000000111010000110 $
1&
b0111010000011 3
b0111010000100 6
18
19
#37185
0&
08
09
#37190
b00000000000000000000111010000111 "
b00000000000000000000111010000111 $
1&
b0111010000100 3
b0111010000101 6
18
19
#37195
0&
08
09
#37200
b00000000000000000000111010001000 "
b00000000000000000000111010001000 $
1&
b0111010000101 3
b0111010000110 6
18
19
#37205
0&
08
09
#37210
b00000000000000000000111010001001 "
b00000000000000000000111010001001 $
1&
b0111010000110 3
b0111010000111 6
18
19
#37215
0&
08
09
#37220
b00000000000000000000111010001010 "
b00000000000000000000111010001010 $
1&
b0111010000111 3
b0111010001000 6
18
19
#37225
0&
08
09
#37230
b00000000000000000000111010001011 "
b00000000000000000000111010001011 $
1&
b0111010001000 3
b0111010001001 6
18
19
#37235
0&
08
09
#37240
b00000000000000000000111010001100 "
b00000000000000000000111010001100 $
1&
b0111010001001 3
b0111010001010 6
18
19
#37245
0&
08
09
#37250
b00000000000000000000111010001101 "
b00000000000000000000111010001101 $
1&
b0111010001010 3
b0111010001011 6
18
19
#37255
0&
08
09
#37260
b00000000000000000000111010001110 "
b00000000000000000000111010001110 $
1&
b0111010001011 3
b0111010001100 6
18
19
#37265
0&
08
09
#37270
b00000000000000000000111010001111 "
b00000000000000000000111010001111 $
1&
b0111010001100 3
b0111010001101 6
18
19
#37275
0&
08
09
#37280
b00000000000000000000111010010000 "
b00000000000000000000111010010000 $
1&
b0111010001101 3
b0111010001110 6
18
19
#37285
0&
08
09
#37290
b00000000000000000000111010010001 "
b00000000000000000000111010010001 $
1&
b0111010001110 3
b0111010001111 6
18
19
#37295
0&
08
09
#37300
b00000000000000000000111010010010 "
b00000000000000000000111010010010 $
1&
b0111010001111 3
b0111010010000 6
18
19
#37305
0&
08
09
#37310
b00000000000000000000111010010011 "
b00000000000000000000111010010011 $
1&
b0111010010000 3
b0111010010001 6
18
19
#37315
0&
08
09
#37320
b00000000000000000000111010010100 "
b00000000000000000000111010010100 $
1&
b0111010010001 3
b0111010010010 6
18
19
#37325
0&
08
09
#37330
b00000000000000000000111010010101 "
b00000000000000000000111010010101 $
1&
b0111010010010 3
b0111010010011 6
18
19
#37335
0&
08
09
#37340
b00000000000000000000111010010110 "
b00000000000000000000111010010110 $
1&
b0111010010011 3
b0111010010100 6
18
19
#37345
0&
08
09
#37350
b00000000000000000000111010010111 "
b00000000000000000000111010010111 $
1&
b0111010010100 3
b0111010010101 6
18
19
#37355
0&
08
09
#37360
b00000000000000000000111010011000 "
b00000000000000000000111010011000 $
1&
b0111010010101 3
b0111010010110 6
18
19
#37365
0&
08
09
#37370
b00000000000000000000111010011001 "
b00000000000000000000111010011001 $
1&
b0111010010110 3
b0111010010111 6
18
19
#37375
0&
08
09
#37380
b00000000000000000000111010011010 "
b00000000000000000000111010011010 $
1&
b0111010010111 3
b0111010011000 6
18
19
#37385
0&
08
09
#37390
b00000000000000000000111010011011 "
b00000000000000000000111010011011 $
1&
b0111010011000 3
b0111010011001 6
18
19
#37395
0&
08
09
#37400
b00000000000000000000111010011100 "
b00000000000000000000111010011100 $
1&
b0111010011001 3
b0111010011010 6
18
19
#37405
0&
08
09
#37410
b00000000000000000000111010011101 "
b00000000000000000000111010011101 $
1&
b0111010011010 3
b0111010011011 6
18
19
#37415
0&
08
09
#37420
b00000000000000000000111010011110 "
b00000000000000000000111010011110 $
1&
b0111010011011 3
b0111010011100 6
18
19
#37425
0&
08
09
#37430
b00000000000000000000111010011111 "
b00000000000000000000111010011111 $
1&
b0111010011100 3
b0111010011101 6
18
19
#37435
0&
08
09
#37440
b00000000000000000000111010100000 "
b00000000000000000000111010100000 $
1&
b0111010011101 3
b0111010011110 6
18
19
#37445
0&
08
09
#37450
b00000000000000000000111010100001 "
b00000000000000000000111010100001 $
1&
b0111010011110 3
b0111010011111 6
18
19
#37455
0&
08
09
#37460
b00000000000000000000111010100010 "
b00000000000000000000111010100010 $
1&
b0111010011111 3
b0111010100000 6
18
19
#37465
0&
08
09
#37470
b00000000000000000000111010100011 "
b00000000000000000000111010100011 $
1&
b0111010100000 3
b0111010100001 6
18
19
#37475
0&
08
09
#37480
b00000000000000000000111010100100 "
b00000000000000000000111010100100 $
1&
b0111010100001 3
b0111010100010 6
18
19
#37485
0&
08
09
#37490
b00000000000000000000111010100101 "
b00000000000000000000111010100101 $
1&
b0111010100010 3
b0111010100011 6
18
19
#37495
0&
08
09
#37500
b00000000000000000000111010100110 "
b00000000000000000000111010100110 $
1&
b0111010100011 3
b0111010100100 6
18
19
#37505
0&
08
09
#37510
b00000000000000000000111010100111 "
b00000000000000000000111010100111 $
1&
b0111010100100 3
b0111010100101 6
18
19
#37515
0&
08
09
#37520
b00000000000000000000111010101000 "
b00000000000000000000111010101000 $
1&
b0111010100101 3
b0111010100110 6
18
19
#37525
0&
08
09
#37530
b00000000000000000000111010101001 "
b00000000000000000000111010101001 $
1&
b0111010100110 3
b0111010100111 6
18
19
#37535
0&
08
09
#37540
b00000000000000000000111010101010 "
b00000000000000000000111010101010 $
1&
b0111010100111 3
b0111010101000 6
18
19
#37545
0&
08
09
#37550
b00000000000000000000111010101011 "
b00000000000000000000111010101011 $
1&
b0111010101000 3
b0111010101001 6
18
19
#37555
0&
08
09
#37560
b00000000000000000000111010101100 "
b00000000000000000000111010101100 $
1&
b0111010101001 3
b0111010101010 6
18
19
#37565
0&
08
09
#37570
b00000000000000000000111010101101 "
b00000000000000000000111010101101 $
1&
b0111010101010 3
b0111010101011 6
18
19
#37575
0&
08
09
#37580
b00000000000000000000111010101110 "
b00000000000000000000111010101110 $
1&
b0111010101011 3
b0111010101100 6
18
19
#37585
0&
08
09
#37590
b00000000000000000000111010101111 "
b00000000000000000000111010101111 $
1&
b0111010101100 3
b0111010101101 6
18
19
#37595
0&
08
09
#37600
b00000000000000000000111010110000 "
b00000000000000000000111010110000 $
1&
b0111010101101 3
b0111010101110 6
18
19
#37605
0&
08
09
#37610
b00000000000000000000111010110001 "
b00000000000000000000111010110001 $
1&
b0111010101110 3
b0111010101111 6
18
19
#37615
0&
08
09
#37620
b00000000000000000000111010110010 "
b00000000000000000000111010110010 $
1&
b0111010101111 3
b0111010110000 6
18
19
#37625
0&
08
09
#37630
b00000000000000000000111010110011 "
b00000000000000000000111010110011 $
1&
b0111010110000 3
b0111010110001 6
18
19
#37635
0&
08
09
#37640
b00000000000000000000111010110100 "
b00000000000000000000111010110100 $
1&
b0111010110001 3
b0111010110010 6
18
19
#37645
0&
08
09
#37650
b00000000000000000000111010110101 "
b00000000000000000000111010110101 $
1&
b0111010110010 3
b0111010110011 6
18
19
#37655
0&
08
09
#37660
b00000000000000000000111010110110 "
b00000000000000000000111010110110 $
1&
b0111010110011 3
b0111010110100 6
18
19
#37665
0&
08
09
#37670
b00000000000000000000111010110111 "
b00000000000000000000111010110111 $
1&
b0111010110100 3
b0111010110101 6
18
19
#37675
0&
08
09
#37680
b00000000000000000000111010111000 "
b00000000000000000000111010111000 $
1&
b0111010110101 3
b0111010110110 6
18
19
#37685
0&
08
09
#37690
b00000000000000000000111010111001 "
b00000000000000000000111010111001 $
1&
b0111010110110 3
b0111010110111 6
18
19
#37695
0&
08
09
#37700
b00000000000000000000111010111010 "
b00000000000000000000111010111010 $
1&
b0111010110111 3
b0111010111000 6
18
19
#37705
0&
08
09
#37710
b00000000000000000000111010111011 "
b00000000000000000000111010111011 $
1&
b0111010111000 3
b0111010111001 6
18
19
#37715
0&
08
09
#37720
b00000000000000000000111010111100 "
b00000000000000000000111010111100 $
1&
b0111010111001 3
b0111010111010 6
18
19
#37725
0&
08
09
#37730
b00000000000000000000111010111101 "
b00000000000000000000111010111101 $
1&
b0111010111010 3
b0111010111011 6
18
19
#37735
0&
08
09
#37740
b00000000000000000000111010111110 "
b00000000000000000000111010111110 $
1&
b0111010111011 3
b0111010111100 6
18
19
#37745
0&
08
09
#37750
b00000000000000000000111010111111 "
b00000000000000000000111010111111 $
1&
b0111010111100 3
b0111010111101 6
18
19
#37755
0&
08
09
#37760
b00000000000000000000111011000000 "
b00000000000000000000111011000000 $
1&
b0111010111101 3
b0111010111110 6
18
19
#37765
0&
08
09
#37770
b00000000000000000000111011000001 "
b00000000000000000000111011000001 $
1&
b0111010111110 3
b0111010111111 6
18
19
#37775
0&
08
09
#37780
b00000000000000000000111011000010 "
b00000000000000000000111011000010 $
1&
b0111010111111 3
b0111011000000 6
18
19
#37785
0&
08
09
#37790
b00000000000000000000111011000011 "
b00000000000000000000111011000011 $
1&
b0111011000000 3
b0111011000001 6
18
19
#37795
0&
08
09
#37800
b00000000000000000000111011000100 "
b00000000000000000000111011000100 $
1&
b0111011000001 3
b0111011000010 6
18
19
#37805
0&
08
09
#37810
b00000000000000000000111011000101 "
b00000000000000000000111011000101 $
1&
b0111011000010 3
b0111011000011 6
18
19
#37815
0&
08
09
#37820
b00000000000000000000111011000110 "
b00000000000000000000111011000110 $
1&
b0111011000011 3
b0111011000100 6
18
19
#37825
0&
08
09
#37830
b00000000000000000000111011000111 "
b00000000000000000000111011000111 $
1&
b0111011000100 3
b0111011000101 6
18
19
#37835
0&
08
09
#37840
b00000000000000000000111011001000 "
b00000000000000000000111011001000 $
1&
b0111011000101 3
b0111011000110 6
18
19
#37845
0&
08
09
#37850
b00000000000000000000111011001001 "
b00000000000000000000111011001001 $
1&
b0111011000110 3
b0111011000111 6
18
19
#37855
0&
08
09
#37860
b00000000000000000000111011001010 "
b00000000000000000000111011001010 $
1&
b0111011000111 3
b0111011001000 6
18
19
#37865
0&
08
09
#37870
b00000000000000000000111011001011 "
b00000000000000000000111011001011 $
1&
b0111011001000 3
b0111011001001 6
18
19
#37875
0&
08
09
#37880
b00000000000000000000111011001100 "
b00000000000000000000111011001100 $
1&
b0111011001001 3
b0111011001010 6
18
19
#37885
0&
08
09
#37890
b00000000000000000000111011001101 "
b00000000000000000000111011001101 $
1&
b0111011001010 3
b0111011001011 6
18
19
#37895
0&
08
09
#37900
b00000000000000000000111011001110 "
b00000000000000000000111011001110 $
1&
b0111011001011 3
b0111011001100 6
18
19
#37905
0&
08
09
#37910
b00000000000000000000111011001111 "
b00000000000000000000111011001111 $
1&
b0111011001100 3
b0111011001101 6
18
19
#37915
0&
08
09
#37920
b00000000000000000000111011010000 "
b00000000000000000000111011010000 $
1&
b0111011001101 3
b0111011001110 6
18
19
#37925
0&
08
09
#37930
b00000000000000000000111011010001 "
b00000000000000000000111011010001 $
1&
b0111011001110 3
b0111011001111 6
18
19
#37935
0&
08
09
#37940
b00000000000000000000111011010010 "
b00000000000000000000111011010010 $
1&
b0111011001111 3
b0111011010000 6
18
19
#37945
0&
08
09
#37950
b00000000000000000000111011010011 "
b00000000000000000000111011010011 $
1&
b0111011010000 3
b0111011010001 6
18
19
#37955
0&
08
09
#37960
b00000000000000000000111011010100 "
b00000000000000000000111011010100 $
1&
b0111011010001 3
b0111011010010 6
18
19
#37965
0&
08
09
#37970
b00000000000000000000111011010101 "
b00000000000000000000111011010101 $
1&
b0111011010010 3
b0111011010011 6
18
19
#37975
0&
08
09
#37980
b00000000000000000000111011010110 "
b00000000000000000000111011010110 $
1&
b0111011010011 3
b0111011010100 6
18
19
#37985
0&
08
09
#37990
b00000000000000000000111011010111 "
b00000000000000000000111011010111 $
1&
b0111011010100 3
b0111011010101 6
18
19
#37995
0&
08
09
#38000
b00000000000000000000111011011000 "
b00000000000000000000111011011000 $
1&
b0111011010101 3
b0111011010110 6
18
19
#38005
0&
08
09
#38010
b00000000000000000000111011011001 "
b00000000000000000000111011011001 $
1&
b0111011010110 3
b0111011010111 6
18
19
#38015
0&
08
09
#38020
b00000000000000000000111011011010 "
b00000000000000000000111011011010 $
1&
b0111011010111 3
b0111011011000 6
18
19
#38025
0&
08
09
#38030
b00000000000000000000111011011011 "
b00000000000000000000111011011011 $
1&
b0111011011000 3
b0111011011001 6
18
19
#38035
0&
08
09
#38040
b00000000000000000000111011011100 "
b00000000000000000000111011011100 $
1&
b0111011011001 3
b0111011011010 6
18
19
#38045
0&
08
09
#38050
b00000000000000000000111011011101 "
b00000000000000000000111011011101 $
1&
b0111011011010 3
b0111011011011 6
18
19
#38055
0&
08
09
#38060
b00000000000000000000111011011110 "
b00000000000000000000111011011110 $
1&
b0111011011011 3
b0111011011100 6
18
19
#38065
0&
08
09
#38070
b00000000000000000000111011011111 "
b00000000000000000000111011011111 $
1&
b0111011011100 3
b0111011011101 6
18
19
#38075
0&
08
09
#38080
b00000000000000000000111011100000 "
b00000000000000000000111011100000 $
1&
b0111011011101 3
b0111011011110 6
18
19
#38085
0&
08
09
#38090
b00000000000000000000111011100001 "
b00000000000000000000111011100001 $
1&
b0111011011110 3
b0111011011111 6
18
19
#38095
0&
08
09
#38100
b00000000000000000000111011100010 "
b00000000000000000000111011100010 $
1&
b0111011011111 3
b0111011100000 6
18
19
#38105
0&
08
09
#38110
b00000000000000000000111011100011 "
b00000000000000000000111011100011 $
1&
b0111011100000 3
b0111011100001 6
18
19
#38115
0&
08
09
#38120
b00000000000000000000111011100100 "
b00000000000000000000111011100100 $
1&
b0111011100001 3
b0111011100010 6
18
19
#38125
0&
08
09
#38130
b00000000000000000000111011100101 "
b00000000000000000000111011100101 $
1&
b0111011100010 3
b0111011100011 6
18
19
#38135
0&
08
09
#38140
b00000000000000000000111011100110 "
b00000000000000000000111011100110 $
1&
b0111011100011 3
b0111011100100 6
18
19
#38145
0&
08
09
#38150
b00000000000000000000111011100111 "
b00000000000000000000111011100111 $
1&
b0111011100100 3
b0111011100101 6
18
19
#38155
0&
08
09
#38160
b00000000000000000000111011101000 "
b00000000000000000000111011101000 $
1&
b0111011100101 3
b0111011100110 6
18
19
#38165
0&
08
09
#38170
b00000000000000000000111011101001 "
b00000000000000000000111011101001 $
1&
b0111011100110 3
b0111011100111 6
18
19
#38175
0&
08
09
#38180
b00000000000000000000111011101010 "
b00000000000000000000111011101010 $
1&
b0111011100111 3
b0111011101000 6
18
19
#38185
0&
08
09
#38190
b00000000000000000000111011101011 "
b00000000000000000000111011101011 $
1&
b0111011101000 3
b0111011101001 6
18
19
#38195
0&
08
09
#38200
b00000000000000000000111011101100 "
b00000000000000000000111011101100 $
1&
b0111011101001 3
b0111011101010 6
18
19
#38205
0&
08
09
#38210
b00000000000000000000111011101101 "
b00000000000000000000111011101101 $
1&
b0111011101010 3
b0111011101011 6
18
19
#38215
0&
08
09
#38220
b00000000000000000000111011101110 "
b00000000000000000000111011101110 $
1&
b0111011101011 3
b0111011101100 6
18
19
#38225
0&
08
09
#38230
b00000000000000000000111011101111 "
b00000000000000000000111011101111 $
1&
b0111011101100 3
b0111011101101 6
18
19
#38235
0&
08
09
#38240
b00000000000000000000111011110000 "
b00000000000000000000111011110000 $
1&
b0111011101101 3
b0111011101110 6
18
19
#38245
0&
08
09
#38250
b00000000000000000000111011110001 "
b00000000000000000000111011110001 $
1&
b0111011101110 3
b0111011101111 6
18
19
#38255
0&
08
09
#38260
b00000000000000000000111011110010 "
b00000000000000000000111011110010 $
1&
b0111011101111 3
b0111011110000 6
18
19
#38265
0&
08
09
#38270
b00000000000000000000111011110011 "
b00000000000000000000111011110011 $
1&
b0111011110000 3
b0111011110001 6
18
19
#38275
0&
08
09
#38280
b00000000000000000000111011110100 "
b00000000000000000000111011110100 $
1&
b0111011110001 3
b0111011110010 6
18
19
#38285
0&
08
09
#38290
b00000000000000000000111011110101 "
b00000000000000000000111011110101 $
1&
b0111011110010 3
b0111011110011 6
18
19
#38295
0&
08
09
#38300
b00000000000000000000111011110110 "
b00000000000000000000111011110110 $
1&
b0111011110011 3
b0111011110100 6
18
19
#38305
0&
08
09
#38310
b00000000000000000000111011110111 "
b00000000000000000000111011110111 $
1&
b0111011110100 3
b0111011110101 6
18
19
#38315
0&
08
09
#38320
b00000000000000000000111011111000 "
b00000000000000000000111011111000 $
1&
b0111011110101 3
b0111011110110 6
18
19
#38325
0&
08
09
#38330
b00000000000000000000111011111001 "
b00000000000000000000111011111001 $
1&
b0111011110110 3
b0111011110111 6
18
19
#38335
0&
08
09
#38340
b00000000000000000000111011111010 "
b00000000000000000000111011111010 $
1&
b0111011110111 3
b0111011111000 6
18
19
#38345
0&
08
09
#38350
b00000000000000000000111011111011 "
b00000000000000000000111011111011 $
1&
b0111011111000 3
b0111011111001 6
18
19
#38355
0&
08
09
#38360
b00000000000000000000111011111100 "
b00000000000000000000111011111100 $
1&
b0111011111001 3
b0111011111010 6
18
19
#38365
0&
08
09
#38370
b00000000000000000000111011111101 "
b00000000000000000000111011111101 $
1&
b0111011111010 3
b0111011111011 6
18
19
#38375
0&
08
09
#38380
b00000000000000000000111011111110 "
b00000000000000000000111011111110 $
1&
b0111011111011 3
b0111011111100 6
18
19
#38385
0&
08
09
#38390
b00000000000000000000111011111111 "
b00000000000000000000111011111111 $
1&
b0111011111100 3
b0111011111101 6
18
19
#38395
0&
08
09
#38400
b00000000000000000000111100000000 "
b00000000000000000000111100000000 $
1&
b0111011111101 3
b0111011111110 6
18
19
#38405
0&
08
09
#38410
b00000000000000000000111100000001 "
b00000000000000000000111100000001 $
1&
b0111011111110 3
b0111011111111 6
18
19
#38415
0&
08
09
#38420
b00000000000000000000111100000010 "
b00000000000000000000111100000010 $
1&
b0111011111111 3
b0111100000000 6
18
19
#38425
0&
08
09
#38430
b00000000000000000000111100000011 "
b00000000000000000000111100000011 $
1&
b0111100000000 3
b0111100000001 6
18
19
#38435
0&
08
09
#38440
b00000000000000000000111100000100 "
b00000000000000000000111100000100 $
1&
b0111100000001 3
b0111100000010 6
18
19
#38445
0&
08
09
#38450
b00000000000000000000111100000101 "
b00000000000000000000111100000101 $
1&
b0111100000010 3
b0111100000011 6
18
19
#38455
0&
08
09
#38460
b00000000000000000000111100000110 "
b00000000000000000000111100000110 $
1&
b0111100000011 3
b0111100000100 6
18
19
#38465
0&
08
09
#38470
b00000000000000000000111100000111 "
b00000000000000000000111100000111 $
1&
b0111100000100 3
b0111100000101 6
18
19
#38475
0&
08
09
#38480
b00000000000000000000111100001000 "
b00000000000000000000111100001000 $
1&
b0111100000101 3
b0111100000110 6
18
19
#38485
0&
08
09
#38490
b00000000000000000000111100001001 "
b00000000000000000000111100001001 $
1&
b0111100000110 3
b0111100000111 6
18
19
#38495
0&
08
09
#38500
b00000000000000000000111100001010 "
b00000000000000000000111100001010 $
1&
b0111100000111 3
b0111100001000 6
18
19
#38505
0&
08
09
#38510
b00000000000000000000111100001011 "
b00000000000000000000111100001011 $
1&
b0111100001000 3
b0111100001001 6
18
19
#38515
0&
08
09
#38520
b00000000000000000000111100001100 "
b00000000000000000000111100001100 $
1&
b0111100001001 3
b0111100001010 6
18
19
#38525
0&
08
09
#38530
b00000000000000000000111100001101 "
b00000000000000000000111100001101 $
1&
b0111100001010 3
b0111100001011 6
18
19
#38535
0&
08
09
#38540
b00000000000000000000111100001110 "
b00000000000000000000111100001110 $
1&
b0111100001011 3
b0111100001100 6
18
19
#38545
0&
08
09
#38550
b00000000000000000000111100001111 "
b00000000000000000000111100001111 $
1&
b0111100001100 3
b0111100001101 6
18
19
#38555
0&
08
09
#38560
b00000000000000000000111100010000 "
b00000000000000000000111100010000 $
1&
b0111100001101 3
b0111100001110 6
18
19
#38565
0&
08
09
#38570
b00000000000000000000111100010001 "
b00000000000000000000111100010001 $
1&
b0111100001110 3
b0111100001111 6
18
19
#38575
0&
08
09
#38580
b00000000000000000000111100010010 "
b00000000000000000000111100010010 $
1&
b0111100001111 3
b0111100010000 6
18
19
#38585
0&
08
09
#38590
b00000000000000000000111100010011 "
b00000000000000000000111100010011 $
1&
b0111100010000 3
b0111100010001 6
18
19
#38595
0&
08
09
#38600
b00000000000000000000111100010100 "
b00000000000000000000111100010100 $
1&
b0111100010001 3
b0111100010010 6
18
19
#38605
0&
08
09
#38610
b00000000000000000000111100010101 "
b00000000000000000000111100010101 $
1&
b0111100010010 3
b0111100010011 6
18
19
#38615
0&
08
09
#38620
b00000000000000000000111100010110 "
b00000000000000000000111100010110 $
1&
b0111100010011 3
b0111100010100 6
18
19
#38625
0&
08
09
#38630
b00000000000000000000111100010111 "
b00000000000000000000111100010111 $
1&
b0111100010100 3
b0111100010101 6
18
19
#38635
0&
08
09
#38640
b00000000000000000000111100011000 "
b00000000000000000000111100011000 $
1&
b0111100010101 3
b0111100010110 6
18
19
#38645
0&
08
09
#38650
b00000000000000000000111100011001 "
b00000000000000000000111100011001 $
1&
b0111100010110 3
b0111100010111 6
18
19
#38655
0&
08
09
#38660
b00000000000000000000111100011010 "
b00000000000000000000111100011010 $
1&
b0111100010111 3
b0111100011000 6
18
19
#38665
0&
08
09
#38670
b00000000000000000000111100011011 "
b00000000000000000000111100011011 $
1&
b0111100011000 3
b0111100011001 6
18
19
#38675
0&
08
09
#38680
b00000000000000000000111100011100 "
b00000000000000000000111100011100 $
1&
b0111100011001 3
b0111100011010 6
18
19
#38685
0&
08
09
#38690
b00000000000000000000111100011101 "
b00000000000000000000111100011101 $
1&
b0111100011010 3
b0111100011011 6
18
19
#38695
0&
08
09
#38700
b00000000000000000000111100011110 "
b00000000000000000000111100011110 $
1&
b0111100011011 3
b0111100011100 6
18
19
#38705
0&
08
09
#38710
b00000000000000000000111100011111 "
b00000000000000000000111100011111 $
1&
b0111100011100 3
b0111100011101 6
18
19
#38715
0&
08
09
#38720
b00000000000000000000111100100000 "
b00000000000000000000111100100000 $
1&
b0111100011101 3
b0111100011110 6
18
19
#38725
0&
08
09
#38730
b00000000000000000000111100100001 "
b00000000000000000000111100100001 $
1&
b0111100011110 3
b0111100011111 6
18
19
#38735
0&
08
09
#38740
b00000000000000000000111100100010 "
b00000000000000000000111100100010 $
1&
b0111100011111 3
b0111100100000 6
18
19
#38745
0&
08
09
#38750
b00000000000000000000111100100011 "
b00000000000000000000111100100011 $
1&
b0111100100000 3
b0111100100001 6
18
19
#38755
0&
08
09
#38760
b00000000000000000000111100100100 "
b00000000000000000000111100100100 $
1&
b0111100100001 3
b0111100100010 6
18
19
#38765
0&
08
09
#38770
b00000000000000000000111100100101 "
b00000000000000000000111100100101 $
1&
b0111100100010 3
b0111100100011 6
18
19
#38775
0&
08
09
#38780
b00000000000000000000111100100110 "
b00000000000000000000111100100110 $
1&
b0111100100011 3
b0111100100100 6
18
19
#38785
0&
08
09
#38790
b00000000000000000000111100100111 "
b00000000000000000000111100100111 $
1&
b0111100100100 3
b0111100100101 6
18
19
#38795
0&
08
09
#38800
b00000000000000000000111100101000 "
b00000000000000000000111100101000 $
1&
b0111100100101 3
b0111100100110 6
18
19
#38805
0&
08
09
#38810
b00000000000000000000111100101001 "
b00000000000000000000111100101001 $
1&
b0111100100110 3
b0111100100111 6
18
19
#38815
0&
08
09
#38820
b00000000000000000000111100101010 "
b00000000000000000000111100101010 $
1&
b0111100100111 3
b0111100101000 6
18
19
#38825
0&
08
09
#38830
b00000000000000000000111100101011 "
b00000000000000000000111100101011 $
1&
b0111100101000 3
b0111100101001 6
18
19
#38835
0&
08
09
#38840
b00000000000000000000111100101100 "
b00000000000000000000111100101100 $
1&
b0111100101001 3
b0111100101010 6
18
19
#38845
0&
08
09
#38850
b00000000000000000000111100101101 "
b00000000000000000000111100101101 $
1&
b0111100101010 3
b0111100101011 6
18
19
#38855
0&
08
09
#38860
b00000000000000000000111100101110 "
b00000000000000000000111100101110 $
1&
b0111100101011 3
b0111100101100 6
18
19
#38865
0&
08
09
#38870
b00000000000000000000111100101111 "
b00000000000000000000111100101111 $
1&
b0111100101100 3
b0111100101101 6
18
19
#38875
0&
08
09
#38880
b00000000000000000000111100110000 "
b00000000000000000000111100110000 $
1&
b0111100101101 3
b0111100101110 6
18
19
#38885
0&
08
09
#38890
b00000000000000000000111100110001 "
b00000000000000000000111100110001 $
1&
b0111100101110 3
b0111100101111 6
18
19
#38895
0&
08
09
#38900
b00000000000000000000111100110010 "
b00000000000000000000111100110010 $
1&
b0111100101111 3
b0111100110000 6
18
19
#38905
0&
08
09
#38910
b00000000000000000000111100110011 "
b00000000000000000000111100110011 $
1&
b0111100110000 3
b0111100110001 6
18
19
#38915
0&
08
09
#38920
b00000000000000000000111100110100 "
b00000000000000000000111100110100 $
1&
b0111100110001 3
b0111100110010 6
18
19
#38925
0&
08
09
#38930
b00000000000000000000111100110101 "
b00000000000000000000111100110101 $
1&
b0111100110010 3
b0111100110011 6
18
19
#38935
0&
08
09
#38940
b00000000000000000000111100110110 "
b00000000000000000000111100110110 $
1&
b0111100110011 3
b0111100110100 6
18
19
#38945
0&
08
09
#38950
b00000000000000000000111100110111 "
b00000000000000000000111100110111 $
1&
b0111100110100 3
b0111100110101 6
18
19
#38955
0&
08
09
#38960
b00000000000000000000111100111000 "
b00000000000000000000111100111000 $
1&
b0111100110101 3
b0111100110110 6
18
19
#38965
0&
08
09
#38970
b00000000000000000000111100111001 "
b00000000000000000000111100111001 $
1&
b0111100110110 3
b0111100110111 6
18
19
#38975
0&
08
09
#38980
b00000000000000000000111100111010 "
b00000000000000000000111100111010 $
1&
b0111100110111 3
b0111100111000 6
18
19
#38985
0&
08
09
#38990
b00000000000000000000111100111011 "
b00000000000000000000111100111011 $
1&
b0111100111000 3
b0111100111001 6
18
19
#38995
0&
08
09
#39000
b00000000000000000000111100111100 "
b00000000000000000000111100111100 $
1&
b0111100111001 3
b0111100111010 6
18
19
#39005
0&
08
09
#39010
b00000000000000000000111100111101 "
b00000000000000000000111100111101 $
1&
b0111100111010 3
b0111100111011 6
18
19
#39015
0&
08
09
#39020
b00000000000000000000111100111110 "
b00000000000000000000111100111110 $
1&
b0111100111011 3
b0111100111100 6
18
19
#39025
0&
08
09
#39030
b00000000000000000000111100111111 "
b00000000000000000000111100111111 $
1&
b0111100111100 3
b0111100111101 6
18
19
#39035
0&
08
09
#39040
b00000000000000000000111101000000 "
b00000000000000000000111101000000 $
1&
b0111100111101 3
b0111100111110 6
18
19
#39045
0&
08
09
#39050
b00000000000000000000111101000001 "
b00000000000000000000111101000001 $
1&
b0111100111110 3
b0111100111111 6
18
19
#39055
0&
08
09
#39060
b00000000000000000000111101000010 "
b00000000000000000000111101000010 $
1&
b0111100111111 3
b0111101000000 6
18
19
#39065
0&
08
09
#39070
b00000000000000000000111101000011 "
b00000000000000000000111101000011 $
1&
b0111101000000 3
b0111101000001 6
18
19
#39075
0&
08
09
#39080
b00000000000000000000111101000100 "
b00000000000000000000111101000100 $
1&
b0111101000001 3
b0111101000010 6
18
19
#39085
0&
08
09
#39090
b00000000000000000000111101000101 "
b00000000000000000000111101000101 $
1&
b0111101000010 3
b0111101000011 6
18
19
#39095
0&
08
09
#39100
b00000000000000000000111101000110 "
b00000000000000000000111101000110 $
1&
b0111101000011 3
b0111101000100 6
18
19
#39105
0&
08
09
#39110
b00000000000000000000111101000111 "
b00000000000000000000111101000111 $
1&
b0111101000100 3
b0111101000101 6
18
19
#39115
0&
08
09
#39120
b00000000000000000000111101001000 "
b00000000000000000000111101001000 $
1&
b0111101000101 3
b0111101000110 6
18
19
#39125
0&
08
09
#39130
b00000000000000000000111101001001 "
b00000000000000000000111101001001 $
1&
b0111101000110 3
b0111101000111 6
18
19
#39135
0&
08
09
#39140
b00000000000000000000111101001010 "
b00000000000000000000111101001010 $
1&
b0111101000111 3
b0111101001000 6
18
19
#39145
0&
08
09
#39150
b00000000000000000000111101001011 "
b00000000000000000000111101001011 $
1&
b0111101001000 3
b0111101001001 6
18
19
#39155
0&
08
09
#39160
b00000000000000000000111101001100 "
b00000000000000000000111101001100 $
1&
b0111101001001 3
b0111101001010 6
18
19
#39165
0&
08
09
#39170
b00000000000000000000111101001101 "
b00000000000000000000111101001101 $
1&
b0111101001010 3
b0111101001011 6
18
19
#39175
0&
08
09
#39180
b00000000000000000000111101001110 "
b00000000000000000000111101001110 $
1&
b0111101001011 3
b0111101001100 6
18
19
#39185
0&
08
09
#39190
b00000000000000000000111101001111 "
b00000000000000000000111101001111 $
1&
b0111101001100 3
b0111101001101 6
18
19
#39195
0&
08
09
#39200
b00000000000000000000111101010000 "
b00000000000000000000111101010000 $
1&
b0111101001101 3
b0111101001110 6
18
19
#39205
0&
08
09
#39210
b00000000000000000000111101010001 "
b00000000000000000000111101010001 $
1&
b0111101001110 3
b0111101001111 6
18
19
#39215
0&
08
09
#39220
b00000000000000000000111101010010 "
b00000000000000000000111101010010 $
1&
b0111101001111 3
b0111101010000 6
18
19
#39225
0&
08
09
#39230
b00000000000000000000111101010011 "
b00000000000000000000111101010011 $
1&
b0111101010000 3
b0111101010001 6
18
19
#39235
0&
08
09
#39240
b00000000000000000000111101010100 "
b00000000000000000000111101010100 $
1&
b0111101010001 3
b0111101010010 6
18
19
#39245
0&
08
09
#39250
b00000000000000000000111101010101 "
b00000000000000000000111101010101 $
1&
b0111101010010 3
b0111101010011 6
18
19
#39255
0&
08
09
#39260
b00000000000000000000111101010110 "
b00000000000000000000111101010110 $
1&
b0111101010011 3
b0111101010100 6
18
19
#39265
0&
08
09
#39270
b00000000000000000000111101010111 "
b00000000000000000000111101010111 $
1&
b0111101010100 3
b0111101010101 6
18
19
#39275
0&
08
09
#39280
b00000000000000000000111101011000 "
b00000000000000000000111101011000 $
1&
b0111101010101 3
b0111101010110 6
18
19
#39285
0&
08
09
#39290
b00000000000000000000111101011001 "
b00000000000000000000111101011001 $
1&
b0111101010110 3
b0111101010111 6
18
19
#39295
0&
08
09
#39300
b00000000000000000000111101011010 "
b00000000000000000000111101011010 $
1&
b0111101010111 3
b0111101011000 6
18
19
#39305
0&
08
09
#39310
b00000000000000000000111101011011 "
b00000000000000000000111101011011 $
1&
b0111101011000 3
b0111101011001 6
18
19
#39315
0&
08
09
#39320
b00000000000000000000111101011100 "
b00000000000000000000111101011100 $
1&
b0111101011001 3
b0111101011010 6
18
19
#39325
0&
08
09
#39330
b00000000000000000000111101011101 "
b00000000000000000000111101011101 $
1&
b0111101011010 3
b0111101011011 6
18
19
#39335
0&
08
09
#39340
b00000000000000000000111101011110 "
b00000000000000000000111101011110 $
1&
b0111101011011 3
b0111101011100 6
18
19
#39345
0&
08
09
#39350
b00000000000000000000111101011111 "
b00000000000000000000111101011111 $
1&
b0111101011100 3
b0111101011101 6
18
19
#39355
0&
08
09
#39360
b00000000000000000000111101100000 "
b00000000000000000000111101100000 $
1&
b0111101011101 3
b0111101011110 6
18
19
#39365
0&
08
09
#39370
b00000000000000000000111101100001 "
b00000000000000000000111101100001 $
1&
b0111101011110 3
b0111101011111 6
18
19
#39375
0&
08
09
#39380
b00000000000000000000111101100010 "
b00000000000000000000111101100010 $
1&
b0111101011111 3
b0111101100000 6
18
19
#39385
0&
08
09
#39390
b00000000000000000000111101100011 "
b00000000000000000000111101100011 $
1&
b0111101100000 3
b0111101100001 6
18
19
#39395
0&
08
09
#39400
b00000000000000000000111101100100 "
b00000000000000000000111101100100 $
1&
b0111101100001 3
b0111101100010 6
18
19
#39405
0&
08
09
#39410
b00000000000000000000111101100101 "
b00000000000000000000111101100101 $
1&
b0111101100010 3
b0111101100011 6
18
19
#39415
0&
08
09
#39420
b00000000000000000000111101100110 "
b00000000000000000000111101100110 $
1&
b0111101100011 3
b0111101100100 6
18
19
#39425
0&
08
09
#39430
b00000000000000000000111101100111 "
b00000000000000000000111101100111 $
1&
b0111101100100 3
b0111101100101 6
18
19
#39435
0&
08
09
#39440
b00000000000000000000111101101000 "
b00000000000000000000111101101000 $
1&
b0111101100101 3
b0111101100110 6
18
19
#39445
0&
08
09
#39450
b00000000000000000000111101101001 "
b00000000000000000000111101101001 $
1&
b0111101100110 3
b0111101100111 6
18
19
#39455
0&
08
09
#39460
b00000000000000000000111101101010 "
b00000000000000000000111101101010 $
1&
b0111101100111 3
b0111101101000 6
18
19
#39465
0&
08
09
#39470
b00000000000000000000111101101011 "
b00000000000000000000111101101011 $
1&
b0111101101000 3
b0111101101001 6
18
19
#39475
0&
08
09
#39480
b00000000000000000000111101101100 "
b00000000000000000000111101101100 $
1&
b0111101101001 3
b0111101101010 6
18
19
#39485
0&
08
09
#39490
b00000000000000000000111101101101 "
b00000000000000000000111101101101 $
1&
b0111101101010 3
b0111101101011 6
18
19
#39495
0&
08
09
#39500
b00000000000000000000111101101110 "
b00000000000000000000111101101110 $
1&
b0111101101011 3
b0111101101100 6
18
19
#39505
0&
08
09
#39510
b00000000000000000000111101101111 "
b00000000000000000000111101101111 $
1&
b0111101101100 3
b0111101101101 6
18
19
#39515
0&
08
09
#39520
b00000000000000000000111101110000 "
b00000000000000000000111101110000 $
1&
b0111101101101 3
b0111101101110 6
18
19
#39525
0&
08
09
#39530
b00000000000000000000111101110001 "
b00000000000000000000111101110001 $
1&
b0111101101110 3
b0111101101111 6
18
19
#39535
0&
08
09
#39540
b00000000000000000000111101110010 "
b00000000000000000000111101110010 $
1&
b0111101101111 3
b0111101110000 6
18
19
#39545
0&
08
09
#39550
b00000000000000000000111101110011 "
b00000000000000000000111101110011 $
1&
b0111101110000 3
b0111101110001 6
18
19
#39555
0&
08
09
#39560
b00000000000000000000111101110100 "
b00000000000000000000111101110100 $
1&
b0111101110001 3
b0111101110010 6
18
19
#39565
0&
08
09
#39570
b00000000000000000000111101110101 "
b00000000000000000000111101110101 $
1&
b0111101110010 3
b0111101110011 6
18
19
#39575
0&
08
09
#39580
b00000000000000000000111101110110 "
b00000000000000000000111101110110 $
1&
b0111101110011 3
b0111101110100 6
18
19
#39585
0&
08
09
#39590
b00000000000000000000111101110111 "
b00000000000000000000111101110111 $
1&
b0111101110100 3
b0111101110101 6
18
19
#39595
0&
08
09
#39600
b00000000000000000000111101111000 "
b00000000000000000000111101111000 $
1&
b0111101110101 3
b0111101110110 6
18
19
#39605
0&
08
09
#39610
b00000000000000000000111101111001 "
b00000000000000000000111101111001 $
1&
b0111101110110 3
b0111101110111 6
18
19
#39615
0&
08
09
#39620
b00000000000000000000111101111010 "
b00000000000000000000111101111010 $
1&
b0111101110111 3
b0111101111000 6
18
19
#39625
0&
08
09
#39630
b00000000000000000000111101111011 "
b00000000000000000000111101111011 $
1&
b0111101111000 3
b0111101111001 6
18
19
#39635
0&
08
09
#39640
b00000000000000000000111101111100 "
b00000000000000000000111101111100 $
1&
b0111101111001 3
b0111101111010 6
18
19
#39645
0&
08
09
#39650
b00000000000000000000111101111101 "
b00000000000000000000111101111101 $
1&
b0111101111010 3
b0111101111011 6
18
19
#39655
0&
08
09
#39660
b00000000000000000000111101111110 "
b00000000000000000000111101111110 $
1&
b0111101111011 3
b0111101111100 6
18
19
#39665
0&
08
09
#39670
b00000000000000000000111101111111 "
b00000000000000000000111101111111 $
1&
b0111101111100 3
b0111101111101 6
18
19
#39675
0&
08
09
#39680
b00000000000000000000111110000000 "
b00000000000000000000111110000000 $
1&
b0111101111101 3
b0111101111110 6
18
19
#39685
0&
08
09
#39690
b00000000000000000000111110000001 "
b00000000000000000000111110000001 $
1&
b0111101111110 3
b0111101111111 6
18
19
#39695
0&
08
09
#39700
b00000000000000000000111110000010 "
b00000000000000000000111110000010 $
1&
b0111101111111 3
b0111110000000 6
18
19
#39705
0&
08
09
#39710
b00000000000000000000111110000011 "
b00000000000000000000111110000011 $
1&
b0111110000000 3
b0111110000001 6
18
19
#39715
0&
08
09
#39720
b00000000000000000000111110000100 "
b00000000000000000000111110000100 $
1&
b0111110000001 3
b0111110000010 6
18
19
#39725
0&
08
09
#39730
b00000000000000000000111110000101 "
b00000000000000000000111110000101 $
1&
b0111110000010 3
b0111110000011 6
18
19
#39735
0&
08
09
#39740
b00000000000000000000111110000110 "
b00000000000000000000111110000110 $
1&
b0111110000011 3
b0111110000100 6
18
19
#39745
0&
08
09
#39750
b00000000000000000000111110000111 "
b00000000000000000000111110000111 $
1&
b0111110000100 3
b0111110000101 6
18
19
#39755
0&
08
09
#39760
b00000000000000000000111110001000 "
b00000000000000000000111110001000 $
1&
b0111110000101 3
b0111110000110 6
18
19
#39765
0&
08
09
#39770
b00000000000000000000111110001001 "
b00000000000000000000111110001001 $
1&
b0111110000110 3
b0111110000111 6
18
19
#39775
0&
08
09
#39780
b00000000000000000000111110001010 "
b00000000000000000000111110001010 $
1&
b0111110000111 3
b0111110001000 6
18
19
#39785
0&
08
09
#39790
b00000000000000000000111110001011 "
b00000000000000000000111110001011 $
1&
b0111110001000 3
b0111110001001 6
18
19
#39795
0&
08
09
#39800
b00000000000000000000111110001100 "
b00000000000000000000111110001100 $
1&
b0111110001001 3
b0111110001010 6
18
19
#39805
0&
08
09
#39810
b00000000000000000000111110001101 "
b00000000000000000000111110001101 $
1&
b0111110001010 3
b0111110001011 6
18
19
#39815
0&
08
09
#39820
b00000000000000000000111110001110 "
b00000000000000000000111110001110 $
1&
b0111110001011 3
b0111110001100 6
18
19
#39825
0&
08
09
#39830
b00000000000000000000111110001111 "
b00000000000000000000111110001111 $
1&
b0111110001100 3
b0111110001101 6
18
19
#39835
0&
08
09
#39840
b00000000000000000000111110010000 "
b00000000000000000000111110010000 $
1&
b0111110001101 3
b0111110001110 6
18
19
#39845
0&
08
09
#39850
b00000000000000000000111110010001 "
b00000000000000000000111110010001 $
1&
b0111110001110 3
b0111110001111 6
18
19
#39855
0&
08
09
#39860
b00000000000000000000111110010010 "
b00000000000000000000111110010010 $
1&
b0111110001111 3
b0111110010000 6
18
19
#39865
0&
08
09
#39870
b00000000000000000000111110010011 "
b00000000000000000000111110010011 $
1&
b0111110010000 3
b0111110010001 6
18
19
#39875
0&
08
09
#39880
b00000000000000000000111110010100 "
b00000000000000000000111110010100 $
1&
b0111110010001 3
b0111110010010 6
18
19
#39885
0&
08
09
#39890
b00000000000000000000111110010101 "
b00000000000000000000111110010101 $
1&
b0111110010010 3
b0111110010011 6
18
19
#39895
0&
08
09
#39900
b00000000000000000000111110010110 "
b00000000000000000000111110010110 $
1&
b0111110010011 3
b0111110010100 6
18
19
#39905
0&
08
09
#39910
b00000000000000000000111110010111 "
b00000000000000000000111110010111 $
1&
b0111110010100 3
b0111110010101 6
18
19
#39915
0&
08
09
#39920
b00000000000000000000111110011000 "
b00000000000000000000111110011000 $
1&
b0111110010101 3
b0111110010110 6
18
19
#39925
0&
08
09
#39930
b00000000000000000000111110011001 "
b00000000000000000000111110011001 $
1&
b0111110010110 3
b0111110010111 6
18
19
#39935
0&
08
09
#39940
b00000000000000000000111110011010 "
b00000000000000000000111110011010 $
1&
b0111110010111 3
b0111110011000 6
18
19
#39945
0&
08
09
#39950
b00000000000000000000111110011011 "
b00000000000000000000111110011011 $
1&
b0111110011000 3
b0111110011001 6
18
19
#39955
0&
08
09
#39960
b00000000000000000000111110011100 "
b00000000000000000000111110011100 $
1&
b0111110011001 3
b0111110011010 6
18
19
#39965
0&
08
09
#39970
b00000000000000000000111110011101 "
b00000000000000000000111110011101 $
1&
b0111110011010 3
b0111110011011 6
18
19
#39975
0&
08
09
#39980
b00000000000000000000111110011110 "
b00000000000000000000111110011110 $
1&
b0111110011011 3
b0111110011100 6
18
19
#39985
0&
08
09
#39990
b00000000000000000000111110011111 "
b00000000000000000000111110011111 $
1&
b0111110011100 3
b0111110011101 6
18
19
#39995
0&
08
09
#40000
b00000000000000000000111110100000 "
b00000000000000000000111110100000 $
1&
b0111110011101 3
b0111110011110 6
18
19
#40005
0&
08
09
#40010
b00000000000000000000111110100001 "
b00000000000000000000111110100001 $
1&
b0111110011110 3
b0111110011111 6
18
19
#40015
0&
08
09
#40020
b00000000000000000000111110100010 "
b00000000000000000000111110100010 $
1&
b0111110011111 3
b0111110100000 6
18
19
#40025
0&
08
09
#40030
b00000000000000000000111110100011 "
b00000000000000000000111110100011 $
1&
b0111110100000 3
b0111110100001 6
18
19
#40035
0&
08
09
#40040
b00000000000000000000111110100100 "
b00000000000000000000111110100100 $
1&
b0111110100001 3
b0111110100010 6
18
19
#40045
0&
08
09
#40050
b00000000000000000000111110100101 "
b00000000000000000000111110100101 $
1&
b0111110100010 3
b0111110100011 6
18
19
#40055
0&
08
09
#40060
b00000000000000000000111110100110 "
b00000000000000000000111110100110 $
1&
b0111110100011 3
b0111110100100 6
18
19
#40065
0&
08
09
#40070
b00000000000000000000111110100111 "
b00000000000000000000111110100111 $
1&
b0111110100100 3
b0111110100101 6
18
19
#40075
0&
08
09
#40080
b00000000000000000000111110101000 "
b00000000000000000000111110101000 $
1&
b0111110100101 3
b0111110100110 6
18
19
#40085
0&
08
09
#40090
b00000000000000000000111110101001 "
b00000000000000000000111110101001 $
1&
b0111110100110 3
b0111110100111 6
18
19
#40095
0&
08
09
#40100
b00000000000000000000111110101010 "
b00000000000000000000111110101010 $
1&
b0111110100111 3
b0111110101000 6
18
19
#40105
0&
08
09
#40110
b00000000000000000000111110101011 "
b00000000000000000000111110101011 $
1&
b0111110101000 3
b0111110101001 6
18
19
#40115
0&
08
09
#40120
b00000000000000000000111110101100 "
b00000000000000000000111110101100 $
1&
b0111110101001 3
b0111110101010 6
18
19
#40125
0&
08
09
#40130
b00000000000000000000111110101101 "
b00000000000000000000111110101101 $
1&
b0111110101010 3
b0111110101011 6
18
19
#40135
0&
08
09
#40140
b00000000000000000000111110101110 "
b00000000000000000000111110101110 $
1&
b0111110101011 3
b0111110101100 6
18
19
#40145
0&
08
09
#40150
b00000000000000000000111110101111 "
b00000000000000000000111110101111 $
1&
b0111110101100 3
b0111110101101 6
18
19
#40155
0&
08
09
#40160
b00000000000000000000111110110000 "
b00000000000000000000111110110000 $
1&
b0111110101101 3
b0111110101110 6
18
19
#40165
0&
08
09
#40170
b00000000000000000000111110110001 "
b00000000000000000000111110110001 $
1&
b0111110101110 3
b0111110101111 6
18
19
#40175
0&
08
09
#40180
b00000000000000000000111110110010 "
b00000000000000000000111110110010 $
1&
b0111110101111 3
b0111110110000 6
18
19
#40185
0&
08
09
#40190
b00000000000000000000111110110011 "
b00000000000000000000111110110011 $
1&
b0111110110000 3
b0111110110001 6
18
19
#40195
0&
08
09
#40200
b00000000000000000000111110110100 "
b00000000000000000000111110110100 $
1&
b0111110110001 3
b0111110110010 6
18
19
#40205
0&
08
09
#40210
b00000000000000000000111110110101 "
b00000000000000000000111110110101 $
1&
b0111110110010 3
b0111110110011 6
18
19
#40215
0&
08
09
#40220
b00000000000000000000111110110110 "
b00000000000000000000111110110110 $
1&
b0111110110011 3
b0111110110100 6
18
19
#40225
0&
08
09
#40230
b00000000000000000000111110110111 "
b00000000000000000000111110110111 $
1&
b0111110110100 3
b0111110110101 6
18
19
#40235
0&
08
09
#40240
b00000000000000000000111110111000 "
b00000000000000000000111110111000 $
1&
b0111110110101 3
b0111110110110 6
18
19
#40245
0&
08
09
#40250
b00000000000000000000111110111001 "
b00000000000000000000111110111001 $
1&
b0111110110110 3
b0111110110111 6
18
19
#40255
0&
08
09
#40260
b00000000000000000000111110111010 "
b00000000000000000000111110111010 $
1&
b0111110110111 3
b0111110111000 6
18
19
#40265
0&
08
09
#40270
b00000000000000000000111110111011 "
b00000000000000000000111110111011 $
1&
b0111110111000 3
b0111110111001 6
18
19
#40275
0&
08
09
#40280
b00000000000000000000111110111100 "
b00000000000000000000111110111100 $
1&
b0111110111001 3
b0111110111010 6
18
19
#40285
0&
08
09
#40290
b00000000000000000000111110111101 "
b00000000000000000000111110111101 $
1&
b0111110111010 3
b0111110111011 6
18
19
#40295
0&
08
09
#40300
b00000000000000000000111110111110 "
b00000000000000000000111110111110 $
1&
b0111110111011 3
b0111110111100 6
18
19
#40305
0&
08
09
#40310
b00000000000000000000111110111111 "
b00000000000000000000111110111111 $
1&
b0111110111100 3
b0111110111101 6
18
19
#40315
0&
08
09
#40320
b00000000000000000000111111000000 "
b00000000000000000000111111000000 $
1&
b0111110111101 3
b0111110111110 6
18
19
#40325
0&
08
09
#40330
b00000000000000000000111111000001 "
b00000000000000000000111111000001 $
1&
b0111110111110 3
b0111110111111 6
18
19
#40335
0&
08
09
#40340
b00000000000000000000111111000010 "
b00000000000000000000111111000010 $
1&
b0111110111111 3
b0111111000000 6
18
19
#40345
0&
08
09
#40350
b00000000000000000000111111000011 "
b00000000000000000000111111000011 $
1&
b0111111000000 3
b0111111000001 6
18
19
#40355
0&
08
09
#40360
b00000000000000000000111111000100 "
b00000000000000000000111111000100 $
1&
b0111111000001 3
b0111111000010 6
18
19
#40365
0&
08
09
#40370
b00000000000000000000111111000101 "
b00000000000000000000111111000101 $
1&
b0111111000010 3
b0111111000011 6
18
19
#40375
0&
08
09
#40380
b00000000000000000000111111000110 "
b00000000000000000000111111000110 $
1&
b0111111000011 3
b0111111000100 6
18
19
#40385
0&
08
09
#40390
b00000000000000000000111111000111 "
b00000000000000000000111111000111 $
1&
b0111111000100 3
b0111111000101 6
18
19
#40395
0&
08
09
#40400
b00000000000000000000111111001000 "
b00000000000000000000111111001000 $
1&
b0111111000101 3
b0111111000110 6
18
19
#40405
0&
08
09
#40410
b00000000000000000000111111001001 "
b00000000000000000000111111001001 $
1&
b0111111000110 3
b0111111000111 6
18
19
#40415
0&
08
09
#40420
b00000000000000000000111111001010 "
b00000000000000000000111111001010 $
1&
b0111111000111 3
b0111111001000 6
18
19
#40425
0&
08
09
#40430
b00000000000000000000111111001011 "
b00000000000000000000111111001011 $
1&
b0111111001000 3
b0111111001001 6
18
19
#40435
0&
08
09
#40440
b00000000000000000000111111001100 "
b00000000000000000000111111001100 $
1&
b0111111001001 3
b0111111001010 6
18
19
#40445
0&
08
09
#40450
b00000000000000000000111111001101 "
b00000000000000000000111111001101 $
1&
b0111111001010 3
b0111111001011 6
18
19
#40455
0&
08
09
#40460
b00000000000000000000111111001110 "
b00000000000000000000111111001110 $
1&
b0111111001011 3
b0111111001100 6
18
19
#40465
0&
08
09
#40470
b00000000000000000000111111001111 "
b00000000000000000000111111001111 $
1&
b0111111001100 3
b0111111001101 6
18
19
#40475
0&
08
09
#40480
b00000000000000000000111111010000 "
b00000000000000000000111111010000 $
1&
b0111111001101 3
b0111111001110 6
18
19
#40485
0&
08
09
#40490
b00000000000000000000111111010001 "
b00000000000000000000111111010001 $
1&
b0111111001110 3
b0111111001111 6
18
19
#40495
0&
08
09
#40500
b00000000000000000000111111010010 "
b00000000000000000000111111010010 $
1&
b0111111001111 3
b0111111010000 6
18
19
#40505
0&
08
09
#40510
b00000000000000000000111111010011 "
b00000000000000000000111111010011 $
1&
b0111111010000 3
b0111111010001 6
18
19
#40515
0&
08
09
#40520
b00000000000000000000111111010100 "
b00000000000000000000111111010100 $
1&
b0111111010001 3
b0111111010010 6
18
19
#40525
0&
08
09
#40530
b00000000000000000000111111010101 "
b00000000000000000000111111010101 $
1&
b0111111010010 3
b0111111010011 6
18
19
#40535
0&
08
09
#40540
b00000000000000000000111111010110 "
b00000000000000000000111111010110 $
1&
b0111111010011 3
b0111111010100 6
18
19
#40545
0&
08
09
#40550
b00000000000000000000111111010111 "
b00000000000000000000111111010111 $
1&
b0111111010100 3
b0111111010101 6
18
19
#40555
0&
08
09
#40560
b00000000000000000000111111011000 "
b00000000000000000000111111011000 $
1&
b0111111010101 3
b0111111010110 6
18
19
#40565
0&
08
09
#40570
b00000000000000000000111111011001 "
b00000000000000000000111111011001 $
1&
b0111111010110 3
b0111111010111 6
18
19
#40575
0&
08
09
#40580
b00000000000000000000111111011010 "
b00000000000000000000111111011010 $
1&
b0111111010111 3
b0111111011000 6
18
19
#40585
0&
08
09
#40590
b00000000000000000000111111011011 "
b00000000000000000000111111011011 $
1&
b0111111011000 3
b0111111011001 6
18
19
#40595
0&
08
09
#40600
b00000000000000000000111111011100 "
b00000000000000000000111111011100 $
1&
b0111111011001 3
b0111111011010 6
18
19
#40605
0&
08
09
#40610
b00000000000000000000111111011101 "
b00000000000000000000111111011101 $
1&
b0111111011010 3
b0111111011011 6
18
19
#40615
0&
08
09
#40620
b00000000000000000000111111011110 "
b00000000000000000000111111011110 $
1&
b0111111011011 3
b0111111011100 6
18
19
#40625
0&
08
09
#40630
b00000000000000000000111111011111 "
b00000000000000000000111111011111 $
1&
b0111111011100 3
b0111111011101 6
18
19
#40635
0&
08
09
#40640
b00000000000000000000111111100000 "
b00000000000000000000111111100000 $
1&
b0111111011101 3
b0111111011110 6
18
19
#40645
0&
08
09
#40650
b00000000000000000000111111100001 "
b00000000000000000000111111100001 $
1&
b0111111011110 3
b0111111011111 6
18
19
#40655
0&
08
09
#40660
b00000000000000000000111111100010 "
b00000000000000000000111111100010 $
1&
b0111111011111 3
b0111111100000 6
18
19
#40665
0&
08
09
#40670
b00000000000000000000111111100011 "
b00000000000000000000111111100011 $
1&
b0111111100000 3
b0111111100001 6
18
19
#40675
0&
08
09
#40680
b00000000000000000000111111100100 "
b00000000000000000000111111100100 $
1&
b0111111100001 3
b0111111100010 6
18
19
#40685
0&
08
09
#40690
b00000000000000000000111111100101 "
b00000000000000000000111111100101 $
1&
b0111111100010 3
b0111111100011 6
18
19
#40695
0&
08
09
#40700
b00000000000000000000111111100110 "
b00000000000000000000111111100110 $
1&
b0111111100011 3
b0111111100100 6
18
19
#40705
0&
08
09
#40710
b00000000000000000000111111100111 "
b00000000000000000000111111100111 $
1&
b0111111100100 3
b0111111100101 6
18
19
#40715
0&
08
09
#40720
b00000000000000000000111111101000 "
b00000000000000000000111111101000 $
1&
b0111111100101 3
b0111111100110 6
18
19
#40725
0&
08
09
#40730
b00000000000000000000111111101001 "
b00000000000000000000111111101001 $
1&
b0111111100110 3
b0111111100111 6
18
19
#40735
0&
08
09
#40740
b00000000000000000000111111101010 "
b00000000000000000000111111101010 $
1&
b0111111100111 3
b0111111101000 6
18
19
#40745
0&
08
09
#40750
b00000000000000000000111111101011 "
b00000000000000000000111111101011 $
1&
b0111111101000 3
b0111111101001 6
18
19
#40755
0&
08
09
#40760
b00000000000000000000111111101100 "
b00000000000000000000111111101100 $
1&
b0111111101001 3
b0111111101010 6
18
19
#40765
0&
08
09
#40770
b00000000000000000000111111101101 "
b00000000000000000000111111101101 $
1&
b0111111101010 3
b0111111101011 6
18
19
#40775
0&
08
09
#40780
b00000000000000000000111111101110 "
b00000000000000000000111111101110 $
1&
b0111111101011 3
b0111111101100 6
18
19
#40785
0&
08
09
#40790
b00000000000000000000111111101111 "
b00000000000000000000111111101111 $
1&
b0111111101100 3
b0111111101101 6
18
19
#40795
0&
08
09
#40800
b00000000000000000000111111110000 "
b00000000000000000000111111110000 $
1&
b0111111101101 3
b0111111101110 6
18
19
#40805
0&
08
09
#40810
b00000000000000000000111111110001 "
b00000000000000000000111111110001 $
1&
b0111111101110 3
b0111111101111 6
18
19
#40815
0&
08
09
#40820
b00000000000000000000111111110010 "
b00000000000000000000111111110010 $
1&
b0111111101111 3
b0111111110000 6
18
19
#40825
0&
08
09
#40830
b00000000000000000000111111110011 "
b00000000000000000000111111110011 $
1&
b0111111110000 3
b0111111110001 6
18
19
#40835
0&
08
09
#40840
b00000000000000000000111111110100 "
b00000000000000000000111111110100 $
1&
b0111111110001 3
b0111111110010 6
18
19
#40845
0&
08
09
#40850
b00000000000000000000111111110101 "
b00000000000000000000111111110101 $
1&
b0111111110010 3
b0111111110011 6
18
19
#40855
0&
08
09
#40860
b00000000000000000000111111110110 "
b00000000000000000000111111110110 $
1&
b0111111110011 3
b0111111110100 6
18
19
#40865
0&
08
09
#40870
b00000000000000000000111111110111 "
b00000000000000000000111111110111 $
1&
b0111111110100 3
b0111111110101 6
18
19
#40875
0&
08
09
#40880
b00000000000000000000111111111000 "
b00000000000000000000111111111000 $
1&
b0111111110101 3
b0111111110110 6
18
19
#40885
0&
08
09
#40890
b00000000000000000000111111111001 "
b00000000000000000000111111111001 $
1&
b0111111110110 3
b0111111110111 6
18
19
#40895
0&
08
09
#40900
b00000000000000000000111111111010 "
b00000000000000000000111111111010 $
1&
b0111111110111 3
b0111111111000 6
18
19
#40905
0&
08
09
#40910
b00000000000000000000111111111011 "
b00000000000000000000111111111011 $
1&
b0111111111000 3
b0111111111001 6
18
19
#40915
0&
08
09
#40920
b00000000000000000000111111111100 "
b00000000000000000000111111111100 $
1&
b0111111111001 3
b0111111111010 6
18
19
#40925
0&
08
09
#40930
b00000000000000000000111111111101 "
b00000000000000000000111111111101 $
1&
b0111111111010 3
b0111111111011 6
18
19
#40935
0&
08
09
#40940
b00000000000000000000111111111110 "
b00000000000000000000111111111110 $
1&
b0111111111011 3
b0111111111100 6
18
19
#40945
0&
08
09
#40950
b00000000000000000000111111111111 "
b00000000000000000000111111111111 $
1&
b0111111111100 3
b0111111111101 6
18
19
#40955
0&
08
09
#40960
b00000000000000000001000000000000 "
b00000000000000000001000000000000 $
1&
b0111111111101 3
b0111111111110 6
18
19
#40965
0&
08
09
#40970
b00000000000000000001000000000001 "
b00000000000000000001000000000001 $
1&
b0111111111110 3
b0111111111111 6
18
19
#40975
0&
08
09
#40980
b00000000000000000001000000000010 "
b00000000000000000001000000000010 $
1&
b0111111111111 3
b1000000000000 6
18
19
#40985
0&
08
09
#40990
b00000000000000000001000000000011 "
b00000000000000000001000000000011 $
1&
b1000000000000 3
b1000000000001 6
07
18
19
#40995
0&
08
09
#41000
