$date Wed Jun  3 10:24:00 2026
 $end
$version JasperGold $end
$timescale 1 ns $end
$scope module rgraph $end
$scope module resetCounter $end
$var wire 1 ! reset $end
$var wire 32 " timeSinceReset [31:0] $end
$var wire 1 # notChaos $end
$var reg 32 $ count [31:0] $end
$var reg 1 % flag $end
$var wire 1 & clk $end
$upscope $end
$var wire 1 ' :jasper_formal_reset $end
$var wire 1 ( reset $end
$var wire 1 ) io_i $end
$var wire 1 * io_o $end
$var wire 1 + _resetCounter_notChaos $end
$var reg 12 , cnt [11:0] $end
$var reg 1 - mode $end
$var wire 1 . _GEN $end
$var reg 1 / REG $end
$var reg 1 0 r $end
$var reg 1 1 hasBeenResetReg $end
$var wire 1 2 hasBeenReset $end
$var reg 1 3 REG_1 $end
$var reg 12 4 REG_2 [11:0] $end
$var reg 12 5 REG_3 [11:0] $end
$var reg 1 6 REG_4 $end
$var reg 12 7 REG_5 [11:0] $end
$var reg 1 8 REG_6 $end
$var reg 12 9 REG_7 [11:0] $end
$var reg 1 : pending $end
$var reg 13 ; timer [12:0] $end
$var wire 1 < nextPending $end
$var wire 1 = _nextTimer_T_1 $end
$var wire 13 > _nextTimer_T_2 [12:0] $end
$var reg 1 ? cnt_eventually_zero_in_mode1 $end
$var wire 1 @ :jasper_formal_clock $end
$var wire 1 A clock $end
$upscope $end
$enddefinitions $end
#0
0!
b00000000000000000000000000000000 "
1#
b00000000000000000000000000000000 $
1%
1&
0'
0(
0)
1*
1+
b000000000000 ,
0-
0.
0/
00
11
12
03
b000000000000 4
b000000000000 5
06
b000000000000 7
08
b000000000000 9
0:
b0000000000000 ;
0<
0=
b0000000000001 >
1?
1@
1A
#5
0&
0@
0A
#10
b00000000000000000000000000000001 "
b00000000000000000000000000000001 $
1&
1)
0*
b000000000001 ,
1.
1@
1A
#15
0&
0@
0A
#20
b00000000000000000000000000000010 "
b00000000000000000000000000000010 $
1&
b000000000010 ,
1-
b000000000001 4
b000000000001 5
b000000000001 7
b000000000001 9
1<
1@
1A
#25
0&
0@
0A
#30
b00000000000000000000000000000011 "
b00000000000000000000000000000011 $
1&
0)
b000000000001 ,
0.
1/
10
13
b000000000010 4
b000000000010 5
16
b000000000010 7
18
b000000000010 9
1:
1=
1@
1A
#35
0&
0@
0A
#40
b00000000000000000000000000000100 "
b00000000000000000000000000000100 $
1&
b000000000001 4
b000000000001 5
b000000000001 7
b000000000001 9
b0000000000001 ;
b0000000000010 >
1@
1A
#45
0&
0@
0A
#50
b00000000000000000000000000000101 "
b00000000000000000000000000000101 $
1&
b0000000000010 ;
b0000000000011 >
1@
1A
#55
0&
0@
0A
#60
b00000000000000000000000000000110 "
b00000000000000000000000000000110 $
1&
b0000000000011 ;
b0000000000100 >
1@
1A
#65
0&
0@
0A
#70
b00000000000000000000000000000111 "
b00000000000000000000000000000111 $
1&
b0000000000100 ;
b0000000000101 >
1@
1A
#75
0&
0@
0A
#80
b00000000000000000000000000001000 "
b00000000000000000000000000001000 $
1&
b0000000000101 ;
b0000000000110 >
1@
1A
#85
0&
0@
0A
#90
b00000000000000000000000000001001 "
b00000000000000000000000000001001 $
1&
b0000000000110 ;
b0000000000111 >
1@
1A
#95
0&
0@
0A
#100
b00000000000000000000000000001010 "
b00000000000000000000000000001010 $
1&
b0000000000111 ;
b0000000001000 >
1@
1A
#105
0&
0@
0A
#110
b00000000000000000000000000001011 "
b00000000000000000000000000001011 $
1&
b0000000001000 ;
b0000000001001 >
1@
1A
#115
0&
0@
0A
#120
b00000000000000000000000000001100 "
b00000000000000000000000000001100 $
1&
b0000000001001 ;
b0000000001010 >
1@
1A
#125
0&
0@
0A
#130
b00000000000000000000000000001101 "
b00000000000000000000000000001101 $
1&
b0000000001010 ;
b0000000001011 >
1@
1A
#135
0&
0@
0A
#140
b00000000000000000000000000001110 "
b00000000000000000000000000001110 $
1&
b0000000001011 ;
b0000000001100 >
1@
1A
#145
0&
0@
0A
#150
b00000000000000000000000000001111 "
b00000000000000000000000000001111 $
1&
b0000000001100 ;
b0000000001101 >
1@
1A
#155
0&
0@
0A
#160
b00000000000000000000000000010000 "
b00000000000000000000000000010000 $
1&
b0000000001101 ;
b0000000001110 >
1@
1A
#165
0&
0@
0A
#170
b00000000000000000000000000010001 "
b00000000000000000000000000010001 $
1&
b0000000001110 ;
b0000000001111 >
1@
1A
#175
0&
0@
0A
#180
b00000000000000000000000000010010 "
b00000000000000000000000000010010 $
1&
b0000000001111 ;
b0000000010000 >
1@
1A
#185
0&
0@
0A
#190
b00000000000000000000000000010011 "
b00000000000000000000000000010011 $
1&
b0000000010000 ;
b0000000010001 >
1@
1A
#195
0&
0@
0A
#200
b00000000000000000000000000010100 "
b00000000000000000000000000010100 $
1&
b0000000010001 ;
b0000000010010 >
1@
1A
#205
0&
0@
0A
#210
b00000000000000000000000000010101 "
b00000000000000000000000000010101 $
1&
b0000000010010 ;
b0000000010011 >
1@
1A
#215
0&
0@
0A
#220
b00000000000000000000000000010110 "
b00000000000000000000000000010110 $
1&
b0000000010011 ;
b0000000010100 >
1@
1A
#225
0&
0@
0A
#230
b00000000000000000000000000010111 "
b00000000000000000000000000010111 $
1&
b0000000010100 ;
b0000000010101 >
1@
1A
#235
0&
0@
0A
#240
b00000000000000000000000000011000 "
b00000000000000000000000000011000 $
1&
b0000000010101 ;
b0000000010110 >
1@
1A
#245
0&
0@
0A
#250
b00000000000000000000000000011001 "
b00000000000000000000000000011001 $
1&
b0000000010110 ;
b0000000010111 >
1@
1A
#255
0&
0@
0A
#260
b00000000000000000000000000011010 "
b00000000000000000000000000011010 $
1&
b0000000010111 ;
b0000000011000 >
1@
1A
#265
0&
0@
0A
#270
b00000000000000000000000000011011 "
b00000000000000000000000000011011 $
1&
b0000000011000 ;
b0000000011001 >
1@
1A
#275
0&
0@
0A
#280
b00000000000000000000000000011100 "
b00000000000000000000000000011100 $
1&
b0000000011001 ;
b0000000011010 >
1@
1A
#285
0&
0@
0A
#290
b00000000000000000000000000011101 "
b00000000000000000000000000011101 $
1&
b0000000011010 ;
b0000000011011 >
1@
1A
#295
0&
0@
0A
#300
b00000000000000000000000000011110 "
b00000000000000000000000000011110 $
1&
b0000000011011 ;
b0000000011100 >
1@
1A
#305
0&
0@
0A
#310
b00000000000000000000000000011111 "
b00000000000000000000000000011111 $
1&
b0000000011100 ;
b0000000011101 >
1@
1A
#315
0&
0@
0A
#320
b00000000000000000000000000100000 "
b00000000000000000000000000100000 $
1&
b0000000011101 ;
b0000000011110 >
1@
1A
#325
0&
0@
0A
#330
b00000000000000000000000000100001 "
b00000000000000000000000000100001 $
1&
b0000000011110 ;
b0000000011111 >
1@
1A
#335
0&
0@
0A
#340
b00000000000000000000000000100010 "
b00000000000000000000000000100010 $
1&
b0000000011111 ;
b0000000100000 >
1@
1A
#345
0&
0@
0A
#350
b00000000000000000000000000100011 "
b00000000000000000000000000100011 $
1&
b0000000100000 ;
b0000000100001 >
1@
1A
#355
0&
0@
0A
#360
b00000000000000000000000000100100 "
b00000000000000000000000000100100 $
1&
b0000000100001 ;
b0000000100010 >
1@
1A
#365
0&
0@
0A
#370
b00000000000000000000000000100101 "
b00000000000000000000000000100101 $
1&
b0000000100010 ;
b0000000100011 >
1@
1A
#375
0&
0@
0A
#380
b00000000000000000000000000100110 "
b00000000000000000000000000100110 $
1&
b0000000100011 ;
b0000000100100 >
1@
1A
#385
0&
0@
0A
#390
b00000000000000000000000000100111 "
b00000000000000000000000000100111 $
1&
b0000000100100 ;
b0000000100101 >
1@
1A
#395
0&
0@
0A
#400
b00000000000000000000000000101000 "
b00000000000000000000000000101000 $
1&
b0000000100101 ;
b0000000100110 >
1@
1A
#405
0&
0@
0A
#410
b00000000000000000000000000101001 "
b00000000000000000000000000101001 $
1&
b0000000100110 ;
b0000000100111 >
1@
1A
#415
0&
0@
0A
#420
b00000000000000000000000000101010 "
b00000000000000000000000000101010 $
1&
b0000000100111 ;
b0000000101000 >
1@
1A
#425
0&
0@
0A
#430
b00000000000000000000000000101011 "
b00000000000000000000000000101011 $
1&
b0000000101000 ;
b0000000101001 >
1@
1A
#435
0&
0@
0A
#440
b00000000000000000000000000101100 "
b00000000000000000000000000101100 $
1&
b0000000101001 ;
b0000000101010 >
1@
1A
#445
0&
0@
0A
#450
b00000000000000000000000000101101 "
b00000000000000000000000000101101 $
1&
b0000000101010 ;
b0000000101011 >
1@
1A
#455
0&
0@
0A
#460
b00000000000000000000000000101110 "
b00000000000000000000000000101110 $
1&
b0000000101011 ;
b0000000101100 >
1@
1A
#465
0&
0@
0A
#470
b00000000000000000000000000101111 "
b00000000000000000000000000101111 $
1&
b0000000101100 ;
b0000000101101 >
1@
1A
#475
0&
0@
0A
#480
b00000000000000000000000000110000 "
b00000000000000000000000000110000 $
1&
b0000000101101 ;
b0000000101110 >
1@
1A
#485
0&
0@
0A
#490
b00000000000000000000000000110001 "
b00000000000000000000000000110001 $
1&
b0000000101110 ;
b0000000101111 >
1@
1A
#495
0&
0@
0A
#500
b00000000000000000000000000110010 "
b00000000000000000000000000110010 $
1&
b0000000101111 ;
b0000000110000 >
1@
1A
#505
0&
0@
0A
#510
b00000000000000000000000000110011 "
b00000000000000000000000000110011 $
1&
b0000000110000 ;
b0000000110001 >
1@
1A
#515
0&
0@
0A
#520
b00000000000000000000000000110100 "
b00000000000000000000000000110100 $
1&
b0000000110001 ;
b0000000110010 >
1@
1A
#525
0&
0@
0A
#530
b00000000000000000000000000110101 "
b00000000000000000000000000110101 $
1&
b0000000110010 ;
b0000000110011 >
1@
1A
#535
0&
0@
0A
#540
b00000000000000000000000000110110 "
b00000000000000000000000000110110 $
1&
b0000000110011 ;
b0000000110100 >
1@
1A
#545
0&
0@
0A
#550
b00000000000000000000000000110111 "
b00000000000000000000000000110111 $
1&
b0000000110100 ;
b0000000110101 >
1@
1A
#555
0&
0@
0A
#560
b00000000000000000000000000111000 "
b00000000000000000000000000111000 $
1&
b0000000110101 ;
b0000000110110 >
1@
1A
#565
0&
0@
0A
#570
b00000000000000000000000000111001 "
b00000000000000000000000000111001 $
1&
b0000000110110 ;
b0000000110111 >
1@
1A
#575
0&
0@
0A
#580
b00000000000000000000000000111010 "
b00000000000000000000000000111010 $
1&
b0000000110111 ;
b0000000111000 >
1@
1A
#585
0&
0@
0A
#590
b00000000000000000000000000111011 "
b00000000000000000000000000111011 $
1&
b0000000111000 ;
b0000000111001 >
1@
1A
#595
0&
0@
0A
#600
b00000000000000000000000000111100 "
b00000000000000000000000000111100 $
1&
b0000000111001 ;
b0000000111010 >
1@
1A
#605
0&
0@
0A
#610
b00000000000000000000000000111101 "
b00000000000000000000000000111101 $
1&
b0000000111010 ;
b0000000111011 >
1@
1A
#615
0&
0@
0A
#620
b00000000000000000000000000111110 "
b00000000000000000000000000111110 $
1&
b0000000111011 ;
b0000000111100 >
1@
1A
#625
0&
0@
0A
#630
b00000000000000000000000000111111 "
b00000000000000000000000000111111 $
1&
b0000000111100 ;
b0000000111101 >
1@
1A
#635
0&
0@
0A
#640
b00000000000000000000000001000000 "
b00000000000000000000000001000000 $
1&
b0000000111101 ;
b0000000111110 >
1@
1A
#645
0&
0@
0A
#650
b00000000000000000000000001000001 "
b00000000000000000000000001000001 $
1&
b0000000111110 ;
b0000000111111 >
1@
1A
#655
0&
0@
0A
#660
b00000000000000000000000001000010 "
b00000000000000000000000001000010 $
1&
b0000000111111 ;
b0000001000000 >
1@
1A
#665
0&
0@
0A
#670
b00000000000000000000000001000011 "
b00000000000000000000000001000011 $
1&
b0000001000000 ;
b0000001000001 >
1@
1A
#675
0&
0@
0A
#680
b00000000000000000000000001000100 "
b00000000000000000000000001000100 $
1&
b0000001000001 ;
b0000001000010 >
1@
1A
#685
0&
0@
0A
#690
b00000000000000000000000001000101 "
b00000000000000000000000001000101 $
1&
b0000001000010 ;
b0000001000011 >
1@
1A
#695
0&
0@
0A
#700
b00000000000000000000000001000110 "
b00000000000000000000000001000110 $
1&
b0000001000011 ;
b0000001000100 >
1@
1A
#705
0&
0@
0A
#710
b00000000000000000000000001000111 "
b00000000000000000000000001000111 $
1&
b0000001000100 ;
b0000001000101 >
1@
1A
#715
0&
0@
0A
#720
b00000000000000000000000001001000 "
b00000000000000000000000001001000 $
1&
b0000001000101 ;
b0000001000110 >
1@
1A
#725
0&
0@
0A
#730
b00000000000000000000000001001001 "
b00000000000000000000000001001001 $
1&
b0000001000110 ;
b0000001000111 >
1@
1A
#735
0&
0@
0A
#740
b00000000000000000000000001001010 "
b00000000000000000000000001001010 $
1&
b0000001000111 ;
b0000001001000 >
1@
1A
#745
0&
0@
0A
#750
b00000000000000000000000001001011 "
b00000000000000000000000001001011 $
1&
b0000001001000 ;
b0000001001001 >
1@
1A
#755
0&
0@
0A
#760
b00000000000000000000000001001100 "
b00000000000000000000000001001100 $
1&
b0000001001001 ;
b0000001001010 >
1@
1A
#765
0&
0@
0A
#770
b00000000000000000000000001001101 "
b00000000000000000000000001001101 $
1&
b0000001001010 ;
b0000001001011 >
1@
1A
#775
0&
0@
0A
#780
b00000000000000000000000001001110 "
b00000000000000000000000001001110 $
1&
b0000001001011 ;
b0000001001100 >
1@
1A
#785
0&
0@
0A
#790
b00000000000000000000000001001111 "
b00000000000000000000000001001111 $
1&
b0000001001100 ;
b0000001001101 >
1@
1A
#795
0&
0@
0A
#800
b00000000000000000000000001010000 "
b00000000000000000000000001010000 $
1&
b0000001001101 ;
b0000001001110 >
1@
1A
#805
0&
0@
0A
#810
b00000000000000000000000001010001 "
b00000000000000000000000001010001 $
1&
b0000001001110 ;
b0000001001111 >
1@
1A
#815
0&
0@
0A
#820
b00000000000000000000000001010010 "
b00000000000000000000000001010010 $
1&
b0000001001111 ;
b0000001010000 >
1@
1A
#825
0&
0@
0A
#830
b00000000000000000000000001010011 "
b00000000000000000000000001010011 $
1&
b0000001010000 ;
b0000001010001 >
1@
1A
#835
0&
0@
0A
#840
b00000000000000000000000001010100 "
b00000000000000000000000001010100 $
1&
b0000001010001 ;
b0000001010010 >
1@
1A
#845
0&
0@
0A
#850
b00000000000000000000000001010101 "
b00000000000000000000000001010101 $
1&
b0000001010010 ;
b0000001010011 >
1@
1A
#855
0&
0@
0A
#860
b00000000000000000000000001010110 "
b00000000000000000000000001010110 $
1&
b0000001010011 ;
b0000001010100 >
1@
1A
#865
0&
0@
0A
#870
b00000000000000000000000001010111 "
b00000000000000000000000001010111 $
1&
b0000001010100 ;
b0000001010101 >
1@
1A
#875
0&
0@
0A
#880
b00000000000000000000000001011000 "
b00000000000000000000000001011000 $
1&
b0000001010101 ;
b0000001010110 >
1@
1A
#885
0&
0@
0A
#890
b00000000000000000000000001011001 "
b00000000000000000000000001011001 $
1&
b0000001010110 ;
b0000001010111 >
1@
1A
#895
0&
0@
0A
#900
b00000000000000000000000001011010 "
b00000000000000000000000001011010 $
1&
b0000001010111 ;
b0000001011000 >
1@
1A
#905
0&
0@
0A
#910
b00000000000000000000000001011011 "
b00000000000000000000000001011011 $
1&
b0000001011000 ;
b0000001011001 >
1@
1A
#915
0&
0@
0A
#920
b00000000000000000000000001011100 "
b00000000000000000000000001011100 $
1&
b0000001011001 ;
b0000001011010 >
1@
1A
#925
0&
0@
0A
#930
b00000000000000000000000001011101 "
b00000000000000000000000001011101 $
1&
b0000001011010 ;
b0000001011011 >
1@
1A
#935
0&
0@
0A
#940
b00000000000000000000000001011110 "
b00000000000000000000000001011110 $
1&
b0000001011011 ;
b0000001011100 >
1@
1A
#945
0&
0@
0A
#950
b00000000000000000000000001011111 "
b00000000000000000000000001011111 $
1&
b0000001011100 ;
b0000001011101 >
1@
1A
#955
0&
0@
0A
#960
b00000000000000000000000001100000 "
b00000000000000000000000001100000 $
1&
b0000001011101 ;
b0000001011110 >
1@
1A
#965
0&
0@
0A
#970
b00000000000000000000000001100001 "
b00000000000000000000000001100001 $
1&
b0000001011110 ;
b0000001011111 >
1@
1A
#975
0&
0@
0A
#980
b00000000000000000000000001100010 "
b00000000000000000000000001100010 $
1&
b0000001011111 ;
b0000001100000 >
1@
1A
#985
0&
0@
0A
#990
b00000000000000000000000001100011 "
b00000000000000000000000001100011 $
1&
b0000001100000 ;
b0000001100001 >
1@
1A
#995
0&
0@
0A
#1000
b00000000000000000000000001100100 "
b00000000000000000000000001100100 $
1&
b0000001100001 ;
b0000001100010 >
1@
1A
#1005
0&
0@
0A
#1010
b00000000000000000000000001100101 "
b00000000000000000000000001100101 $
1&
b0000001100010 ;
b0000001100011 >
1@
1A
#1015
0&
0@
0A
#1020
b00000000000000000000000001100110 "
b00000000000000000000000001100110 $
1&
b0000001100011 ;
b0000001100100 >
1@
1A
#1025
0&
0@
0A
#1030
b00000000000000000000000001100111 "
b00000000000000000000000001100111 $
1&
b0000001100100 ;
b0000001100101 >
1@
1A
#1035
0&
0@
0A
#1040
b00000000000000000000000001101000 "
b00000000000000000000000001101000 $
1&
b0000001100101 ;
b0000001100110 >
1@
1A
#1045
0&
0@
0A
#1050
b00000000000000000000000001101001 "
b00000000000000000000000001101001 $
1&
b0000001100110 ;
b0000001100111 >
1@
1A
#1055
0&
0@
0A
#1060
b00000000000000000000000001101010 "
b00000000000000000000000001101010 $
1&
b0000001100111 ;
b0000001101000 >
1@
1A
#1065
0&
0@
0A
#1070
b00000000000000000000000001101011 "
b00000000000000000000000001101011 $
1&
b0000001101000 ;
b0000001101001 >
1@
1A
#1075
0&
0@
0A
#1080
b00000000000000000000000001101100 "
b00000000000000000000000001101100 $
1&
b0000001101001 ;
b0000001101010 >
1@
1A
#1085
0&
0@
0A
#1090
b00000000000000000000000001101101 "
b00000000000000000000000001101101 $
1&
b0000001101010 ;
b0000001101011 >
1@
1A
#1095
0&
0@
0A
#1100
b00000000000000000000000001101110 "
b00000000000000000000000001101110 $
1&
b0000001101011 ;
b0000001101100 >
1@
1A
#1105
0&
0@
0A
#1110
b00000000000000000000000001101111 "
b00000000000000000000000001101111 $
1&
b0000001101100 ;
b0000001101101 >
1@
1A
#1115
0&
0@
0A
#1120
b00000000000000000000000001110000 "
b00000000000000000000000001110000 $
1&
b0000001101101 ;
b0000001101110 >
1@
1A
#1125
0&
0@
0A
#1130
b00000000000000000000000001110001 "
b00000000000000000000000001110001 $
1&
b0000001101110 ;
b0000001101111 >
1@
1A
#1135
0&
0@
0A
#1140
b00000000000000000000000001110010 "
b00000000000000000000000001110010 $
1&
b0000001101111 ;
b0000001110000 >
1@
1A
#1145
0&
0@
0A
#1150
b00000000000000000000000001110011 "
b00000000000000000000000001110011 $
1&
b0000001110000 ;
b0000001110001 >
1@
1A
#1155
0&
0@
0A
#1160
b00000000000000000000000001110100 "
b00000000000000000000000001110100 $
1&
b0000001110001 ;
b0000001110010 >
1@
1A
#1165
0&
0@
0A
#1170
b00000000000000000000000001110101 "
b00000000000000000000000001110101 $
1&
b0000001110010 ;
b0000001110011 >
1@
1A
#1175
0&
0@
0A
#1180
b00000000000000000000000001110110 "
b00000000000000000000000001110110 $
1&
b0000001110011 ;
b0000001110100 >
1@
1A
#1185
0&
0@
0A
#1190
b00000000000000000000000001110111 "
b00000000000000000000000001110111 $
1&
b0000001110100 ;
b0000001110101 >
1@
1A
#1195
0&
0@
0A
#1200
b00000000000000000000000001111000 "
b00000000000000000000000001111000 $
1&
b0000001110101 ;
b0000001110110 >
1@
1A
#1205
0&
0@
0A
#1210
b00000000000000000000000001111001 "
b00000000000000000000000001111001 $
1&
b0000001110110 ;
b0000001110111 >
1@
1A
#1215
0&
0@
0A
#1220
b00000000000000000000000001111010 "
b00000000000000000000000001111010 $
1&
b0000001110111 ;
b0000001111000 >
1@
1A
#1225
0&
0@
0A
#1230
b00000000000000000000000001111011 "
b00000000000000000000000001111011 $
1&
b0000001111000 ;
b0000001111001 >
1@
1A
#1235
0&
0@
0A
#1240
b00000000000000000000000001111100 "
b00000000000000000000000001111100 $
1&
b0000001111001 ;
b0000001111010 >
1@
1A
#1245
0&
0@
0A
#1250
b00000000000000000000000001111101 "
b00000000000000000000000001111101 $
1&
b0000001111010 ;
b0000001111011 >
1@
1A
#1255
0&
0@
0A
#1260
b00000000000000000000000001111110 "
b00000000000000000000000001111110 $
1&
b0000001111011 ;
b0000001111100 >
1@
1A
#1265
0&
0@
0A
#1270
b00000000000000000000000001111111 "
b00000000000000000000000001111111 $
1&
b0000001111100 ;
b0000001111101 >
1@
1A
#1275
0&
0@
0A
#1280
b00000000000000000000000010000000 "
b00000000000000000000000010000000 $
1&
b0000001111101 ;
b0000001111110 >
1@
1A
#1285
0&
0@
0A
#1290
b00000000000000000000000010000001 "
b00000000000000000000000010000001 $
1&
b0000001111110 ;
b0000001111111 >
1@
1A
#1295
0&
0@
0A
#1300
b00000000000000000000000010000010 "
b00000000000000000000000010000010 $
1&
b0000001111111 ;
b0000010000000 >
1@
1A
#1305
0&
0@
0A
#1310
b00000000000000000000000010000011 "
b00000000000000000000000010000011 $
1&
b0000010000000 ;
b0000010000001 >
1@
1A
#1315
0&
0@
0A
#1320
b00000000000000000000000010000100 "
b00000000000000000000000010000100 $
1&
b0000010000001 ;
b0000010000010 >
1@
1A
#1325
0&
0@
0A
#1330
b00000000000000000000000010000101 "
b00000000000000000000000010000101 $
1&
b0000010000010 ;
b0000010000011 >
1@
1A
#1335
0&
0@
0A
#1340
b00000000000000000000000010000110 "
b00000000000000000000000010000110 $
1&
b0000010000011 ;
b0000010000100 >
1@
1A
#1345
0&
0@
0A
#1350
b00000000000000000000000010000111 "
b00000000000000000000000010000111 $
1&
b0000010000100 ;
b0000010000101 >
1@
1A
#1355
0&
0@
0A
#1360
b00000000000000000000000010001000 "
b00000000000000000000000010001000 $
1&
b0000010000101 ;
b0000010000110 >
1@
1A
#1365
0&
0@
0A
#1370
b00000000000000000000000010001001 "
b00000000000000000000000010001001 $
1&
b0000010000110 ;
b0000010000111 >
1@
1A
#1375
0&
0@
0A
#1380
b00000000000000000000000010001010 "
b00000000000000000000000010001010 $
1&
b0000010000111 ;
b0000010001000 >
1@
1A
#1385
0&
0@
0A
#1390
b00000000000000000000000010001011 "
b00000000000000000000000010001011 $
1&
b0000010001000 ;
b0000010001001 >
1@
1A
#1395
0&
0@
0A
#1400
b00000000000000000000000010001100 "
b00000000000000000000000010001100 $
1&
b0000010001001 ;
b0000010001010 >
1@
1A
#1405
0&
0@
0A
#1410
b00000000000000000000000010001101 "
b00000000000000000000000010001101 $
1&
b0000010001010 ;
b0000010001011 >
1@
1A
#1415
0&
0@
0A
#1420
b00000000000000000000000010001110 "
b00000000000000000000000010001110 $
1&
b0000010001011 ;
b0000010001100 >
1@
1A
#1425
0&
0@
0A
#1430
b00000000000000000000000010001111 "
b00000000000000000000000010001111 $
1&
b0000010001100 ;
b0000010001101 >
1@
1A
#1435
0&
0@
0A
#1440
b00000000000000000000000010010000 "
b00000000000000000000000010010000 $
1&
b0000010001101 ;
b0000010001110 >
1@
1A
#1445
0&
0@
0A
#1450
b00000000000000000000000010010001 "
b00000000000000000000000010010001 $
1&
b0000010001110 ;
b0000010001111 >
1@
1A
#1455
0&
0@
0A
#1460
b00000000000000000000000010010010 "
b00000000000000000000000010010010 $
1&
b0000010001111 ;
b0000010010000 >
1@
1A
#1465
0&
0@
0A
#1470
b00000000000000000000000010010011 "
b00000000000000000000000010010011 $
1&
b0000010010000 ;
b0000010010001 >
1@
1A
#1475
0&
0@
0A
#1480
b00000000000000000000000010010100 "
b00000000000000000000000010010100 $
1&
b0000010010001 ;
b0000010010010 >
1@
1A
#1485
0&
0@
0A
#1490
b00000000000000000000000010010101 "
b00000000000000000000000010010101 $
1&
b0000010010010 ;
b0000010010011 >
1@
1A
#1495
0&
0@
0A
#1500
b00000000000000000000000010010110 "
b00000000000000000000000010010110 $
1&
b0000010010011 ;
b0000010010100 >
1@
1A
#1505
0&
0@
0A
#1510
b00000000000000000000000010010111 "
b00000000000000000000000010010111 $
1&
b0000010010100 ;
b0000010010101 >
1@
1A
#1515
0&
0@
0A
#1520
b00000000000000000000000010011000 "
b00000000000000000000000010011000 $
1&
b0000010010101 ;
b0000010010110 >
1@
1A
#1525
0&
0@
0A
#1530
b00000000000000000000000010011001 "
b00000000000000000000000010011001 $
1&
b0000010010110 ;
b0000010010111 >
1@
1A
#1535
0&
0@
0A
#1540
b00000000000000000000000010011010 "
b00000000000000000000000010011010 $
1&
b0000010010111 ;
b0000010011000 >
1@
1A
#1545
0&
0@
0A
#1550
b00000000000000000000000010011011 "
b00000000000000000000000010011011 $
1&
b0000010011000 ;
b0000010011001 >
1@
1A
#1555
0&
0@
0A
#1560
b00000000000000000000000010011100 "
b00000000000000000000000010011100 $
1&
b0000010011001 ;
b0000010011010 >
1@
1A
#1565
0&
0@
0A
#1570
b00000000000000000000000010011101 "
b00000000000000000000000010011101 $
1&
b0000010011010 ;
b0000010011011 >
1@
1A
#1575
0&
0@
0A
#1580
b00000000000000000000000010011110 "
b00000000000000000000000010011110 $
1&
b0000010011011 ;
b0000010011100 >
1@
1A
#1585
0&
0@
0A
#1590
b00000000000000000000000010011111 "
b00000000000000000000000010011111 $
1&
b0000010011100 ;
b0000010011101 >
1@
1A
#1595
0&
0@
0A
#1600
b00000000000000000000000010100000 "
b00000000000000000000000010100000 $
1&
b0000010011101 ;
b0000010011110 >
1@
1A
#1605
0&
0@
0A
#1610
b00000000000000000000000010100001 "
b00000000000000000000000010100001 $
1&
b0000010011110 ;
b0000010011111 >
1@
1A
#1615
0&
0@
0A
#1620
b00000000000000000000000010100010 "
b00000000000000000000000010100010 $
1&
b0000010011111 ;
b0000010100000 >
1@
1A
#1625
0&
0@
0A
#1630
b00000000000000000000000010100011 "
b00000000000000000000000010100011 $
1&
b0000010100000 ;
b0000010100001 >
1@
1A
#1635
0&
0@
0A
#1640
b00000000000000000000000010100100 "
b00000000000000000000000010100100 $
1&
b0000010100001 ;
b0000010100010 >
1@
1A
#1645
0&
0@
0A
#1650
b00000000000000000000000010100101 "
b00000000000000000000000010100101 $
1&
b0000010100010 ;
b0000010100011 >
1@
1A
#1655
0&
0@
0A
#1660
b00000000000000000000000010100110 "
b00000000000000000000000010100110 $
1&
b0000010100011 ;
b0000010100100 >
1@
1A
#1665
0&
0@
0A
#1670
b00000000000000000000000010100111 "
b00000000000000000000000010100111 $
1&
b0000010100100 ;
b0000010100101 >
1@
1A
#1675
0&
0@
0A
#1680
b00000000000000000000000010101000 "
b00000000000000000000000010101000 $
1&
b0000010100101 ;
b0000010100110 >
1@
1A
#1685
0&
0@
0A
#1690
b00000000000000000000000010101001 "
b00000000000000000000000010101001 $
1&
b0000010100110 ;
b0000010100111 >
1@
1A
#1695
0&
0@
0A
#1700
b00000000000000000000000010101010 "
b00000000000000000000000010101010 $
1&
b0000010100111 ;
b0000010101000 >
1@
1A
#1705
0&
0@
0A
#1710
b00000000000000000000000010101011 "
b00000000000000000000000010101011 $
1&
b0000010101000 ;
b0000010101001 >
1@
1A
#1715
0&
0@
0A
#1720
b00000000000000000000000010101100 "
b00000000000000000000000010101100 $
1&
b0000010101001 ;
b0000010101010 >
1@
1A
#1725
0&
0@
0A
#1730
b00000000000000000000000010101101 "
b00000000000000000000000010101101 $
1&
b0000010101010 ;
b0000010101011 >
1@
1A
#1735
0&
0@
0A
#1740
b00000000000000000000000010101110 "
b00000000000000000000000010101110 $
1&
b0000010101011 ;
b0000010101100 >
1@
1A
#1745
0&
0@
0A
#1750
b00000000000000000000000010101111 "
b00000000000000000000000010101111 $
1&
b0000010101100 ;
b0000010101101 >
1@
1A
#1755
0&
0@
0A
#1760
b00000000000000000000000010110000 "
b00000000000000000000000010110000 $
1&
b0000010101101 ;
b0000010101110 >
1@
1A
#1765
0&
0@
0A
#1770
b00000000000000000000000010110001 "
b00000000000000000000000010110001 $
1&
b0000010101110 ;
b0000010101111 >
1@
1A
#1775
0&
0@
0A
#1780
b00000000000000000000000010110010 "
b00000000000000000000000010110010 $
1&
b0000010101111 ;
b0000010110000 >
1@
1A
#1785
0&
0@
0A
#1790
b00000000000000000000000010110011 "
b00000000000000000000000010110011 $
1&
b0000010110000 ;
b0000010110001 >
1@
1A
#1795
0&
0@
0A
#1800
b00000000000000000000000010110100 "
b00000000000000000000000010110100 $
1&
b0000010110001 ;
b0000010110010 >
1@
1A
#1805
0&
0@
0A
#1810
b00000000000000000000000010110101 "
b00000000000000000000000010110101 $
1&
b0000010110010 ;
b0000010110011 >
1@
1A
#1815
0&
0@
0A
#1820
b00000000000000000000000010110110 "
b00000000000000000000000010110110 $
1&
b0000010110011 ;
b0000010110100 >
1@
1A
#1825
0&
0@
0A
#1830
b00000000000000000000000010110111 "
b00000000000000000000000010110111 $
1&
b0000010110100 ;
b0000010110101 >
1@
1A
#1835
0&
0@
0A
#1840
b00000000000000000000000010111000 "
b00000000000000000000000010111000 $
1&
b0000010110101 ;
b0000010110110 >
1@
1A
#1845
0&
0@
0A
#1850
b00000000000000000000000010111001 "
b00000000000000000000000010111001 $
1&
b0000010110110 ;
b0000010110111 >
1@
1A
#1855
0&
0@
0A
#1860
b00000000000000000000000010111010 "
b00000000000000000000000010111010 $
1&
b0000010110111 ;
b0000010111000 >
1@
1A
#1865
0&
0@
0A
#1870
b00000000000000000000000010111011 "
b00000000000000000000000010111011 $
1&
b0000010111000 ;
b0000010111001 >
1@
1A
#1875
0&
0@
0A
#1880
b00000000000000000000000010111100 "
b00000000000000000000000010111100 $
1&
b0000010111001 ;
b0000010111010 >
1@
1A
#1885
0&
0@
0A
#1890
b00000000000000000000000010111101 "
b00000000000000000000000010111101 $
1&
b0000010111010 ;
b0000010111011 >
1@
1A
#1895
0&
0@
0A
#1900
b00000000000000000000000010111110 "
b00000000000000000000000010111110 $
1&
b0000010111011 ;
b0000010111100 >
1@
1A
#1905
0&
0@
0A
#1910
b00000000000000000000000010111111 "
b00000000000000000000000010111111 $
1&
b0000010111100 ;
b0000010111101 >
1@
1A
#1915
0&
0@
0A
#1920
b00000000000000000000000011000000 "
b00000000000000000000000011000000 $
1&
b0000010111101 ;
b0000010111110 >
1@
1A
#1925
0&
0@
0A
#1930
b00000000000000000000000011000001 "
b00000000000000000000000011000001 $
1&
b0000010111110 ;
b0000010111111 >
1@
1A
#1935
0&
0@
0A
#1940
b00000000000000000000000011000010 "
b00000000000000000000000011000010 $
1&
b0000010111111 ;
b0000011000000 >
1@
1A
#1945
0&
0@
0A
#1950
b00000000000000000000000011000011 "
b00000000000000000000000011000011 $
1&
b0000011000000 ;
b0000011000001 >
1@
1A
#1955
0&
0@
0A
#1960
b00000000000000000000000011000100 "
b00000000000000000000000011000100 $
1&
b0000011000001 ;
b0000011000010 >
1@
1A
#1965
0&
0@
0A
#1970
b00000000000000000000000011000101 "
b00000000000000000000000011000101 $
1&
b0000011000010 ;
b0000011000011 >
1@
1A
#1975
0&
0@
0A
#1980
b00000000000000000000000011000110 "
b00000000000000000000000011000110 $
1&
b0000011000011 ;
b0000011000100 >
1@
1A
#1985
0&
0@
0A
#1990
b00000000000000000000000011000111 "
b00000000000000000000000011000111 $
1&
b0000011000100 ;
b0000011000101 >
1@
1A
#1995
0&
0@
0A
#2000
b00000000000000000000000011001000 "
b00000000000000000000000011001000 $
1&
b0000011000101 ;
b0000011000110 >
1@
1A
#2005
0&
0@
0A
#2010
b00000000000000000000000011001001 "
b00000000000000000000000011001001 $
1&
b0000011000110 ;
b0000011000111 >
1@
1A
#2015
0&
0@
0A
#2020
b00000000000000000000000011001010 "
b00000000000000000000000011001010 $
1&
b0000011000111 ;
b0000011001000 >
1@
1A
#2025
0&
0@
0A
#2030
b00000000000000000000000011001011 "
b00000000000000000000000011001011 $
1&
b0000011001000 ;
b0000011001001 >
1@
1A
#2035
0&
0@
0A
#2040
b00000000000000000000000011001100 "
b00000000000000000000000011001100 $
1&
b0000011001001 ;
b0000011001010 >
1@
1A
#2045
0&
0@
0A
#2050
b00000000000000000000000011001101 "
b00000000000000000000000011001101 $
1&
b0000011001010 ;
b0000011001011 >
1@
1A
#2055
0&
0@
0A
#2060
b00000000000000000000000011001110 "
b00000000000000000000000011001110 $
1&
b0000011001011 ;
b0000011001100 >
1@
1A
#2065
0&
0@
0A
#2070
b00000000000000000000000011001111 "
b00000000000000000000000011001111 $
1&
b0000011001100 ;
b0000011001101 >
1@
1A
#2075
0&
0@
0A
#2080
b00000000000000000000000011010000 "
b00000000000000000000000011010000 $
1&
b0000011001101 ;
b0000011001110 >
1@
1A
#2085
0&
0@
0A
#2090
b00000000000000000000000011010001 "
b00000000000000000000000011010001 $
1&
b0000011001110 ;
b0000011001111 >
1@
1A
#2095
0&
0@
0A
#2100
b00000000000000000000000011010010 "
b00000000000000000000000011010010 $
1&
b0000011001111 ;
b0000011010000 >
1@
1A
#2105
0&
0@
0A
#2110
b00000000000000000000000011010011 "
b00000000000000000000000011010011 $
1&
b0000011010000 ;
b0000011010001 >
1@
1A
#2115
0&
0@
0A
#2120
b00000000000000000000000011010100 "
b00000000000000000000000011010100 $
1&
b0000011010001 ;
b0000011010010 >
1@
1A
#2125
0&
0@
0A
#2130
b00000000000000000000000011010101 "
b00000000000000000000000011010101 $
1&
b0000011010010 ;
b0000011010011 >
1@
1A
#2135
0&
0@
0A
#2140
b00000000000000000000000011010110 "
b00000000000000000000000011010110 $
1&
b0000011010011 ;
b0000011010100 >
1@
1A
#2145
0&
0@
0A
#2150
b00000000000000000000000011010111 "
b00000000000000000000000011010111 $
1&
b0000011010100 ;
b0000011010101 >
1@
1A
#2155
0&
0@
0A
#2160
b00000000000000000000000011011000 "
b00000000000000000000000011011000 $
1&
b0000011010101 ;
b0000011010110 >
1@
1A
#2165
0&
0@
0A
#2170
b00000000000000000000000011011001 "
b00000000000000000000000011011001 $
1&
b0000011010110 ;
b0000011010111 >
1@
1A
#2175
0&
0@
0A
#2180
b00000000000000000000000011011010 "
b00000000000000000000000011011010 $
1&
b0000011010111 ;
b0000011011000 >
1@
1A
#2185
0&
0@
0A
#2190
b00000000000000000000000011011011 "
b00000000000000000000000011011011 $
1&
b0000011011000 ;
b0000011011001 >
1@
1A
#2195
0&
0@
0A
#2200
b00000000000000000000000011011100 "
b00000000000000000000000011011100 $
1&
b0000011011001 ;
b0000011011010 >
1@
1A
#2205
0&
0@
0A
#2210
b00000000000000000000000011011101 "
b00000000000000000000000011011101 $
1&
b0000011011010 ;
b0000011011011 >
1@
1A
#2215
0&
0@
0A
#2220
b00000000000000000000000011011110 "
b00000000000000000000000011011110 $
1&
b0000011011011 ;
b0000011011100 >
1@
1A
#2225
0&
0@
0A
#2230
b00000000000000000000000011011111 "
b00000000000000000000000011011111 $
1&
b0000011011100 ;
b0000011011101 >
1@
1A
#2235
0&
0@
0A
#2240
b00000000000000000000000011100000 "
b00000000000000000000000011100000 $
1&
b0000011011101 ;
b0000011011110 >
1@
1A
#2245
0&
0@
0A
#2250
b00000000000000000000000011100001 "
b00000000000000000000000011100001 $
1&
b0000011011110 ;
b0000011011111 >
1@
1A
#2255
0&
0@
0A
#2260
b00000000000000000000000011100010 "
b00000000000000000000000011100010 $
1&
b0000011011111 ;
b0000011100000 >
1@
1A
#2265
0&
0@
0A
#2270
b00000000000000000000000011100011 "
b00000000000000000000000011100011 $
1&
b0000011100000 ;
b0000011100001 >
1@
1A
#2275
0&
0@
0A
#2280
b00000000000000000000000011100100 "
b00000000000000000000000011100100 $
1&
b0000011100001 ;
b0000011100010 >
1@
1A
#2285
0&
0@
0A
#2290
b00000000000000000000000011100101 "
b00000000000000000000000011100101 $
1&
b0000011100010 ;
b0000011100011 >
1@
1A
#2295
0&
0@
0A
#2300
b00000000000000000000000011100110 "
b00000000000000000000000011100110 $
1&
b0000011100011 ;
b0000011100100 >
1@
1A
#2305
0&
0@
0A
#2310
b00000000000000000000000011100111 "
b00000000000000000000000011100111 $
1&
b0000011100100 ;
b0000011100101 >
1@
1A
#2315
0&
0@
0A
#2320
b00000000000000000000000011101000 "
b00000000000000000000000011101000 $
1&
b0000011100101 ;
b0000011100110 >
1@
1A
#2325
0&
0@
0A
#2330
b00000000000000000000000011101001 "
b00000000000000000000000011101001 $
1&
b0000011100110 ;
b0000011100111 >
1@
1A
#2335
0&
0@
0A
#2340
b00000000000000000000000011101010 "
b00000000000000000000000011101010 $
1&
b0000011100111 ;
b0000011101000 >
1@
1A
#2345
0&
0@
0A
#2350
b00000000000000000000000011101011 "
b00000000000000000000000011101011 $
1&
b0000011101000 ;
b0000011101001 >
1@
1A
#2355
0&
0@
0A
#2360
b00000000000000000000000011101100 "
b00000000000000000000000011101100 $
1&
b0000011101001 ;
b0000011101010 >
1@
1A
#2365
0&
0@
0A
#2370
b00000000000000000000000011101101 "
b00000000000000000000000011101101 $
1&
b0000011101010 ;
b0000011101011 >
1@
1A
#2375
0&
0@
0A
#2380
b00000000000000000000000011101110 "
b00000000000000000000000011101110 $
1&
b0000011101011 ;
b0000011101100 >
1@
1A
#2385
0&
0@
0A
#2390
b00000000000000000000000011101111 "
b00000000000000000000000011101111 $
1&
b0000011101100 ;
b0000011101101 >
1@
1A
#2395
0&
0@
0A
#2400
b00000000000000000000000011110000 "
b00000000000000000000000011110000 $
1&
b0000011101101 ;
b0000011101110 >
1@
1A
#2405
0&
0@
0A
#2410
b00000000000000000000000011110001 "
b00000000000000000000000011110001 $
1&
b0000011101110 ;
b0000011101111 >
1@
1A
#2415
0&
0@
0A
#2420
b00000000000000000000000011110010 "
b00000000000000000000000011110010 $
1&
b0000011101111 ;
b0000011110000 >
1@
1A
#2425
0&
0@
0A
#2430
b00000000000000000000000011110011 "
b00000000000000000000000011110011 $
1&
b0000011110000 ;
b0000011110001 >
1@
1A
#2435
0&
0@
0A
#2440
b00000000000000000000000011110100 "
b00000000000000000000000011110100 $
1&
b0000011110001 ;
b0000011110010 >
1@
1A
#2445
0&
0@
0A
#2450
b00000000000000000000000011110101 "
b00000000000000000000000011110101 $
1&
b0000011110010 ;
b0000011110011 >
1@
1A
#2455
0&
0@
0A
#2460
b00000000000000000000000011110110 "
b00000000000000000000000011110110 $
1&
b0000011110011 ;
b0000011110100 >
1@
1A
#2465
0&
0@
0A
#2470
b00000000000000000000000011110111 "
b00000000000000000000000011110111 $
1&
b0000011110100 ;
b0000011110101 >
1@
1A
#2475
0&
0@
0A
#2480
b00000000000000000000000011111000 "
b00000000000000000000000011111000 $
1&
b0000011110101 ;
b0000011110110 >
1@
1A
#2485
0&
0@
0A
#2490
b00000000000000000000000011111001 "
b00000000000000000000000011111001 $
1&
b0000011110110 ;
b0000011110111 >
1@
1A
#2495
0&
0@
0A
#2500
b00000000000000000000000011111010 "
b00000000000000000000000011111010 $
1&
b0000011110111 ;
b0000011111000 >
1@
1A
#2505
0&
0@
0A
#2510
b00000000000000000000000011111011 "
b00000000000000000000000011111011 $
1&
b0000011111000 ;
b0000011111001 >
1@
1A
#2515
0&
0@
0A
#2520
b00000000000000000000000011111100 "
b00000000000000000000000011111100 $
1&
b0000011111001 ;
b0000011111010 >
1@
1A
#2525
0&
0@
0A
#2530
b00000000000000000000000011111101 "
b00000000000000000000000011111101 $
1&
b0000011111010 ;
b0000011111011 >
1@
1A
#2535
0&
0@
0A
#2540
b00000000000000000000000011111110 "
b00000000000000000000000011111110 $
1&
b0000011111011 ;
b0000011111100 >
1@
1A
#2545
0&
0@
0A
#2550
b00000000000000000000000011111111 "
b00000000000000000000000011111111 $
1&
b0000011111100 ;
b0000011111101 >
1@
1A
#2555
0&
0@
0A
#2560
b00000000000000000000000100000000 "
b00000000000000000000000100000000 $
1&
b0000011111101 ;
b0000011111110 >
1@
1A
#2565
0&
0@
0A
#2570
b00000000000000000000000100000001 "
b00000000000000000000000100000001 $
1&
b0000011111110 ;
b0000011111111 >
1@
1A
#2575
0&
0@
0A
#2580
b00000000000000000000000100000010 "
b00000000000000000000000100000010 $
1&
b0000011111111 ;
b0000100000000 >
1@
1A
#2585
0&
0@
0A
#2590
b00000000000000000000000100000011 "
b00000000000000000000000100000011 $
1&
b0000100000000 ;
b0000100000001 >
1@
1A
#2595
0&
0@
0A
#2600
b00000000000000000000000100000100 "
b00000000000000000000000100000100 $
1&
b0000100000001 ;
b0000100000010 >
1@
1A
#2605
0&
0@
0A
#2610
b00000000000000000000000100000101 "
b00000000000000000000000100000101 $
1&
b0000100000010 ;
b0000100000011 >
1@
1A
#2615
0&
0@
0A
#2620
b00000000000000000000000100000110 "
b00000000000000000000000100000110 $
1&
b0000100000011 ;
b0000100000100 >
1@
1A
#2625
0&
0@
0A
#2630
b00000000000000000000000100000111 "
b00000000000000000000000100000111 $
1&
b0000100000100 ;
b0000100000101 >
1@
1A
#2635
0&
0@
0A
#2640
b00000000000000000000000100001000 "
b00000000000000000000000100001000 $
1&
b0000100000101 ;
b0000100000110 >
1@
1A
#2645
0&
0@
0A
#2650
b00000000000000000000000100001001 "
b00000000000000000000000100001001 $
1&
b0000100000110 ;
b0000100000111 >
1@
1A
#2655
0&
0@
0A
#2660
b00000000000000000000000100001010 "
b00000000000000000000000100001010 $
1&
b0000100000111 ;
b0000100001000 >
1@
1A
#2665
0&
0@
0A
#2670
b00000000000000000000000100001011 "
b00000000000000000000000100001011 $
1&
b0000100001000 ;
b0000100001001 >
1@
1A
#2675
0&
0@
0A
#2680
b00000000000000000000000100001100 "
b00000000000000000000000100001100 $
1&
b0000100001001 ;
b0000100001010 >
1@
1A
#2685
0&
0@
0A
#2690
b00000000000000000000000100001101 "
b00000000000000000000000100001101 $
1&
b0000100001010 ;
b0000100001011 >
1@
1A
#2695
0&
0@
0A
#2700
b00000000000000000000000100001110 "
b00000000000000000000000100001110 $
1&
b0000100001011 ;
b0000100001100 >
1@
1A
#2705
0&
0@
0A
#2710
b00000000000000000000000100001111 "
b00000000000000000000000100001111 $
1&
b0000100001100 ;
b0000100001101 >
1@
1A
#2715
0&
0@
0A
#2720
b00000000000000000000000100010000 "
b00000000000000000000000100010000 $
1&
b0000100001101 ;
b0000100001110 >
1@
1A
#2725
0&
0@
0A
#2730
b00000000000000000000000100010001 "
b00000000000000000000000100010001 $
1&
b0000100001110 ;
b0000100001111 >
1@
1A
#2735
0&
0@
0A
#2740
b00000000000000000000000100010010 "
b00000000000000000000000100010010 $
1&
b0000100001111 ;
b0000100010000 >
1@
1A
#2745
0&
0@
0A
#2750
b00000000000000000000000100010011 "
b00000000000000000000000100010011 $
1&
b0000100010000 ;
b0000100010001 >
1@
1A
#2755
0&
0@
0A
#2760
b00000000000000000000000100010100 "
b00000000000000000000000100010100 $
1&
b0000100010001 ;
b0000100010010 >
1@
1A
#2765
0&
0@
0A
#2770
b00000000000000000000000100010101 "
b00000000000000000000000100010101 $
1&
b0000100010010 ;
b0000100010011 >
1@
1A
#2775
0&
0@
0A
#2780
b00000000000000000000000100010110 "
b00000000000000000000000100010110 $
1&
b0000100010011 ;
b0000100010100 >
1@
1A
#2785
0&
0@
0A
#2790
b00000000000000000000000100010111 "
b00000000000000000000000100010111 $
1&
b0000100010100 ;
b0000100010101 >
1@
1A
#2795
0&
0@
0A
#2800
b00000000000000000000000100011000 "
b00000000000000000000000100011000 $
1&
b0000100010101 ;
b0000100010110 >
1@
1A
#2805
0&
0@
0A
#2810
b00000000000000000000000100011001 "
b00000000000000000000000100011001 $
1&
b0000100010110 ;
b0000100010111 >
1@
1A
#2815
0&
0@
0A
#2820
b00000000000000000000000100011010 "
b00000000000000000000000100011010 $
1&
b0000100010111 ;
b0000100011000 >
1@
1A
#2825
0&
0@
0A
#2830
b00000000000000000000000100011011 "
b00000000000000000000000100011011 $
1&
b0000100011000 ;
b0000100011001 >
1@
1A
#2835
0&
0@
0A
#2840
b00000000000000000000000100011100 "
b00000000000000000000000100011100 $
1&
b0000100011001 ;
b0000100011010 >
1@
1A
#2845
0&
0@
0A
#2850
b00000000000000000000000100011101 "
b00000000000000000000000100011101 $
1&
b0000100011010 ;
b0000100011011 >
1@
1A
#2855
0&
0@
0A
#2860
b00000000000000000000000100011110 "
b00000000000000000000000100011110 $
1&
b0000100011011 ;
b0000100011100 >
1@
1A
#2865
0&
0@
0A
#2870
b00000000000000000000000100011111 "
b00000000000000000000000100011111 $
1&
b0000100011100 ;
b0000100011101 >
1@
1A
#2875
0&
0@
0A
#2880
b00000000000000000000000100100000 "
b00000000000000000000000100100000 $
1&
b0000100011101 ;
b0000100011110 >
1@
1A
#2885
0&
0@
0A
#2890
b00000000000000000000000100100001 "
b00000000000000000000000100100001 $
1&
b0000100011110 ;
b0000100011111 >
1@
1A
#2895
0&
0@
0A
#2900
b00000000000000000000000100100010 "
b00000000000000000000000100100010 $
1&
b0000100011111 ;
b0000100100000 >
1@
1A
#2905
0&
0@
0A
#2910
b00000000000000000000000100100011 "
b00000000000000000000000100100011 $
1&
b0000100100000 ;
b0000100100001 >
1@
1A
#2915
0&
0@
0A
#2920
b00000000000000000000000100100100 "
b00000000000000000000000100100100 $
1&
b0000100100001 ;
b0000100100010 >
1@
1A
#2925
0&
0@
0A
#2930
b00000000000000000000000100100101 "
b00000000000000000000000100100101 $
1&
b0000100100010 ;
b0000100100011 >
1@
1A
#2935
0&
0@
0A
#2940
b00000000000000000000000100100110 "
b00000000000000000000000100100110 $
1&
b0000100100011 ;
b0000100100100 >
1@
1A
#2945
0&
0@
0A
#2950
b00000000000000000000000100100111 "
b00000000000000000000000100100111 $
1&
b0000100100100 ;
b0000100100101 >
1@
1A
#2955
0&
0@
0A
#2960
b00000000000000000000000100101000 "
b00000000000000000000000100101000 $
1&
b0000100100101 ;
b0000100100110 >
1@
1A
#2965
0&
0@
0A
#2970
b00000000000000000000000100101001 "
b00000000000000000000000100101001 $
1&
b0000100100110 ;
b0000100100111 >
1@
1A
#2975
0&
0@
0A
#2980
b00000000000000000000000100101010 "
b00000000000000000000000100101010 $
1&
b0000100100111 ;
b0000100101000 >
1@
1A
#2985
0&
0@
0A
#2990
b00000000000000000000000100101011 "
b00000000000000000000000100101011 $
1&
b0000100101000 ;
b0000100101001 >
1@
1A
#2995
0&
0@
0A
#3000
b00000000000000000000000100101100 "
b00000000000000000000000100101100 $
1&
b0000100101001 ;
b0000100101010 >
1@
1A
#3005
0&
0@
0A
#3010
b00000000000000000000000100101101 "
b00000000000000000000000100101101 $
1&
b0000100101010 ;
b0000100101011 >
1@
1A
#3015
0&
0@
0A
#3020
b00000000000000000000000100101110 "
b00000000000000000000000100101110 $
1&
b0000100101011 ;
b0000100101100 >
1@
1A
#3025
0&
0@
0A
#3030
b00000000000000000000000100101111 "
b00000000000000000000000100101111 $
1&
b0000100101100 ;
b0000100101101 >
1@
1A
#3035
0&
0@
0A
#3040
b00000000000000000000000100110000 "
b00000000000000000000000100110000 $
1&
b0000100101101 ;
b0000100101110 >
1@
1A
#3045
0&
0@
0A
#3050
b00000000000000000000000100110001 "
b00000000000000000000000100110001 $
1&
b0000100101110 ;
b0000100101111 >
1@
1A
#3055
0&
0@
0A
#3060
b00000000000000000000000100110010 "
b00000000000000000000000100110010 $
1&
b0000100101111 ;
b0000100110000 >
1@
1A
#3065
0&
0@
0A
#3070
b00000000000000000000000100110011 "
b00000000000000000000000100110011 $
1&
b0000100110000 ;
b0000100110001 >
1@
1A
#3075
0&
0@
0A
#3080
b00000000000000000000000100110100 "
b00000000000000000000000100110100 $
1&
b0000100110001 ;
b0000100110010 >
1@
1A
#3085
0&
0@
0A
#3090
b00000000000000000000000100110101 "
b00000000000000000000000100110101 $
1&
b0000100110010 ;
b0000100110011 >
1@
1A
#3095
0&
0@
0A
#3100
b00000000000000000000000100110110 "
b00000000000000000000000100110110 $
1&
b0000100110011 ;
b0000100110100 >
1@
1A
#3105
0&
0@
0A
#3110
b00000000000000000000000100110111 "
b00000000000000000000000100110111 $
1&
b0000100110100 ;
b0000100110101 >
1@
1A
#3115
0&
0@
0A
#3120
b00000000000000000000000100111000 "
b00000000000000000000000100111000 $
1&
b0000100110101 ;
b0000100110110 >
1@
1A
#3125
0&
0@
0A
#3130
b00000000000000000000000100111001 "
b00000000000000000000000100111001 $
1&
b0000100110110 ;
b0000100110111 >
1@
1A
#3135
0&
0@
0A
#3140
b00000000000000000000000100111010 "
b00000000000000000000000100111010 $
1&
b0000100110111 ;
b0000100111000 >
1@
1A
#3145
0&
0@
0A
#3150
b00000000000000000000000100111011 "
b00000000000000000000000100111011 $
1&
b0000100111000 ;
b0000100111001 >
1@
1A
#3155
0&
0@
0A
#3160
b00000000000000000000000100111100 "
b00000000000000000000000100111100 $
1&
b0000100111001 ;
b0000100111010 >
1@
1A
#3165
0&
0@
0A
#3170
b00000000000000000000000100111101 "
b00000000000000000000000100111101 $
1&
b0000100111010 ;
b0000100111011 >
1@
1A
#3175
0&
0@
0A
#3180
b00000000000000000000000100111110 "
b00000000000000000000000100111110 $
1&
b0000100111011 ;
b0000100111100 >
1@
1A
#3185
0&
0@
0A
#3190
b00000000000000000000000100111111 "
b00000000000000000000000100111111 $
1&
b0000100111100 ;
b0000100111101 >
1@
1A
#3195
0&
0@
0A
#3200
b00000000000000000000000101000000 "
b00000000000000000000000101000000 $
1&
b0000100111101 ;
b0000100111110 >
1@
1A
#3205
0&
0@
0A
#3210
b00000000000000000000000101000001 "
b00000000000000000000000101000001 $
1&
b0000100111110 ;
b0000100111111 >
1@
1A
#3215
0&
0@
0A
#3220
b00000000000000000000000101000010 "
b00000000000000000000000101000010 $
1&
b0000100111111 ;
b0000101000000 >
1@
1A
#3225
0&
0@
0A
#3230
b00000000000000000000000101000011 "
b00000000000000000000000101000011 $
1&
b0000101000000 ;
b0000101000001 >
1@
1A
#3235
0&
0@
0A
#3240
b00000000000000000000000101000100 "
b00000000000000000000000101000100 $
1&
b0000101000001 ;
b0000101000010 >
1@
1A
#3245
0&
0@
0A
#3250
b00000000000000000000000101000101 "
b00000000000000000000000101000101 $
1&
b0000101000010 ;
b0000101000011 >
1@
1A
#3255
0&
0@
0A
#3260
b00000000000000000000000101000110 "
b00000000000000000000000101000110 $
1&
b0000101000011 ;
b0000101000100 >
1@
1A
#3265
0&
0@
0A
#3270
b00000000000000000000000101000111 "
b00000000000000000000000101000111 $
1&
b0000101000100 ;
b0000101000101 >
1@
1A
#3275
0&
0@
0A
#3280
b00000000000000000000000101001000 "
b00000000000000000000000101001000 $
1&
b0000101000101 ;
b0000101000110 >
1@
1A
#3285
0&
0@
0A
#3290
b00000000000000000000000101001001 "
b00000000000000000000000101001001 $
1&
b0000101000110 ;
b0000101000111 >
1@
1A
#3295
0&
0@
0A
#3300
b00000000000000000000000101001010 "
b00000000000000000000000101001010 $
1&
b0000101000111 ;
b0000101001000 >
1@
1A
#3305
0&
0@
0A
#3310
b00000000000000000000000101001011 "
b00000000000000000000000101001011 $
1&
b0000101001000 ;
b0000101001001 >
1@
1A
#3315
0&
0@
0A
#3320
b00000000000000000000000101001100 "
b00000000000000000000000101001100 $
1&
b0000101001001 ;
b0000101001010 >
1@
1A
#3325
0&
0@
0A
#3330
b00000000000000000000000101001101 "
b00000000000000000000000101001101 $
1&
b0000101001010 ;
b0000101001011 >
1@
1A
#3335
0&
0@
0A
#3340
b00000000000000000000000101001110 "
b00000000000000000000000101001110 $
1&
b0000101001011 ;
b0000101001100 >
1@
1A
#3345
0&
0@
0A
#3350
b00000000000000000000000101001111 "
b00000000000000000000000101001111 $
1&
b0000101001100 ;
b0000101001101 >
1@
1A
#3355
0&
0@
0A
#3360
b00000000000000000000000101010000 "
b00000000000000000000000101010000 $
1&
b0000101001101 ;
b0000101001110 >
1@
1A
#3365
0&
0@
0A
#3370
b00000000000000000000000101010001 "
b00000000000000000000000101010001 $
1&
b0000101001110 ;
b0000101001111 >
1@
1A
#3375
0&
0@
0A
#3380
b00000000000000000000000101010010 "
b00000000000000000000000101010010 $
1&
b0000101001111 ;
b0000101010000 >
1@
1A
#3385
0&
0@
0A
#3390
b00000000000000000000000101010011 "
b00000000000000000000000101010011 $
1&
b0000101010000 ;
b0000101010001 >
1@
1A
#3395
0&
0@
0A
#3400
b00000000000000000000000101010100 "
b00000000000000000000000101010100 $
1&
b0000101010001 ;
b0000101010010 >
1@
1A
#3405
0&
0@
0A
#3410
b00000000000000000000000101010101 "
b00000000000000000000000101010101 $
1&
b0000101010010 ;
b0000101010011 >
1@
1A
#3415
0&
0@
0A
#3420
b00000000000000000000000101010110 "
b00000000000000000000000101010110 $
1&
b0000101010011 ;
b0000101010100 >
1@
1A
#3425
0&
0@
0A
#3430
b00000000000000000000000101010111 "
b00000000000000000000000101010111 $
1&
b0000101010100 ;
b0000101010101 >
1@
1A
#3435
0&
0@
0A
#3440
b00000000000000000000000101011000 "
b00000000000000000000000101011000 $
1&
b0000101010101 ;
b0000101010110 >
1@
1A
#3445
0&
0@
0A
#3450
b00000000000000000000000101011001 "
b00000000000000000000000101011001 $
1&
b0000101010110 ;
b0000101010111 >
1@
1A
#3455
0&
0@
0A
#3460
b00000000000000000000000101011010 "
b00000000000000000000000101011010 $
1&
b0000101010111 ;
b0000101011000 >
1@
1A
#3465
0&
0@
0A
#3470
b00000000000000000000000101011011 "
b00000000000000000000000101011011 $
1&
b0000101011000 ;
b0000101011001 >
1@
1A
#3475
0&
0@
0A
#3480
b00000000000000000000000101011100 "
b00000000000000000000000101011100 $
1&
b0000101011001 ;
b0000101011010 >
1@
1A
#3485
0&
0@
0A
#3490
b00000000000000000000000101011101 "
b00000000000000000000000101011101 $
1&
b0000101011010 ;
b0000101011011 >
1@
1A
#3495
0&
0@
0A
#3500
b00000000000000000000000101011110 "
b00000000000000000000000101011110 $
1&
b0000101011011 ;
b0000101011100 >
1@
1A
#3505
0&
0@
0A
#3510
b00000000000000000000000101011111 "
b00000000000000000000000101011111 $
1&
b0000101011100 ;
b0000101011101 >
1@
1A
#3515
0&
0@
0A
#3520
b00000000000000000000000101100000 "
b00000000000000000000000101100000 $
1&
b0000101011101 ;
b0000101011110 >
1@
1A
#3525
0&
0@
0A
#3530
b00000000000000000000000101100001 "
b00000000000000000000000101100001 $
1&
b0000101011110 ;
b0000101011111 >
1@
1A
#3535
0&
0@
0A
#3540
b00000000000000000000000101100010 "
b00000000000000000000000101100010 $
1&
b0000101011111 ;
b0000101100000 >
1@
1A
#3545
0&
0@
0A
#3550
b00000000000000000000000101100011 "
b00000000000000000000000101100011 $
1&
b0000101100000 ;
b0000101100001 >
1@
1A
#3555
0&
0@
0A
#3560
b00000000000000000000000101100100 "
b00000000000000000000000101100100 $
1&
b0000101100001 ;
b0000101100010 >
1@
1A
#3565
0&
0@
0A
#3570
b00000000000000000000000101100101 "
b00000000000000000000000101100101 $
1&
b0000101100010 ;
b0000101100011 >
1@
1A
#3575
0&
0@
0A
#3580
b00000000000000000000000101100110 "
b00000000000000000000000101100110 $
1&
b0000101100011 ;
b0000101100100 >
1@
1A
#3585
0&
0@
0A
#3590
b00000000000000000000000101100111 "
b00000000000000000000000101100111 $
1&
b0000101100100 ;
b0000101100101 >
1@
1A
#3595
0&
0@
0A
#3600
b00000000000000000000000101101000 "
b00000000000000000000000101101000 $
1&
b0000101100101 ;
b0000101100110 >
1@
1A
#3605
0&
0@
0A
#3610
b00000000000000000000000101101001 "
b00000000000000000000000101101001 $
1&
b0000101100110 ;
b0000101100111 >
1@
1A
#3615
0&
0@
0A
#3620
b00000000000000000000000101101010 "
b00000000000000000000000101101010 $
1&
b0000101100111 ;
b0000101101000 >
1@
1A
#3625
0&
0@
0A
#3630
b00000000000000000000000101101011 "
b00000000000000000000000101101011 $
1&
b0000101101000 ;
b0000101101001 >
1@
1A
#3635
0&
0@
0A
#3640
b00000000000000000000000101101100 "
b00000000000000000000000101101100 $
1&
b0000101101001 ;
b0000101101010 >
1@
1A
#3645
0&
0@
0A
#3650
b00000000000000000000000101101101 "
b00000000000000000000000101101101 $
1&
b0000101101010 ;
b0000101101011 >
1@
1A
#3655
0&
0@
0A
#3660
b00000000000000000000000101101110 "
b00000000000000000000000101101110 $
1&
b0000101101011 ;
b0000101101100 >
1@
1A
#3665
0&
0@
0A
#3670
b00000000000000000000000101101111 "
b00000000000000000000000101101111 $
1&
b0000101101100 ;
b0000101101101 >
1@
1A
#3675
0&
0@
0A
#3680
b00000000000000000000000101110000 "
b00000000000000000000000101110000 $
1&
b0000101101101 ;
b0000101101110 >
1@
1A
#3685
0&
0@
0A
#3690
b00000000000000000000000101110001 "
b00000000000000000000000101110001 $
1&
b0000101101110 ;
b0000101101111 >
1@
1A
#3695
0&
0@
0A
#3700
b00000000000000000000000101110010 "
b00000000000000000000000101110010 $
1&
b0000101101111 ;
b0000101110000 >
1@
1A
#3705
0&
0@
0A
#3710
b00000000000000000000000101110011 "
b00000000000000000000000101110011 $
1&
b0000101110000 ;
b0000101110001 >
1@
1A
#3715
0&
0@
0A
#3720
b00000000000000000000000101110100 "
b00000000000000000000000101110100 $
1&
b0000101110001 ;
b0000101110010 >
1@
1A
#3725
0&
0@
0A
#3730
b00000000000000000000000101110101 "
b00000000000000000000000101110101 $
1&
b0000101110010 ;
b0000101110011 >
1@
1A
#3735
0&
0@
0A
#3740
b00000000000000000000000101110110 "
b00000000000000000000000101110110 $
1&
b0000101110011 ;
b0000101110100 >
1@
1A
#3745
0&
0@
0A
#3750
b00000000000000000000000101110111 "
b00000000000000000000000101110111 $
1&
b0000101110100 ;
b0000101110101 >
1@
1A
#3755
0&
0@
0A
#3760
b00000000000000000000000101111000 "
b00000000000000000000000101111000 $
1&
b0000101110101 ;
b0000101110110 >
1@
1A
#3765
0&
0@
0A
#3770
b00000000000000000000000101111001 "
b00000000000000000000000101111001 $
1&
b0000101110110 ;
b0000101110111 >
1@
1A
#3775
0&
0@
0A
#3780
b00000000000000000000000101111010 "
b00000000000000000000000101111010 $
1&
b0000101110111 ;
b0000101111000 >
1@
1A
#3785
0&
0@
0A
#3790
b00000000000000000000000101111011 "
b00000000000000000000000101111011 $
1&
b0000101111000 ;
b0000101111001 >
1@
1A
#3795
0&
0@
0A
#3800
b00000000000000000000000101111100 "
b00000000000000000000000101111100 $
1&
b0000101111001 ;
b0000101111010 >
1@
1A
#3805
0&
0@
0A
#3810
b00000000000000000000000101111101 "
b00000000000000000000000101111101 $
1&
b0000101111010 ;
b0000101111011 >
1@
1A
#3815
0&
0@
0A
#3820
b00000000000000000000000101111110 "
b00000000000000000000000101111110 $
1&
b0000101111011 ;
b0000101111100 >
1@
1A
#3825
0&
0@
0A
#3830
b00000000000000000000000101111111 "
b00000000000000000000000101111111 $
1&
b0000101111100 ;
b0000101111101 >
1@
1A
#3835
0&
0@
0A
#3840
b00000000000000000000000110000000 "
b00000000000000000000000110000000 $
1&
b0000101111101 ;
b0000101111110 >
1@
1A
#3845
0&
0@
0A
#3850
b00000000000000000000000110000001 "
b00000000000000000000000110000001 $
1&
b0000101111110 ;
b0000101111111 >
1@
1A
#3855
0&
0@
0A
#3860
b00000000000000000000000110000010 "
b00000000000000000000000110000010 $
1&
b0000101111111 ;
b0000110000000 >
1@
1A
#3865
0&
0@
0A
#3870
b00000000000000000000000110000011 "
b00000000000000000000000110000011 $
1&
b0000110000000 ;
b0000110000001 >
1@
1A
#3875
0&
0@
0A
#3880
b00000000000000000000000110000100 "
b00000000000000000000000110000100 $
1&
b0000110000001 ;
b0000110000010 >
1@
1A
#3885
0&
0@
0A
#3890
b00000000000000000000000110000101 "
b00000000000000000000000110000101 $
1&
b0000110000010 ;
b0000110000011 >
1@
1A
#3895
0&
0@
0A
#3900
b00000000000000000000000110000110 "
b00000000000000000000000110000110 $
1&
b0000110000011 ;
b0000110000100 >
1@
1A
#3905
0&
0@
0A
#3910
b00000000000000000000000110000111 "
b00000000000000000000000110000111 $
1&
b0000110000100 ;
b0000110000101 >
1@
1A
#3915
0&
0@
0A
#3920
b00000000000000000000000110001000 "
b00000000000000000000000110001000 $
1&
b0000110000101 ;
b0000110000110 >
1@
1A
#3925
0&
0@
0A
#3930
b00000000000000000000000110001001 "
b00000000000000000000000110001001 $
1&
b0000110000110 ;
b0000110000111 >
1@
1A
#3935
0&
0@
0A
#3940
b00000000000000000000000110001010 "
b00000000000000000000000110001010 $
1&
b0000110000111 ;
b0000110001000 >
1@
1A
#3945
0&
0@
0A
#3950
b00000000000000000000000110001011 "
b00000000000000000000000110001011 $
1&
b0000110001000 ;
b0000110001001 >
1@
1A
#3955
0&
0@
0A
#3960
b00000000000000000000000110001100 "
b00000000000000000000000110001100 $
1&
b0000110001001 ;
b0000110001010 >
1@
1A
#3965
0&
0@
0A
#3970
b00000000000000000000000110001101 "
b00000000000000000000000110001101 $
1&
b0000110001010 ;
b0000110001011 >
1@
1A
#3975
0&
0@
0A
#3980
b00000000000000000000000110001110 "
b00000000000000000000000110001110 $
1&
b0000110001011 ;
b0000110001100 >
1@
1A
#3985
0&
0@
0A
#3990
b00000000000000000000000110001111 "
b00000000000000000000000110001111 $
1&
b0000110001100 ;
b0000110001101 >
1@
1A
#3995
0&
0@
0A
#4000
b00000000000000000000000110010000 "
b00000000000000000000000110010000 $
1&
b0000110001101 ;
b0000110001110 >
1@
1A
#4005
0&
0@
0A
#4010
b00000000000000000000000110010001 "
b00000000000000000000000110010001 $
1&
b0000110001110 ;
b0000110001111 >
1@
1A
#4015
0&
0@
0A
#4020
b00000000000000000000000110010010 "
b00000000000000000000000110010010 $
1&
b0000110001111 ;
b0000110010000 >
1@
1A
#4025
0&
0@
0A
#4030
b00000000000000000000000110010011 "
b00000000000000000000000110010011 $
1&
b0000110010000 ;
b0000110010001 >
1@
1A
#4035
0&
0@
0A
#4040
b00000000000000000000000110010100 "
b00000000000000000000000110010100 $
1&
b0000110010001 ;
b0000110010010 >
1@
1A
#4045
0&
0@
0A
#4050
b00000000000000000000000110010101 "
b00000000000000000000000110010101 $
1&
b0000110010010 ;
b0000110010011 >
1@
1A
#4055
0&
0@
0A
#4060
b00000000000000000000000110010110 "
b00000000000000000000000110010110 $
1&
b0000110010011 ;
b0000110010100 >
1@
1A
#4065
0&
0@
0A
#4070
b00000000000000000000000110010111 "
b00000000000000000000000110010111 $
1&
b0000110010100 ;
b0000110010101 >
1@
1A
#4075
0&
0@
0A
#4080
b00000000000000000000000110011000 "
b00000000000000000000000110011000 $
1&
b0000110010101 ;
b0000110010110 >
1@
1A
#4085
0&
0@
0A
#4090
b00000000000000000000000110011001 "
b00000000000000000000000110011001 $
1&
b0000110010110 ;
b0000110010111 >
1@
1A
#4095
0&
0@
0A
#4100
b00000000000000000000000110011010 "
b00000000000000000000000110011010 $
1&
b0000110010111 ;
b0000110011000 >
1@
1A
#4105
0&
0@
0A
#4110
b00000000000000000000000110011011 "
b00000000000000000000000110011011 $
1&
b0000110011000 ;
b0000110011001 >
1@
1A
#4115
0&
0@
0A
#4120
b00000000000000000000000110011100 "
b00000000000000000000000110011100 $
1&
b0000110011001 ;
b0000110011010 >
1@
1A
#4125
0&
0@
0A
#4130
b00000000000000000000000110011101 "
b00000000000000000000000110011101 $
1&
b0000110011010 ;
b0000110011011 >
1@
1A
#4135
0&
0@
0A
#4140
b00000000000000000000000110011110 "
b00000000000000000000000110011110 $
1&
b0000110011011 ;
b0000110011100 >
1@
1A
#4145
0&
0@
0A
#4150
b00000000000000000000000110011111 "
b00000000000000000000000110011111 $
1&
b0000110011100 ;
b0000110011101 >
1@
1A
#4155
0&
0@
0A
#4160
b00000000000000000000000110100000 "
b00000000000000000000000110100000 $
1&
b0000110011101 ;
b0000110011110 >
1@
1A
#4165
0&
0@
0A
#4170
b00000000000000000000000110100001 "
b00000000000000000000000110100001 $
1&
b0000110011110 ;
b0000110011111 >
1@
1A
#4175
0&
0@
0A
#4180
b00000000000000000000000110100010 "
b00000000000000000000000110100010 $
1&
b0000110011111 ;
b0000110100000 >
1@
1A
#4185
0&
0@
0A
#4190
b00000000000000000000000110100011 "
b00000000000000000000000110100011 $
1&
b0000110100000 ;
b0000110100001 >
1@
1A
#4195
0&
0@
0A
#4200
b00000000000000000000000110100100 "
b00000000000000000000000110100100 $
1&
b0000110100001 ;
b0000110100010 >
1@
1A
#4205
0&
0@
0A
#4210
b00000000000000000000000110100101 "
b00000000000000000000000110100101 $
1&
b0000110100010 ;
b0000110100011 >
1@
1A
#4215
0&
0@
0A
#4220
b00000000000000000000000110100110 "
b00000000000000000000000110100110 $
1&
b0000110100011 ;
b0000110100100 >
1@
1A
#4225
0&
0@
0A
#4230
b00000000000000000000000110100111 "
b00000000000000000000000110100111 $
1&
b0000110100100 ;
b0000110100101 >
1@
1A
#4235
0&
0@
0A
#4240
b00000000000000000000000110101000 "
b00000000000000000000000110101000 $
1&
b0000110100101 ;
b0000110100110 >
1@
1A
#4245
0&
0@
0A
#4250
b00000000000000000000000110101001 "
b00000000000000000000000110101001 $
1&
b0000110100110 ;
b0000110100111 >
1@
1A
#4255
0&
0@
0A
#4260
b00000000000000000000000110101010 "
b00000000000000000000000110101010 $
1&
b0000110100111 ;
b0000110101000 >
1@
1A
#4265
0&
0@
0A
#4270
b00000000000000000000000110101011 "
b00000000000000000000000110101011 $
1&
b0000110101000 ;
b0000110101001 >
1@
1A
#4275
0&
0@
0A
#4280
b00000000000000000000000110101100 "
b00000000000000000000000110101100 $
1&
b0000110101001 ;
b0000110101010 >
1@
1A
#4285
0&
0@
0A
#4290
b00000000000000000000000110101101 "
b00000000000000000000000110101101 $
1&
b0000110101010 ;
b0000110101011 >
1@
1A
#4295
0&
0@
0A
#4300
b00000000000000000000000110101110 "
b00000000000000000000000110101110 $
1&
b0000110101011 ;
b0000110101100 >
1@
1A
#4305
0&
0@
0A
#4310
b00000000000000000000000110101111 "
b00000000000000000000000110101111 $
1&
b0000110101100 ;
b0000110101101 >
1@
1A
#4315
0&
0@
0A
#4320
b00000000000000000000000110110000 "
b00000000000000000000000110110000 $
1&
b0000110101101 ;
b0000110101110 >
1@
1A
#4325
0&
0@
0A
#4330
b00000000000000000000000110110001 "
b00000000000000000000000110110001 $
1&
b0000110101110 ;
b0000110101111 >
1@
1A
#4335
0&
0@
0A
#4340
b00000000000000000000000110110010 "
b00000000000000000000000110110010 $
1&
b0000110101111 ;
b0000110110000 >
1@
1A
#4345
0&
0@
0A
#4350
b00000000000000000000000110110011 "
b00000000000000000000000110110011 $
1&
b0000110110000 ;
b0000110110001 >
1@
1A
#4355
0&
0@
0A
#4360
b00000000000000000000000110110100 "
b00000000000000000000000110110100 $
1&
b0000110110001 ;
b0000110110010 >
1@
1A
#4365
0&
0@
0A
#4370
b00000000000000000000000110110101 "
b00000000000000000000000110110101 $
1&
b0000110110010 ;
b0000110110011 >
1@
1A
#4375
0&
0@
0A
#4380
b00000000000000000000000110110110 "
b00000000000000000000000110110110 $
1&
b0000110110011 ;
b0000110110100 >
1@
1A
#4385
0&
0@
0A
#4390
b00000000000000000000000110110111 "
b00000000000000000000000110110111 $
1&
b0000110110100 ;
b0000110110101 >
1@
1A
#4395
0&
0@
0A
#4400
b00000000000000000000000110111000 "
b00000000000000000000000110111000 $
1&
b0000110110101 ;
b0000110110110 >
1@
1A
#4405
0&
0@
0A
#4410
b00000000000000000000000110111001 "
b00000000000000000000000110111001 $
1&
b0000110110110 ;
b0000110110111 >
1@
1A
#4415
0&
0@
0A
#4420
b00000000000000000000000110111010 "
b00000000000000000000000110111010 $
1&
b0000110110111 ;
b0000110111000 >
1@
1A
#4425
0&
0@
0A
#4430
b00000000000000000000000110111011 "
b00000000000000000000000110111011 $
1&
b0000110111000 ;
b0000110111001 >
1@
1A
#4435
0&
0@
0A
#4440
b00000000000000000000000110111100 "
b00000000000000000000000110111100 $
1&
b0000110111001 ;
b0000110111010 >
1@
1A
#4445
0&
0@
0A
#4450
b00000000000000000000000110111101 "
b00000000000000000000000110111101 $
1&
b0000110111010 ;
b0000110111011 >
1@
1A
#4455
0&
0@
0A
#4460
b00000000000000000000000110111110 "
b00000000000000000000000110111110 $
1&
b0000110111011 ;
b0000110111100 >
1@
1A
#4465
0&
0@
0A
#4470
b00000000000000000000000110111111 "
b00000000000000000000000110111111 $
1&
b0000110111100 ;
b0000110111101 >
1@
1A
#4475
0&
0@
0A
#4480
b00000000000000000000000111000000 "
b00000000000000000000000111000000 $
1&
b0000110111101 ;
b0000110111110 >
1@
1A
#4485
0&
0@
0A
#4490
b00000000000000000000000111000001 "
b00000000000000000000000111000001 $
1&
b0000110111110 ;
b0000110111111 >
1@
1A
#4495
0&
0@
0A
#4500
b00000000000000000000000111000010 "
b00000000000000000000000111000010 $
1&
b0000110111111 ;
b0000111000000 >
1@
1A
#4505
0&
0@
0A
#4510
b00000000000000000000000111000011 "
b00000000000000000000000111000011 $
1&
b0000111000000 ;
b0000111000001 >
1@
1A
#4515
0&
0@
0A
#4520
b00000000000000000000000111000100 "
b00000000000000000000000111000100 $
1&
b0000111000001 ;
b0000111000010 >
1@
1A
#4525
0&
0@
0A
#4530
b00000000000000000000000111000101 "
b00000000000000000000000111000101 $
1&
b0000111000010 ;
b0000111000011 >
1@
1A
#4535
0&
0@
0A
#4540
b00000000000000000000000111000110 "
b00000000000000000000000111000110 $
1&
b0000111000011 ;
b0000111000100 >
1@
1A
#4545
0&
0@
0A
#4550
b00000000000000000000000111000111 "
b00000000000000000000000111000111 $
1&
b0000111000100 ;
b0000111000101 >
1@
1A
#4555
0&
0@
0A
#4560
b00000000000000000000000111001000 "
b00000000000000000000000111001000 $
1&
b0000111000101 ;
b0000111000110 >
1@
1A
#4565
0&
0@
0A
#4570
b00000000000000000000000111001001 "
b00000000000000000000000111001001 $
1&
b0000111000110 ;
b0000111000111 >
1@
1A
#4575
0&
0@
0A
#4580
b00000000000000000000000111001010 "
b00000000000000000000000111001010 $
1&
b0000111000111 ;
b0000111001000 >
1@
1A
#4585
0&
0@
0A
#4590
b00000000000000000000000111001011 "
b00000000000000000000000111001011 $
1&
b0000111001000 ;
b0000111001001 >
1@
1A
#4595
0&
0@
0A
#4600
b00000000000000000000000111001100 "
b00000000000000000000000111001100 $
1&
b0000111001001 ;
b0000111001010 >
1@
1A
#4605
0&
0@
0A
#4610
b00000000000000000000000111001101 "
b00000000000000000000000111001101 $
1&
b0000111001010 ;
b0000111001011 >
1@
1A
#4615
0&
0@
0A
#4620
b00000000000000000000000111001110 "
b00000000000000000000000111001110 $
1&
b0000111001011 ;
b0000111001100 >
1@
1A
#4625
0&
0@
0A
#4630
b00000000000000000000000111001111 "
b00000000000000000000000111001111 $
1&
b0000111001100 ;
b0000111001101 >
1@
1A
#4635
0&
0@
0A
#4640
b00000000000000000000000111010000 "
b00000000000000000000000111010000 $
1&
b0000111001101 ;
b0000111001110 >
1@
1A
#4645
0&
0@
0A
#4650
b00000000000000000000000111010001 "
b00000000000000000000000111010001 $
1&
b0000111001110 ;
b0000111001111 >
1@
1A
#4655
0&
0@
0A
#4660
b00000000000000000000000111010010 "
b00000000000000000000000111010010 $
1&
b0000111001111 ;
b0000111010000 >
1@
1A
#4665
0&
0@
0A
#4670
b00000000000000000000000111010011 "
b00000000000000000000000111010011 $
1&
b0000111010000 ;
b0000111010001 >
1@
1A
#4675
0&
0@
0A
#4680
b00000000000000000000000111010100 "
b00000000000000000000000111010100 $
1&
b0000111010001 ;
b0000111010010 >
1@
1A
#4685
0&
0@
0A
#4690
b00000000000000000000000111010101 "
b00000000000000000000000111010101 $
1&
b0000111010010 ;
b0000111010011 >
1@
1A
#4695
0&
0@
0A
#4700
b00000000000000000000000111010110 "
b00000000000000000000000111010110 $
1&
b0000111010011 ;
b0000111010100 >
1@
1A
#4705
0&
0@
0A
#4710
b00000000000000000000000111010111 "
b00000000000000000000000111010111 $
1&
b0000111010100 ;
b0000111010101 >
1@
1A
#4715
0&
0@
0A
#4720
b00000000000000000000000111011000 "
b00000000000000000000000111011000 $
1&
b0000111010101 ;
b0000111010110 >
1@
1A
#4725
0&
0@
0A
#4730
b00000000000000000000000111011001 "
b00000000000000000000000111011001 $
1&
b0000111010110 ;
b0000111010111 >
1@
1A
#4735
0&
0@
0A
#4740
b00000000000000000000000111011010 "
b00000000000000000000000111011010 $
1&
b0000111010111 ;
b0000111011000 >
1@
1A
#4745
0&
0@
0A
#4750
b00000000000000000000000111011011 "
b00000000000000000000000111011011 $
1&
b0000111011000 ;
b0000111011001 >
1@
1A
#4755
0&
0@
0A
#4760
b00000000000000000000000111011100 "
b00000000000000000000000111011100 $
1&
b0000111011001 ;
b0000111011010 >
1@
1A
#4765
0&
0@
0A
#4770
b00000000000000000000000111011101 "
b00000000000000000000000111011101 $
1&
b0000111011010 ;
b0000111011011 >
1@
1A
#4775
0&
0@
0A
#4780
b00000000000000000000000111011110 "
b00000000000000000000000111011110 $
1&
b0000111011011 ;
b0000111011100 >
1@
1A
#4785
0&
0@
0A
#4790
b00000000000000000000000111011111 "
b00000000000000000000000111011111 $
1&
b0000111011100 ;
b0000111011101 >
1@
1A
#4795
0&
0@
0A
#4800
b00000000000000000000000111100000 "
b00000000000000000000000111100000 $
1&
b0000111011101 ;
b0000111011110 >
1@
1A
#4805
0&
0@
0A
#4810
b00000000000000000000000111100001 "
b00000000000000000000000111100001 $
1&
b0000111011110 ;
b0000111011111 >
1@
1A
#4815
0&
0@
0A
#4820
b00000000000000000000000111100010 "
b00000000000000000000000111100010 $
1&
b0000111011111 ;
b0000111100000 >
1@
1A
#4825
0&
0@
0A
#4830
b00000000000000000000000111100011 "
b00000000000000000000000111100011 $
1&
b0000111100000 ;
b0000111100001 >
1@
1A
#4835
0&
0@
0A
#4840
b00000000000000000000000111100100 "
b00000000000000000000000111100100 $
1&
b0000111100001 ;
b0000111100010 >
1@
1A
#4845
0&
0@
0A
#4850
b00000000000000000000000111100101 "
b00000000000000000000000111100101 $
1&
b0000111100010 ;
b0000111100011 >
1@
1A
#4855
0&
0@
0A
#4860
b00000000000000000000000111100110 "
b00000000000000000000000111100110 $
1&
b0000111100011 ;
b0000111100100 >
1@
1A
#4865
0&
0@
0A
#4870
b00000000000000000000000111100111 "
b00000000000000000000000111100111 $
1&
b0000111100100 ;
b0000111100101 >
1@
1A
#4875
0&
0@
0A
#4880
b00000000000000000000000111101000 "
b00000000000000000000000111101000 $
1&
b0000111100101 ;
b0000111100110 >
1@
1A
#4885
0&
0@
0A
#4890
b00000000000000000000000111101001 "
b00000000000000000000000111101001 $
1&
b0000111100110 ;
b0000111100111 >
1@
1A
#4895
0&
0@
0A
#4900
b00000000000000000000000111101010 "
b00000000000000000000000111101010 $
1&
b0000111100111 ;
b0000111101000 >
1@
1A
#4905
0&
0@
0A
#4910
b00000000000000000000000111101011 "
b00000000000000000000000111101011 $
1&
b0000111101000 ;
b0000111101001 >
1@
1A
#4915
0&
0@
0A
#4920
b00000000000000000000000111101100 "
b00000000000000000000000111101100 $
1&
b0000111101001 ;
b0000111101010 >
1@
1A
#4925
0&
0@
0A
#4930
b00000000000000000000000111101101 "
b00000000000000000000000111101101 $
1&
b0000111101010 ;
b0000111101011 >
1@
1A
#4935
0&
0@
0A
#4940
b00000000000000000000000111101110 "
b00000000000000000000000111101110 $
1&
b0000111101011 ;
b0000111101100 >
1@
1A
#4945
0&
0@
0A
#4950
b00000000000000000000000111101111 "
b00000000000000000000000111101111 $
1&
b0000111101100 ;
b0000111101101 >
1@
1A
#4955
0&
0@
0A
#4960
b00000000000000000000000111110000 "
b00000000000000000000000111110000 $
1&
b0000111101101 ;
b0000111101110 >
1@
1A
#4965
0&
0@
0A
#4970
b00000000000000000000000111110001 "
b00000000000000000000000111110001 $
1&
b0000111101110 ;
b0000111101111 >
1@
1A
#4975
0&
0@
0A
#4980
b00000000000000000000000111110010 "
b00000000000000000000000111110010 $
1&
b0000111101111 ;
b0000111110000 >
1@
1A
#4985
0&
0@
0A
#4990
b00000000000000000000000111110011 "
b00000000000000000000000111110011 $
1&
b0000111110000 ;
b0000111110001 >
1@
1A
#4995
0&
0@
0A
#5000
b00000000000000000000000111110100 "
b00000000000000000000000111110100 $
1&
b0000111110001 ;
b0000111110010 >
1@
1A
#5005
0&
0@
0A
#5010
b00000000000000000000000111110101 "
b00000000000000000000000111110101 $
1&
b0000111110010 ;
b0000111110011 >
1@
1A
#5015
0&
0@
0A
#5020
b00000000000000000000000111110110 "
b00000000000000000000000111110110 $
1&
b0000111110011 ;
b0000111110100 >
1@
1A
#5025
0&
0@
0A
#5030
b00000000000000000000000111110111 "
b00000000000000000000000111110111 $
1&
b0000111110100 ;
b0000111110101 >
1@
1A
#5035
0&
0@
0A
#5040
b00000000000000000000000111111000 "
b00000000000000000000000111111000 $
1&
b0000111110101 ;
b0000111110110 >
1@
1A
#5045
0&
0@
0A
#5050
b00000000000000000000000111111001 "
b00000000000000000000000111111001 $
1&
b0000111110110 ;
b0000111110111 >
1@
1A
#5055
0&
0@
0A
#5060
b00000000000000000000000111111010 "
b00000000000000000000000111111010 $
1&
b0000111110111 ;
b0000111111000 >
1@
1A
#5065
0&
0@
0A
#5070
b00000000000000000000000111111011 "
b00000000000000000000000111111011 $
1&
b0000111111000 ;
b0000111111001 >
1@
1A
#5075
0&
0@
0A
#5080
b00000000000000000000000111111100 "
b00000000000000000000000111111100 $
1&
b0000111111001 ;
b0000111111010 >
1@
1A
#5085
0&
0@
0A
#5090
b00000000000000000000000111111101 "
b00000000000000000000000111111101 $
1&
b0000111111010 ;
b0000111111011 >
1@
1A
#5095
0&
0@
0A
#5100
b00000000000000000000000111111110 "
b00000000000000000000000111111110 $
1&
b0000111111011 ;
b0000111111100 >
1@
1A
#5105
0&
0@
0A
#5110
b00000000000000000000000111111111 "
b00000000000000000000000111111111 $
1&
b0000111111100 ;
b0000111111101 >
1@
1A
#5115
0&
0@
0A
#5120
b00000000000000000000001000000000 "
b00000000000000000000001000000000 $
1&
b0000111111101 ;
b0000111111110 >
1@
1A
#5125
0&
0@
0A
#5130
b00000000000000000000001000000001 "
b00000000000000000000001000000001 $
1&
b0000111111110 ;
b0000111111111 >
1@
1A
#5135
0&
0@
0A
#5140
b00000000000000000000001000000010 "
b00000000000000000000001000000010 $
1&
b0000111111111 ;
b0001000000000 >
1@
1A
#5145
0&
0@
0A
#5150
b00000000000000000000001000000011 "
b00000000000000000000001000000011 $
1&
b0001000000000 ;
b0001000000001 >
1@
1A
#5155
0&
0@
0A
#5160
b00000000000000000000001000000100 "
b00000000000000000000001000000100 $
1&
b0001000000001 ;
b0001000000010 >
1@
1A
#5165
0&
0@
0A
#5170
b00000000000000000000001000000101 "
b00000000000000000000001000000101 $
1&
b0001000000010 ;
b0001000000011 >
1@
1A
#5175
0&
0@
0A
#5180
b00000000000000000000001000000110 "
b00000000000000000000001000000110 $
1&
b0001000000011 ;
b0001000000100 >
1@
1A
#5185
0&
0@
0A
#5190
b00000000000000000000001000000111 "
b00000000000000000000001000000111 $
1&
b0001000000100 ;
b0001000000101 >
1@
1A
#5195
0&
0@
0A
#5200
b00000000000000000000001000001000 "
b00000000000000000000001000001000 $
1&
b0001000000101 ;
b0001000000110 >
1@
1A
#5205
0&
0@
0A
#5210
b00000000000000000000001000001001 "
b00000000000000000000001000001001 $
1&
b0001000000110 ;
b0001000000111 >
1@
1A
#5215
0&
0@
0A
#5220
b00000000000000000000001000001010 "
b00000000000000000000001000001010 $
1&
b0001000000111 ;
b0001000001000 >
1@
1A
#5225
0&
0@
0A
#5230
b00000000000000000000001000001011 "
b00000000000000000000001000001011 $
1&
b0001000001000 ;
b0001000001001 >
1@
1A
#5235
0&
0@
0A
#5240
b00000000000000000000001000001100 "
b00000000000000000000001000001100 $
1&
b0001000001001 ;
b0001000001010 >
1@
1A
#5245
0&
0@
0A
#5250
b00000000000000000000001000001101 "
b00000000000000000000001000001101 $
1&
b0001000001010 ;
b0001000001011 >
1@
1A
#5255
0&
0@
0A
#5260
b00000000000000000000001000001110 "
b00000000000000000000001000001110 $
1&
b0001000001011 ;
b0001000001100 >
1@
1A
#5265
0&
0@
0A
#5270
b00000000000000000000001000001111 "
b00000000000000000000001000001111 $
1&
b0001000001100 ;
b0001000001101 >
1@
1A
#5275
0&
0@
0A
#5280
b00000000000000000000001000010000 "
b00000000000000000000001000010000 $
1&
b0001000001101 ;
b0001000001110 >
1@
1A
#5285
0&
0@
0A
#5290
b00000000000000000000001000010001 "
b00000000000000000000001000010001 $
1&
b0001000001110 ;
b0001000001111 >
1@
1A
#5295
0&
0@
0A
#5300
b00000000000000000000001000010010 "
b00000000000000000000001000010010 $
1&
b0001000001111 ;
b0001000010000 >
1@
1A
#5305
0&
0@
0A
#5310
b00000000000000000000001000010011 "
b00000000000000000000001000010011 $
1&
b0001000010000 ;
b0001000010001 >
1@
1A
#5315
0&
0@
0A
#5320
b00000000000000000000001000010100 "
b00000000000000000000001000010100 $
1&
b0001000010001 ;
b0001000010010 >
1@
1A
#5325
0&
0@
0A
#5330
b00000000000000000000001000010101 "
b00000000000000000000001000010101 $
1&
b0001000010010 ;
b0001000010011 >
1@
1A
#5335
0&
0@
0A
#5340
b00000000000000000000001000010110 "
b00000000000000000000001000010110 $
1&
b0001000010011 ;
b0001000010100 >
1@
1A
#5345
0&
0@
0A
#5350
b00000000000000000000001000010111 "
b00000000000000000000001000010111 $
1&
b0001000010100 ;
b0001000010101 >
1@
1A
#5355
0&
0@
0A
#5360
b00000000000000000000001000011000 "
b00000000000000000000001000011000 $
1&
b0001000010101 ;
b0001000010110 >
1@
1A
#5365
0&
0@
0A
#5370
b00000000000000000000001000011001 "
b00000000000000000000001000011001 $
1&
b0001000010110 ;
b0001000010111 >
1@
1A
#5375
0&
0@
0A
#5380
b00000000000000000000001000011010 "
b00000000000000000000001000011010 $
1&
b0001000010111 ;
b0001000011000 >
1@
1A
#5385
0&
0@
0A
#5390
b00000000000000000000001000011011 "
b00000000000000000000001000011011 $
1&
b0001000011000 ;
b0001000011001 >
1@
1A
#5395
0&
0@
0A
#5400
b00000000000000000000001000011100 "
b00000000000000000000001000011100 $
1&
b0001000011001 ;
b0001000011010 >
1@
1A
#5405
0&
0@
0A
#5410
b00000000000000000000001000011101 "
b00000000000000000000001000011101 $
1&
b0001000011010 ;
b0001000011011 >
1@
1A
#5415
0&
0@
0A
#5420
b00000000000000000000001000011110 "
b00000000000000000000001000011110 $
1&
b0001000011011 ;
b0001000011100 >
1@
1A
#5425
0&
0@
0A
#5430
b00000000000000000000001000011111 "
b00000000000000000000001000011111 $
1&
b0001000011100 ;
b0001000011101 >
1@
1A
#5435
0&
0@
0A
#5440
b00000000000000000000001000100000 "
b00000000000000000000001000100000 $
1&
b0001000011101 ;
b0001000011110 >
1@
1A
#5445
0&
0@
0A
#5450
b00000000000000000000001000100001 "
b00000000000000000000001000100001 $
1&
b0001000011110 ;
b0001000011111 >
1@
1A
#5455
0&
0@
0A
#5460
b00000000000000000000001000100010 "
b00000000000000000000001000100010 $
1&
b0001000011111 ;
b0001000100000 >
1@
1A
#5465
0&
0@
0A
#5470
b00000000000000000000001000100011 "
b00000000000000000000001000100011 $
1&
b0001000100000 ;
b0001000100001 >
1@
1A
#5475
0&
0@
0A
#5480
b00000000000000000000001000100100 "
b00000000000000000000001000100100 $
1&
b0001000100001 ;
b0001000100010 >
1@
1A
#5485
0&
0@
0A
#5490
b00000000000000000000001000100101 "
b00000000000000000000001000100101 $
1&
b0001000100010 ;
b0001000100011 >
1@
1A
#5495
0&
0@
0A
#5500
b00000000000000000000001000100110 "
b00000000000000000000001000100110 $
1&
b0001000100011 ;
b0001000100100 >
1@
1A
#5505
0&
0@
0A
#5510
b00000000000000000000001000100111 "
b00000000000000000000001000100111 $
1&
b0001000100100 ;
b0001000100101 >
1@
1A
#5515
0&
0@
0A
#5520
b00000000000000000000001000101000 "
b00000000000000000000001000101000 $
1&
b0001000100101 ;
b0001000100110 >
1@
1A
#5525
0&
0@
0A
#5530
b00000000000000000000001000101001 "
b00000000000000000000001000101001 $
1&
b0001000100110 ;
b0001000100111 >
1@
1A
#5535
0&
0@
0A
#5540
b00000000000000000000001000101010 "
b00000000000000000000001000101010 $
1&
b0001000100111 ;
b0001000101000 >
1@
1A
#5545
0&
0@
0A
#5550
b00000000000000000000001000101011 "
b00000000000000000000001000101011 $
1&
b0001000101000 ;
b0001000101001 >
1@
1A
#5555
0&
0@
0A
#5560
b00000000000000000000001000101100 "
b00000000000000000000001000101100 $
1&
b0001000101001 ;
b0001000101010 >
1@
1A
#5565
0&
0@
0A
#5570
b00000000000000000000001000101101 "
b00000000000000000000001000101101 $
1&
b0001000101010 ;
b0001000101011 >
1@
1A
#5575
0&
0@
0A
#5580
b00000000000000000000001000101110 "
b00000000000000000000001000101110 $
1&
b0001000101011 ;
b0001000101100 >
1@
1A
#5585
0&
0@
0A
#5590
b00000000000000000000001000101111 "
b00000000000000000000001000101111 $
1&
b0001000101100 ;
b0001000101101 >
1@
1A
#5595
0&
0@
0A
#5600
b00000000000000000000001000110000 "
b00000000000000000000001000110000 $
1&
b0001000101101 ;
b0001000101110 >
1@
1A
#5605
0&
0@
0A
#5610
b00000000000000000000001000110001 "
b00000000000000000000001000110001 $
1&
b0001000101110 ;
b0001000101111 >
1@
1A
#5615
0&
0@
0A
#5620
b00000000000000000000001000110010 "
b00000000000000000000001000110010 $
1&
b0001000101111 ;
b0001000110000 >
1@
1A
#5625
0&
0@
0A
#5630
b00000000000000000000001000110011 "
b00000000000000000000001000110011 $
1&
b0001000110000 ;
b0001000110001 >
1@
1A
#5635
0&
0@
0A
#5640
b00000000000000000000001000110100 "
b00000000000000000000001000110100 $
1&
b0001000110001 ;
b0001000110010 >
1@
1A
#5645
0&
0@
0A
#5650
b00000000000000000000001000110101 "
b00000000000000000000001000110101 $
1&
b0001000110010 ;
b0001000110011 >
1@
1A
#5655
0&
0@
0A
#5660
b00000000000000000000001000110110 "
b00000000000000000000001000110110 $
1&
b0001000110011 ;
b0001000110100 >
1@
1A
#5665
0&
0@
0A
#5670
b00000000000000000000001000110111 "
b00000000000000000000001000110111 $
1&
b0001000110100 ;
b0001000110101 >
1@
1A
#5675
0&
0@
0A
#5680
b00000000000000000000001000111000 "
b00000000000000000000001000111000 $
1&
b0001000110101 ;
b0001000110110 >
1@
1A
#5685
0&
0@
0A
#5690
b00000000000000000000001000111001 "
b00000000000000000000001000111001 $
1&
b0001000110110 ;
b0001000110111 >
1@
1A
#5695
0&
0@
0A
#5700
b00000000000000000000001000111010 "
b00000000000000000000001000111010 $
1&
b0001000110111 ;
b0001000111000 >
1@
1A
#5705
0&
0@
0A
#5710
b00000000000000000000001000111011 "
b00000000000000000000001000111011 $
1&
b0001000111000 ;
b0001000111001 >
1@
1A
#5715
0&
0@
0A
#5720
b00000000000000000000001000111100 "
b00000000000000000000001000111100 $
1&
b0001000111001 ;
b0001000111010 >
1@
1A
#5725
0&
0@
0A
#5730
b00000000000000000000001000111101 "
b00000000000000000000001000111101 $
1&
b0001000111010 ;
b0001000111011 >
1@
1A
#5735
0&
0@
0A
#5740
b00000000000000000000001000111110 "
b00000000000000000000001000111110 $
1&
b0001000111011 ;
b0001000111100 >
1@
1A
#5745
0&
0@
0A
#5750
b00000000000000000000001000111111 "
b00000000000000000000001000111111 $
1&
b0001000111100 ;
b0001000111101 >
1@
1A
#5755
0&
0@
0A
#5760
b00000000000000000000001001000000 "
b00000000000000000000001001000000 $
1&
b0001000111101 ;
b0001000111110 >
1@
1A
#5765
0&
0@
0A
#5770
b00000000000000000000001001000001 "
b00000000000000000000001001000001 $
1&
b0001000111110 ;
b0001000111111 >
1@
1A
#5775
0&
0@
0A
#5780
b00000000000000000000001001000010 "
b00000000000000000000001001000010 $
1&
b0001000111111 ;
b0001001000000 >
1@
1A
#5785
0&
0@
0A
#5790
b00000000000000000000001001000011 "
b00000000000000000000001001000011 $
1&
b0001001000000 ;
b0001001000001 >
1@
1A
#5795
0&
0@
0A
#5800
b00000000000000000000001001000100 "
b00000000000000000000001001000100 $
1&
b0001001000001 ;
b0001001000010 >
1@
1A
#5805
0&
0@
0A
#5810
b00000000000000000000001001000101 "
b00000000000000000000001001000101 $
1&
b0001001000010 ;
b0001001000011 >
1@
1A
#5815
0&
0@
0A
#5820
b00000000000000000000001001000110 "
b00000000000000000000001001000110 $
1&
b0001001000011 ;
b0001001000100 >
1@
1A
#5825
0&
0@
0A
#5830
b00000000000000000000001001000111 "
b00000000000000000000001001000111 $
1&
b0001001000100 ;
b0001001000101 >
1@
1A
#5835
0&
0@
0A
#5840
b00000000000000000000001001001000 "
b00000000000000000000001001001000 $
1&
b0001001000101 ;
b0001001000110 >
1@
1A
#5845
0&
0@
0A
#5850
b00000000000000000000001001001001 "
b00000000000000000000001001001001 $
1&
b0001001000110 ;
b0001001000111 >
1@
1A
#5855
0&
0@
0A
#5860
b00000000000000000000001001001010 "
b00000000000000000000001001001010 $
1&
b0001001000111 ;
b0001001001000 >
1@
1A
#5865
0&
0@
0A
#5870
b00000000000000000000001001001011 "
b00000000000000000000001001001011 $
1&
b0001001001000 ;
b0001001001001 >
1@
1A
#5875
0&
0@
0A
#5880
b00000000000000000000001001001100 "
b00000000000000000000001001001100 $
1&
b0001001001001 ;
b0001001001010 >
1@
1A
#5885
0&
0@
0A
#5890
b00000000000000000000001001001101 "
b00000000000000000000001001001101 $
1&
b0001001001010 ;
b0001001001011 >
1@
1A
#5895
0&
0@
0A
#5900
b00000000000000000000001001001110 "
b00000000000000000000001001001110 $
1&
b0001001001011 ;
b0001001001100 >
1@
1A
#5905
0&
0@
0A
#5910
b00000000000000000000001001001111 "
b00000000000000000000001001001111 $
1&
b0001001001100 ;
b0001001001101 >
1@
1A
#5915
0&
0@
0A
#5920
b00000000000000000000001001010000 "
b00000000000000000000001001010000 $
1&
b0001001001101 ;
b0001001001110 >
1@
1A
#5925
0&
0@
0A
#5930
b00000000000000000000001001010001 "
b00000000000000000000001001010001 $
1&
b0001001001110 ;
b0001001001111 >
1@
1A
#5935
0&
0@
0A
#5940
b00000000000000000000001001010010 "
b00000000000000000000001001010010 $
1&
b0001001001111 ;
b0001001010000 >
1@
1A
#5945
0&
0@
0A
#5950
b00000000000000000000001001010011 "
b00000000000000000000001001010011 $
1&
b0001001010000 ;
b0001001010001 >
1@
1A
#5955
0&
0@
0A
#5960
b00000000000000000000001001010100 "
b00000000000000000000001001010100 $
1&
b0001001010001 ;
b0001001010010 >
1@
1A
#5965
0&
0@
0A
#5970
b00000000000000000000001001010101 "
b00000000000000000000001001010101 $
1&
b0001001010010 ;
b0001001010011 >
1@
1A
#5975
0&
0@
0A
#5980
b00000000000000000000001001010110 "
b00000000000000000000001001010110 $
1&
b0001001010011 ;
b0001001010100 >
1@
1A
#5985
0&
0@
0A
#5990
b00000000000000000000001001010111 "
b00000000000000000000001001010111 $
1&
b0001001010100 ;
b0001001010101 >
1@
1A
#5995
0&
0@
0A
#6000
b00000000000000000000001001011000 "
b00000000000000000000001001011000 $
1&
b0001001010101 ;
b0001001010110 >
1@
1A
#6005
0&
0@
0A
#6010
b00000000000000000000001001011001 "
b00000000000000000000001001011001 $
1&
b0001001010110 ;
b0001001010111 >
1@
1A
#6015
0&
0@
0A
#6020
b00000000000000000000001001011010 "
b00000000000000000000001001011010 $
1&
b0001001010111 ;
b0001001011000 >
1@
1A
#6025
0&
0@
0A
#6030
b00000000000000000000001001011011 "
b00000000000000000000001001011011 $
1&
b0001001011000 ;
b0001001011001 >
1@
1A
#6035
0&
0@
0A
#6040
b00000000000000000000001001011100 "
b00000000000000000000001001011100 $
1&
b0001001011001 ;
b0001001011010 >
1@
1A
#6045
0&
0@
0A
#6050
b00000000000000000000001001011101 "
b00000000000000000000001001011101 $
1&
b0001001011010 ;
b0001001011011 >
1@
1A
#6055
0&
0@
0A
#6060
b00000000000000000000001001011110 "
b00000000000000000000001001011110 $
1&
b0001001011011 ;
b0001001011100 >
1@
1A
#6065
0&
0@
0A
#6070
b00000000000000000000001001011111 "
b00000000000000000000001001011111 $
1&
b0001001011100 ;
b0001001011101 >
1@
1A
#6075
0&
0@
0A
#6080
b00000000000000000000001001100000 "
b00000000000000000000001001100000 $
1&
b0001001011101 ;
b0001001011110 >
1@
1A
#6085
0&
0@
0A
#6090
b00000000000000000000001001100001 "
b00000000000000000000001001100001 $
1&
b0001001011110 ;
b0001001011111 >
1@
1A
#6095
0&
0@
0A
#6100
b00000000000000000000001001100010 "
b00000000000000000000001001100010 $
1&
b0001001011111 ;
b0001001100000 >
1@
1A
#6105
0&
0@
0A
#6110
b00000000000000000000001001100011 "
b00000000000000000000001001100011 $
1&
b0001001100000 ;
b0001001100001 >
1@
1A
#6115
0&
0@
0A
#6120
b00000000000000000000001001100100 "
b00000000000000000000001001100100 $
1&
b0001001100001 ;
b0001001100010 >
1@
1A
#6125
0&
0@
0A
#6130
b00000000000000000000001001100101 "
b00000000000000000000001001100101 $
1&
b0001001100010 ;
b0001001100011 >
1@
1A
#6135
0&
0@
0A
#6140
b00000000000000000000001001100110 "
b00000000000000000000001001100110 $
1&
b0001001100011 ;
b0001001100100 >
1@
1A
#6145
0&
0@
0A
#6150
b00000000000000000000001001100111 "
b00000000000000000000001001100111 $
1&
b0001001100100 ;
b0001001100101 >
1@
1A
#6155
0&
0@
0A
#6160
b00000000000000000000001001101000 "
b00000000000000000000001001101000 $
1&
b0001001100101 ;
b0001001100110 >
1@
1A
#6165
0&
0@
0A
#6170
b00000000000000000000001001101001 "
b00000000000000000000001001101001 $
1&
b0001001100110 ;
b0001001100111 >
1@
1A
#6175
0&
0@
0A
#6180
b00000000000000000000001001101010 "
b00000000000000000000001001101010 $
1&
b0001001100111 ;
b0001001101000 >
1@
1A
#6185
0&
0@
0A
#6190
b00000000000000000000001001101011 "
b00000000000000000000001001101011 $
1&
b0001001101000 ;
b0001001101001 >
1@
1A
#6195
0&
0@
0A
#6200
b00000000000000000000001001101100 "
b00000000000000000000001001101100 $
1&
b0001001101001 ;
b0001001101010 >
1@
1A
#6205
0&
0@
0A
#6210
b00000000000000000000001001101101 "
b00000000000000000000001001101101 $
1&
b0001001101010 ;
b0001001101011 >
1@
1A
#6215
0&
0@
0A
#6220
b00000000000000000000001001101110 "
b00000000000000000000001001101110 $
1&
b0001001101011 ;
b0001001101100 >
1@
1A
#6225
0&
0@
0A
#6230
b00000000000000000000001001101111 "
b00000000000000000000001001101111 $
1&
b0001001101100 ;
b0001001101101 >
1@
1A
#6235
0&
0@
0A
#6240
b00000000000000000000001001110000 "
b00000000000000000000001001110000 $
1&
b0001001101101 ;
b0001001101110 >
1@
1A
#6245
0&
0@
0A
#6250
b00000000000000000000001001110001 "
b00000000000000000000001001110001 $
1&
b0001001101110 ;
b0001001101111 >
1@
1A
#6255
0&
0@
0A
#6260
b00000000000000000000001001110010 "
b00000000000000000000001001110010 $
1&
b0001001101111 ;
b0001001110000 >
1@
1A
#6265
0&
0@
0A
#6270
b00000000000000000000001001110011 "
b00000000000000000000001001110011 $
1&
b0001001110000 ;
b0001001110001 >
1@
1A
#6275
0&
0@
0A
#6280
b00000000000000000000001001110100 "
b00000000000000000000001001110100 $
1&
b0001001110001 ;
b0001001110010 >
1@
1A
#6285
0&
0@
0A
#6290
b00000000000000000000001001110101 "
b00000000000000000000001001110101 $
1&
b0001001110010 ;
b0001001110011 >
1@
1A
#6295
0&
0@
0A
#6300
b00000000000000000000001001110110 "
b00000000000000000000001001110110 $
1&
b0001001110011 ;
b0001001110100 >
1@
1A
#6305
0&
0@
0A
#6310
b00000000000000000000001001110111 "
b00000000000000000000001001110111 $
1&
b0001001110100 ;
b0001001110101 >
1@
1A
#6315
0&
0@
0A
#6320
b00000000000000000000001001111000 "
b00000000000000000000001001111000 $
1&
b0001001110101 ;
b0001001110110 >
1@
1A
#6325
0&
0@
0A
#6330
b00000000000000000000001001111001 "
b00000000000000000000001001111001 $
1&
b0001001110110 ;
b0001001110111 >
1@
1A
#6335
0&
0@
0A
#6340
b00000000000000000000001001111010 "
b00000000000000000000001001111010 $
1&
b0001001110111 ;
b0001001111000 >
1@
1A
#6345
0&
0@
0A
#6350
b00000000000000000000001001111011 "
b00000000000000000000001001111011 $
1&
b0001001111000 ;
b0001001111001 >
1@
1A
#6355
0&
0@
0A
#6360
b00000000000000000000001001111100 "
b00000000000000000000001001111100 $
1&
b0001001111001 ;
b0001001111010 >
1@
1A
#6365
0&
0@
0A
#6370
b00000000000000000000001001111101 "
b00000000000000000000001001111101 $
1&
b0001001111010 ;
b0001001111011 >
1@
1A
#6375
0&
0@
0A
#6380
b00000000000000000000001001111110 "
b00000000000000000000001001111110 $
1&
b0001001111011 ;
b0001001111100 >
1@
1A
#6385
0&
0@
0A
#6390
b00000000000000000000001001111111 "
b00000000000000000000001001111111 $
1&
b0001001111100 ;
b0001001111101 >
1@
1A
#6395
0&
0@
0A
#6400
b00000000000000000000001010000000 "
b00000000000000000000001010000000 $
1&
b0001001111101 ;
b0001001111110 >
1@
1A
#6405
0&
0@
0A
#6410
b00000000000000000000001010000001 "
b00000000000000000000001010000001 $
1&
b0001001111110 ;
b0001001111111 >
1@
1A
#6415
0&
0@
0A
#6420
b00000000000000000000001010000010 "
b00000000000000000000001010000010 $
1&
b0001001111111 ;
b0001010000000 >
1@
1A
#6425
0&
0@
0A
#6430
b00000000000000000000001010000011 "
b00000000000000000000001010000011 $
1&
b0001010000000 ;
b0001010000001 >
1@
1A
#6435
0&
0@
0A
#6440
b00000000000000000000001010000100 "
b00000000000000000000001010000100 $
1&
b0001010000001 ;
b0001010000010 >
1@
1A
#6445
0&
0@
0A
#6450
b00000000000000000000001010000101 "
b00000000000000000000001010000101 $
1&
b0001010000010 ;
b0001010000011 >
1@
1A
#6455
0&
0@
0A
#6460
b00000000000000000000001010000110 "
b00000000000000000000001010000110 $
1&
b0001010000011 ;
b0001010000100 >
1@
1A
#6465
0&
0@
0A
#6470
b00000000000000000000001010000111 "
b00000000000000000000001010000111 $
1&
b0001010000100 ;
b0001010000101 >
1@
1A
#6475
0&
0@
0A
#6480
b00000000000000000000001010001000 "
b00000000000000000000001010001000 $
1&
b0001010000101 ;
b0001010000110 >
1@
1A
#6485
0&
0@
0A
#6490
b00000000000000000000001010001001 "
b00000000000000000000001010001001 $
1&
b0001010000110 ;
b0001010000111 >
1@
1A
#6495
0&
0@
0A
#6500
b00000000000000000000001010001010 "
b00000000000000000000001010001010 $
1&
b0001010000111 ;
b0001010001000 >
1@
1A
#6505
0&
0@
0A
#6510
b00000000000000000000001010001011 "
b00000000000000000000001010001011 $
1&
b0001010001000 ;
b0001010001001 >
1@
1A
#6515
0&
0@
0A
#6520
b00000000000000000000001010001100 "
b00000000000000000000001010001100 $
1&
b0001010001001 ;
b0001010001010 >
1@
1A
#6525
0&
0@
0A
#6530
b00000000000000000000001010001101 "
b00000000000000000000001010001101 $
1&
b0001010001010 ;
b0001010001011 >
1@
1A
#6535
0&
0@
0A
#6540
b00000000000000000000001010001110 "
b00000000000000000000001010001110 $
1&
b0001010001011 ;
b0001010001100 >
1@
1A
#6545
0&
0@
0A
#6550
b00000000000000000000001010001111 "
b00000000000000000000001010001111 $
1&
b0001010001100 ;
b0001010001101 >
1@
1A
#6555
0&
0@
0A
#6560
b00000000000000000000001010010000 "
b00000000000000000000001010010000 $
1&
b0001010001101 ;
b0001010001110 >
1@
1A
#6565
0&
0@
0A
#6570
b00000000000000000000001010010001 "
b00000000000000000000001010010001 $
1&
b0001010001110 ;
b0001010001111 >
1@
1A
#6575
0&
0@
0A
#6580
b00000000000000000000001010010010 "
b00000000000000000000001010010010 $
1&
b0001010001111 ;
b0001010010000 >
1@
1A
#6585
0&
0@
0A
#6590
b00000000000000000000001010010011 "
b00000000000000000000001010010011 $
1&
b0001010010000 ;
b0001010010001 >
1@
1A
#6595
0&
0@
0A
#6600
b00000000000000000000001010010100 "
b00000000000000000000001010010100 $
1&
b0001010010001 ;
b0001010010010 >
1@
1A
#6605
0&
0@
0A
#6610
b00000000000000000000001010010101 "
b00000000000000000000001010010101 $
1&
b0001010010010 ;
b0001010010011 >
1@
1A
#6615
0&
0@
0A
#6620
b00000000000000000000001010010110 "
b00000000000000000000001010010110 $
1&
b0001010010011 ;
b0001010010100 >
1@
1A
#6625
0&
0@
0A
#6630
b00000000000000000000001010010111 "
b00000000000000000000001010010111 $
1&
b0001010010100 ;
b0001010010101 >
1@
1A
#6635
0&
0@
0A
#6640
b00000000000000000000001010011000 "
b00000000000000000000001010011000 $
1&
b0001010010101 ;
b0001010010110 >
1@
1A
#6645
0&
0@
0A
#6650
b00000000000000000000001010011001 "
b00000000000000000000001010011001 $
1&
b0001010010110 ;
b0001010010111 >
1@
1A
#6655
0&
0@
0A
#6660
b00000000000000000000001010011010 "
b00000000000000000000001010011010 $
1&
b0001010010111 ;
b0001010011000 >
1@
1A
#6665
0&
0@
0A
#6670
b00000000000000000000001010011011 "
b00000000000000000000001010011011 $
1&
b0001010011000 ;
b0001010011001 >
1@
1A
#6675
0&
0@
0A
#6680
b00000000000000000000001010011100 "
b00000000000000000000001010011100 $
1&
b0001010011001 ;
b0001010011010 >
1@
1A
#6685
0&
0@
0A
#6690
b00000000000000000000001010011101 "
b00000000000000000000001010011101 $
1&
b0001010011010 ;
b0001010011011 >
1@
1A
#6695
0&
0@
0A
#6700
b00000000000000000000001010011110 "
b00000000000000000000001010011110 $
1&
b0001010011011 ;
b0001010011100 >
1@
1A
#6705
0&
0@
0A
#6710
b00000000000000000000001010011111 "
b00000000000000000000001010011111 $
1&
b0001010011100 ;
b0001010011101 >
1@
1A
#6715
0&
0@
0A
#6720
b00000000000000000000001010100000 "
b00000000000000000000001010100000 $
1&
b0001010011101 ;
b0001010011110 >
1@
1A
#6725
0&
0@
0A
#6730
b00000000000000000000001010100001 "
b00000000000000000000001010100001 $
1&
b0001010011110 ;
b0001010011111 >
1@
1A
#6735
0&
0@
0A
#6740
b00000000000000000000001010100010 "
b00000000000000000000001010100010 $
1&
b0001010011111 ;
b0001010100000 >
1@
1A
#6745
0&
0@
0A
#6750
b00000000000000000000001010100011 "
b00000000000000000000001010100011 $
1&
b0001010100000 ;
b0001010100001 >
1@
1A
#6755
0&
0@
0A
#6760
b00000000000000000000001010100100 "
b00000000000000000000001010100100 $
1&
b0001010100001 ;
b0001010100010 >
1@
1A
#6765
0&
0@
0A
#6770
b00000000000000000000001010100101 "
b00000000000000000000001010100101 $
1&
b0001010100010 ;
b0001010100011 >
1@
1A
#6775
0&
0@
0A
#6780
b00000000000000000000001010100110 "
b00000000000000000000001010100110 $
1&
b0001010100011 ;
b0001010100100 >
1@
1A
#6785
0&
0@
0A
#6790
b00000000000000000000001010100111 "
b00000000000000000000001010100111 $
1&
b0001010100100 ;
b0001010100101 >
1@
1A
#6795
0&
0@
0A
#6800
b00000000000000000000001010101000 "
b00000000000000000000001010101000 $
1&
b0001010100101 ;
b0001010100110 >
1@
1A
#6805
0&
0@
0A
#6810
b00000000000000000000001010101001 "
b00000000000000000000001010101001 $
1&
b0001010100110 ;
b0001010100111 >
1@
1A
#6815
0&
0@
0A
#6820
b00000000000000000000001010101010 "
b00000000000000000000001010101010 $
1&
b0001010100111 ;
b0001010101000 >
1@
1A
#6825
0&
0@
0A
#6830
b00000000000000000000001010101011 "
b00000000000000000000001010101011 $
1&
b0001010101000 ;
b0001010101001 >
1@
1A
#6835
0&
0@
0A
#6840
b00000000000000000000001010101100 "
b00000000000000000000001010101100 $
1&
b0001010101001 ;
b0001010101010 >
1@
1A
#6845
0&
0@
0A
#6850
b00000000000000000000001010101101 "
b00000000000000000000001010101101 $
1&
b0001010101010 ;
b0001010101011 >
1@
1A
#6855
0&
0@
0A
#6860
b00000000000000000000001010101110 "
b00000000000000000000001010101110 $
1&
b0001010101011 ;
b0001010101100 >
1@
1A
#6865
0&
0@
0A
#6870
b00000000000000000000001010101111 "
b00000000000000000000001010101111 $
1&
b0001010101100 ;
b0001010101101 >
1@
1A
#6875
0&
0@
0A
#6880
b00000000000000000000001010110000 "
b00000000000000000000001010110000 $
1&
b0001010101101 ;
b0001010101110 >
1@
1A
#6885
0&
0@
0A
#6890
b00000000000000000000001010110001 "
b00000000000000000000001010110001 $
1&
b0001010101110 ;
b0001010101111 >
1@
1A
#6895
0&
0@
0A
#6900
b00000000000000000000001010110010 "
b00000000000000000000001010110010 $
1&
b0001010101111 ;
b0001010110000 >
1@
1A
#6905
0&
0@
0A
#6910
b00000000000000000000001010110011 "
b00000000000000000000001010110011 $
1&
b0001010110000 ;
b0001010110001 >
1@
1A
#6915
0&
0@
0A
#6920
b00000000000000000000001010110100 "
b00000000000000000000001010110100 $
1&
b0001010110001 ;
b0001010110010 >
1@
1A
#6925
0&
0@
0A
#6930
b00000000000000000000001010110101 "
b00000000000000000000001010110101 $
1&
b0001010110010 ;
b0001010110011 >
1@
1A
#6935
0&
0@
0A
#6940
b00000000000000000000001010110110 "
b00000000000000000000001010110110 $
1&
b0001010110011 ;
b0001010110100 >
1@
1A
#6945
0&
0@
0A
#6950
b00000000000000000000001010110111 "
b00000000000000000000001010110111 $
1&
b0001010110100 ;
b0001010110101 >
1@
1A
#6955
0&
0@
0A
#6960
b00000000000000000000001010111000 "
b00000000000000000000001010111000 $
1&
b0001010110101 ;
b0001010110110 >
1@
1A
#6965
0&
0@
0A
#6970
b00000000000000000000001010111001 "
b00000000000000000000001010111001 $
1&
b0001010110110 ;
b0001010110111 >
1@
1A
#6975
0&
0@
0A
#6980
b00000000000000000000001010111010 "
b00000000000000000000001010111010 $
1&
b0001010110111 ;
b0001010111000 >
1@
1A
#6985
0&
0@
0A
#6990
b00000000000000000000001010111011 "
b00000000000000000000001010111011 $
1&
b0001010111000 ;
b0001010111001 >
1@
1A
#6995
0&
0@
0A
#7000
b00000000000000000000001010111100 "
b00000000000000000000001010111100 $
1&
b0001010111001 ;
b0001010111010 >
1@
1A
#7005
0&
0@
0A
#7010
b00000000000000000000001010111101 "
b00000000000000000000001010111101 $
1&
b0001010111010 ;
b0001010111011 >
1@
1A
#7015
0&
0@
0A
#7020
b00000000000000000000001010111110 "
b00000000000000000000001010111110 $
1&
b0001010111011 ;
b0001010111100 >
1@
1A
#7025
0&
0@
0A
#7030
b00000000000000000000001010111111 "
b00000000000000000000001010111111 $
1&
b0001010111100 ;
b0001010111101 >
1@
1A
#7035
0&
0@
0A
#7040
b00000000000000000000001011000000 "
b00000000000000000000001011000000 $
1&
b0001010111101 ;
b0001010111110 >
1@
1A
#7045
0&
0@
0A
#7050
b00000000000000000000001011000001 "
b00000000000000000000001011000001 $
1&
b0001010111110 ;
b0001010111111 >
1@
1A
#7055
0&
0@
0A
#7060
b00000000000000000000001011000010 "
b00000000000000000000001011000010 $
1&
b0001010111111 ;
b0001011000000 >
1@
1A
#7065
0&
0@
0A
#7070
b00000000000000000000001011000011 "
b00000000000000000000001011000011 $
1&
b0001011000000 ;
b0001011000001 >
1@
1A
#7075
0&
0@
0A
#7080
b00000000000000000000001011000100 "
b00000000000000000000001011000100 $
1&
b0001011000001 ;
b0001011000010 >
1@
1A
#7085
0&
0@
0A
#7090
b00000000000000000000001011000101 "
b00000000000000000000001011000101 $
1&
b0001011000010 ;
b0001011000011 >
1@
1A
#7095
0&
0@
0A
#7100
b00000000000000000000001011000110 "
b00000000000000000000001011000110 $
1&
b0001011000011 ;
b0001011000100 >
1@
1A
#7105
0&
0@
0A
#7110
b00000000000000000000001011000111 "
b00000000000000000000001011000111 $
1&
b0001011000100 ;
b0001011000101 >
1@
1A
#7115
0&
0@
0A
#7120
b00000000000000000000001011001000 "
b00000000000000000000001011001000 $
1&
b0001011000101 ;
b0001011000110 >
1@
1A
#7125
0&
0@
0A
#7130
b00000000000000000000001011001001 "
b00000000000000000000001011001001 $
1&
b0001011000110 ;
b0001011000111 >
1@
1A
#7135
0&
0@
0A
#7140
b00000000000000000000001011001010 "
b00000000000000000000001011001010 $
1&
b0001011000111 ;
b0001011001000 >
1@
1A
#7145
0&
0@
0A
#7150
b00000000000000000000001011001011 "
b00000000000000000000001011001011 $
1&
b0001011001000 ;
b0001011001001 >
1@
1A
#7155
0&
0@
0A
#7160
b00000000000000000000001011001100 "
b00000000000000000000001011001100 $
1&
b0001011001001 ;
b0001011001010 >
1@
1A
#7165
0&
0@
0A
#7170
b00000000000000000000001011001101 "
b00000000000000000000001011001101 $
1&
b0001011001010 ;
b0001011001011 >
1@
1A
#7175
0&
0@
0A
#7180
b00000000000000000000001011001110 "
b00000000000000000000001011001110 $
1&
b0001011001011 ;
b0001011001100 >
1@
1A
#7185
0&
0@
0A
#7190
b00000000000000000000001011001111 "
b00000000000000000000001011001111 $
1&
b0001011001100 ;
b0001011001101 >
1@
1A
#7195
0&
0@
0A
#7200
b00000000000000000000001011010000 "
b00000000000000000000001011010000 $
1&
b0001011001101 ;
b0001011001110 >
1@
1A
#7205
0&
0@
0A
#7210
b00000000000000000000001011010001 "
b00000000000000000000001011010001 $
1&
b0001011001110 ;
b0001011001111 >
1@
1A
#7215
0&
0@
0A
#7220
b00000000000000000000001011010010 "
b00000000000000000000001011010010 $
1&
b0001011001111 ;
b0001011010000 >
1@
1A
#7225
0&
0@
0A
#7230
b00000000000000000000001011010011 "
b00000000000000000000001011010011 $
1&
b0001011010000 ;
b0001011010001 >
1@
1A
#7235
0&
0@
0A
#7240
b00000000000000000000001011010100 "
b00000000000000000000001011010100 $
1&
b0001011010001 ;
b0001011010010 >
1@
1A
#7245
0&
0@
0A
#7250
b00000000000000000000001011010101 "
b00000000000000000000001011010101 $
1&
b0001011010010 ;
b0001011010011 >
1@
1A
#7255
0&
0@
0A
#7260
b00000000000000000000001011010110 "
b00000000000000000000001011010110 $
1&
b0001011010011 ;
b0001011010100 >
1@
1A
#7265
0&
0@
0A
#7270
b00000000000000000000001011010111 "
b00000000000000000000001011010111 $
1&
b0001011010100 ;
b0001011010101 >
1@
1A
#7275
0&
0@
0A
#7280
b00000000000000000000001011011000 "
b00000000000000000000001011011000 $
1&
b0001011010101 ;
b0001011010110 >
1@
1A
#7285
0&
0@
0A
#7290
b00000000000000000000001011011001 "
b00000000000000000000001011011001 $
1&
b0001011010110 ;
b0001011010111 >
1@
1A
#7295
0&
0@
0A
#7300
b00000000000000000000001011011010 "
b00000000000000000000001011011010 $
1&
b0001011010111 ;
b0001011011000 >
1@
1A
#7305
0&
0@
0A
#7310
b00000000000000000000001011011011 "
b00000000000000000000001011011011 $
1&
b0001011011000 ;
b0001011011001 >
1@
1A
#7315
0&
0@
0A
#7320
b00000000000000000000001011011100 "
b00000000000000000000001011011100 $
1&
b0001011011001 ;
b0001011011010 >
1@
1A
#7325
0&
0@
0A
#7330
b00000000000000000000001011011101 "
b00000000000000000000001011011101 $
1&
b0001011011010 ;
b0001011011011 >
1@
1A
#7335
0&
0@
0A
#7340
b00000000000000000000001011011110 "
b00000000000000000000001011011110 $
1&
b0001011011011 ;
b0001011011100 >
1@
1A
#7345
0&
0@
0A
#7350
b00000000000000000000001011011111 "
b00000000000000000000001011011111 $
1&
b0001011011100 ;
b0001011011101 >
1@
1A
#7355
0&
0@
0A
#7360
b00000000000000000000001011100000 "
b00000000000000000000001011100000 $
1&
b0001011011101 ;
b0001011011110 >
1@
1A
#7365
0&
0@
0A
#7370
b00000000000000000000001011100001 "
b00000000000000000000001011100001 $
1&
b0001011011110 ;
b0001011011111 >
1@
1A
#7375
0&
0@
0A
#7380
b00000000000000000000001011100010 "
b00000000000000000000001011100010 $
1&
b0001011011111 ;
b0001011100000 >
1@
1A
#7385
0&
0@
0A
#7390
b00000000000000000000001011100011 "
b00000000000000000000001011100011 $
1&
b0001011100000 ;
b0001011100001 >
1@
1A
#7395
0&
0@
0A
#7400
b00000000000000000000001011100100 "
b00000000000000000000001011100100 $
1&
b0001011100001 ;
b0001011100010 >
1@
1A
#7405
0&
0@
0A
#7410
b00000000000000000000001011100101 "
b00000000000000000000001011100101 $
1&
b0001011100010 ;
b0001011100011 >
1@
1A
#7415
0&
0@
0A
#7420
b00000000000000000000001011100110 "
b00000000000000000000001011100110 $
1&
b0001011100011 ;
b0001011100100 >
1@
1A
#7425
0&
0@
0A
#7430
b00000000000000000000001011100111 "
b00000000000000000000001011100111 $
1&
b0001011100100 ;
b0001011100101 >
1@
1A
#7435
0&
0@
0A
#7440
b00000000000000000000001011101000 "
b00000000000000000000001011101000 $
1&
b0001011100101 ;
b0001011100110 >
1@
1A
#7445
0&
0@
0A
#7450
b00000000000000000000001011101001 "
b00000000000000000000001011101001 $
1&
b0001011100110 ;
b0001011100111 >
1@
1A
#7455
0&
0@
0A
#7460
b00000000000000000000001011101010 "
b00000000000000000000001011101010 $
1&
b0001011100111 ;
b0001011101000 >
1@
1A
#7465
0&
0@
0A
#7470
b00000000000000000000001011101011 "
b00000000000000000000001011101011 $
1&
b0001011101000 ;
b0001011101001 >
1@
1A
#7475
0&
0@
0A
#7480
b00000000000000000000001011101100 "
b00000000000000000000001011101100 $
1&
b0001011101001 ;
b0001011101010 >
1@
1A
#7485
0&
0@
0A
#7490
b00000000000000000000001011101101 "
b00000000000000000000001011101101 $
1&
b0001011101010 ;
b0001011101011 >
1@
1A
#7495
0&
0@
0A
#7500
b00000000000000000000001011101110 "
b00000000000000000000001011101110 $
1&
b0001011101011 ;
b0001011101100 >
1@
1A
#7505
0&
0@
0A
#7510
b00000000000000000000001011101111 "
b00000000000000000000001011101111 $
1&
b0001011101100 ;
b0001011101101 >
1@
1A
#7515
0&
0@
0A
#7520
b00000000000000000000001011110000 "
b00000000000000000000001011110000 $
1&
b0001011101101 ;
b0001011101110 >
1@
1A
#7525
0&
0@
0A
#7530
b00000000000000000000001011110001 "
b00000000000000000000001011110001 $
1&
b0001011101110 ;
b0001011101111 >
1@
1A
#7535
0&
0@
0A
#7540
b00000000000000000000001011110010 "
b00000000000000000000001011110010 $
1&
b0001011101111 ;
b0001011110000 >
1@
1A
#7545
0&
0@
0A
#7550
b00000000000000000000001011110011 "
b00000000000000000000001011110011 $
1&
b0001011110000 ;
b0001011110001 >
1@
1A
#7555
0&
0@
0A
#7560
b00000000000000000000001011110100 "
b00000000000000000000001011110100 $
1&
b0001011110001 ;
b0001011110010 >
1@
1A
#7565
0&
0@
0A
#7570
b00000000000000000000001011110101 "
b00000000000000000000001011110101 $
1&
b0001011110010 ;
b0001011110011 >
1@
1A
#7575
0&
0@
0A
#7580
b00000000000000000000001011110110 "
b00000000000000000000001011110110 $
1&
b0001011110011 ;
b0001011110100 >
1@
1A
#7585
0&
0@
0A
#7590
b00000000000000000000001011110111 "
b00000000000000000000001011110111 $
1&
b0001011110100 ;
b0001011110101 >
1@
1A
#7595
0&
0@
0A
#7600
b00000000000000000000001011111000 "
b00000000000000000000001011111000 $
1&
b0001011110101 ;
b0001011110110 >
1@
1A
#7605
0&
0@
0A
#7610
b00000000000000000000001011111001 "
b00000000000000000000001011111001 $
1&
b0001011110110 ;
b0001011110111 >
1@
1A
#7615
0&
0@
0A
#7620
b00000000000000000000001011111010 "
b00000000000000000000001011111010 $
1&
b0001011110111 ;
b0001011111000 >
1@
1A
#7625
0&
0@
0A
#7630
b00000000000000000000001011111011 "
b00000000000000000000001011111011 $
1&
b0001011111000 ;
b0001011111001 >
1@
1A
#7635
0&
0@
0A
#7640
b00000000000000000000001011111100 "
b00000000000000000000001011111100 $
1&
b0001011111001 ;
b0001011111010 >
1@
1A
#7645
0&
0@
0A
#7650
b00000000000000000000001011111101 "
b00000000000000000000001011111101 $
1&
b0001011111010 ;
b0001011111011 >
1@
1A
#7655
0&
0@
0A
#7660
b00000000000000000000001011111110 "
b00000000000000000000001011111110 $
1&
b0001011111011 ;
b0001011111100 >
1@
1A
#7665
0&
0@
0A
#7670
b00000000000000000000001011111111 "
b00000000000000000000001011111111 $
1&
b0001011111100 ;
b0001011111101 >
1@
1A
#7675
0&
0@
0A
#7680
b00000000000000000000001100000000 "
b00000000000000000000001100000000 $
1&
b0001011111101 ;
b0001011111110 >
1@
1A
#7685
0&
0@
0A
#7690
b00000000000000000000001100000001 "
b00000000000000000000001100000001 $
1&
b0001011111110 ;
b0001011111111 >
1@
1A
#7695
0&
0@
0A
#7700
b00000000000000000000001100000010 "
b00000000000000000000001100000010 $
1&
b0001011111111 ;
b0001100000000 >
1@
1A
#7705
0&
0@
0A
#7710
b00000000000000000000001100000011 "
b00000000000000000000001100000011 $
1&
b0001100000000 ;
b0001100000001 >
1@
1A
#7715
0&
0@
0A
#7720
b00000000000000000000001100000100 "
b00000000000000000000001100000100 $
1&
b0001100000001 ;
b0001100000010 >
1@
1A
#7725
0&
0@
0A
#7730
b00000000000000000000001100000101 "
b00000000000000000000001100000101 $
1&
b0001100000010 ;
b0001100000011 >
1@
1A
#7735
0&
0@
0A
#7740
b00000000000000000000001100000110 "
b00000000000000000000001100000110 $
1&
b0001100000011 ;
b0001100000100 >
1@
1A
#7745
0&
0@
0A
#7750
b00000000000000000000001100000111 "
b00000000000000000000001100000111 $
1&
b0001100000100 ;
b0001100000101 >
1@
1A
#7755
0&
0@
0A
#7760
b00000000000000000000001100001000 "
b00000000000000000000001100001000 $
1&
b0001100000101 ;
b0001100000110 >
1@
1A
#7765
0&
0@
0A
#7770
b00000000000000000000001100001001 "
b00000000000000000000001100001001 $
1&
b0001100000110 ;
b0001100000111 >
1@
1A
#7775
0&
0@
0A
#7780
b00000000000000000000001100001010 "
b00000000000000000000001100001010 $
1&
b0001100000111 ;
b0001100001000 >
1@
1A
#7785
0&
0@
0A
#7790
b00000000000000000000001100001011 "
b00000000000000000000001100001011 $
1&
b0001100001000 ;
b0001100001001 >
1@
1A
#7795
0&
0@
0A
#7800
b00000000000000000000001100001100 "
b00000000000000000000001100001100 $
1&
b0001100001001 ;
b0001100001010 >
1@
1A
#7805
0&
0@
0A
#7810
b00000000000000000000001100001101 "
b00000000000000000000001100001101 $
1&
b0001100001010 ;
b0001100001011 >
1@
1A
#7815
0&
0@
0A
#7820
b00000000000000000000001100001110 "
b00000000000000000000001100001110 $
1&
b0001100001011 ;
b0001100001100 >
1@
1A
#7825
0&
0@
0A
#7830
b00000000000000000000001100001111 "
b00000000000000000000001100001111 $
1&
b0001100001100 ;
b0001100001101 >
1@
1A
#7835
0&
0@
0A
#7840
b00000000000000000000001100010000 "
b00000000000000000000001100010000 $
1&
b0001100001101 ;
b0001100001110 >
1@
1A
#7845
0&
0@
0A
#7850
b00000000000000000000001100010001 "
b00000000000000000000001100010001 $
1&
b0001100001110 ;
b0001100001111 >
1@
1A
#7855
0&
0@
0A
#7860
b00000000000000000000001100010010 "
b00000000000000000000001100010010 $
1&
b0001100001111 ;
b0001100010000 >
1@
1A
#7865
0&
0@
0A
#7870
b00000000000000000000001100010011 "
b00000000000000000000001100010011 $
1&
b0001100010000 ;
b0001100010001 >
1@
1A
#7875
0&
0@
0A
#7880
b00000000000000000000001100010100 "
b00000000000000000000001100010100 $
1&
b0001100010001 ;
b0001100010010 >
1@
1A
#7885
0&
0@
0A
#7890
b00000000000000000000001100010101 "
b00000000000000000000001100010101 $
1&
b0001100010010 ;
b0001100010011 >
1@
1A
#7895
0&
0@
0A
#7900
b00000000000000000000001100010110 "
b00000000000000000000001100010110 $
1&
b0001100010011 ;
b0001100010100 >
1@
1A
#7905
0&
0@
0A
#7910
b00000000000000000000001100010111 "
b00000000000000000000001100010111 $
1&
b0001100010100 ;
b0001100010101 >
1@
1A
#7915
0&
0@
0A
#7920
b00000000000000000000001100011000 "
b00000000000000000000001100011000 $
1&
b0001100010101 ;
b0001100010110 >
1@
1A
#7925
0&
0@
0A
#7930
b00000000000000000000001100011001 "
b00000000000000000000001100011001 $
1&
b0001100010110 ;
b0001100010111 >
1@
1A
#7935
0&
0@
0A
#7940
b00000000000000000000001100011010 "
b00000000000000000000001100011010 $
1&
b0001100010111 ;
b0001100011000 >
1@
1A
#7945
0&
0@
0A
#7950
b00000000000000000000001100011011 "
b00000000000000000000001100011011 $
1&
b0001100011000 ;
b0001100011001 >
1@
1A
#7955
0&
0@
0A
#7960
b00000000000000000000001100011100 "
b00000000000000000000001100011100 $
1&
b0001100011001 ;
b0001100011010 >
1@
1A
#7965
0&
0@
0A
#7970
b00000000000000000000001100011101 "
b00000000000000000000001100011101 $
1&
b0001100011010 ;
b0001100011011 >
1@
1A
#7975
0&
0@
0A
#7980
b00000000000000000000001100011110 "
b00000000000000000000001100011110 $
1&
b0001100011011 ;
b0001100011100 >
1@
1A
#7985
0&
0@
0A
#7990
b00000000000000000000001100011111 "
b00000000000000000000001100011111 $
1&
b0001100011100 ;
b0001100011101 >
1@
1A
#7995
0&
0@
0A
#8000
b00000000000000000000001100100000 "
b00000000000000000000001100100000 $
1&
b0001100011101 ;
b0001100011110 >
1@
1A
#8005
0&
0@
0A
#8010
b00000000000000000000001100100001 "
b00000000000000000000001100100001 $
1&
b0001100011110 ;
b0001100011111 >
1@
1A
#8015
0&
0@
0A
#8020
b00000000000000000000001100100010 "
b00000000000000000000001100100010 $
1&
b0001100011111 ;
b0001100100000 >
1@
1A
#8025
0&
0@
0A
#8030
b00000000000000000000001100100011 "
b00000000000000000000001100100011 $
1&
b0001100100000 ;
b0001100100001 >
1@
1A
#8035
0&
0@
0A
#8040
b00000000000000000000001100100100 "
b00000000000000000000001100100100 $
1&
b0001100100001 ;
b0001100100010 >
1@
1A
#8045
0&
0@
0A
#8050
b00000000000000000000001100100101 "
b00000000000000000000001100100101 $
1&
b0001100100010 ;
b0001100100011 >
1@
1A
#8055
0&
0@
0A
#8060
b00000000000000000000001100100110 "
b00000000000000000000001100100110 $
1&
b0001100100011 ;
b0001100100100 >
1@
1A
#8065
0&
0@
0A
#8070
b00000000000000000000001100100111 "
b00000000000000000000001100100111 $
1&
b0001100100100 ;
b0001100100101 >
1@
1A
#8075
0&
0@
0A
#8080
b00000000000000000000001100101000 "
b00000000000000000000001100101000 $
1&
b0001100100101 ;
b0001100100110 >
1@
1A
#8085
0&
0@
0A
#8090
b00000000000000000000001100101001 "
b00000000000000000000001100101001 $
1&
b0001100100110 ;
b0001100100111 >
1@
1A
#8095
0&
0@
0A
#8100
b00000000000000000000001100101010 "
b00000000000000000000001100101010 $
1&
b0001100100111 ;
b0001100101000 >
1@
1A
#8105
0&
0@
0A
#8110
b00000000000000000000001100101011 "
b00000000000000000000001100101011 $
1&
b0001100101000 ;
b0001100101001 >
1@
1A
#8115
0&
0@
0A
#8120
b00000000000000000000001100101100 "
b00000000000000000000001100101100 $
1&
b0001100101001 ;
b0001100101010 >
1@
1A
#8125
0&
0@
0A
#8130
b00000000000000000000001100101101 "
b00000000000000000000001100101101 $
1&
b0001100101010 ;
b0001100101011 >
1@
1A
#8135
0&
0@
0A
#8140
b00000000000000000000001100101110 "
b00000000000000000000001100101110 $
1&
b0001100101011 ;
b0001100101100 >
1@
1A
#8145
0&
0@
0A
#8150
b00000000000000000000001100101111 "
b00000000000000000000001100101111 $
1&
b0001100101100 ;
b0001100101101 >
1@
1A
#8155
0&
0@
0A
#8160
b00000000000000000000001100110000 "
b00000000000000000000001100110000 $
1&
b0001100101101 ;
b0001100101110 >
1@
1A
#8165
0&
0@
0A
#8170
b00000000000000000000001100110001 "
b00000000000000000000001100110001 $
1&
b0001100101110 ;
b0001100101111 >
1@
1A
#8175
0&
0@
0A
#8180
b00000000000000000000001100110010 "
b00000000000000000000001100110010 $
1&
b0001100101111 ;
b0001100110000 >
1@
1A
#8185
0&
0@
0A
#8190
b00000000000000000000001100110011 "
b00000000000000000000001100110011 $
1&
b0001100110000 ;
b0001100110001 >
1@
1A
#8195
0&
0@
0A
#8200
b00000000000000000000001100110100 "
b00000000000000000000001100110100 $
1&
b0001100110001 ;
b0001100110010 >
1@
1A
#8205
0&
0@
0A
#8210
b00000000000000000000001100110101 "
b00000000000000000000001100110101 $
1&
b0001100110010 ;
b0001100110011 >
1@
1A
#8215
0&
0@
0A
#8220
b00000000000000000000001100110110 "
b00000000000000000000001100110110 $
1&
b0001100110011 ;
b0001100110100 >
1@
1A
#8225
0&
0@
0A
#8230
b00000000000000000000001100110111 "
b00000000000000000000001100110111 $
1&
b0001100110100 ;
b0001100110101 >
1@
1A
#8235
0&
0@
0A
#8240
b00000000000000000000001100111000 "
b00000000000000000000001100111000 $
1&
b0001100110101 ;
b0001100110110 >
1@
1A
#8245
0&
0@
0A
#8250
b00000000000000000000001100111001 "
b00000000000000000000001100111001 $
1&
b0001100110110 ;
b0001100110111 >
1@
1A
#8255
0&
0@
0A
#8260
b00000000000000000000001100111010 "
b00000000000000000000001100111010 $
1&
b0001100110111 ;
b0001100111000 >
1@
1A
#8265
0&
0@
0A
#8270
b00000000000000000000001100111011 "
b00000000000000000000001100111011 $
1&
b0001100111000 ;
b0001100111001 >
1@
1A
#8275
0&
0@
0A
#8280
b00000000000000000000001100111100 "
b00000000000000000000001100111100 $
1&
b0001100111001 ;
b0001100111010 >
1@
1A
#8285
0&
0@
0A
#8290
b00000000000000000000001100111101 "
b00000000000000000000001100111101 $
1&
b0001100111010 ;
b0001100111011 >
1@
1A
#8295
0&
0@
0A
#8300
b00000000000000000000001100111110 "
b00000000000000000000001100111110 $
1&
b0001100111011 ;
b0001100111100 >
1@
1A
#8305
0&
0@
0A
#8310
b00000000000000000000001100111111 "
b00000000000000000000001100111111 $
1&
b0001100111100 ;
b0001100111101 >
1@
1A
#8315
0&
0@
0A
#8320
b00000000000000000000001101000000 "
b00000000000000000000001101000000 $
1&
b0001100111101 ;
b0001100111110 >
1@
1A
#8325
0&
0@
0A
#8330
b00000000000000000000001101000001 "
b00000000000000000000001101000001 $
1&
b0001100111110 ;
b0001100111111 >
1@
1A
#8335
0&
0@
0A
#8340
b00000000000000000000001101000010 "
b00000000000000000000001101000010 $
1&
b0001100111111 ;
b0001101000000 >
1@
1A
#8345
0&
0@
0A
#8350
b00000000000000000000001101000011 "
b00000000000000000000001101000011 $
1&
b0001101000000 ;
b0001101000001 >
1@
1A
#8355
0&
0@
0A
#8360
b00000000000000000000001101000100 "
b00000000000000000000001101000100 $
1&
b0001101000001 ;
b0001101000010 >
1@
1A
#8365
0&
0@
0A
#8370
b00000000000000000000001101000101 "
b00000000000000000000001101000101 $
1&
b0001101000010 ;
b0001101000011 >
1@
1A
#8375
0&
0@
0A
#8380
b00000000000000000000001101000110 "
b00000000000000000000001101000110 $
1&
b0001101000011 ;
b0001101000100 >
1@
1A
#8385
0&
0@
0A
#8390
b00000000000000000000001101000111 "
b00000000000000000000001101000111 $
1&
b0001101000100 ;
b0001101000101 >
1@
1A
#8395
0&
0@
0A
#8400
b00000000000000000000001101001000 "
b00000000000000000000001101001000 $
1&
b0001101000101 ;
b0001101000110 >
1@
1A
#8405
0&
0@
0A
#8410
b00000000000000000000001101001001 "
b00000000000000000000001101001001 $
1&
b0001101000110 ;
b0001101000111 >
1@
1A
#8415
0&
0@
0A
#8420
b00000000000000000000001101001010 "
b00000000000000000000001101001010 $
1&
b0001101000111 ;
b0001101001000 >
1@
1A
#8425
0&
0@
0A
#8430
b00000000000000000000001101001011 "
b00000000000000000000001101001011 $
1&
b0001101001000 ;
b0001101001001 >
1@
1A
#8435
0&
0@
0A
#8440
b00000000000000000000001101001100 "
b00000000000000000000001101001100 $
1&
b0001101001001 ;
b0001101001010 >
1@
1A
#8445
0&
0@
0A
#8450
b00000000000000000000001101001101 "
b00000000000000000000001101001101 $
1&
b0001101001010 ;
b0001101001011 >
1@
1A
#8455
0&
0@
0A
#8460
b00000000000000000000001101001110 "
b00000000000000000000001101001110 $
1&
b0001101001011 ;
b0001101001100 >
1@
1A
#8465
0&
0@
0A
#8470
b00000000000000000000001101001111 "
b00000000000000000000001101001111 $
1&
b0001101001100 ;
b0001101001101 >
1@
1A
#8475
0&
0@
0A
#8480
b00000000000000000000001101010000 "
b00000000000000000000001101010000 $
1&
b0001101001101 ;
b0001101001110 >
1@
1A
#8485
0&
0@
0A
#8490
b00000000000000000000001101010001 "
b00000000000000000000001101010001 $
1&
b0001101001110 ;
b0001101001111 >
1@
1A
#8495
0&
0@
0A
#8500
b00000000000000000000001101010010 "
b00000000000000000000001101010010 $
1&
b0001101001111 ;
b0001101010000 >
1@
1A
#8505
0&
0@
0A
#8510
b00000000000000000000001101010011 "
b00000000000000000000001101010011 $
1&
b0001101010000 ;
b0001101010001 >
1@
1A
#8515
0&
0@
0A
#8520
b00000000000000000000001101010100 "
b00000000000000000000001101010100 $
1&
b0001101010001 ;
b0001101010010 >
1@
1A
#8525
0&
0@
0A
#8530
b00000000000000000000001101010101 "
b00000000000000000000001101010101 $
1&
b0001101010010 ;
b0001101010011 >
1@
1A
#8535
0&
0@
0A
#8540
b00000000000000000000001101010110 "
b00000000000000000000001101010110 $
1&
b0001101010011 ;
b0001101010100 >
1@
1A
#8545
0&
0@
0A
#8550
b00000000000000000000001101010111 "
b00000000000000000000001101010111 $
1&
b0001101010100 ;
b0001101010101 >
1@
1A
#8555
0&
0@
0A
#8560
b00000000000000000000001101011000 "
b00000000000000000000001101011000 $
1&
b0001101010101 ;
b0001101010110 >
1@
1A
#8565
0&
0@
0A
#8570
b00000000000000000000001101011001 "
b00000000000000000000001101011001 $
1&
b0001101010110 ;
b0001101010111 >
1@
1A
#8575
0&
0@
0A
#8580
b00000000000000000000001101011010 "
b00000000000000000000001101011010 $
1&
b0001101010111 ;
b0001101011000 >
1@
1A
#8585
0&
0@
0A
#8590
b00000000000000000000001101011011 "
b00000000000000000000001101011011 $
1&
b0001101011000 ;
b0001101011001 >
1@
1A
#8595
0&
0@
0A
#8600
b00000000000000000000001101011100 "
b00000000000000000000001101011100 $
1&
b0001101011001 ;
b0001101011010 >
1@
1A
#8605
0&
0@
0A
#8610
b00000000000000000000001101011101 "
b00000000000000000000001101011101 $
1&
b0001101011010 ;
b0001101011011 >
1@
1A
#8615
0&
0@
0A
#8620
b00000000000000000000001101011110 "
b00000000000000000000001101011110 $
1&
b0001101011011 ;
b0001101011100 >
1@
1A
#8625
0&
0@
0A
#8630
b00000000000000000000001101011111 "
b00000000000000000000001101011111 $
1&
b0001101011100 ;
b0001101011101 >
1@
1A
#8635
0&
0@
0A
#8640
b00000000000000000000001101100000 "
b00000000000000000000001101100000 $
1&
b0001101011101 ;
b0001101011110 >
1@
1A
#8645
0&
0@
0A
#8650
b00000000000000000000001101100001 "
b00000000000000000000001101100001 $
1&
b0001101011110 ;
b0001101011111 >
1@
1A
#8655
0&
0@
0A
#8660
b00000000000000000000001101100010 "
b00000000000000000000001101100010 $
1&
b0001101011111 ;
b0001101100000 >
1@
1A
#8665
0&
0@
0A
#8670
b00000000000000000000001101100011 "
b00000000000000000000001101100011 $
1&
b0001101100000 ;
b0001101100001 >
1@
1A
#8675
0&
0@
0A
#8680
b00000000000000000000001101100100 "
b00000000000000000000001101100100 $
1&
b0001101100001 ;
b0001101100010 >
1@
1A
#8685
0&
0@
0A
#8690
b00000000000000000000001101100101 "
b00000000000000000000001101100101 $
1&
b0001101100010 ;
b0001101100011 >
1@
1A
#8695
0&
0@
0A
#8700
b00000000000000000000001101100110 "
b00000000000000000000001101100110 $
1&
b0001101100011 ;
b0001101100100 >
1@
1A
#8705
0&
0@
0A
#8710
b00000000000000000000001101100111 "
b00000000000000000000001101100111 $
1&
b0001101100100 ;
b0001101100101 >
1@
1A
#8715
0&
0@
0A
#8720
b00000000000000000000001101101000 "
b00000000000000000000001101101000 $
1&
b0001101100101 ;
b0001101100110 >
1@
1A
#8725
0&
0@
0A
#8730
b00000000000000000000001101101001 "
b00000000000000000000001101101001 $
1&
b0001101100110 ;
b0001101100111 >
1@
1A
#8735
0&
0@
0A
#8740
b00000000000000000000001101101010 "
b00000000000000000000001101101010 $
1&
b0001101100111 ;
b0001101101000 >
1@
1A
#8745
0&
0@
0A
#8750
b00000000000000000000001101101011 "
b00000000000000000000001101101011 $
1&
b0001101101000 ;
b0001101101001 >
1@
1A
#8755
0&
0@
0A
#8760
b00000000000000000000001101101100 "
b00000000000000000000001101101100 $
1&
b0001101101001 ;
b0001101101010 >
1@
1A
#8765
0&
0@
0A
#8770
b00000000000000000000001101101101 "
b00000000000000000000001101101101 $
1&
b0001101101010 ;
b0001101101011 >
1@
1A
#8775
0&
0@
0A
#8780
b00000000000000000000001101101110 "
b00000000000000000000001101101110 $
1&
b0001101101011 ;
b0001101101100 >
1@
1A
#8785
0&
0@
0A
#8790
b00000000000000000000001101101111 "
b00000000000000000000001101101111 $
1&
b0001101101100 ;
b0001101101101 >
1@
1A
#8795
0&
0@
0A
#8800
b00000000000000000000001101110000 "
b00000000000000000000001101110000 $
1&
b0001101101101 ;
b0001101101110 >
1@
1A
#8805
0&
0@
0A
#8810
b00000000000000000000001101110001 "
b00000000000000000000001101110001 $
1&
b0001101101110 ;
b0001101101111 >
1@
1A
#8815
0&
0@
0A
#8820
b00000000000000000000001101110010 "
b00000000000000000000001101110010 $
1&
b0001101101111 ;
b0001101110000 >
1@
1A
#8825
0&
0@
0A
#8830
b00000000000000000000001101110011 "
b00000000000000000000001101110011 $
1&
b0001101110000 ;
b0001101110001 >
1@
1A
#8835
0&
0@
0A
#8840
b00000000000000000000001101110100 "
b00000000000000000000001101110100 $
1&
b0001101110001 ;
b0001101110010 >
1@
1A
#8845
0&
0@
0A
#8850
b00000000000000000000001101110101 "
b00000000000000000000001101110101 $
1&
b0001101110010 ;
b0001101110011 >
1@
1A
#8855
0&
0@
0A
#8860
b00000000000000000000001101110110 "
b00000000000000000000001101110110 $
1&
b0001101110011 ;
b0001101110100 >
1@
1A
#8865
0&
0@
0A
#8870
b00000000000000000000001101110111 "
b00000000000000000000001101110111 $
1&
b0001101110100 ;
b0001101110101 >
1@
1A
#8875
0&
0@
0A
#8880
b00000000000000000000001101111000 "
b00000000000000000000001101111000 $
1&
b0001101110101 ;
b0001101110110 >
1@
1A
#8885
0&
0@
0A
#8890
b00000000000000000000001101111001 "
b00000000000000000000001101111001 $
1&
b0001101110110 ;
b0001101110111 >
1@
1A
#8895
0&
0@
0A
#8900
b00000000000000000000001101111010 "
b00000000000000000000001101111010 $
1&
b0001101110111 ;
b0001101111000 >
1@
1A
#8905
0&
0@
0A
#8910
b00000000000000000000001101111011 "
b00000000000000000000001101111011 $
1&
b0001101111000 ;
b0001101111001 >
1@
1A
#8915
0&
0@
0A
#8920
b00000000000000000000001101111100 "
b00000000000000000000001101111100 $
1&
b0001101111001 ;
b0001101111010 >
1@
1A
#8925
0&
0@
0A
#8930
b00000000000000000000001101111101 "
b00000000000000000000001101111101 $
1&
b0001101111010 ;
b0001101111011 >
1@
1A
#8935
0&
0@
0A
#8940
b00000000000000000000001101111110 "
b00000000000000000000001101111110 $
1&
b0001101111011 ;
b0001101111100 >
1@
1A
#8945
0&
0@
0A
#8950
b00000000000000000000001101111111 "
b00000000000000000000001101111111 $
1&
b0001101111100 ;
b0001101111101 >
1@
1A
#8955
0&
0@
0A
#8960
b00000000000000000000001110000000 "
b00000000000000000000001110000000 $
1&
b0001101111101 ;
b0001101111110 >
1@
1A
#8965
0&
0@
0A
#8970
b00000000000000000000001110000001 "
b00000000000000000000001110000001 $
1&
b0001101111110 ;
b0001101111111 >
1@
1A
#8975
0&
0@
0A
#8980
b00000000000000000000001110000010 "
b00000000000000000000001110000010 $
1&
b0001101111111 ;
b0001110000000 >
1@
1A
#8985
0&
0@
0A
#8990
b00000000000000000000001110000011 "
b00000000000000000000001110000011 $
1&
b0001110000000 ;
b0001110000001 >
1@
1A
#8995
0&
0@
0A
#9000
b00000000000000000000001110000100 "
b00000000000000000000001110000100 $
1&
b0001110000001 ;
b0001110000010 >
1@
1A
#9005
0&
0@
0A
#9010
b00000000000000000000001110000101 "
b00000000000000000000001110000101 $
1&
b0001110000010 ;
b0001110000011 >
1@
1A
#9015
0&
0@
0A
#9020
b00000000000000000000001110000110 "
b00000000000000000000001110000110 $
1&
b0001110000011 ;
b0001110000100 >
1@
1A
#9025
0&
0@
0A
#9030
b00000000000000000000001110000111 "
b00000000000000000000001110000111 $
1&
b0001110000100 ;
b0001110000101 >
1@
1A
#9035
0&
0@
0A
#9040
b00000000000000000000001110001000 "
b00000000000000000000001110001000 $
1&
b0001110000101 ;
b0001110000110 >
1@
1A
#9045
0&
0@
0A
#9050
b00000000000000000000001110001001 "
b00000000000000000000001110001001 $
1&
b0001110000110 ;
b0001110000111 >
1@
1A
#9055
0&
0@
0A
#9060
b00000000000000000000001110001010 "
b00000000000000000000001110001010 $
1&
b0001110000111 ;
b0001110001000 >
1@
1A
#9065
0&
0@
0A
#9070
b00000000000000000000001110001011 "
b00000000000000000000001110001011 $
1&
b0001110001000 ;
b0001110001001 >
1@
1A
#9075
0&
0@
0A
#9080
b00000000000000000000001110001100 "
b00000000000000000000001110001100 $
1&
b0001110001001 ;
b0001110001010 >
1@
1A
#9085
0&
0@
0A
#9090
b00000000000000000000001110001101 "
b00000000000000000000001110001101 $
1&
b0001110001010 ;
b0001110001011 >
1@
1A
#9095
0&
0@
0A
#9100
b00000000000000000000001110001110 "
b00000000000000000000001110001110 $
1&
b0001110001011 ;
b0001110001100 >
1@
1A
#9105
0&
0@
0A
#9110
b00000000000000000000001110001111 "
b00000000000000000000001110001111 $
1&
b0001110001100 ;
b0001110001101 >
1@
1A
#9115
0&
0@
0A
#9120
b00000000000000000000001110010000 "
b00000000000000000000001110010000 $
1&
b0001110001101 ;
b0001110001110 >
1@
1A
#9125
0&
0@
0A
#9130
b00000000000000000000001110010001 "
b00000000000000000000001110010001 $
1&
b0001110001110 ;
b0001110001111 >
1@
1A
#9135
0&
0@
0A
#9140
b00000000000000000000001110010010 "
b00000000000000000000001110010010 $
1&
b0001110001111 ;
b0001110010000 >
1@
1A
#9145
0&
0@
0A
#9150
b00000000000000000000001110010011 "
b00000000000000000000001110010011 $
1&
b0001110010000 ;
b0001110010001 >
1@
1A
#9155
0&
0@
0A
#9160
b00000000000000000000001110010100 "
b00000000000000000000001110010100 $
1&
b0001110010001 ;
b0001110010010 >
1@
1A
#9165
0&
0@
0A
#9170
b00000000000000000000001110010101 "
b00000000000000000000001110010101 $
1&
b0001110010010 ;
b0001110010011 >
1@
1A
#9175
0&
0@
0A
#9180
b00000000000000000000001110010110 "
b00000000000000000000001110010110 $
1&
b0001110010011 ;
b0001110010100 >
1@
1A
#9185
0&
0@
0A
#9190
b00000000000000000000001110010111 "
b00000000000000000000001110010111 $
1&
b0001110010100 ;
b0001110010101 >
1@
1A
#9195
0&
0@
0A
#9200
b00000000000000000000001110011000 "
b00000000000000000000001110011000 $
1&
b0001110010101 ;
b0001110010110 >
1@
1A
#9205
0&
0@
0A
#9210
b00000000000000000000001110011001 "
b00000000000000000000001110011001 $
1&
b0001110010110 ;
b0001110010111 >
1@
1A
#9215
0&
0@
0A
#9220
b00000000000000000000001110011010 "
b00000000000000000000001110011010 $
1&
b0001110010111 ;
b0001110011000 >
1@
1A
#9225
0&
0@
0A
#9230
b00000000000000000000001110011011 "
b00000000000000000000001110011011 $
1&
b0001110011000 ;
b0001110011001 >
1@
1A
#9235
0&
0@
0A
#9240
b00000000000000000000001110011100 "
b00000000000000000000001110011100 $
1&
b0001110011001 ;
b0001110011010 >
1@
1A
#9245
0&
0@
0A
#9250
b00000000000000000000001110011101 "
b00000000000000000000001110011101 $
1&
b0001110011010 ;
b0001110011011 >
1@
1A
#9255
0&
0@
0A
#9260
b00000000000000000000001110011110 "
b00000000000000000000001110011110 $
1&
b0001110011011 ;
b0001110011100 >
1@
1A
#9265
0&
0@
0A
#9270
b00000000000000000000001110011111 "
b00000000000000000000001110011111 $
1&
b0001110011100 ;
b0001110011101 >
1@
1A
#9275
0&
0@
0A
#9280
b00000000000000000000001110100000 "
b00000000000000000000001110100000 $
1&
b0001110011101 ;
b0001110011110 >
1@
1A
#9285
0&
0@
0A
#9290
b00000000000000000000001110100001 "
b00000000000000000000001110100001 $
1&
b0001110011110 ;
b0001110011111 >
1@
1A
#9295
0&
0@
0A
#9300
b00000000000000000000001110100010 "
b00000000000000000000001110100010 $
1&
b0001110011111 ;
b0001110100000 >
1@
1A
#9305
0&
0@
0A
#9310
b00000000000000000000001110100011 "
b00000000000000000000001110100011 $
1&
b0001110100000 ;
b0001110100001 >
1@
1A
#9315
0&
0@
0A
#9320
b00000000000000000000001110100100 "
b00000000000000000000001110100100 $
1&
b0001110100001 ;
b0001110100010 >
1@
1A
#9325
0&
0@
0A
#9330
b00000000000000000000001110100101 "
b00000000000000000000001110100101 $
1&
b0001110100010 ;
b0001110100011 >
1@
1A
#9335
0&
0@
0A
#9340
b00000000000000000000001110100110 "
b00000000000000000000001110100110 $
1&
b0001110100011 ;
b0001110100100 >
1@
1A
#9345
0&
0@
0A
#9350
b00000000000000000000001110100111 "
b00000000000000000000001110100111 $
1&
b0001110100100 ;
b0001110100101 >
1@
1A
#9355
0&
0@
0A
#9360
b00000000000000000000001110101000 "
b00000000000000000000001110101000 $
1&
b0001110100101 ;
b0001110100110 >
1@
1A
#9365
0&
0@
0A
#9370
b00000000000000000000001110101001 "
b00000000000000000000001110101001 $
1&
b0001110100110 ;
b0001110100111 >
1@
1A
#9375
0&
0@
0A
#9380
b00000000000000000000001110101010 "
b00000000000000000000001110101010 $
1&
b0001110100111 ;
b0001110101000 >
1@
1A
#9385
0&
0@
0A
#9390
b00000000000000000000001110101011 "
b00000000000000000000001110101011 $
1&
b0001110101000 ;
b0001110101001 >
1@
1A
#9395
0&
0@
0A
#9400
b00000000000000000000001110101100 "
b00000000000000000000001110101100 $
1&
b0001110101001 ;
b0001110101010 >
1@
1A
#9405
0&
0@
0A
#9410
b00000000000000000000001110101101 "
b00000000000000000000001110101101 $
1&
b0001110101010 ;
b0001110101011 >
1@
1A
#9415
0&
0@
0A
#9420
b00000000000000000000001110101110 "
b00000000000000000000001110101110 $
1&
b0001110101011 ;
b0001110101100 >
1@
1A
#9425
0&
0@
0A
#9430
b00000000000000000000001110101111 "
b00000000000000000000001110101111 $
1&
b0001110101100 ;
b0001110101101 >
1@
1A
#9435
0&
0@
0A
#9440
b00000000000000000000001110110000 "
b00000000000000000000001110110000 $
1&
b0001110101101 ;
b0001110101110 >
1@
1A
#9445
0&
0@
0A
#9450
b00000000000000000000001110110001 "
b00000000000000000000001110110001 $
1&
b0001110101110 ;
b0001110101111 >
1@
1A
#9455
0&
0@
0A
#9460
b00000000000000000000001110110010 "
b00000000000000000000001110110010 $
1&
b0001110101111 ;
b0001110110000 >
1@
1A
#9465
0&
0@
0A
#9470
b00000000000000000000001110110011 "
b00000000000000000000001110110011 $
1&
b0001110110000 ;
b0001110110001 >
1@
1A
#9475
0&
0@
0A
#9480
b00000000000000000000001110110100 "
b00000000000000000000001110110100 $
1&
b0001110110001 ;
b0001110110010 >
1@
1A
#9485
0&
0@
0A
#9490
b00000000000000000000001110110101 "
b00000000000000000000001110110101 $
1&
b0001110110010 ;
b0001110110011 >
1@
1A
#9495
0&
0@
0A
#9500
b00000000000000000000001110110110 "
b00000000000000000000001110110110 $
1&
b0001110110011 ;
b0001110110100 >
1@
1A
#9505
0&
0@
0A
#9510
b00000000000000000000001110110111 "
b00000000000000000000001110110111 $
1&
b0001110110100 ;
b0001110110101 >
1@
1A
#9515
0&
0@
0A
#9520
b00000000000000000000001110111000 "
b00000000000000000000001110111000 $
1&
b0001110110101 ;
b0001110110110 >
1@
1A
#9525
0&
0@
0A
#9530
b00000000000000000000001110111001 "
b00000000000000000000001110111001 $
1&
b0001110110110 ;
b0001110110111 >
1@
1A
#9535
0&
0@
0A
#9540
b00000000000000000000001110111010 "
b00000000000000000000001110111010 $
1&
b0001110110111 ;
b0001110111000 >
1@
1A
#9545
0&
0@
0A
#9550
b00000000000000000000001110111011 "
b00000000000000000000001110111011 $
1&
b0001110111000 ;
b0001110111001 >
1@
1A
#9555
0&
0@
0A
#9560
b00000000000000000000001110111100 "
b00000000000000000000001110111100 $
1&
b0001110111001 ;
b0001110111010 >
1@
1A
#9565
0&
0@
0A
#9570
b00000000000000000000001110111101 "
b00000000000000000000001110111101 $
1&
b0001110111010 ;
b0001110111011 >
1@
1A
#9575
0&
0@
0A
#9580
b00000000000000000000001110111110 "
b00000000000000000000001110111110 $
1&
b0001110111011 ;
b0001110111100 >
1@
1A
#9585
0&
0@
0A
#9590
b00000000000000000000001110111111 "
b00000000000000000000001110111111 $
1&
b0001110111100 ;
b0001110111101 >
1@
1A
#9595
0&
0@
0A
#9600
b00000000000000000000001111000000 "
b00000000000000000000001111000000 $
1&
b0001110111101 ;
b0001110111110 >
1@
1A
#9605
0&
0@
0A
#9610
b00000000000000000000001111000001 "
b00000000000000000000001111000001 $
1&
b0001110111110 ;
b0001110111111 >
1@
1A
#9615
0&
0@
0A
#9620
b00000000000000000000001111000010 "
b00000000000000000000001111000010 $
1&
b0001110111111 ;
b0001111000000 >
1@
1A
#9625
0&
0@
0A
#9630
b00000000000000000000001111000011 "
b00000000000000000000001111000011 $
1&
b0001111000000 ;
b0001111000001 >
1@
1A
#9635
0&
0@
0A
#9640
b00000000000000000000001111000100 "
b00000000000000000000001111000100 $
1&
b0001111000001 ;
b0001111000010 >
1@
1A
#9645
0&
0@
0A
#9650
b00000000000000000000001111000101 "
b00000000000000000000001111000101 $
1&
b0001111000010 ;
b0001111000011 >
1@
1A
#9655
0&
0@
0A
#9660
b00000000000000000000001111000110 "
b00000000000000000000001111000110 $
1&
b0001111000011 ;
b0001111000100 >
1@
1A
#9665
0&
0@
0A
#9670
b00000000000000000000001111000111 "
b00000000000000000000001111000111 $
1&
b0001111000100 ;
b0001111000101 >
1@
1A
#9675
0&
0@
0A
#9680
b00000000000000000000001111001000 "
b00000000000000000000001111001000 $
1&
b0001111000101 ;
b0001111000110 >
1@
1A
#9685
0&
0@
0A
#9690
b00000000000000000000001111001001 "
b00000000000000000000001111001001 $
1&
b0001111000110 ;
b0001111000111 >
1@
1A
#9695
0&
0@
0A
#9700
b00000000000000000000001111001010 "
b00000000000000000000001111001010 $
1&
b0001111000111 ;
b0001111001000 >
1@
1A
#9705
0&
0@
0A
#9710
b00000000000000000000001111001011 "
b00000000000000000000001111001011 $
1&
b0001111001000 ;
b0001111001001 >
1@
1A
#9715
0&
0@
0A
#9720
b00000000000000000000001111001100 "
b00000000000000000000001111001100 $
1&
b0001111001001 ;
b0001111001010 >
1@
1A
#9725
0&
0@
0A
#9730
b00000000000000000000001111001101 "
b00000000000000000000001111001101 $
1&
b0001111001010 ;
b0001111001011 >
1@
1A
#9735
0&
0@
0A
#9740
b00000000000000000000001111001110 "
b00000000000000000000001111001110 $
1&
b0001111001011 ;
b0001111001100 >
1@
1A
#9745
0&
0@
0A
#9750
b00000000000000000000001111001111 "
b00000000000000000000001111001111 $
1&
b0001111001100 ;
b0001111001101 >
1@
1A
#9755
0&
0@
0A
#9760
b00000000000000000000001111010000 "
b00000000000000000000001111010000 $
1&
b0001111001101 ;
b0001111001110 >
1@
1A
#9765
0&
0@
0A
#9770
b00000000000000000000001111010001 "
b00000000000000000000001111010001 $
1&
b0001111001110 ;
b0001111001111 >
1@
1A
#9775
0&
0@
0A
#9780
b00000000000000000000001111010010 "
b00000000000000000000001111010010 $
1&
b0001111001111 ;
b0001111010000 >
1@
1A
#9785
0&
0@
0A
#9790
b00000000000000000000001111010011 "
b00000000000000000000001111010011 $
1&
b0001111010000 ;
b0001111010001 >
1@
1A
#9795
0&
0@
0A
#9800
b00000000000000000000001111010100 "
b00000000000000000000001111010100 $
1&
b0001111010001 ;
b0001111010010 >
1@
1A
#9805
0&
0@
0A
#9810
b00000000000000000000001111010101 "
b00000000000000000000001111010101 $
1&
b0001111010010 ;
b0001111010011 >
1@
1A
#9815
0&
0@
0A
#9820
b00000000000000000000001111010110 "
b00000000000000000000001111010110 $
1&
b0001111010011 ;
b0001111010100 >
1@
1A
#9825
0&
0@
0A
#9830
b00000000000000000000001111010111 "
b00000000000000000000001111010111 $
1&
b0001111010100 ;
b0001111010101 >
1@
1A
#9835
0&
0@
0A
#9840
b00000000000000000000001111011000 "
b00000000000000000000001111011000 $
1&
b0001111010101 ;
b0001111010110 >
1@
1A
#9845
0&
0@
0A
#9850
b00000000000000000000001111011001 "
b00000000000000000000001111011001 $
1&
b0001111010110 ;
b0001111010111 >
1@
1A
#9855
0&
0@
0A
#9860
b00000000000000000000001111011010 "
b00000000000000000000001111011010 $
1&
b0001111010111 ;
b0001111011000 >
1@
1A
#9865
0&
0@
0A
#9870
b00000000000000000000001111011011 "
b00000000000000000000001111011011 $
1&
b0001111011000 ;
b0001111011001 >
1@
1A
#9875
0&
0@
0A
#9880
b00000000000000000000001111011100 "
b00000000000000000000001111011100 $
1&
b0001111011001 ;
b0001111011010 >
1@
1A
#9885
0&
0@
0A
#9890
b00000000000000000000001111011101 "
b00000000000000000000001111011101 $
1&
b0001111011010 ;
b0001111011011 >
1@
1A
#9895
0&
0@
0A
#9900
b00000000000000000000001111011110 "
b00000000000000000000001111011110 $
1&
b0001111011011 ;
b0001111011100 >
1@
1A
#9905
0&
0@
0A
#9910
b00000000000000000000001111011111 "
b00000000000000000000001111011111 $
1&
b0001111011100 ;
b0001111011101 >
1@
1A
#9915
0&
0@
0A
#9920
b00000000000000000000001111100000 "
b00000000000000000000001111100000 $
1&
b0001111011101 ;
b0001111011110 >
1@
1A
#9925
0&
0@
0A
#9930
b00000000000000000000001111100001 "
b00000000000000000000001111100001 $
1&
b0001111011110 ;
b0001111011111 >
1@
1A
#9935
0&
0@
0A
#9940
b00000000000000000000001111100010 "
b00000000000000000000001111100010 $
1&
b0001111011111 ;
b0001111100000 >
1@
1A
#9945
0&
0@
0A
#9950
b00000000000000000000001111100011 "
b00000000000000000000001111100011 $
1&
b0001111100000 ;
b0001111100001 >
1@
1A
#9955
0&
0@
0A
#9960
b00000000000000000000001111100100 "
b00000000000000000000001111100100 $
1&
b0001111100001 ;
b0001111100010 >
1@
1A
#9965
0&
0@
0A
#9970
b00000000000000000000001111100101 "
b00000000000000000000001111100101 $
1&
b0001111100010 ;
b0001111100011 >
1@
1A
#9975
0&
0@
0A
#9980
b00000000000000000000001111100110 "
b00000000000000000000001111100110 $
1&
b0001111100011 ;
b0001111100100 >
1@
1A
#9985
0&
0@
0A
#9990
b00000000000000000000001111100111 "
b00000000000000000000001111100111 $
1&
b0001111100100 ;
b0001111100101 >
1@
1A
#9995
0&
0@
0A
#10000
b00000000000000000000001111101000 "
b00000000000000000000001111101000 $
1&
b0001111100101 ;
b0001111100110 >
1@
1A
#10005
0&
0@
0A
#10010
b00000000000000000000001111101001 "
b00000000000000000000001111101001 $
1&
b0001111100110 ;
b0001111100111 >
1@
1A
#10015
0&
0@
0A
#10020
b00000000000000000000001111101010 "
b00000000000000000000001111101010 $
1&
b0001111100111 ;
b0001111101000 >
1@
1A
#10025
0&
0@
0A
#10030
b00000000000000000000001111101011 "
b00000000000000000000001111101011 $
1&
b0001111101000 ;
b0001111101001 >
1@
1A
#10035
0&
0@
0A
#10040
b00000000000000000000001111101100 "
b00000000000000000000001111101100 $
1&
b0001111101001 ;
b0001111101010 >
1@
1A
#10045
0&
0@
0A
#10050
b00000000000000000000001111101101 "
b00000000000000000000001111101101 $
1&
b0001111101010 ;
b0001111101011 >
1@
1A
#10055
0&
0@
0A
#10060
b00000000000000000000001111101110 "
b00000000000000000000001111101110 $
1&
b0001111101011 ;
b0001111101100 >
1@
1A
#10065
0&
0@
0A
#10070
b00000000000000000000001111101111 "
b00000000000000000000001111101111 $
1&
b0001111101100 ;
b0001111101101 >
1@
1A
#10075
0&
0@
0A
#10080
b00000000000000000000001111110000 "
b00000000000000000000001111110000 $
1&
b0001111101101 ;
b0001111101110 >
1@
1A
#10085
0&
0@
0A
#10090
b00000000000000000000001111110001 "
b00000000000000000000001111110001 $
1&
b0001111101110 ;
b0001111101111 >
1@
1A
#10095
0&
0@
0A
#10100
b00000000000000000000001111110010 "
b00000000000000000000001111110010 $
1&
b0001111101111 ;
b0001111110000 >
1@
1A
#10105
0&
0@
0A
#10110
b00000000000000000000001111110011 "
b00000000000000000000001111110011 $
1&
b0001111110000 ;
b0001111110001 >
1@
1A
#10115
0&
0@
0A
#10120
b00000000000000000000001111110100 "
b00000000000000000000001111110100 $
1&
b0001111110001 ;
b0001111110010 >
1@
1A
#10125
0&
0@
0A
#10130
b00000000000000000000001111110101 "
b00000000000000000000001111110101 $
1&
b0001111110010 ;
b0001111110011 >
1@
1A
#10135
0&
0@
0A
#10140
b00000000000000000000001111110110 "
b00000000000000000000001111110110 $
1&
b0001111110011 ;
b0001111110100 >
1@
1A
#10145
0&
0@
0A
#10150
b00000000000000000000001111110111 "
b00000000000000000000001111110111 $
1&
b0001111110100 ;
b0001111110101 >
1@
1A
#10155
0&
0@
0A
#10160
b00000000000000000000001111111000 "
b00000000000000000000001111111000 $
1&
b0001111110101 ;
b0001111110110 >
1@
1A
#10165
0&
0@
0A
#10170
b00000000000000000000001111111001 "
b00000000000000000000001111111001 $
1&
b0001111110110 ;
b0001111110111 >
1@
1A
#10175
0&
0@
0A
#10180
b00000000000000000000001111111010 "
b00000000000000000000001111111010 $
1&
b0001111110111 ;
b0001111111000 >
1@
1A
#10185
0&
0@
0A
#10190
b00000000000000000000001111111011 "
b00000000000000000000001111111011 $
1&
b0001111111000 ;
b0001111111001 >
1@
1A
#10195
0&
0@
0A
#10200
b00000000000000000000001111111100 "
b00000000000000000000001111111100 $
1&
b0001111111001 ;
b0001111111010 >
1@
1A
#10205
0&
0@
0A
#10210
b00000000000000000000001111111101 "
b00000000000000000000001111111101 $
1&
b0001111111010 ;
b0001111111011 >
1@
1A
#10215
0&
0@
0A
#10220
b00000000000000000000001111111110 "
b00000000000000000000001111111110 $
1&
b0001111111011 ;
b0001111111100 >
1@
1A
#10225
0&
0@
0A
#10230
b00000000000000000000001111111111 "
b00000000000000000000001111111111 $
1&
b0001111111100 ;
b0001111111101 >
1@
1A
#10235
0&
0@
0A
#10240
b00000000000000000000010000000000 "
b00000000000000000000010000000000 $
1&
b0001111111101 ;
b0001111111110 >
1@
1A
#10245
0&
0@
0A
#10250
b00000000000000000000010000000001 "
b00000000000000000000010000000001 $
1&
b0001111111110 ;
b0001111111111 >
1@
1A
#10255
0&
0@
0A
#10260
b00000000000000000000010000000010 "
b00000000000000000000010000000010 $
1&
b0001111111111 ;
b0010000000000 >
1@
1A
#10265
0&
0@
0A
#10270
b00000000000000000000010000000011 "
b00000000000000000000010000000011 $
1&
b0010000000000 ;
b0010000000001 >
1@
1A
#10275
0&
0@
0A
#10280
b00000000000000000000010000000100 "
b00000000000000000000010000000100 $
1&
b0010000000001 ;
b0010000000010 >
1@
1A
#10285
0&
0@
0A
#10290
b00000000000000000000010000000101 "
b00000000000000000000010000000101 $
1&
b0010000000010 ;
b0010000000011 >
1@
1A
#10295
0&
0@
0A
#10300
b00000000000000000000010000000110 "
b00000000000000000000010000000110 $
1&
b0010000000011 ;
b0010000000100 >
1@
1A
#10305
0&
0@
0A
#10310
b00000000000000000000010000000111 "
b00000000000000000000010000000111 $
1&
b0010000000100 ;
b0010000000101 >
1@
1A
#10315
0&
0@
0A
#10320
b00000000000000000000010000001000 "
b00000000000000000000010000001000 $
1&
b0010000000101 ;
b0010000000110 >
1@
1A
#10325
0&
0@
0A
#10330
b00000000000000000000010000001001 "
b00000000000000000000010000001001 $
1&
b0010000000110 ;
b0010000000111 >
1@
1A
#10335
0&
0@
0A
#10340
b00000000000000000000010000001010 "
b00000000000000000000010000001010 $
1&
b0010000000111 ;
b0010000001000 >
1@
1A
#10345
0&
0@
0A
#10350
b00000000000000000000010000001011 "
b00000000000000000000010000001011 $
1&
b0010000001000 ;
b0010000001001 >
1@
1A
#10355
0&
0@
0A
#10360
b00000000000000000000010000001100 "
b00000000000000000000010000001100 $
1&
b0010000001001 ;
b0010000001010 >
1@
1A
#10365
0&
0@
0A
#10370
b00000000000000000000010000001101 "
b00000000000000000000010000001101 $
1&
b0010000001010 ;
b0010000001011 >
1@
1A
#10375
0&
0@
0A
#10380
b00000000000000000000010000001110 "
b00000000000000000000010000001110 $
1&
b0010000001011 ;
b0010000001100 >
1@
1A
#10385
0&
0@
0A
#10390
b00000000000000000000010000001111 "
b00000000000000000000010000001111 $
1&
b0010000001100 ;
b0010000001101 >
1@
1A
#10395
0&
0@
0A
#10400
b00000000000000000000010000010000 "
b00000000000000000000010000010000 $
1&
b0010000001101 ;
b0010000001110 >
1@
1A
#10405
0&
0@
0A
#10410
b00000000000000000000010000010001 "
b00000000000000000000010000010001 $
1&
b0010000001110 ;
b0010000001111 >
1@
1A
#10415
0&
0@
0A
#10420
b00000000000000000000010000010010 "
b00000000000000000000010000010010 $
1&
b0010000001111 ;
b0010000010000 >
1@
1A
#10425
0&
0@
0A
#10430
b00000000000000000000010000010011 "
b00000000000000000000010000010011 $
1&
b0010000010000 ;
b0010000010001 >
1@
1A
#10435
0&
0@
0A
#10440
b00000000000000000000010000010100 "
b00000000000000000000010000010100 $
1&
b0010000010001 ;
b0010000010010 >
1@
1A
#10445
0&
0@
0A
#10450
b00000000000000000000010000010101 "
b00000000000000000000010000010101 $
1&
b0010000010010 ;
b0010000010011 >
1@
1A
#10455
0&
0@
0A
#10460
b00000000000000000000010000010110 "
b00000000000000000000010000010110 $
1&
b0010000010011 ;
b0010000010100 >
1@
1A
#10465
0&
0@
0A
#10470
b00000000000000000000010000010111 "
b00000000000000000000010000010111 $
1&
b0010000010100 ;
b0010000010101 >
1@
1A
#10475
0&
0@
0A
#10480
b00000000000000000000010000011000 "
b00000000000000000000010000011000 $
1&
b0010000010101 ;
b0010000010110 >
1@
1A
#10485
0&
0@
0A
#10490
b00000000000000000000010000011001 "
b00000000000000000000010000011001 $
1&
b0010000010110 ;
b0010000010111 >
1@
1A
#10495
0&
0@
0A
#10500
b00000000000000000000010000011010 "
b00000000000000000000010000011010 $
1&
b0010000010111 ;
b0010000011000 >
1@
1A
#10505
0&
0@
0A
#10510
b00000000000000000000010000011011 "
b00000000000000000000010000011011 $
1&
b0010000011000 ;
b0010000011001 >
1@
1A
#10515
0&
0@
0A
#10520
b00000000000000000000010000011100 "
b00000000000000000000010000011100 $
1&
b0010000011001 ;
b0010000011010 >
1@
1A
#10525
0&
0@
0A
#10530
b00000000000000000000010000011101 "
b00000000000000000000010000011101 $
1&
b0010000011010 ;
b0010000011011 >
1@
1A
#10535
0&
0@
0A
#10540
b00000000000000000000010000011110 "
b00000000000000000000010000011110 $
1&
b0010000011011 ;
b0010000011100 >
1@
1A
#10545
0&
0@
0A
#10550
b00000000000000000000010000011111 "
b00000000000000000000010000011111 $
1&
b0010000011100 ;
b0010000011101 >
1@
1A
#10555
0&
0@
0A
#10560
b00000000000000000000010000100000 "
b00000000000000000000010000100000 $
1&
b0010000011101 ;
b0010000011110 >
1@
1A
#10565
0&
0@
0A
#10570
b00000000000000000000010000100001 "
b00000000000000000000010000100001 $
1&
b0010000011110 ;
b0010000011111 >
1@
1A
#10575
0&
0@
0A
#10580
b00000000000000000000010000100010 "
b00000000000000000000010000100010 $
1&
b0010000011111 ;
b0010000100000 >
1@
1A
#10585
0&
0@
0A
#10590
b00000000000000000000010000100011 "
b00000000000000000000010000100011 $
1&
b0010000100000 ;
b0010000100001 >
1@
1A
#10595
0&
0@
0A
#10600
b00000000000000000000010000100100 "
b00000000000000000000010000100100 $
1&
b0010000100001 ;
b0010000100010 >
1@
1A
#10605
0&
0@
0A
#10610
b00000000000000000000010000100101 "
b00000000000000000000010000100101 $
1&
b0010000100010 ;
b0010000100011 >
1@
1A
#10615
0&
0@
0A
#10620
b00000000000000000000010000100110 "
b00000000000000000000010000100110 $
1&
b0010000100011 ;
b0010000100100 >
1@
1A
#10625
0&
0@
0A
#10630
b00000000000000000000010000100111 "
b00000000000000000000010000100111 $
1&
b0010000100100 ;
b0010000100101 >
1@
1A
#10635
0&
0@
0A
#10640
b00000000000000000000010000101000 "
b00000000000000000000010000101000 $
1&
b0010000100101 ;
b0010000100110 >
1@
1A
#10645
0&
0@
0A
#10650
b00000000000000000000010000101001 "
b00000000000000000000010000101001 $
1&
b0010000100110 ;
b0010000100111 >
1@
1A
#10655
0&
0@
0A
#10660
b00000000000000000000010000101010 "
b00000000000000000000010000101010 $
1&
b0010000100111 ;
b0010000101000 >
1@
1A
#10665
0&
0@
0A
#10670
b00000000000000000000010000101011 "
b00000000000000000000010000101011 $
1&
b0010000101000 ;
b0010000101001 >
1@
1A
#10675
0&
0@
0A
#10680
b00000000000000000000010000101100 "
b00000000000000000000010000101100 $
1&
b0010000101001 ;
b0010000101010 >
1@
1A
#10685
0&
0@
0A
#10690
b00000000000000000000010000101101 "
b00000000000000000000010000101101 $
1&
b0010000101010 ;
b0010000101011 >
1@
1A
#10695
0&
0@
0A
#10700
b00000000000000000000010000101110 "
b00000000000000000000010000101110 $
1&
b0010000101011 ;
b0010000101100 >
1@
1A
#10705
0&
0@
0A
#10710
b00000000000000000000010000101111 "
b00000000000000000000010000101111 $
1&
b0010000101100 ;
b0010000101101 >
1@
1A
#10715
0&
0@
0A
#10720
b00000000000000000000010000110000 "
b00000000000000000000010000110000 $
1&
b0010000101101 ;
b0010000101110 >
1@
1A
#10725
0&
0@
0A
#10730
b00000000000000000000010000110001 "
b00000000000000000000010000110001 $
1&
b0010000101110 ;
b0010000101111 >
1@
1A
#10735
0&
0@
0A
#10740
b00000000000000000000010000110010 "
b00000000000000000000010000110010 $
1&
b0010000101111 ;
b0010000110000 >
1@
1A
#10745
0&
0@
0A
#10750
b00000000000000000000010000110011 "
b00000000000000000000010000110011 $
1&
b0010000110000 ;
b0010000110001 >
1@
1A
#10755
0&
0@
0A
#10760
b00000000000000000000010000110100 "
b00000000000000000000010000110100 $
1&
b0010000110001 ;
b0010000110010 >
1@
1A
#10765
0&
0@
0A
#10770
b00000000000000000000010000110101 "
b00000000000000000000010000110101 $
1&
b0010000110010 ;
b0010000110011 >
1@
1A
#10775
0&
0@
0A
#10780
b00000000000000000000010000110110 "
b00000000000000000000010000110110 $
1&
b0010000110011 ;
b0010000110100 >
1@
1A
#10785
0&
0@
0A
#10790
b00000000000000000000010000110111 "
b00000000000000000000010000110111 $
1&
b0010000110100 ;
b0010000110101 >
1@
1A
#10795
0&
0@
0A
#10800
b00000000000000000000010000111000 "
b00000000000000000000010000111000 $
1&
b0010000110101 ;
b0010000110110 >
1@
1A
#10805
0&
0@
0A
#10810
b00000000000000000000010000111001 "
b00000000000000000000010000111001 $
1&
b0010000110110 ;
b0010000110111 >
1@
1A
#10815
0&
0@
0A
#10820
b00000000000000000000010000111010 "
b00000000000000000000010000111010 $
1&
b0010000110111 ;
b0010000111000 >
1@
1A
#10825
0&
0@
0A
#10830
b00000000000000000000010000111011 "
b00000000000000000000010000111011 $
1&
b0010000111000 ;
b0010000111001 >
1@
1A
#10835
0&
0@
0A
#10840
b00000000000000000000010000111100 "
b00000000000000000000010000111100 $
1&
b0010000111001 ;
b0010000111010 >
1@
1A
#10845
0&
0@
0A
#10850
b00000000000000000000010000111101 "
b00000000000000000000010000111101 $
1&
b0010000111010 ;
b0010000111011 >
1@
1A
#10855
0&
0@
0A
#10860
b00000000000000000000010000111110 "
b00000000000000000000010000111110 $
1&
b0010000111011 ;
b0010000111100 >
1@
1A
#10865
0&
0@
0A
#10870
b00000000000000000000010000111111 "
b00000000000000000000010000111111 $
1&
b0010000111100 ;
b0010000111101 >
1@
1A
#10875
0&
0@
0A
#10880
b00000000000000000000010001000000 "
b00000000000000000000010001000000 $
1&
b0010000111101 ;
b0010000111110 >
1@
1A
#10885
0&
0@
0A
#10890
b00000000000000000000010001000001 "
b00000000000000000000010001000001 $
1&
b0010000111110 ;
b0010000111111 >
1@
1A
#10895
0&
0@
0A
#10900
b00000000000000000000010001000010 "
b00000000000000000000010001000010 $
1&
b0010000111111 ;
b0010001000000 >
1@
1A
#10905
0&
0@
0A
#10910
b00000000000000000000010001000011 "
b00000000000000000000010001000011 $
1&
b0010001000000 ;
b0010001000001 >
1@
1A
#10915
0&
0@
0A
#10920
b00000000000000000000010001000100 "
b00000000000000000000010001000100 $
1&
b0010001000001 ;
b0010001000010 >
1@
1A
#10925
0&
0@
0A
#10930
b00000000000000000000010001000101 "
b00000000000000000000010001000101 $
1&
b0010001000010 ;
b0010001000011 >
1@
1A
#10935
0&
0@
0A
#10940
b00000000000000000000010001000110 "
b00000000000000000000010001000110 $
1&
b0010001000011 ;
b0010001000100 >
1@
1A
#10945
0&
0@
0A
#10950
b00000000000000000000010001000111 "
b00000000000000000000010001000111 $
1&
b0010001000100 ;
b0010001000101 >
1@
1A
#10955
0&
0@
0A
#10960
b00000000000000000000010001001000 "
b00000000000000000000010001001000 $
1&
b0010001000101 ;
b0010001000110 >
1@
1A
#10965
0&
0@
0A
#10970
b00000000000000000000010001001001 "
b00000000000000000000010001001001 $
1&
b0010001000110 ;
b0010001000111 >
1@
1A
#10975
0&
0@
0A
#10980
b00000000000000000000010001001010 "
b00000000000000000000010001001010 $
1&
b0010001000111 ;
b0010001001000 >
1@
1A
#10985
0&
0@
0A
#10990
b00000000000000000000010001001011 "
b00000000000000000000010001001011 $
1&
b0010001001000 ;
b0010001001001 >
1@
1A
#10995
0&
0@
0A
#11000
b00000000000000000000010001001100 "
b00000000000000000000010001001100 $
1&
b0010001001001 ;
b0010001001010 >
1@
1A
#11005
0&
0@
0A
#11010
b00000000000000000000010001001101 "
b00000000000000000000010001001101 $
1&
b0010001001010 ;
b0010001001011 >
1@
1A
#11015
0&
0@
0A
#11020
b00000000000000000000010001001110 "
b00000000000000000000010001001110 $
1&
b0010001001011 ;
b0010001001100 >
1@
1A
#11025
0&
0@
0A
#11030
b00000000000000000000010001001111 "
b00000000000000000000010001001111 $
1&
b0010001001100 ;
b0010001001101 >
1@
1A
#11035
0&
0@
0A
#11040
b00000000000000000000010001010000 "
b00000000000000000000010001010000 $
1&
b0010001001101 ;
b0010001001110 >
1@
1A
#11045
0&
0@
0A
#11050
b00000000000000000000010001010001 "
b00000000000000000000010001010001 $
1&
b0010001001110 ;
b0010001001111 >
1@
1A
#11055
0&
0@
0A
#11060
b00000000000000000000010001010010 "
b00000000000000000000010001010010 $
1&
b0010001001111 ;
b0010001010000 >
1@
1A
#11065
0&
0@
0A
#11070
b00000000000000000000010001010011 "
b00000000000000000000010001010011 $
1&
b0010001010000 ;
b0010001010001 >
1@
1A
#11075
0&
0@
0A
#11080
b00000000000000000000010001010100 "
b00000000000000000000010001010100 $
1&
b0010001010001 ;
b0010001010010 >
1@
1A
#11085
0&
0@
0A
#11090
b00000000000000000000010001010101 "
b00000000000000000000010001010101 $
1&
b0010001010010 ;
b0010001010011 >
1@
1A
#11095
0&
0@
0A
#11100
b00000000000000000000010001010110 "
b00000000000000000000010001010110 $
1&
b0010001010011 ;
b0010001010100 >
1@
1A
#11105
0&
0@
0A
#11110
b00000000000000000000010001010111 "
b00000000000000000000010001010111 $
1&
b0010001010100 ;
b0010001010101 >
1@
1A
#11115
0&
0@
0A
#11120
b00000000000000000000010001011000 "
b00000000000000000000010001011000 $
1&
b0010001010101 ;
b0010001010110 >
1@
1A
#11125
0&
0@
0A
#11130
b00000000000000000000010001011001 "
b00000000000000000000010001011001 $
1&
b0010001010110 ;
b0010001010111 >
1@
1A
#11135
0&
0@
0A
#11140
b00000000000000000000010001011010 "
b00000000000000000000010001011010 $
1&
b0010001010111 ;
b0010001011000 >
1@
1A
#11145
0&
0@
0A
#11150
b00000000000000000000010001011011 "
b00000000000000000000010001011011 $
1&
b0010001011000 ;
b0010001011001 >
1@
1A
#11155
0&
0@
0A
#11160
b00000000000000000000010001011100 "
b00000000000000000000010001011100 $
1&
b0010001011001 ;
b0010001011010 >
1@
1A
#11165
0&
0@
0A
#11170
b00000000000000000000010001011101 "
b00000000000000000000010001011101 $
1&
b0010001011010 ;
b0010001011011 >
1@
1A
#11175
0&
0@
0A
#11180
b00000000000000000000010001011110 "
b00000000000000000000010001011110 $
1&
b0010001011011 ;
b0010001011100 >
1@
1A
#11185
0&
0@
0A
#11190
b00000000000000000000010001011111 "
b00000000000000000000010001011111 $
1&
b0010001011100 ;
b0010001011101 >
1@
1A
#11195
0&
0@
0A
#11200
b00000000000000000000010001100000 "
b00000000000000000000010001100000 $
1&
b0010001011101 ;
b0010001011110 >
1@
1A
#11205
0&
0@
0A
#11210
b00000000000000000000010001100001 "
b00000000000000000000010001100001 $
1&
b0010001011110 ;
b0010001011111 >
1@
1A
#11215
0&
0@
0A
#11220
b00000000000000000000010001100010 "
b00000000000000000000010001100010 $
1&
b0010001011111 ;
b0010001100000 >
1@
1A
#11225
0&
0@
0A
#11230
b00000000000000000000010001100011 "
b00000000000000000000010001100011 $
1&
b0010001100000 ;
b0010001100001 >
1@
1A
#11235
0&
0@
0A
#11240
b00000000000000000000010001100100 "
b00000000000000000000010001100100 $
1&
b0010001100001 ;
b0010001100010 >
1@
1A
#11245
0&
0@
0A
#11250
b00000000000000000000010001100101 "
b00000000000000000000010001100101 $
1&
b0010001100010 ;
b0010001100011 >
1@
1A
#11255
0&
0@
0A
#11260
b00000000000000000000010001100110 "
b00000000000000000000010001100110 $
1&
b0010001100011 ;
b0010001100100 >
1@
1A
#11265
0&
0@
0A
#11270
b00000000000000000000010001100111 "
b00000000000000000000010001100111 $
1&
b0010001100100 ;
b0010001100101 >
1@
1A
#11275
0&
0@
0A
#11280
b00000000000000000000010001101000 "
b00000000000000000000010001101000 $
1&
b0010001100101 ;
b0010001100110 >
1@
1A
#11285
0&
0@
0A
#11290
b00000000000000000000010001101001 "
b00000000000000000000010001101001 $
1&
b0010001100110 ;
b0010001100111 >
1@
1A
#11295
0&
0@
0A
#11300
b00000000000000000000010001101010 "
b00000000000000000000010001101010 $
1&
b0010001100111 ;
b0010001101000 >
1@
1A
#11305
0&
0@
0A
#11310
b00000000000000000000010001101011 "
b00000000000000000000010001101011 $
1&
b0010001101000 ;
b0010001101001 >
1@
1A
#11315
0&
0@
0A
#11320
b00000000000000000000010001101100 "
b00000000000000000000010001101100 $
1&
b0010001101001 ;
b0010001101010 >
1@
1A
#11325
0&
0@
0A
#11330
b00000000000000000000010001101101 "
b00000000000000000000010001101101 $
1&
b0010001101010 ;
b0010001101011 >
1@
1A
#11335
0&
0@
0A
#11340
b00000000000000000000010001101110 "
b00000000000000000000010001101110 $
1&
b0010001101011 ;
b0010001101100 >
1@
1A
#11345
0&
0@
0A
#11350
b00000000000000000000010001101111 "
b00000000000000000000010001101111 $
1&
b0010001101100 ;
b0010001101101 >
1@
1A
#11355
0&
0@
0A
#11360
b00000000000000000000010001110000 "
b00000000000000000000010001110000 $
1&
b0010001101101 ;
b0010001101110 >
1@
1A
#11365
0&
0@
0A
#11370
b00000000000000000000010001110001 "
b00000000000000000000010001110001 $
1&
b0010001101110 ;
b0010001101111 >
1@
1A
#11375
0&
0@
0A
#11380
b00000000000000000000010001110010 "
b00000000000000000000010001110010 $
1&
b0010001101111 ;
b0010001110000 >
1@
1A
#11385
0&
0@
0A
#11390
b00000000000000000000010001110011 "
b00000000000000000000010001110011 $
1&
b0010001110000 ;
b0010001110001 >
1@
1A
#11395
0&
0@
0A
#11400
b00000000000000000000010001110100 "
b00000000000000000000010001110100 $
1&
b0010001110001 ;
b0010001110010 >
1@
1A
#11405
0&
0@
0A
#11410
b00000000000000000000010001110101 "
b00000000000000000000010001110101 $
1&
b0010001110010 ;
b0010001110011 >
1@
1A
#11415
0&
0@
0A
#11420
b00000000000000000000010001110110 "
b00000000000000000000010001110110 $
1&
b0010001110011 ;
b0010001110100 >
1@
1A
#11425
0&
0@
0A
#11430
b00000000000000000000010001110111 "
b00000000000000000000010001110111 $
1&
b0010001110100 ;
b0010001110101 >
1@
1A
#11435
0&
0@
0A
#11440
b00000000000000000000010001111000 "
b00000000000000000000010001111000 $
1&
b0010001110101 ;
b0010001110110 >
1@
1A
#11445
0&
0@
0A
#11450
b00000000000000000000010001111001 "
b00000000000000000000010001111001 $
1&
b0010001110110 ;
b0010001110111 >
1@
1A
#11455
0&
0@
0A
#11460
b00000000000000000000010001111010 "
b00000000000000000000010001111010 $
1&
b0010001110111 ;
b0010001111000 >
1@
1A
#11465
0&
0@
0A
#11470
b00000000000000000000010001111011 "
b00000000000000000000010001111011 $
1&
b0010001111000 ;
b0010001111001 >
1@
1A
#11475
0&
0@
0A
#11480
b00000000000000000000010001111100 "
b00000000000000000000010001111100 $
1&
b0010001111001 ;
b0010001111010 >
1@
1A
#11485
0&
0@
0A
#11490
b00000000000000000000010001111101 "
b00000000000000000000010001111101 $
1&
b0010001111010 ;
b0010001111011 >
1@
1A
#11495
0&
0@
0A
#11500
b00000000000000000000010001111110 "
b00000000000000000000010001111110 $
1&
b0010001111011 ;
b0010001111100 >
1@
1A
#11505
0&
0@
0A
#11510
b00000000000000000000010001111111 "
b00000000000000000000010001111111 $
1&
b0010001111100 ;
b0010001111101 >
1@
1A
#11515
0&
0@
0A
#11520
b00000000000000000000010010000000 "
b00000000000000000000010010000000 $
1&
b0010001111101 ;
b0010001111110 >
1@
1A
#11525
0&
0@
0A
#11530
b00000000000000000000010010000001 "
b00000000000000000000010010000001 $
1&
b0010001111110 ;
b0010001111111 >
1@
1A
#11535
0&
0@
0A
#11540
b00000000000000000000010010000010 "
b00000000000000000000010010000010 $
1&
b0010001111111 ;
b0010010000000 >
1@
1A
#11545
0&
0@
0A
#11550
b00000000000000000000010010000011 "
b00000000000000000000010010000011 $
1&
b0010010000000 ;
b0010010000001 >
1@
1A
#11555
0&
0@
0A
#11560
b00000000000000000000010010000100 "
b00000000000000000000010010000100 $
1&
b0010010000001 ;
b0010010000010 >
1@
1A
#11565
0&
0@
0A
#11570
b00000000000000000000010010000101 "
b00000000000000000000010010000101 $
1&
b0010010000010 ;
b0010010000011 >
1@
1A
#11575
0&
0@
0A
#11580
b00000000000000000000010010000110 "
b00000000000000000000010010000110 $
1&
b0010010000011 ;
b0010010000100 >
1@
1A
#11585
0&
0@
0A
#11590
b00000000000000000000010010000111 "
b00000000000000000000010010000111 $
1&
b0010010000100 ;
b0010010000101 >
1@
1A
#11595
0&
0@
0A
#11600
b00000000000000000000010010001000 "
b00000000000000000000010010001000 $
1&
b0010010000101 ;
b0010010000110 >
1@
1A
#11605
0&
0@
0A
#11610
b00000000000000000000010010001001 "
b00000000000000000000010010001001 $
1&
b0010010000110 ;
b0010010000111 >
1@
1A
#11615
0&
0@
0A
#11620
b00000000000000000000010010001010 "
b00000000000000000000010010001010 $
1&
b0010010000111 ;
b0010010001000 >
1@
1A
#11625
0&
0@
0A
#11630
b00000000000000000000010010001011 "
b00000000000000000000010010001011 $
1&
b0010010001000 ;
b0010010001001 >
1@
1A
#11635
0&
0@
0A
#11640
b00000000000000000000010010001100 "
b00000000000000000000010010001100 $
1&
b0010010001001 ;
b0010010001010 >
1@
1A
#11645
0&
0@
0A
#11650
b00000000000000000000010010001101 "
b00000000000000000000010010001101 $
1&
b0010010001010 ;
b0010010001011 >
1@
1A
#11655
0&
0@
0A
#11660
b00000000000000000000010010001110 "
b00000000000000000000010010001110 $
1&
b0010010001011 ;
b0010010001100 >
1@
1A
#11665
0&
0@
0A
#11670
b00000000000000000000010010001111 "
b00000000000000000000010010001111 $
1&
b0010010001100 ;
b0010010001101 >
1@
1A
#11675
0&
0@
0A
#11680
b00000000000000000000010010010000 "
b00000000000000000000010010010000 $
1&
b0010010001101 ;
b0010010001110 >
1@
1A
#11685
0&
0@
0A
#11690
b00000000000000000000010010010001 "
b00000000000000000000010010010001 $
1&
b0010010001110 ;
b0010010001111 >
1@
1A
#11695
0&
0@
0A
#11700
b00000000000000000000010010010010 "
b00000000000000000000010010010010 $
1&
b0010010001111 ;
b0010010010000 >
1@
1A
#11705
0&
0@
0A
#11710
b00000000000000000000010010010011 "
b00000000000000000000010010010011 $
1&
b0010010010000 ;
b0010010010001 >
1@
1A
#11715
0&
0@
0A
#11720
b00000000000000000000010010010100 "
b00000000000000000000010010010100 $
1&
b0010010010001 ;
b0010010010010 >
1@
1A
#11725
0&
0@
0A
#11730
b00000000000000000000010010010101 "
b00000000000000000000010010010101 $
1&
b0010010010010 ;
b0010010010011 >
1@
1A
#11735
0&
0@
0A
#11740
b00000000000000000000010010010110 "
b00000000000000000000010010010110 $
1&
b0010010010011 ;
b0010010010100 >
1@
1A
#11745
0&
0@
0A
#11750
b00000000000000000000010010010111 "
b00000000000000000000010010010111 $
1&
b0010010010100 ;
b0010010010101 >
1@
1A
#11755
0&
0@
0A
#11760
b00000000000000000000010010011000 "
b00000000000000000000010010011000 $
1&
b0010010010101 ;
b0010010010110 >
1@
1A
#11765
0&
0@
0A
#11770
b00000000000000000000010010011001 "
b00000000000000000000010010011001 $
1&
b0010010010110 ;
b0010010010111 >
1@
1A
#11775
0&
0@
0A
#11780
b00000000000000000000010010011010 "
b00000000000000000000010010011010 $
1&
b0010010010111 ;
b0010010011000 >
1@
1A
#11785
0&
0@
0A
#11790
b00000000000000000000010010011011 "
b00000000000000000000010010011011 $
1&
b0010010011000 ;
b0010010011001 >
1@
1A
#11795
0&
0@
0A
#11800
b00000000000000000000010010011100 "
b00000000000000000000010010011100 $
1&
b0010010011001 ;
b0010010011010 >
1@
1A
#11805
0&
0@
0A
#11810
b00000000000000000000010010011101 "
b00000000000000000000010010011101 $
1&
b0010010011010 ;
b0010010011011 >
1@
1A
#11815
0&
0@
0A
#11820
b00000000000000000000010010011110 "
b00000000000000000000010010011110 $
1&
b0010010011011 ;
b0010010011100 >
1@
1A
#11825
0&
0@
0A
#11830
b00000000000000000000010010011111 "
b00000000000000000000010010011111 $
1&
b0010010011100 ;
b0010010011101 >
1@
1A
#11835
0&
0@
0A
#11840
b00000000000000000000010010100000 "
b00000000000000000000010010100000 $
1&
b0010010011101 ;
b0010010011110 >
1@
1A
#11845
0&
0@
0A
#11850
b00000000000000000000010010100001 "
b00000000000000000000010010100001 $
1&
b0010010011110 ;
b0010010011111 >
1@
1A
#11855
0&
0@
0A
#11860
b00000000000000000000010010100010 "
b00000000000000000000010010100010 $
1&
b0010010011111 ;
b0010010100000 >
1@
1A
#11865
0&
0@
0A
#11870
b00000000000000000000010010100011 "
b00000000000000000000010010100011 $
1&
b0010010100000 ;
b0010010100001 >
1@
1A
#11875
0&
0@
0A
#11880
b00000000000000000000010010100100 "
b00000000000000000000010010100100 $
1&
b0010010100001 ;
b0010010100010 >
1@
1A
#11885
0&
0@
0A
#11890
b00000000000000000000010010100101 "
b00000000000000000000010010100101 $
1&
b0010010100010 ;
b0010010100011 >
1@
1A
#11895
0&
0@
0A
#11900
b00000000000000000000010010100110 "
b00000000000000000000010010100110 $
1&
b0010010100011 ;
b0010010100100 >
1@
1A
#11905
0&
0@
0A
#11910
b00000000000000000000010010100111 "
b00000000000000000000010010100111 $
1&
b0010010100100 ;
b0010010100101 >
1@
1A
#11915
0&
0@
0A
#11920
b00000000000000000000010010101000 "
b00000000000000000000010010101000 $
1&
b0010010100101 ;
b0010010100110 >
1@
1A
#11925
0&
0@
0A
#11930
b00000000000000000000010010101001 "
b00000000000000000000010010101001 $
1&
b0010010100110 ;
b0010010100111 >
1@
1A
#11935
0&
0@
0A
#11940
b00000000000000000000010010101010 "
b00000000000000000000010010101010 $
1&
b0010010100111 ;
b0010010101000 >
1@
1A
#11945
0&
0@
0A
#11950
b00000000000000000000010010101011 "
b00000000000000000000010010101011 $
1&
b0010010101000 ;
b0010010101001 >
1@
1A
#11955
0&
0@
0A
#11960
b00000000000000000000010010101100 "
b00000000000000000000010010101100 $
1&
b0010010101001 ;
b0010010101010 >
1@
1A
#11965
0&
0@
0A
#11970
b00000000000000000000010010101101 "
b00000000000000000000010010101101 $
1&
b0010010101010 ;
b0010010101011 >
1@
1A
#11975
0&
0@
0A
#11980
b00000000000000000000010010101110 "
b00000000000000000000010010101110 $
1&
b0010010101011 ;
b0010010101100 >
1@
1A
#11985
0&
0@
0A
#11990
b00000000000000000000010010101111 "
b00000000000000000000010010101111 $
1&
b0010010101100 ;
b0010010101101 >
1@
1A
#11995
0&
0@
0A
#12000
b00000000000000000000010010110000 "
b00000000000000000000010010110000 $
1&
b0010010101101 ;
b0010010101110 >
1@
1A
#12005
0&
0@
0A
#12010
b00000000000000000000010010110001 "
b00000000000000000000010010110001 $
1&
b0010010101110 ;
b0010010101111 >
1@
1A
#12015
0&
0@
0A
#12020
b00000000000000000000010010110010 "
b00000000000000000000010010110010 $
1&
b0010010101111 ;
b0010010110000 >
1@
1A
#12025
0&
0@
0A
#12030
b00000000000000000000010010110011 "
b00000000000000000000010010110011 $
1&
b0010010110000 ;
b0010010110001 >
1@
1A
#12035
0&
0@
0A
#12040
b00000000000000000000010010110100 "
b00000000000000000000010010110100 $
1&
b0010010110001 ;
b0010010110010 >
1@
1A
#12045
0&
0@
0A
#12050
b00000000000000000000010010110101 "
b00000000000000000000010010110101 $
1&
b0010010110010 ;
b0010010110011 >
1@
1A
#12055
0&
0@
0A
#12060
b00000000000000000000010010110110 "
b00000000000000000000010010110110 $
1&
b0010010110011 ;
b0010010110100 >
1@
1A
#12065
0&
0@
0A
#12070
b00000000000000000000010010110111 "
b00000000000000000000010010110111 $
1&
b0010010110100 ;
b0010010110101 >
1@
1A
#12075
0&
0@
0A
#12080
b00000000000000000000010010111000 "
b00000000000000000000010010111000 $
1&
b0010010110101 ;
b0010010110110 >
1@
1A
#12085
0&
0@
0A
#12090
b00000000000000000000010010111001 "
b00000000000000000000010010111001 $
1&
b0010010110110 ;
b0010010110111 >
1@
1A
#12095
0&
0@
0A
#12100
b00000000000000000000010010111010 "
b00000000000000000000010010111010 $
1&
b0010010110111 ;
b0010010111000 >
1@
1A
#12105
0&
0@
0A
#12110
b00000000000000000000010010111011 "
b00000000000000000000010010111011 $
1&
b0010010111000 ;
b0010010111001 >
1@
1A
#12115
0&
0@
0A
#12120
b00000000000000000000010010111100 "
b00000000000000000000010010111100 $
1&
b0010010111001 ;
b0010010111010 >
1@
1A
#12125
0&
0@
0A
#12130
b00000000000000000000010010111101 "
b00000000000000000000010010111101 $
1&
b0010010111010 ;
b0010010111011 >
1@
1A
#12135
0&
0@
0A
#12140
b00000000000000000000010010111110 "
b00000000000000000000010010111110 $
1&
b0010010111011 ;
b0010010111100 >
1@
1A
#12145
0&
0@
0A
#12150
b00000000000000000000010010111111 "
b00000000000000000000010010111111 $
1&
b0010010111100 ;
b0010010111101 >
1@
1A
#12155
0&
0@
0A
#12160
b00000000000000000000010011000000 "
b00000000000000000000010011000000 $
1&
b0010010111101 ;
b0010010111110 >
1@
1A
#12165
0&
0@
0A
#12170
b00000000000000000000010011000001 "
b00000000000000000000010011000001 $
1&
b0010010111110 ;
b0010010111111 >
1@
1A
#12175
0&
0@
0A
#12180
b00000000000000000000010011000010 "
b00000000000000000000010011000010 $
1&
b0010010111111 ;
b0010011000000 >
1@
1A
#12185
0&
0@
0A
#12190
b00000000000000000000010011000011 "
b00000000000000000000010011000011 $
1&
b0010011000000 ;
b0010011000001 >
1@
1A
#12195
0&
0@
0A
#12200
b00000000000000000000010011000100 "
b00000000000000000000010011000100 $
1&
b0010011000001 ;
b0010011000010 >
1@
1A
#12205
0&
0@
0A
#12210
b00000000000000000000010011000101 "
b00000000000000000000010011000101 $
1&
b0010011000010 ;
b0010011000011 >
1@
1A
#12215
0&
0@
0A
#12220
b00000000000000000000010011000110 "
b00000000000000000000010011000110 $
1&
b0010011000011 ;
b0010011000100 >
1@
1A
#12225
0&
0@
0A
#12230
b00000000000000000000010011000111 "
b00000000000000000000010011000111 $
1&
b0010011000100 ;
b0010011000101 >
1@
1A
#12235
0&
0@
0A
#12240
b00000000000000000000010011001000 "
b00000000000000000000010011001000 $
1&
b0010011000101 ;
b0010011000110 >
1@
1A
#12245
0&
0@
0A
#12250
b00000000000000000000010011001001 "
b00000000000000000000010011001001 $
1&
b0010011000110 ;
b0010011000111 >
1@
1A
#12255
0&
0@
0A
#12260
b00000000000000000000010011001010 "
b00000000000000000000010011001010 $
1&
b0010011000111 ;
b0010011001000 >
1@
1A
#12265
0&
0@
0A
#12270
b00000000000000000000010011001011 "
b00000000000000000000010011001011 $
1&
b0010011001000 ;
b0010011001001 >
1@
1A
#12275
0&
0@
0A
#12280
b00000000000000000000010011001100 "
b00000000000000000000010011001100 $
1&
b0010011001001 ;
b0010011001010 >
1@
1A
#12285
0&
0@
0A
#12290
b00000000000000000000010011001101 "
b00000000000000000000010011001101 $
1&
b0010011001010 ;
b0010011001011 >
1@
1A
#12295
0&
0@
0A
#12300
b00000000000000000000010011001110 "
b00000000000000000000010011001110 $
1&
b0010011001011 ;
b0010011001100 >
1@
1A
#12305
0&
0@
0A
#12310
b00000000000000000000010011001111 "
b00000000000000000000010011001111 $
1&
b0010011001100 ;
b0010011001101 >
1@
1A
#12315
0&
0@
0A
#12320
b00000000000000000000010011010000 "
b00000000000000000000010011010000 $
1&
b0010011001101 ;
b0010011001110 >
1@
1A
#12325
0&
0@
0A
#12330
b00000000000000000000010011010001 "
b00000000000000000000010011010001 $
1&
b0010011001110 ;
b0010011001111 >
1@
1A
#12335
0&
0@
0A
#12340
b00000000000000000000010011010010 "
b00000000000000000000010011010010 $
1&
b0010011001111 ;
b0010011010000 >
1@
1A
#12345
0&
0@
0A
#12350
b00000000000000000000010011010011 "
b00000000000000000000010011010011 $
1&
b0010011010000 ;
b0010011010001 >
1@
1A
#12355
0&
0@
0A
#12360
b00000000000000000000010011010100 "
b00000000000000000000010011010100 $
1&
b0010011010001 ;
b0010011010010 >
1@
1A
#12365
0&
0@
0A
#12370
b00000000000000000000010011010101 "
b00000000000000000000010011010101 $
1&
b0010011010010 ;
b0010011010011 >
1@
1A
#12375
0&
0@
0A
#12380
b00000000000000000000010011010110 "
b00000000000000000000010011010110 $
1&
b0010011010011 ;
b0010011010100 >
1@
1A
#12385
0&
0@
0A
#12390
b00000000000000000000010011010111 "
b00000000000000000000010011010111 $
1&
b0010011010100 ;
b0010011010101 >
1@
1A
#12395
0&
0@
0A
#12400
b00000000000000000000010011011000 "
b00000000000000000000010011011000 $
1&
b0010011010101 ;
b0010011010110 >
1@
1A
#12405
0&
0@
0A
#12410
b00000000000000000000010011011001 "
b00000000000000000000010011011001 $
1&
b0010011010110 ;
b0010011010111 >
1@
1A
#12415
0&
0@
0A
#12420
b00000000000000000000010011011010 "
b00000000000000000000010011011010 $
1&
b0010011010111 ;
b0010011011000 >
1@
1A
#12425
0&
0@
0A
#12430
b00000000000000000000010011011011 "
b00000000000000000000010011011011 $
1&
b0010011011000 ;
b0010011011001 >
1@
1A
#12435
0&
0@
0A
#12440
b00000000000000000000010011011100 "
b00000000000000000000010011011100 $
1&
b0010011011001 ;
b0010011011010 >
1@
1A
#12445
0&
0@
0A
#12450
b00000000000000000000010011011101 "
b00000000000000000000010011011101 $
1&
b0010011011010 ;
b0010011011011 >
1@
1A
#12455
0&
0@
0A
#12460
b00000000000000000000010011011110 "
b00000000000000000000010011011110 $
1&
b0010011011011 ;
b0010011011100 >
1@
1A
#12465
0&
0@
0A
#12470
b00000000000000000000010011011111 "
b00000000000000000000010011011111 $
1&
b0010011011100 ;
b0010011011101 >
1@
1A
#12475
0&
0@
0A
#12480
b00000000000000000000010011100000 "
b00000000000000000000010011100000 $
1&
b0010011011101 ;
b0010011011110 >
1@
1A
#12485
0&
0@
0A
#12490
b00000000000000000000010011100001 "
b00000000000000000000010011100001 $
1&
b0010011011110 ;
b0010011011111 >
1@
1A
#12495
0&
0@
0A
#12500
b00000000000000000000010011100010 "
b00000000000000000000010011100010 $
1&
b0010011011111 ;
b0010011100000 >
1@
1A
#12505
0&
0@
0A
#12510
b00000000000000000000010011100011 "
b00000000000000000000010011100011 $
1&
b0010011100000 ;
b0010011100001 >
1@
1A
#12515
0&
0@
0A
#12520
b00000000000000000000010011100100 "
b00000000000000000000010011100100 $
1&
b0010011100001 ;
b0010011100010 >
1@
1A
#12525
0&
0@
0A
#12530
b00000000000000000000010011100101 "
b00000000000000000000010011100101 $
1&
b0010011100010 ;
b0010011100011 >
1@
1A
#12535
0&
0@
0A
#12540
b00000000000000000000010011100110 "
b00000000000000000000010011100110 $
1&
b0010011100011 ;
b0010011100100 >
1@
1A
#12545
0&
0@
0A
#12550
b00000000000000000000010011100111 "
b00000000000000000000010011100111 $
1&
b0010011100100 ;
b0010011100101 >
1@
1A
#12555
0&
0@
0A
#12560
b00000000000000000000010011101000 "
b00000000000000000000010011101000 $
1&
b0010011100101 ;
b0010011100110 >
1@
1A
#12565
0&
0@
0A
#12570
b00000000000000000000010011101001 "
b00000000000000000000010011101001 $
1&
b0010011100110 ;
b0010011100111 >
1@
1A
#12575
0&
0@
0A
#12580
b00000000000000000000010011101010 "
b00000000000000000000010011101010 $
1&
b0010011100111 ;
b0010011101000 >
1@
1A
#12585
0&
0@
0A
#12590
b00000000000000000000010011101011 "
b00000000000000000000010011101011 $
1&
b0010011101000 ;
b0010011101001 >
1@
1A
#12595
0&
0@
0A
#12600
b00000000000000000000010011101100 "
b00000000000000000000010011101100 $
1&
b0010011101001 ;
b0010011101010 >
1@
1A
#12605
0&
0@
0A
#12610
b00000000000000000000010011101101 "
b00000000000000000000010011101101 $
1&
b0010011101010 ;
b0010011101011 >
1@
1A
#12615
0&
0@
0A
#12620
b00000000000000000000010011101110 "
b00000000000000000000010011101110 $
1&
b0010011101011 ;
b0010011101100 >
1@
1A
#12625
0&
0@
0A
#12630
b00000000000000000000010011101111 "
b00000000000000000000010011101111 $
1&
b0010011101100 ;
b0010011101101 >
1@
1A
#12635
0&
0@
0A
#12640
b00000000000000000000010011110000 "
b00000000000000000000010011110000 $
1&
b0010011101101 ;
b0010011101110 >
1@
1A
#12645
0&
0@
0A
#12650
b00000000000000000000010011110001 "
b00000000000000000000010011110001 $
1&
b0010011101110 ;
b0010011101111 >
1@
1A
#12655
0&
0@
0A
#12660
b00000000000000000000010011110010 "
b00000000000000000000010011110010 $
1&
b0010011101111 ;
b0010011110000 >
1@
1A
#12665
0&
0@
0A
#12670
b00000000000000000000010011110011 "
b00000000000000000000010011110011 $
1&
b0010011110000 ;
b0010011110001 >
1@
1A
#12675
0&
0@
0A
#12680
b00000000000000000000010011110100 "
b00000000000000000000010011110100 $
1&
b0010011110001 ;
b0010011110010 >
1@
1A
#12685
0&
0@
0A
#12690
b00000000000000000000010011110101 "
b00000000000000000000010011110101 $
1&
b0010011110010 ;
b0010011110011 >
1@
1A
#12695
0&
0@
0A
#12700
b00000000000000000000010011110110 "
b00000000000000000000010011110110 $
1&
b0010011110011 ;
b0010011110100 >
1@
1A
#12705
0&
0@
0A
#12710
b00000000000000000000010011110111 "
b00000000000000000000010011110111 $
1&
b0010011110100 ;
b0010011110101 >
1@
1A
#12715
0&
0@
0A
#12720
b00000000000000000000010011111000 "
b00000000000000000000010011111000 $
1&
b0010011110101 ;
b0010011110110 >
1@
1A
#12725
0&
0@
0A
#12730
b00000000000000000000010011111001 "
b00000000000000000000010011111001 $
1&
b0010011110110 ;
b0010011110111 >
1@
1A
#12735
0&
0@
0A
#12740
b00000000000000000000010011111010 "
b00000000000000000000010011111010 $
1&
b0010011110111 ;
b0010011111000 >
1@
1A
#12745
0&
0@
0A
#12750
b00000000000000000000010011111011 "
b00000000000000000000010011111011 $
1&
b0010011111000 ;
b0010011111001 >
1@
1A
#12755
0&
0@
0A
#12760
b00000000000000000000010011111100 "
b00000000000000000000010011111100 $
1&
b0010011111001 ;
b0010011111010 >
1@
1A
#12765
0&
0@
0A
#12770
b00000000000000000000010011111101 "
b00000000000000000000010011111101 $
1&
b0010011111010 ;
b0010011111011 >
1@
1A
#12775
0&
0@
0A
#12780
b00000000000000000000010011111110 "
b00000000000000000000010011111110 $
1&
b0010011111011 ;
b0010011111100 >
1@
1A
#12785
0&
0@
0A
#12790
b00000000000000000000010011111111 "
b00000000000000000000010011111111 $
1&
b0010011111100 ;
b0010011111101 >
1@
1A
#12795
0&
0@
0A
#12800
b00000000000000000000010100000000 "
b00000000000000000000010100000000 $
1&
b0010011111101 ;
b0010011111110 >
1@
1A
#12805
0&
0@
0A
#12810
b00000000000000000000010100000001 "
b00000000000000000000010100000001 $
1&
b0010011111110 ;
b0010011111111 >
1@
1A
#12815
0&
0@
0A
#12820
b00000000000000000000010100000010 "
b00000000000000000000010100000010 $
1&
b0010011111111 ;
b0010100000000 >
1@
1A
#12825
0&
0@
0A
#12830
b00000000000000000000010100000011 "
b00000000000000000000010100000011 $
1&
b0010100000000 ;
b0010100000001 >
1@
1A
#12835
0&
0@
0A
#12840
b00000000000000000000010100000100 "
b00000000000000000000010100000100 $
1&
b0010100000001 ;
b0010100000010 >
1@
1A
#12845
0&
0@
0A
#12850
b00000000000000000000010100000101 "
b00000000000000000000010100000101 $
1&
b0010100000010 ;
b0010100000011 >
1@
1A
#12855
0&
0@
0A
#12860
b00000000000000000000010100000110 "
b00000000000000000000010100000110 $
1&
b0010100000011 ;
b0010100000100 >
1@
1A
#12865
0&
0@
0A
#12870
b00000000000000000000010100000111 "
b00000000000000000000010100000111 $
1&
b0010100000100 ;
b0010100000101 >
1@
1A
#12875
0&
0@
0A
#12880
b00000000000000000000010100001000 "
b00000000000000000000010100001000 $
1&
b0010100000101 ;
b0010100000110 >
1@
1A
#12885
0&
0@
0A
#12890
b00000000000000000000010100001001 "
b00000000000000000000010100001001 $
1&
b0010100000110 ;
b0010100000111 >
1@
1A
#12895
0&
0@
0A
#12900
b00000000000000000000010100001010 "
b00000000000000000000010100001010 $
1&
b0010100000111 ;
b0010100001000 >
1@
1A
#12905
0&
0@
0A
#12910
b00000000000000000000010100001011 "
b00000000000000000000010100001011 $
1&
b0010100001000 ;
b0010100001001 >
1@
1A
#12915
0&
0@
0A
#12920
b00000000000000000000010100001100 "
b00000000000000000000010100001100 $
1&
b0010100001001 ;
b0010100001010 >
1@
1A
#12925
0&
0@
0A
#12930
b00000000000000000000010100001101 "
b00000000000000000000010100001101 $
1&
b0010100001010 ;
b0010100001011 >
1@
1A
#12935
0&
0@
0A
#12940
b00000000000000000000010100001110 "
b00000000000000000000010100001110 $
1&
b0010100001011 ;
b0010100001100 >
1@
1A
#12945
0&
0@
0A
#12950
b00000000000000000000010100001111 "
b00000000000000000000010100001111 $
1&
b0010100001100 ;
b0010100001101 >
1@
1A
#12955
0&
0@
0A
#12960
b00000000000000000000010100010000 "
b00000000000000000000010100010000 $
1&
b0010100001101 ;
b0010100001110 >
1@
1A
#12965
0&
0@
0A
#12970
b00000000000000000000010100010001 "
b00000000000000000000010100010001 $
1&
b0010100001110 ;
b0010100001111 >
1@
1A
#12975
0&
0@
0A
#12980
b00000000000000000000010100010010 "
b00000000000000000000010100010010 $
1&
b0010100001111 ;
b0010100010000 >
1@
1A
#12985
0&
0@
0A
#12990
b00000000000000000000010100010011 "
b00000000000000000000010100010011 $
1&
b0010100010000 ;
b0010100010001 >
1@
1A
#12995
0&
0@
0A
#13000
b00000000000000000000010100010100 "
b00000000000000000000010100010100 $
1&
b0010100010001 ;
b0010100010010 >
1@
1A
#13005
0&
0@
0A
#13010
b00000000000000000000010100010101 "
b00000000000000000000010100010101 $
1&
b0010100010010 ;
b0010100010011 >
1@
1A
#13015
0&
0@
0A
#13020
b00000000000000000000010100010110 "
b00000000000000000000010100010110 $
1&
b0010100010011 ;
b0010100010100 >
1@
1A
#13025
0&
0@
0A
#13030
b00000000000000000000010100010111 "
b00000000000000000000010100010111 $
1&
b0010100010100 ;
b0010100010101 >
1@
1A
#13035
0&
0@
0A
#13040
b00000000000000000000010100011000 "
b00000000000000000000010100011000 $
1&
b0010100010101 ;
b0010100010110 >
1@
1A
#13045
0&
0@
0A
#13050
b00000000000000000000010100011001 "
b00000000000000000000010100011001 $
1&
b0010100010110 ;
b0010100010111 >
1@
1A
#13055
0&
0@
0A
#13060
b00000000000000000000010100011010 "
b00000000000000000000010100011010 $
1&
b0010100010111 ;
b0010100011000 >
1@
1A
#13065
0&
0@
0A
#13070
b00000000000000000000010100011011 "
b00000000000000000000010100011011 $
1&
b0010100011000 ;
b0010100011001 >
1@
1A
#13075
0&
0@
0A
#13080
b00000000000000000000010100011100 "
b00000000000000000000010100011100 $
1&
b0010100011001 ;
b0010100011010 >
1@
1A
#13085
0&
0@
0A
#13090
b00000000000000000000010100011101 "
b00000000000000000000010100011101 $
1&
b0010100011010 ;
b0010100011011 >
1@
1A
#13095
0&
0@
0A
#13100
b00000000000000000000010100011110 "
b00000000000000000000010100011110 $
1&
b0010100011011 ;
b0010100011100 >
1@
1A
#13105
0&
0@
0A
#13110
b00000000000000000000010100011111 "
b00000000000000000000010100011111 $
1&
b0010100011100 ;
b0010100011101 >
1@
1A
#13115
0&
0@
0A
#13120
b00000000000000000000010100100000 "
b00000000000000000000010100100000 $
1&
b0010100011101 ;
b0010100011110 >
1@
1A
#13125
0&
0@
0A
#13130
b00000000000000000000010100100001 "
b00000000000000000000010100100001 $
1&
b0010100011110 ;
b0010100011111 >
1@
1A
#13135
0&
0@
0A
#13140
b00000000000000000000010100100010 "
b00000000000000000000010100100010 $
1&
b0010100011111 ;
b0010100100000 >
1@
1A
#13145
0&
0@
0A
#13150
b00000000000000000000010100100011 "
b00000000000000000000010100100011 $
1&
b0010100100000 ;
b0010100100001 >
1@
1A
#13155
0&
0@
0A
#13160
b00000000000000000000010100100100 "
b00000000000000000000010100100100 $
1&
b0010100100001 ;
b0010100100010 >
1@
1A
#13165
0&
0@
0A
#13170
b00000000000000000000010100100101 "
b00000000000000000000010100100101 $
1&
b0010100100010 ;
b0010100100011 >
1@
1A
#13175
0&
0@
0A
#13180
b00000000000000000000010100100110 "
b00000000000000000000010100100110 $
1&
b0010100100011 ;
b0010100100100 >
1@
1A
#13185
0&
0@
0A
#13190
b00000000000000000000010100100111 "
b00000000000000000000010100100111 $
1&
b0010100100100 ;
b0010100100101 >
1@
1A
#13195
0&
0@
0A
#13200
b00000000000000000000010100101000 "
b00000000000000000000010100101000 $
1&
b0010100100101 ;
b0010100100110 >
1@
1A
#13205
0&
0@
0A
#13210
b00000000000000000000010100101001 "
b00000000000000000000010100101001 $
1&
b0010100100110 ;
b0010100100111 >
1@
1A
#13215
0&
0@
0A
#13220
b00000000000000000000010100101010 "
b00000000000000000000010100101010 $
1&
b0010100100111 ;
b0010100101000 >
1@
1A
#13225
0&
0@
0A
#13230
b00000000000000000000010100101011 "
b00000000000000000000010100101011 $
1&
b0010100101000 ;
b0010100101001 >
1@
1A
#13235
0&
0@
0A
#13240
b00000000000000000000010100101100 "
b00000000000000000000010100101100 $
1&
b0010100101001 ;
b0010100101010 >
1@
1A
#13245
0&
0@
0A
#13250
b00000000000000000000010100101101 "
b00000000000000000000010100101101 $
1&
b0010100101010 ;
b0010100101011 >
1@
1A
#13255
0&
0@
0A
#13260
b00000000000000000000010100101110 "
b00000000000000000000010100101110 $
1&
b0010100101011 ;
b0010100101100 >
1@
1A
#13265
0&
0@
0A
#13270
b00000000000000000000010100101111 "
b00000000000000000000010100101111 $
1&
b0010100101100 ;
b0010100101101 >
1@
1A
#13275
0&
0@
0A
#13280
b00000000000000000000010100110000 "
b00000000000000000000010100110000 $
1&
b0010100101101 ;
b0010100101110 >
1@
1A
#13285
0&
0@
0A
#13290
b00000000000000000000010100110001 "
b00000000000000000000010100110001 $
1&
b0010100101110 ;
b0010100101111 >
1@
1A
#13295
0&
0@
0A
#13300
b00000000000000000000010100110010 "
b00000000000000000000010100110010 $
1&
b0010100101111 ;
b0010100110000 >
1@
1A
#13305
0&
0@
0A
#13310
b00000000000000000000010100110011 "
b00000000000000000000010100110011 $
1&
b0010100110000 ;
b0010100110001 >
1@
1A
#13315
0&
0@
0A
#13320
b00000000000000000000010100110100 "
b00000000000000000000010100110100 $
1&
b0010100110001 ;
b0010100110010 >
1@
1A
#13325
0&
0@
0A
#13330
b00000000000000000000010100110101 "
b00000000000000000000010100110101 $
1&
b0010100110010 ;
b0010100110011 >
1@
1A
#13335
0&
0@
0A
#13340
b00000000000000000000010100110110 "
b00000000000000000000010100110110 $
1&
b0010100110011 ;
b0010100110100 >
1@
1A
#13345
0&
0@
0A
#13350
b00000000000000000000010100110111 "
b00000000000000000000010100110111 $
1&
b0010100110100 ;
b0010100110101 >
1@
1A
#13355
0&
0@
0A
#13360
b00000000000000000000010100111000 "
b00000000000000000000010100111000 $
1&
b0010100110101 ;
b0010100110110 >
1@
1A
#13365
0&
0@
0A
#13370
b00000000000000000000010100111001 "
b00000000000000000000010100111001 $
1&
b0010100110110 ;
b0010100110111 >
1@
1A
#13375
0&
0@
0A
#13380
b00000000000000000000010100111010 "
b00000000000000000000010100111010 $
1&
b0010100110111 ;
b0010100111000 >
1@
1A
#13385
0&
0@
0A
#13390
b00000000000000000000010100111011 "
b00000000000000000000010100111011 $
1&
b0010100111000 ;
b0010100111001 >
1@
1A
#13395
0&
0@
0A
#13400
b00000000000000000000010100111100 "
b00000000000000000000010100111100 $
1&
b0010100111001 ;
b0010100111010 >
1@
1A
#13405
0&
0@
0A
#13410
b00000000000000000000010100111101 "
b00000000000000000000010100111101 $
1&
b0010100111010 ;
b0010100111011 >
1@
1A
#13415
0&
0@
0A
#13420
b00000000000000000000010100111110 "
b00000000000000000000010100111110 $
1&
b0010100111011 ;
b0010100111100 >
1@
1A
#13425
0&
0@
0A
#13430
b00000000000000000000010100111111 "
b00000000000000000000010100111111 $
1&
b0010100111100 ;
b0010100111101 >
1@
1A
#13435
0&
0@
0A
#13440
b00000000000000000000010101000000 "
b00000000000000000000010101000000 $
1&
b0010100111101 ;
b0010100111110 >
1@
1A
#13445
0&
0@
0A
#13450
b00000000000000000000010101000001 "
b00000000000000000000010101000001 $
1&
b0010100111110 ;
b0010100111111 >
1@
1A
#13455
0&
0@
0A
#13460
b00000000000000000000010101000010 "
b00000000000000000000010101000010 $
1&
b0010100111111 ;
b0010101000000 >
1@
1A
#13465
0&
0@
0A
#13470
b00000000000000000000010101000011 "
b00000000000000000000010101000011 $
1&
b0010101000000 ;
b0010101000001 >
1@
1A
#13475
0&
0@
0A
#13480
b00000000000000000000010101000100 "
b00000000000000000000010101000100 $
1&
b0010101000001 ;
b0010101000010 >
1@
1A
#13485
0&
0@
0A
#13490
b00000000000000000000010101000101 "
b00000000000000000000010101000101 $
1&
b0010101000010 ;
b0010101000011 >
1@
1A
#13495
0&
0@
0A
#13500
b00000000000000000000010101000110 "
b00000000000000000000010101000110 $
1&
b0010101000011 ;
b0010101000100 >
1@
1A
#13505
0&
0@
0A
#13510
b00000000000000000000010101000111 "
b00000000000000000000010101000111 $
1&
b0010101000100 ;
b0010101000101 >
1@
1A
#13515
0&
0@
0A
#13520
b00000000000000000000010101001000 "
b00000000000000000000010101001000 $
1&
b0010101000101 ;
b0010101000110 >
1@
1A
#13525
0&
0@
0A
#13530
b00000000000000000000010101001001 "
b00000000000000000000010101001001 $
1&
b0010101000110 ;
b0010101000111 >
1@
1A
#13535
0&
0@
0A
#13540
b00000000000000000000010101001010 "
b00000000000000000000010101001010 $
1&
b0010101000111 ;
b0010101001000 >
1@
1A
#13545
0&
0@
0A
#13550
b00000000000000000000010101001011 "
b00000000000000000000010101001011 $
1&
b0010101001000 ;
b0010101001001 >
1@
1A
#13555
0&
0@
0A
#13560
b00000000000000000000010101001100 "
b00000000000000000000010101001100 $
1&
b0010101001001 ;
b0010101001010 >
1@
1A
#13565
0&
0@
0A
#13570
b00000000000000000000010101001101 "
b00000000000000000000010101001101 $
1&
b0010101001010 ;
b0010101001011 >
1@
1A
#13575
0&
0@
0A
#13580
b00000000000000000000010101001110 "
b00000000000000000000010101001110 $
1&
b0010101001011 ;
b0010101001100 >
1@
1A
#13585
0&
0@
0A
#13590
b00000000000000000000010101001111 "
b00000000000000000000010101001111 $
1&
b0010101001100 ;
b0010101001101 >
1@
1A
#13595
0&
0@
0A
#13600
b00000000000000000000010101010000 "
b00000000000000000000010101010000 $
1&
b0010101001101 ;
b0010101001110 >
1@
1A
#13605
0&
0@
0A
#13610
b00000000000000000000010101010001 "
b00000000000000000000010101010001 $
1&
b0010101001110 ;
b0010101001111 >
1@
1A
#13615
0&
0@
0A
#13620
b00000000000000000000010101010010 "
b00000000000000000000010101010010 $
1&
b0010101001111 ;
b0010101010000 >
1@
1A
#13625
0&
0@
0A
#13630
b00000000000000000000010101010011 "
b00000000000000000000010101010011 $
1&
b0010101010000 ;
b0010101010001 >
1@
1A
#13635
0&
0@
0A
#13640
b00000000000000000000010101010100 "
b00000000000000000000010101010100 $
1&
b0010101010001 ;
b0010101010010 >
1@
1A
#13645
0&
0@
0A
#13650
b00000000000000000000010101010101 "
b00000000000000000000010101010101 $
1&
b0010101010010 ;
b0010101010011 >
1@
1A
#13655
0&
0@
0A
#13660
b00000000000000000000010101010110 "
b00000000000000000000010101010110 $
1&
b0010101010011 ;
b0010101010100 >
1@
1A
#13665
0&
0@
0A
#13670
b00000000000000000000010101010111 "
b00000000000000000000010101010111 $
1&
b0010101010100 ;
b0010101010101 >
1@
1A
#13675
0&
0@
0A
#13680
b00000000000000000000010101011000 "
b00000000000000000000010101011000 $
1&
b0010101010101 ;
b0010101010110 >
1@
1A
#13685
0&
0@
0A
#13690
b00000000000000000000010101011001 "
b00000000000000000000010101011001 $
1&
b0010101010110 ;
b0010101010111 >
1@
1A
#13695
0&
0@
0A
#13700
b00000000000000000000010101011010 "
b00000000000000000000010101011010 $
1&
b0010101010111 ;
b0010101011000 >
1@
1A
#13705
0&
0@
0A
#13710
b00000000000000000000010101011011 "
b00000000000000000000010101011011 $
1&
b0010101011000 ;
b0010101011001 >
1@
1A
#13715
0&
0@
0A
#13720
b00000000000000000000010101011100 "
b00000000000000000000010101011100 $
1&
b0010101011001 ;
b0010101011010 >
1@
1A
#13725
0&
0@
0A
#13730
b00000000000000000000010101011101 "
b00000000000000000000010101011101 $
1&
b0010101011010 ;
b0010101011011 >
1@
1A
#13735
0&
0@
0A
#13740
b00000000000000000000010101011110 "
b00000000000000000000010101011110 $
1&
b0010101011011 ;
b0010101011100 >
1@
1A
#13745
0&
0@
0A
#13750
b00000000000000000000010101011111 "
b00000000000000000000010101011111 $
1&
b0010101011100 ;
b0010101011101 >
1@
1A
#13755
0&
0@
0A
#13760
b00000000000000000000010101100000 "
b00000000000000000000010101100000 $
1&
b0010101011101 ;
b0010101011110 >
1@
1A
#13765
0&
0@
0A
#13770
b00000000000000000000010101100001 "
b00000000000000000000010101100001 $
1&
b0010101011110 ;
b0010101011111 >
1@
1A
#13775
0&
0@
0A
#13780
b00000000000000000000010101100010 "
b00000000000000000000010101100010 $
1&
b0010101011111 ;
b0010101100000 >
1@
1A
#13785
0&
0@
0A
#13790
b00000000000000000000010101100011 "
b00000000000000000000010101100011 $
1&
b0010101100000 ;
b0010101100001 >
1@
1A
#13795
0&
0@
0A
#13800
b00000000000000000000010101100100 "
b00000000000000000000010101100100 $
1&
b0010101100001 ;
b0010101100010 >
1@
1A
#13805
0&
0@
0A
#13810
b00000000000000000000010101100101 "
b00000000000000000000010101100101 $
1&
b0010101100010 ;
b0010101100011 >
1@
1A
#13815
0&
0@
0A
#13820
b00000000000000000000010101100110 "
b00000000000000000000010101100110 $
1&
b0010101100011 ;
b0010101100100 >
1@
1A
#13825
0&
0@
0A
#13830
b00000000000000000000010101100111 "
b00000000000000000000010101100111 $
1&
b0010101100100 ;
b0010101100101 >
1@
1A
#13835
0&
0@
0A
#13840
b00000000000000000000010101101000 "
b00000000000000000000010101101000 $
1&
b0010101100101 ;
b0010101100110 >
1@
1A
#13845
0&
0@
0A
#13850
b00000000000000000000010101101001 "
b00000000000000000000010101101001 $
1&
b0010101100110 ;
b0010101100111 >
1@
1A
#13855
0&
0@
0A
#13860
b00000000000000000000010101101010 "
b00000000000000000000010101101010 $
1&
b0010101100111 ;
b0010101101000 >
1@
1A
#13865
0&
0@
0A
#13870
b00000000000000000000010101101011 "
b00000000000000000000010101101011 $
1&
b0010101101000 ;
b0010101101001 >
1@
1A
#13875
0&
0@
0A
#13880
b00000000000000000000010101101100 "
b00000000000000000000010101101100 $
1&
b0010101101001 ;
b0010101101010 >
1@
1A
#13885
0&
0@
0A
#13890
b00000000000000000000010101101101 "
b00000000000000000000010101101101 $
1&
b0010101101010 ;
b0010101101011 >
1@
1A
#13895
0&
0@
0A
#13900
b00000000000000000000010101101110 "
b00000000000000000000010101101110 $
1&
b0010101101011 ;
b0010101101100 >
1@
1A
#13905
0&
0@
0A
#13910
b00000000000000000000010101101111 "
b00000000000000000000010101101111 $
1&
b0010101101100 ;
b0010101101101 >
1@
1A
#13915
0&
0@
0A
#13920
b00000000000000000000010101110000 "
b00000000000000000000010101110000 $
1&
b0010101101101 ;
b0010101101110 >
1@
1A
#13925
0&
0@
0A
#13930
b00000000000000000000010101110001 "
b00000000000000000000010101110001 $
1&
b0010101101110 ;
b0010101101111 >
1@
1A
#13935
0&
0@
0A
#13940
b00000000000000000000010101110010 "
b00000000000000000000010101110010 $
1&
b0010101101111 ;
b0010101110000 >
1@
1A
#13945
0&
0@
0A
#13950
b00000000000000000000010101110011 "
b00000000000000000000010101110011 $
1&
b0010101110000 ;
b0010101110001 >
1@
1A
#13955
0&
0@
0A
#13960
b00000000000000000000010101110100 "
b00000000000000000000010101110100 $
1&
b0010101110001 ;
b0010101110010 >
1@
1A
#13965
0&
0@
0A
#13970
b00000000000000000000010101110101 "
b00000000000000000000010101110101 $
1&
b0010101110010 ;
b0010101110011 >
1@
1A
#13975
0&
0@
0A
#13980
b00000000000000000000010101110110 "
b00000000000000000000010101110110 $
1&
b0010101110011 ;
b0010101110100 >
1@
1A
#13985
0&
0@
0A
#13990
b00000000000000000000010101110111 "
b00000000000000000000010101110111 $
1&
b0010101110100 ;
b0010101110101 >
1@
1A
#13995
0&
0@
0A
#14000
b00000000000000000000010101111000 "
b00000000000000000000010101111000 $
1&
b0010101110101 ;
b0010101110110 >
1@
1A
#14005
0&
0@
0A
#14010
b00000000000000000000010101111001 "
b00000000000000000000010101111001 $
1&
b0010101110110 ;
b0010101110111 >
1@
1A
#14015
0&
0@
0A
#14020
b00000000000000000000010101111010 "
b00000000000000000000010101111010 $
1&
b0010101110111 ;
b0010101111000 >
1@
1A
#14025
0&
0@
0A
#14030
b00000000000000000000010101111011 "
b00000000000000000000010101111011 $
1&
b0010101111000 ;
b0010101111001 >
1@
1A
#14035
0&
0@
0A
#14040
b00000000000000000000010101111100 "
b00000000000000000000010101111100 $
1&
b0010101111001 ;
b0010101111010 >
1@
1A
#14045
0&
0@
0A
#14050
b00000000000000000000010101111101 "
b00000000000000000000010101111101 $
1&
b0010101111010 ;
b0010101111011 >
1@
1A
#14055
0&
0@
0A
#14060
b00000000000000000000010101111110 "
b00000000000000000000010101111110 $
1&
b0010101111011 ;
b0010101111100 >
1@
1A
#14065
0&
0@
0A
#14070
b00000000000000000000010101111111 "
b00000000000000000000010101111111 $
1&
b0010101111100 ;
b0010101111101 >
1@
1A
#14075
0&
0@
0A
#14080
b00000000000000000000010110000000 "
b00000000000000000000010110000000 $
1&
b0010101111101 ;
b0010101111110 >
1@
1A
#14085
0&
0@
0A
#14090
b00000000000000000000010110000001 "
b00000000000000000000010110000001 $
1&
b0010101111110 ;
b0010101111111 >
1@
1A
#14095
0&
0@
0A
#14100
b00000000000000000000010110000010 "
b00000000000000000000010110000010 $
1&
b0010101111111 ;
b0010110000000 >
1@
1A
#14105
0&
0@
0A
#14110
b00000000000000000000010110000011 "
b00000000000000000000010110000011 $
1&
b0010110000000 ;
b0010110000001 >
1@
1A
#14115
0&
0@
0A
#14120
b00000000000000000000010110000100 "
b00000000000000000000010110000100 $
1&
b0010110000001 ;
b0010110000010 >
1@
1A
#14125
0&
0@
0A
#14130
b00000000000000000000010110000101 "
b00000000000000000000010110000101 $
1&
b0010110000010 ;
b0010110000011 >
1@
1A
#14135
0&
0@
0A
#14140
b00000000000000000000010110000110 "
b00000000000000000000010110000110 $
1&
b0010110000011 ;
b0010110000100 >
1@
1A
#14145
0&
0@
0A
#14150
b00000000000000000000010110000111 "
b00000000000000000000010110000111 $
1&
b0010110000100 ;
b0010110000101 >
1@
1A
#14155
0&
0@
0A
#14160
b00000000000000000000010110001000 "
b00000000000000000000010110001000 $
1&
b0010110000101 ;
b0010110000110 >
1@
1A
#14165
0&
0@
0A
#14170
b00000000000000000000010110001001 "
b00000000000000000000010110001001 $
1&
b0010110000110 ;
b0010110000111 >
1@
1A
#14175
0&
0@
0A
#14180
b00000000000000000000010110001010 "
b00000000000000000000010110001010 $
1&
b0010110000111 ;
b0010110001000 >
1@
1A
#14185
0&
0@
0A
#14190
b00000000000000000000010110001011 "
b00000000000000000000010110001011 $
1&
b0010110001000 ;
b0010110001001 >
1@
1A
#14195
0&
0@
0A
#14200
b00000000000000000000010110001100 "
b00000000000000000000010110001100 $
1&
b0010110001001 ;
b0010110001010 >
1@
1A
#14205
0&
0@
0A
#14210
b00000000000000000000010110001101 "
b00000000000000000000010110001101 $
1&
b0010110001010 ;
b0010110001011 >
1@
1A
#14215
0&
0@
0A
#14220
b00000000000000000000010110001110 "
b00000000000000000000010110001110 $
1&
b0010110001011 ;
b0010110001100 >
1@
1A
#14225
0&
0@
0A
#14230
b00000000000000000000010110001111 "
b00000000000000000000010110001111 $
1&
b0010110001100 ;
b0010110001101 >
1@
1A
#14235
0&
0@
0A
#14240
b00000000000000000000010110010000 "
b00000000000000000000010110010000 $
1&
b0010110001101 ;
b0010110001110 >
1@
1A
#14245
0&
0@
0A
#14250
b00000000000000000000010110010001 "
b00000000000000000000010110010001 $
1&
b0010110001110 ;
b0010110001111 >
1@
1A
#14255
0&
0@
0A
#14260
b00000000000000000000010110010010 "
b00000000000000000000010110010010 $
1&
b0010110001111 ;
b0010110010000 >
1@
1A
#14265
0&
0@
0A
#14270
b00000000000000000000010110010011 "
b00000000000000000000010110010011 $
1&
b0010110010000 ;
b0010110010001 >
1@
1A
#14275
0&
0@
0A
#14280
b00000000000000000000010110010100 "
b00000000000000000000010110010100 $
1&
b0010110010001 ;
b0010110010010 >
1@
1A
#14285
0&
0@
0A
#14290
b00000000000000000000010110010101 "
b00000000000000000000010110010101 $
1&
b0010110010010 ;
b0010110010011 >
1@
1A
#14295
0&
0@
0A
#14300
b00000000000000000000010110010110 "
b00000000000000000000010110010110 $
1&
b0010110010011 ;
b0010110010100 >
1@
1A
#14305
0&
0@
0A
#14310
b00000000000000000000010110010111 "
b00000000000000000000010110010111 $
1&
b0010110010100 ;
b0010110010101 >
1@
1A
#14315
0&
0@
0A
#14320
b00000000000000000000010110011000 "
b00000000000000000000010110011000 $
1&
b0010110010101 ;
b0010110010110 >
1@
1A
#14325
0&
0@
0A
#14330
b00000000000000000000010110011001 "
b00000000000000000000010110011001 $
1&
b0010110010110 ;
b0010110010111 >
1@
1A
#14335
0&
0@
0A
#14340
b00000000000000000000010110011010 "
b00000000000000000000010110011010 $
1&
b0010110010111 ;
b0010110011000 >
1@
1A
#14345
0&
0@
0A
#14350
b00000000000000000000010110011011 "
b00000000000000000000010110011011 $
1&
b0010110011000 ;
b0010110011001 >
1@
1A
#14355
0&
0@
0A
#14360
b00000000000000000000010110011100 "
b00000000000000000000010110011100 $
1&
b0010110011001 ;
b0010110011010 >
1@
1A
#14365
0&
0@
0A
#14370
b00000000000000000000010110011101 "
b00000000000000000000010110011101 $
1&
b0010110011010 ;
b0010110011011 >
1@
1A
#14375
0&
0@
0A
#14380
b00000000000000000000010110011110 "
b00000000000000000000010110011110 $
1&
b0010110011011 ;
b0010110011100 >
1@
1A
#14385
0&
0@
0A
#14390
b00000000000000000000010110011111 "
b00000000000000000000010110011111 $
1&
b0010110011100 ;
b0010110011101 >
1@
1A
#14395
0&
0@
0A
#14400
b00000000000000000000010110100000 "
b00000000000000000000010110100000 $
1&
b0010110011101 ;
b0010110011110 >
1@
1A
#14405
0&
0@
0A
#14410
b00000000000000000000010110100001 "
b00000000000000000000010110100001 $
1&
b0010110011110 ;
b0010110011111 >
1@
1A
#14415
0&
0@
0A
#14420
b00000000000000000000010110100010 "
b00000000000000000000010110100010 $
1&
b0010110011111 ;
b0010110100000 >
1@
1A
#14425
0&
0@
0A
#14430
b00000000000000000000010110100011 "
b00000000000000000000010110100011 $
1&
b0010110100000 ;
b0010110100001 >
1@
1A
#14435
0&
0@
0A
#14440
b00000000000000000000010110100100 "
b00000000000000000000010110100100 $
1&
b0010110100001 ;
b0010110100010 >
1@
1A
#14445
0&
0@
0A
#14450
b00000000000000000000010110100101 "
b00000000000000000000010110100101 $
1&
b0010110100010 ;
b0010110100011 >
1@
1A
#14455
0&
0@
0A
#14460
b00000000000000000000010110100110 "
b00000000000000000000010110100110 $
1&
b0010110100011 ;
b0010110100100 >
1@
1A
#14465
0&
0@
0A
#14470
b00000000000000000000010110100111 "
b00000000000000000000010110100111 $
1&
b0010110100100 ;
b0010110100101 >
1@
1A
#14475
0&
0@
0A
#14480
b00000000000000000000010110101000 "
b00000000000000000000010110101000 $
1&
b0010110100101 ;
b0010110100110 >
1@
1A
#14485
0&
0@
0A
#14490
b00000000000000000000010110101001 "
b00000000000000000000010110101001 $
1&
b0010110100110 ;
b0010110100111 >
1@
1A
#14495
0&
0@
0A
#14500
b00000000000000000000010110101010 "
b00000000000000000000010110101010 $
1&
b0010110100111 ;
b0010110101000 >
1@
1A
#14505
0&
0@
0A
#14510
b00000000000000000000010110101011 "
b00000000000000000000010110101011 $
1&
b0010110101000 ;
b0010110101001 >
1@
1A
#14515
0&
0@
0A
#14520
b00000000000000000000010110101100 "
b00000000000000000000010110101100 $
1&
b0010110101001 ;
b0010110101010 >
1@
1A
#14525
0&
0@
0A
#14530
b00000000000000000000010110101101 "
b00000000000000000000010110101101 $
1&
b0010110101010 ;
b0010110101011 >
1@
1A
#14535
0&
0@
0A
#14540
b00000000000000000000010110101110 "
b00000000000000000000010110101110 $
1&
b0010110101011 ;
b0010110101100 >
1@
1A
#14545
0&
0@
0A
#14550
b00000000000000000000010110101111 "
b00000000000000000000010110101111 $
1&
b0010110101100 ;
b0010110101101 >
1@
1A
#14555
0&
0@
0A
#14560
b00000000000000000000010110110000 "
b00000000000000000000010110110000 $
1&
b0010110101101 ;
b0010110101110 >
1@
1A
#14565
0&
0@
0A
#14570
b00000000000000000000010110110001 "
b00000000000000000000010110110001 $
1&
b0010110101110 ;
b0010110101111 >
1@
1A
#14575
0&
0@
0A
#14580
b00000000000000000000010110110010 "
b00000000000000000000010110110010 $
1&
b0010110101111 ;
b0010110110000 >
1@
1A
#14585
0&
0@
0A
#14590
b00000000000000000000010110110011 "
b00000000000000000000010110110011 $
1&
b0010110110000 ;
b0010110110001 >
1@
1A
#14595
0&
0@
0A
#14600
b00000000000000000000010110110100 "
b00000000000000000000010110110100 $
1&
b0010110110001 ;
b0010110110010 >
1@
1A
#14605
0&
0@
0A
#14610
b00000000000000000000010110110101 "
b00000000000000000000010110110101 $
1&
b0010110110010 ;
b0010110110011 >
1@
1A
#14615
0&
0@
0A
#14620
b00000000000000000000010110110110 "
b00000000000000000000010110110110 $
1&
b0010110110011 ;
b0010110110100 >
1@
1A
#14625
0&
0@
0A
#14630
b00000000000000000000010110110111 "
b00000000000000000000010110110111 $
1&
b0010110110100 ;
b0010110110101 >
1@
1A
#14635
0&
0@
0A
#14640
b00000000000000000000010110111000 "
b00000000000000000000010110111000 $
1&
b0010110110101 ;
b0010110110110 >
1@
1A
#14645
0&
0@
0A
#14650
b00000000000000000000010110111001 "
b00000000000000000000010110111001 $
1&
b0010110110110 ;
b0010110110111 >
1@
1A
#14655
0&
0@
0A
#14660
b00000000000000000000010110111010 "
b00000000000000000000010110111010 $
1&
b0010110110111 ;
b0010110111000 >
1@
1A
#14665
0&
0@
0A
#14670
b00000000000000000000010110111011 "
b00000000000000000000010110111011 $
1&
b0010110111000 ;
b0010110111001 >
1@
1A
#14675
0&
0@
0A
#14680
b00000000000000000000010110111100 "
b00000000000000000000010110111100 $
1&
b0010110111001 ;
b0010110111010 >
1@
1A
#14685
0&
0@
0A
#14690
b00000000000000000000010110111101 "
b00000000000000000000010110111101 $
1&
b0010110111010 ;
b0010110111011 >
1@
1A
#14695
0&
0@
0A
#14700
b00000000000000000000010110111110 "
b00000000000000000000010110111110 $
1&
b0010110111011 ;
b0010110111100 >
1@
1A
#14705
0&
0@
0A
#14710
b00000000000000000000010110111111 "
b00000000000000000000010110111111 $
1&
b0010110111100 ;
b0010110111101 >
1@
1A
#14715
0&
0@
0A
#14720
b00000000000000000000010111000000 "
b00000000000000000000010111000000 $
1&
b0010110111101 ;
b0010110111110 >
1@
1A
#14725
0&
0@
0A
#14730
b00000000000000000000010111000001 "
b00000000000000000000010111000001 $
1&
b0010110111110 ;
b0010110111111 >
1@
1A
#14735
0&
0@
0A
#14740
b00000000000000000000010111000010 "
b00000000000000000000010111000010 $
1&
b0010110111111 ;
b0010111000000 >
1@
1A
#14745
0&
0@
0A
#14750
b00000000000000000000010111000011 "
b00000000000000000000010111000011 $
1&
b0010111000000 ;
b0010111000001 >
1@
1A
#14755
0&
0@
0A
#14760
b00000000000000000000010111000100 "
b00000000000000000000010111000100 $
1&
b0010111000001 ;
b0010111000010 >
1@
1A
#14765
0&
0@
0A
#14770
b00000000000000000000010111000101 "
b00000000000000000000010111000101 $
1&
b0010111000010 ;
b0010111000011 >
1@
1A
#14775
0&
0@
0A
#14780
b00000000000000000000010111000110 "
b00000000000000000000010111000110 $
1&
b0010111000011 ;
b0010111000100 >
1@
1A
#14785
0&
0@
0A
#14790
b00000000000000000000010111000111 "
b00000000000000000000010111000111 $
1&
b0010111000100 ;
b0010111000101 >
1@
1A
#14795
0&
0@
0A
#14800
b00000000000000000000010111001000 "
b00000000000000000000010111001000 $
1&
b0010111000101 ;
b0010111000110 >
1@
1A
#14805
0&
0@
0A
#14810
b00000000000000000000010111001001 "
b00000000000000000000010111001001 $
1&
b0010111000110 ;
b0010111000111 >
1@
1A
#14815
0&
0@
0A
#14820
b00000000000000000000010111001010 "
b00000000000000000000010111001010 $
1&
b0010111000111 ;
b0010111001000 >
1@
1A
#14825
0&
0@
0A
#14830
b00000000000000000000010111001011 "
b00000000000000000000010111001011 $
1&
b0010111001000 ;
b0010111001001 >
1@
1A
#14835
0&
0@
0A
#14840
b00000000000000000000010111001100 "
b00000000000000000000010111001100 $
1&
b0010111001001 ;
b0010111001010 >
1@
1A
#14845
0&
0@
0A
#14850
b00000000000000000000010111001101 "
b00000000000000000000010111001101 $
1&
b0010111001010 ;
b0010111001011 >
1@
1A
#14855
0&
0@
0A
#14860
b00000000000000000000010111001110 "
b00000000000000000000010111001110 $
1&
b0010111001011 ;
b0010111001100 >
1@
1A
#14865
0&
0@
0A
#14870
b00000000000000000000010111001111 "
b00000000000000000000010111001111 $
1&
b0010111001100 ;
b0010111001101 >
1@
1A
#14875
0&
0@
0A
#14880
b00000000000000000000010111010000 "
b00000000000000000000010111010000 $
1&
b0010111001101 ;
b0010111001110 >
1@
1A
#14885
0&
0@
0A
#14890
b00000000000000000000010111010001 "
b00000000000000000000010111010001 $
1&
b0010111001110 ;
b0010111001111 >
1@
1A
#14895
0&
0@
0A
#14900
b00000000000000000000010111010010 "
b00000000000000000000010111010010 $
1&
b0010111001111 ;
b0010111010000 >
1@
1A
#14905
0&
0@
0A
#14910
b00000000000000000000010111010011 "
b00000000000000000000010111010011 $
1&
b0010111010000 ;
b0010111010001 >
1@
1A
#14915
0&
0@
0A
#14920
b00000000000000000000010111010100 "
b00000000000000000000010111010100 $
1&
b0010111010001 ;
b0010111010010 >
1@
1A
#14925
0&
0@
0A
#14930
b00000000000000000000010111010101 "
b00000000000000000000010111010101 $
1&
b0010111010010 ;
b0010111010011 >
1@
1A
#14935
0&
0@
0A
#14940
b00000000000000000000010111010110 "
b00000000000000000000010111010110 $
1&
b0010111010011 ;
b0010111010100 >
1@
1A
#14945
0&
0@
0A
#14950
b00000000000000000000010111010111 "
b00000000000000000000010111010111 $
1&
b0010111010100 ;
b0010111010101 >
1@
1A
#14955
0&
0@
0A
#14960
b00000000000000000000010111011000 "
b00000000000000000000010111011000 $
1&
b0010111010101 ;
b0010111010110 >
1@
1A
#14965
0&
0@
0A
#14970
b00000000000000000000010111011001 "
b00000000000000000000010111011001 $
1&
b0010111010110 ;
b0010111010111 >
1@
1A
#14975
0&
0@
0A
#14980
b00000000000000000000010111011010 "
b00000000000000000000010111011010 $
1&
b0010111010111 ;
b0010111011000 >
1@
1A
#14985
0&
0@
0A
#14990
b00000000000000000000010111011011 "
b00000000000000000000010111011011 $
1&
b0010111011000 ;
b0010111011001 >
1@
1A
#14995
0&
0@
0A
#15000
b00000000000000000000010111011100 "
b00000000000000000000010111011100 $
1&
b0010111011001 ;
b0010111011010 >
1@
1A
#15005
0&
0@
0A
#15010
b00000000000000000000010111011101 "
b00000000000000000000010111011101 $
1&
b0010111011010 ;
b0010111011011 >
1@
1A
#15015
0&
0@
0A
#15020
b00000000000000000000010111011110 "
b00000000000000000000010111011110 $
1&
b0010111011011 ;
b0010111011100 >
1@
1A
#15025
0&
0@
0A
#15030
b00000000000000000000010111011111 "
b00000000000000000000010111011111 $
1&
b0010111011100 ;
b0010111011101 >
1@
1A
#15035
0&
0@
0A
#15040
b00000000000000000000010111100000 "
b00000000000000000000010111100000 $
1&
b0010111011101 ;
b0010111011110 >
1@
1A
#15045
0&
0@
0A
#15050
b00000000000000000000010111100001 "
b00000000000000000000010111100001 $
1&
b0010111011110 ;
b0010111011111 >
1@
1A
#15055
0&
0@
0A
#15060
b00000000000000000000010111100010 "
b00000000000000000000010111100010 $
1&
b0010111011111 ;
b0010111100000 >
1@
1A
#15065
0&
0@
0A
#15070
b00000000000000000000010111100011 "
b00000000000000000000010111100011 $
1&
b0010111100000 ;
b0010111100001 >
1@
1A
#15075
0&
0@
0A
#15080
b00000000000000000000010111100100 "
b00000000000000000000010111100100 $
1&
b0010111100001 ;
b0010111100010 >
1@
1A
#15085
0&
0@
0A
#15090
b00000000000000000000010111100101 "
b00000000000000000000010111100101 $
1&
b0010111100010 ;
b0010111100011 >
1@
1A
#15095
0&
0@
0A
#15100
b00000000000000000000010111100110 "
b00000000000000000000010111100110 $
1&
b0010111100011 ;
b0010111100100 >
1@
1A
#15105
0&
0@
0A
#15110
b00000000000000000000010111100111 "
b00000000000000000000010111100111 $
1&
b0010111100100 ;
b0010111100101 >
1@
1A
#15115
0&
0@
0A
#15120
b00000000000000000000010111101000 "
b00000000000000000000010111101000 $
1&
b0010111100101 ;
b0010111100110 >
1@
1A
#15125
0&
0@
0A
#15130
b00000000000000000000010111101001 "
b00000000000000000000010111101001 $
1&
b0010111100110 ;
b0010111100111 >
1@
1A
#15135
0&
0@
0A
#15140
b00000000000000000000010111101010 "
b00000000000000000000010111101010 $
1&
b0010111100111 ;
b0010111101000 >
1@
1A
#15145
0&
0@
0A
#15150
b00000000000000000000010111101011 "
b00000000000000000000010111101011 $
1&
b0010111101000 ;
b0010111101001 >
1@
1A
#15155
0&
0@
0A
#15160
b00000000000000000000010111101100 "
b00000000000000000000010111101100 $
1&
b0010111101001 ;
b0010111101010 >
1@
1A
#15165
0&
0@
0A
#15170
b00000000000000000000010111101101 "
b00000000000000000000010111101101 $
1&
b0010111101010 ;
b0010111101011 >
1@
1A
#15175
0&
0@
0A
#15180
b00000000000000000000010111101110 "
b00000000000000000000010111101110 $
1&
b0010111101011 ;
b0010111101100 >
1@
1A
#15185
0&
0@
0A
#15190
b00000000000000000000010111101111 "
b00000000000000000000010111101111 $
1&
b0010111101100 ;
b0010111101101 >
1@
1A
#15195
0&
0@
0A
#15200
b00000000000000000000010111110000 "
b00000000000000000000010111110000 $
1&
b0010111101101 ;
b0010111101110 >
1@
1A
#15205
0&
0@
0A
#15210
b00000000000000000000010111110001 "
b00000000000000000000010111110001 $
1&
b0010111101110 ;
b0010111101111 >
1@
1A
#15215
0&
0@
0A
#15220
b00000000000000000000010111110010 "
b00000000000000000000010111110010 $
1&
b0010111101111 ;
b0010111110000 >
1@
1A
#15225
0&
0@
0A
#15230
b00000000000000000000010111110011 "
b00000000000000000000010111110011 $
1&
b0010111110000 ;
b0010111110001 >
1@
1A
#15235
0&
0@
0A
#15240
b00000000000000000000010111110100 "
b00000000000000000000010111110100 $
1&
b0010111110001 ;
b0010111110010 >
1@
1A
#15245
0&
0@
0A
#15250
b00000000000000000000010111110101 "
b00000000000000000000010111110101 $
1&
b0010111110010 ;
b0010111110011 >
1@
1A
#15255
0&
0@
0A
#15260
b00000000000000000000010111110110 "
b00000000000000000000010111110110 $
1&
b0010111110011 ;
b0010111110100 >
1@
1A
#15265
0&
0@
0A
#15270
b00000000000000000000010111110111 "
b00000000000000000000010111110111 $
1&
b0010111110100 ;
b0010111110101 >
1@
1A
#15275
0&
0@
0A
#15280
b00000000000000000000010111111000 "
b00000000000000000000010111111000 $
1&
b0010111110101 ;
b0010111110110 >
1@
1A
#15285
0&
0@
0A
#15290
b00000000000000000000010111111001 "
b00000000000000000000010111111001 $
1&
b0010111110110 ;
b0010111110111 >
1@
1A
#15295
0&
0@
0A
#15300
b00000000000000000000010111111010 "
b00000000000000000000010111111010 $
1&
b0010111110111 ;
b0010111111000 >
1@
1A
#15305
0&
0@
0A
#15310
b00000000000000000000010111111011 "
b00000000000000000000010111111011 $
1&
b0010111111000 ;
b0010111111001 >
1@
1A
#15315
0&
0@
0A
#15320
b00000000000000000000010111111100 "
b00000000000000000000010111111100 $
1&
b0010111111001 ;
b0010111111010 >
1@
1A
#15325
0&
0@
0A
#15330
b00000000000000000000010111111101 "
b00000000000000000000010111111101 $
1&
b0010111111010 ;
b0010111111011 >
1@
1A
#15335
0&
0@
0A
#15340
b00000000000000000000010111111110 "
b00000000000000000000010111111110 $
1&
b0010111111011 ;
b0010111111100 >
1@
1A
#15345
0&
0@
0A
#15350
b00000000000000000000010111111111 "
b00000000000000000000010111111111 $
1&
b0010111111100 ;
b0010111111101 >
1@
1A
#15355
0&
0@
0A
#15360
b00000000000000000000011000000000 "
b00000000000000000000011000000000 $
1&
b0010111111101 ;
b0010111111110 >
1@
1A
#15365
0&
0@
0A
#15370
b00000000000000000000011000000001 "
b00000000000000000000011000000001 $
1&
b0010111111110 ;
b0010111111111 >
1@
1A
#15375
0&
0@
0A
#15380
b00000000000000000000011000000010 "
b00000000000000000000011000000010 $
1&
b0010111111111 ;
b0011000000000 >
1@
1A
#15385
0&
0@
0A
#15390
b00000000000000000000011000000011 "
b00000000000000000000011000000011 $
1&
b0011000000000 ;
b0011000000001 >
1@
1A
#15395
0&
0@
0A
#15400
b00000000000000000000011000000100 "
b00000000000000000000011000000100 $
1&
b0011000000001 ;
b0011000000010 >
1@
1A
#15405
0&
0@
0A
#15410
b00000000000000000000011000000101 "
b00000000000000000000011000000101 $
1&
b0011000000010 ;
b0011000000011 >
1@
1A
#15415
0&
0@
0A
#15420
b00000000000000000000011000000110 "
b00000000000000000000011000000110 $
1&
b0011000000011 ;
b0011000000100 >
1@
1A
#15425
0&
0@
0A
#15430
b00000000000000000000011000000111 "
b00000000000000000000011000000111 $
1&
b0011000000100 ;
b0011000000101 >
1@
1A
#15435
0&
0@
0A
#15440
b00000000000000000000011000001000 "
b00000000000000000000011000001000 $
1&
b0011000000101 ;
b0011000000110 >
1@
1A
#15445
0&
0@
0A
#15450
b00000000000000000000011000001001 "
b00000000000000000000011000001001 $
1&
b0011000000110 ;
b0011000000111 >
1@
1A
#15455
0&
0@
0A
#15460
b00000000000000000000011000001010 "
b00000000000000000000011000001010 $
1&
b0011000000111 ;
b0011000001000 >
1@
1A
#15465
0&
0@
0A
#15470
b00000000000000000000011000001011 "
b00000000000000000000011000001011 $
1&
b0011000001000 ;
b0011000001001 >
1@
1A
#15475
0&
0@
0A
#15480
b00000000000000000000011000001100 "
b00000000000000000000011000001100 $
1&
b0011000001001 ;
b0011000001010 >
1@
1A
#15485
0&
0@
0A
#15490
b00000000000000000000011000001101 "
b00000000000000000000011000001101 $
1&
b0011000001010 ;
b0011000001011 >
1@
1A
#15495
0&
0@
0A
#15500
b00000000000000000000011000001110 "
b00000000000000000000011000001110 $
1&
b0011000001011 ;
b0011000001100 >
1@
1A
#15505
0&
0@
0A
#15510
b00000000000000000000011000001111 "
b00000000000000000000011000001111 $
1&
b0011000001100 ;
b0011000001101 >
1@
1A
#15515
0&
0@
0A
#15520
b00000000000000000000011000010000 "
b00000000000000000000011000010000 $
1&
b0011000001101 ;
b0011000001110 >
1@
1A
#15525
0&
0@
0A
#15530
b00000000000000000000011000010001 "
b00000000000000000000011000010001 $
1&
b0011000001110 ;
b0011000001111 >
1@
1A
#15535
0&
0@
0A
#15540
b00000000000000000000011000010010 "
b00000000000000000000011000010010 $
1&
b0011000001111 ;
b0011000010000 >
1@
1A
#15545
0&
0@
0A
#15550
b00000000000000000000011000010011 "
b00000000000000000000011000010011 $
1&
b0011000010000 ;
b0011000010001 >
1@
1A
#15555
0&
0@
0A
#15560
b00000000000000000000011000010100 "
b00000000000000000000011000010100 $
1&
b0011000010001 ;
b0011000010010 >
1@
1A
#15565
0&
0@
0A
#15570
b00000000000000000000011000010101 "
b00000000000000000000011000010101 $
1&
b0011000010010 ;
b0011000010011 >
1@
1A
#15575
0&
0@
0A
#15580
b00000000000000000000011000010110 "
b00000000000000000000011000010110 $
1&
b0011000010011 ;
b0011000010100 >
1@
1A
#15585
0&
0@
0A
#15590
b00000000000000000000011000010111 "
b00000000000000000000011000010111 $
1&
b0011000010100 ;
b0011000010101 >
1@
1A
#15595
0&
0@
0A
#15600
b00000000000000000000011000011000 "
b00000000000000000000011000011000 $
1&
b0011000010101 ;
b0011000010110 >
1@
1A
#15605
0&
0@
0A
#15610
b00000000000000000000011000011001 "
b00000000000000000000011000011001 $
1&
b0011000010110 ;
b0011000010111 >
1@
1A
#15615
0&
0@
0A
#15620
b00000000000000000000011000011010 "
b00000000000000000000011000011010 $
1&
b0011000010111 ;
b0011000011000 >
1@
1A
#15625
0&
0@
0A
#15630
b00000000000000000000011000011011 "
b00000000000000000000011000011011 $
1&
b0011000011000 ;
b0011000011001 >
1@
1A
#15635
0&
0@
0A
#15640
b00000000000000000000011000011100 "
b00000000000000000000011000011100 $
1&
b0011000011001 ;
b0011000011010 >
1@
1A
#15645
0&
0@
0A
#15650
b00000000000000000000011000011101 "
b00000000000000000000011000011101 $
1&
b0011000011010 ;
b0011000011011 >
1@
1A
#15655
0&
0@
0A
#15660
b00000000000000000000011000011110 "
b00000000000000000000011000011110 $
1&
b0011000011011 ;
b0011000011100 >
1@
1A
#15665
0&
0@
0A
#15670
b00000000000000000000011000011111 "
b00000000000000000000011000011111 $
1&
b0011000011100 ;
b0011000011101 >
1@
1A
#15675
0&
0@
0A
#15680
b00000000000000000000011000100000 "
b00000000000000000000011000100000 $
1&
b0011000011101 ;
b0011000011110 >
1@
1A
#15685
0&
0@
0A
#15690
b00000000000000000000011000100001 "
b00000000000000000000011000100001 $
1&
b0011000011110 ;
b0011000011111 >
1@
1A
#15695
0&
0@
0A
#15700
b00000000000000000000011000100010 "
b00000000000000000000011000100010 $
1&
b0011000011111 ;
b0011000100000 >
1@
1A
#15705
0&
0@
0A
#15710
b00000000000000000000011000100011 "
b00000000000000000000011000100011 $
1&
b0011000100000 ;
b0011000100001 >
1@
1A
#15715
0&
0@
0A
#15720
b00000000000000000000011000100100 "
b00000000000000000000011000100100 $
1&
b0011000100001 ;
b0011000100010 >
1@
1A
#15725
0&
0@
0A
#15730
b00000000000000000000011000100101 "
b00000000000000000000011000100101 $
1&
b0011000100010 ;
b0011000100011 >
1@
1A
#15735
0&
0@
0A
#15740
b00000000000000000000011000100110 "
b00000000000000000000011000100110 $
1&
b0011000100011 ;
b0011000100100 >
1@
1A
#15745
0&
0@
0A
#15750
b00000000000000000000011000100111 "
b00000000000000000000011000100111 $
1&
b0011000100100 ;
b0011000100101 >
1@
1A
#15755
0&
0@
0A
#15760
b00000000000000000000011000101000 "
b00000000000000000000011000101000 $
1&
b0011000100101 ;
b0011000100110 >
1@
1A
#15765
0&
0@
0A
#15770
b00000000000000000000011000101001 "
b00000000000000000000011000101001 $
1&
b0011000100110 ;
b0011000100111 >
1@
1A
#15775
0&
0@
0A
#15780
b00000000000000000000011000101010 "
b00000000000000000000011000101010 $
1&
b0011000100111 ;
b0011000101000 >
1@
1A
#15785
0&
0@
0A
#15790
b00000000000000000000011000101011 "
b00000000000000000000011000101011 $
1&
b0011000101000 ;
b0011000101001 >
1@
1A
#15795
0&
0@
0A
#15800
b00000000000000000000011000101100 "
b00000000000000000000011000101100 $
1&
b0011000101001 ;
b0011000101010 >
1@
1A
#15805
0&
0@
0A
#15810
b00000000000000000000011000101101 "
b00000000000000000000011000101101 $
1&
b0011000101010 ;
b0011000101011 >
1@
1A
#15815
0&
0@
0A
#15820
b00000000000000000000011000101110 "
b00000000000000000000011000101110 $
1&
b0011000101011 ;
b0011000101100 >
1@
1A
#15825
0&
0@
0A
#15830
b00000000000000000000011000101111 "
b00000000000000000000011000101111 $
1&
b0011000101100 ;
b0011000101101 >
1@
1A
#15835
0&
0@
0A
#15840
b00000000000000000000011000110000 "
b00000000000000000000011000110000 $
1&
b0011000101101 ;
b0011000101110 >
1@
1A
#15845
0&
0@
0A
#15850
b00000000000000000000011000110001 "
b00000000000000000000011000110001 $
1&
b0011000101110 ;
b0011000101111 >
1@
1A
#15855
0&
0@
0A
#15860
b00000000000000000000011000110010 "
b00000000000000000000011000110010 $
1&
b0011000101111 ;
b0011000110000 >
1@
1A
#15865
0&
0@
0A
#15870
b00000000000000000000011000110011 "
b00000000000000000000011000110011 $
1&
b0011000110000 ;
b0011000110001 >
1@
1A
#15875
0&
0@
0A
#15880
b00000000000000000000011000110100 "
b00000000000000000000011000110100 $
1&
b0011000110001 ;
b0011000110010 >
1@
1A
#15885
0&
0@
0A
#15890
b00000000000000000000011000110101 "
b00000000000000000000011000110101 $
1&
b0011000110010 ;
b0011000110011 >
1@
1A
#15895
0&
0@
0A
#15900
b00000000000000000000011000110110 "
b00000000000000000000011000110110 $
1&
b0011000110011 ;
b0011000110100 >
1@
1A
#15905
0&
0@
0A
#15910
b00000000000000000000011000110111 "
b00000000000000000000011000110111 $
1&
b0011000110100 ;
b0011000110101 >
1@
1A
#15915
0&
0@
0A
#15920
b00000000000000000000011000111000 "
b00000000000000000000011000111000 $
1&
b0011000110101 ;
b0011000110110 >
1@
1A
#15925
0&
0@
0A
#15930
b00000000000000000000011000111001 "
b00000000000000000000011000111001 $
1&
b0011000110110 ;
b0011000110111 >
1@
1A
#15935
0&
0@
0A
#15940
b00000000000000000000011000111010 "
b00000000000000000000011000111010 $
1&
b0011000110111 ;
b0011000111000 >
1@
1A
#15945
0&
0@
0A
#15950
b00000000000000000000011000111011 "
b00000000000000000000011000111011 $
1&
b0011000111000 ;
b0011000111001 >
1@
1A
#15955
0&
0@
0A
#15960
b00000000000000000000011000111100 "
b00000000000000000000011000111100 $
1&
b0011000111001 ;
b0011000111010 >
1@
1A
#15965
0&
0@
0A
#15970
b00000000000000000000011000111101 "
b00000000000000000000011000111101 $
1&
b0011000111010 ;
b0011000111011 >
1@
1A
#15975
0&
0@
0A
#15980
b00000000000000000000011000111110 "
b00000000000000000000011000111110 $
1&
b0011000111011 ;
b0011000111100 >
1@
1A
#15985
0&
0@
0A
#15990
b00000000000000000000011000111111 "
b00000000000000000000011000111111 $
1&
b0011000111100 ;
b0011000111101 >
1@
1A
#15995
0&
0@
0A
#16000
b00000000000000000000011001000000 "
b00000000000000000000011001000000 $
1&
b0011000111101 ;
b0011000111110 >
1@
1A
#16005
0&
0@
0A
#16010
b00000000000000000000011001000001 "
b00000000000000000000011001000001 $
1&
b0011000111110 ;
b0011000111111 >
1@
1A
#16015
0&
0@
0A
#16020
b00000000000000000000011001000010 "
b00000000000000000000011001000010 $
1&
b0011000111111 ;
b0011001000000 >
1@
1A
#16025
0&
0@
0A
#16030
b00000000000000000000011001000011 "
b00000000000000000000011001000011 $
1&
b0011001000000 ;
b0011001000001 >
1@
1A
#16035
0&
0@
0A
#16040
b00000000000000000000011001000100 "
b00000000000000000000011001000100 $
1&
b0011001000001 ;
b0011001000010 >
1@
1A
#16045
0&
0@
0A
#16050
b00000000000000000000011001000101 "
b00000000000000000000011001000101 $
1&
b0011001000010 ;
b0011001000011 >
1@
1A
#16055
0&
0@
0A
#16060
b00000000000000000000011001000110 "
b00000000000000000000011001000110 $
1&
b0011001000011 ;
b0011001000100 >
1@
1A
#16065
0&
0@
0A
#16070
b00000000000000000000011001000111 "
b00000000000000000000011001000111 $
1&
b0011001000100 ;
b0011001000101 >
1@
1A
#16075
0&
0@
0A
#16080
b00000000000000000000011001001000 "
b00000000000000000000011001001000 $
1&
b0011001000101 ;
b0011001000110 >
1@
1A
#16085
0&
0@
0A
#16090
b00000000000000000000011001001001 "
b00000000000000000000011001001001 $
1&
b0011001000110 ;
b0011001000111 >
1@
1A
#16095
0&
0@
0A
#16100
b00000000000000000000011001001010 "
b00000000000000000000011001001010 $
1&
b0011001000111 ;
b0011001001000 >
1@
1A
#16105
0&
0@
0A
#16110
b00000000000000000000011001001011 "
b00000000000000000000011001001011 $
1&
b0011001001000 ;
b0011001001001 >
1@
1A
#16115
0&
0@
0A
#16120
b00000000000000000000011001001100 "
b00000000000000000000011001001100 $
1&
b0011001001001 ;
b0011001001010 >
1@
1A
#16125
0&
0@
0A
#16130
b00000000000000000000011001001101 "
b00000000000000000000011001001101 $
1&
b0011001001010 ;
b0011001001011 >
1@
1A
#16135
0&
0@
0A
#16140
b00000000000000000000011001001110 "
b00000000000000000000011001001110 $
1&
b0011001001011 ;
b0011001001100 >
1@
1A
#16145
0&
0@
0A
#16150
b00000000000000000000011001001111 "
b00000000000000000000011001001111 $
1&
b0011001001100 ;
b0011001001101 >
1@
1A
#16155
0&
0@
0A
#16160
b00000000000000000000011001010000 "
b00000000000000000000011001010000 $
1&
b0011001001101 ;
b0011001001110 >
1@
1A
#16165
0&
0@
0A
#16170
b00000000000000000000011001010001 "
b00000000000000000000011001010001 $
1&
b0011001001110 ;
b0011001001111 >
1@
1A
#16175
0&
0@
0A
#16180
b00000000000000000000011001010010 "
b00000000000000000000011001010010 $
1&
b0011001001111 ;
b0011001010000 >
1@
1A
#16185
0&
0@
0A
#16190
b00000000000000000000011001010011 "
b00000000000000000000011001010011 $
1&
b0011001010000 ;
b0011001010001 >
1@
1A
#16195
0&
0@
0A
#16200
b00000000000000000000011001010100 "
b00000000000000000000011001010100 $
1&
b0011001010001 ;
b0011001010010 >
1@
1A
#16205
0&
0@
0A
#16210
b00000000000000000000011001010101 "
b00000000000000000000011001010101 $
1&
b0011001010010 ;
b0011001010011 >
1@
1A
#16215
0&
0@
0A
#16220
b00000000000000000000011001010110 "
b00000000000000000000011001010110 $
1&
b0011001010011 ;
b0011001010100 >
1@
1A
#16225
0&
0@
0A
#16230
b00000000000000000000011001010111 "
b00000000000000000000011001010111 $
1&
b0011001010100 ;
b0011001010101 >
1@
1A
#16235
0&
0@
0A
#16240
b00000000000000000000011001011000 "
b00000000000000000000011001011000 $
1&
b0011001010101 ;
b0011001010110 >
1@
1A
#16245
0&
0@
0A
#16250
b00000000000000000000011001011001 "
b00000000000000000000011001011001 $
1&
b0011001010110 ;
b0011001010111 >
1@
1A
#16255
0&
0@
0A
#16260
b00000000000000000000011001011010 "
b00000000000000000000011001011010 $
1&
b0011001010111 ;
b0011001011000 >
1@
1A
#16265
0&
0@
0A
#16270
b00000000000000000000011001011011 "
b00000000000000000000011001011011 $
1&
b0011001011000 ;
b0011001011001 >
1@
1A
#16275
0&
0@
0A
#16280
b00000000000000000000011001011100 "
b00000000000000000000011001011100 $
1&
b0011001011001 ;
b0011001011010 >
1@
1A
#16285
0&
0@
0A
#16290
b00000000000000000000011001011101 "
b00000000000000000000011001011101 $
1&
b0011001011010 ;
b0011001011011 >
1@
1A
#16295
0&
0@
0A
#16300
b00000000000000000000011001011110 "
b00000000000000000000011001011110 $
1&
b0011001011011 ;
b0011001011100 >
1@
1A
#16305
0&
0@
0A
#16310
b00000000000000000000011001011111 "
b00000000000000000000011001011111 $
1&
b0011001011100 ;
b0011001011101 >
1@
1A
#16315
0&
0@
0A
#16320
b00000000000000000000011001100000 "
b00000000000000000000011001100000 $
1&
b0011001011101 ;
b0011001011110 >
1@
1A
#16325
0&
0@
0A
#16330
b00000000000000000000011001100001 "
b00000000000000000000011001100001 $
1&
b0011001011110 ;
b0011001011111 >
1@
1A
#16335
0&
0@
0A
#16340
b00000000000000000000011001100010 "
b00000000000000000000011001100010 $
1&
b0011001011111 ;
b0011001100000 >
1@
1A
#16345
0&
0@
0A
#16350
b00000000000000000000011001100011 "
b00000000000000000000011001100011 $
1&
b0011001100000 ;
b0011001100001 >
1@
1A
#16355
0&
0@
0A
#16360
b00000000000000000000011001100100 "
b00000000000000000000011001100100 $
1&
b0011001100001 ;
b0011001100010 >
1@
1A
#16365
0&
0@
0A
#16370
b00000000000000000000011001100101 "
b00000000000000000000011001100101 $
1&
b0011001100010 ;
b0011001100011 >
1@
1A
#16375
0&
0@
0A
#16380
b00000000000000000000011001100110 "
b00000000000000000000011001100110 $
1&
b0011001100011 ;
b0011001100100 >
1@
1A
#16385
0&
0@
0A
#16390
b00000000000000000000011001100111 "
b00000000000000000000011001100111 $
1&
b0011001100100 ;
b0011001100101 >
1@
1A
#16395
0&
0@
0A
#16400
b00000000000000000000011001101000 "
b00000000000000000000011001101000 $
1&
b0011001100101 ;
b0011001100110 >
1@
1A
#16405
0&
0@
0A
#16410
b00000000000000000000011001101001 "
b00000000000000000000011001101001 $
1&
b0011001100110 ;
b0011001100111 >
1@
1A
#16415
0&
0@
0A
#16420
b00000000000000000000011001101010 "
b00000000000000000000011001101010 $
1&
b0011001100111 ;
b0011001101000 >
1@
1A
#16425
0&
0@
0A
#16430
b00000000000000000000011001101011 "
b00000000000000000000011001101011 $
1&
b0011001101000 ;
b0011001101001 >
1@
1A
#16435
0&
0@
0A
#16440
b00000000000000000000011001101100 "
b00000000000000000000011001101100 $
1&
b0011001101001 ;
b0011001101010 >
1@
1A
#16445
0&
0@
0A
#16450
b00000000000000000000011001101101 "
b00000000000000000000011001101101 $
1&
b0011001101010 ;
b0011001101011 >
1@
1A
#16455
0&
0@
0A
#16460
b00000000000000000000011001101110 "
b00000000000000000000011001101110 $
1&
b0011001101011 ;
b0011001101100 >
1@
1A
#16465
0&
0@
0A
#16470
b00000000000000000000011001101111 "
b00000000000000000000011001101111 $
1&
b0011001101100 ;
b0011001101101 >
1@
1A
#16475
0&
0@
0A
#16480
b00000000000000000000011001110000 "
b00000000000000000000011001110000 $
1&
b0011001101101 ;
b0011001101110 >
1@
1A
#16485
0&
0@
0A
#16490
b00000000000000000000011001110001 "
b00000000000000000000011001110001 $
1&
b0011001101110 ;
b0011001101111 >
1@
1A
#16495
0&
0@
0A
#16500
b00000000000000000000011001110010 "
b00000000000000000000011001110010 $
1&
b0011001101111 ;
b0011001110000 >
1@
1A
#16505
0&
0@
0A
#16510
b00000000000000000000011001110011 "
b00000000000000000000011001110011 $
1&
b0011001110000 ;
b0011001110001 >
1@
1A
#16515
0&
0@
0A
#16520
b00000000000000000000011001110100 "
b00000000000000000000011001110100 $
1&
b0011001110001 ;
b0011001110010 >
1@
1A
#16525
0&
0@
0A
#16530
b00000000000000000000011001110101 "
b00000000000000000000011001110101 $
1&
b0011001110010 ;
b0011001110011 >
1@
1A
#16535
0&
0@
0A
#16540
b00000000000000000000011001110110 "
b00000000000000000000011001110110 $
1&
b0011001110011 ;
b0011001110100 >
1@
1A
#16545
0&
0@
0A
#16550
b00000000000000000000011001110111 "
b00000000000000000000011001110111 $
1&
b0011001110100 ;
b0011001110101 >
1@
1A
#16555
0&
0@
0A
#16560
b00000000000000000000011001111000 "
b00000000000000000000011001111000 $
1&
b0011001110101 ;
b0011001110110 >
1@
1A
#16565
0&
0@
0A
#16570
b00000000000000000000011001111001 "
b00000000000000000000011001111001 $
1&
b0011001110110 ;
b0011001110111 >
1@
1A
#16575
0&
0@
0A
#16580
b00000000000000000000011001111010 "
b00000000000000000000011001111010 $
1&
b0011001110111 ;
b0011001111000 >
1@
1A
#16585
0&
0@
0A
#16590
b00000000000000000000011001111011 "
b00000000000000000000011001111011 $
1&
b0011001111000 ;
b0011001111001 >
1@
1A
#16595
0&
0@
0A
#16600
b00000000000000000000011001111100 "
b00000000000000000000011001111100 $
1&
b0011001111001 ;
b0011001111010 >
1@
1A
#16605
0&
0@
0A
#16610
b00000000000000000000011001111101 "
b00000000000000000000011001111101 $
1&
b0011001111010 ;
b0011001111011 >
1@
1A
#16615
0&
0@
0A
#16620
b00000000000000000000011001111110 "
b00000000000000000000011001111110 $
1&
b0011001111011 ;
b0011001111100 >
1@
1A
#16625
0&
0@
0A
#16630
b00000000000000000000011001111111 "
b00000000000000000000011001111111 $
1&
b0011001111100 ;
b0011001111101 >
1@
1A
#16635
0&
0@
0A
#16640
b00000000000000000000011010000000 "
b00000000000000000000011010000000 $
1&
b0011001111101 ;
b0011001111110 >
1@
1A
#16645
0&
0@
0A
#16650
b00000000000000000000011010000001 "
b00000000000000000000011010000001 $
1&
b0011001111110 ;
b0011001111111 >
1@
1A
#16655
0&
0@
0A
#16660
b00000000000000000000011010000010 "
b00000000000000000000011010000010 $
1&
b0011001111111 ;
b0011010000000 >
1@
1A
#16665
0&
0@
0A
#16670
b00000000000000000000011010000011 "
b00000000000000000000011010000011 $
1&
b0011010000000 ;
b0011010000001 >
1@
1A
#16675
0&
0@
0A
#16680
b00000000000000000000011010000100 "
b00000000000000000000011010000100 $
1&
b0011010000001 ;
b0011010000010 >
1@
1A
#16685
0&
0@
0A
#16690
b00000000000000000000011010000101 "
b00000000000000000000011010000101 $
1&
b0011010000010 ;
b0011010000011 >
1@
1A
#16695
0&
0@
0A
#16700
b00000000000000000000011010000110 "
b00000000000000000000011010000110 $
1&
b0011010000011 ;
b0011010000100 >
1@
1A
#16705
0&
0@
0A
#16710
b00000000000000000000011010000111 "
b00000000000000000000011010000111 $
1&
b0011010000100 ;
b0011010000101 >
1@
1A
#16715
0&
0@
0A
#16720
b00000000000000000000011010001000 "
b00000000000000000000011010001000 $
1&
b0011010000101 ;
b0011010000110 >
1@
1A
#16725
0&
0@
0A
#16730
b00000000000000000000011010001001 "
b00000000000000000000011010001001 $
1&
b0011010000110 ;
b0011010000111 >
1@
1A
#16735
0&
0@
0A
#16740
b00000000000000000000011010001010 "
b00000000000000000000011010001010 $
1&
b0011010000111 ;
b0011010001000 >
1@
1A
#16745
0&
0@
0A
#16750
b00000000000000000000011010001011 "
b00000000000000000000011010001011 $
1&
b0011010001000 ;
b0011010001001 >
1@
1A
#16755
0&
0@
0A
#16760
b00000000000000000000011010001100 "
b00000000000000000000011010001100 $
1&
b0011010001001 ;
b0011010001010 >
1@
1A
#16765
0&
0@
0A
#16770
b00000000000000000000011010001101 "
b00000000000000000000011010001101 $
1&
b0011010001010 ;
b0011010001011 >
1@
1A
#16775
0&
0@
0A
#16780
b00000000000000000000011010001110 "
b00000000000000000000011010001110 $
1&
b0011010001011 ;
b0011010001100 >
1@
1A
#16785
0&
0@
0A
#16790
b00000000000000000000011010001111 "
b00000000000000000000011010001111 $
1&
b0011010001100 ;
b0011010001101 >
1@
1A
#16795
0&
0@
0A
#16800
b00000000000000000000011010010000 "
b00000000000000000000011010010000 $
1&
b0011010001101 ;
b0011010001110 >
1@
1A
#16805
0&
0@
0A
#16810
b00000000000000000000011010010001 "
b00000000000000000000011010010001 $
1&
b0011010001110 ;
b0011010001111 >
1@
1A
#16815
0&
0@
0A
#16820
b00000000000000000000011010010010 "
b00000000000000000000011010010010 $
1&
b0011010001111 ;
b0011010010000 >
1@
1A
#16825
0&
0@
0A
#16830
b00000000000000000000011010010011 "
b00000000000000000000011010010011 $
1&
b0011010010000 ;
b0011010010001 >
1@
1A
#16835
0&
0@
0A
#16840
b00000000000000000000011010010100 "
b00000000000000000000011010010100 $
1&
b0011010010001 ;
b0011010010010 >
1@
1A
#16845
0&
0@
0A
#16850
b00000000000000000000011010010101 "
b00000000000000000000011010010101 $
1&
b0011010010010 ;
b0011010010011 >
1@
1A
#16855
0&
0@
0A
#16860
b00000000000000000000011010010110 "
b00000000000000000000011010010110 $
1&
b0011010010011 ;
b0011010010100 >
1@
1A
#16865
0&
0@
0A
#16870
b00000000000000000000011010010111 "
b00000000000000000000011010010111 $
1&
b0011010010100 ;
b0011010010101 >
1@
1A
#16875
0&
0@
0A
#16880
b00000000000000000000011010011000 "
b00000000000000000000011010011000 $
1&
b0011010010101 ;
b0011010010110 >
1@
1A
#16885
0&
0@
0A
#16890
b00000000000000000000011010011001 "
b00000000000000000000011010011001 $
1&
b0011010010110 ;
b0011010010111 >
1@
1A
#16895
0&
0@
0A
#16900
b00000000000000000000011010011010 "
b00000000000000000000011010011010 $
1&
b0011010010111 ;
b0011010011000 >
1@
1A
#16905
0&
0@
0A
#16910
b00000000000000000000011010011011 "
b00000000000000000000011010011011 $
1&
b0011010011000 ;
b0011010011001 >
1@
1A
#16915
0&
0@
0A
#16920
b00000000000000000000011010011100 "
b00000000000000000000011010011100 $
1&
b0011010011001 ;
b0011010011010 >
1@
1A
#16925
0&
0@
0A
#16930
b00000000000000000000011010011101 "
b00000000000000000000011010011101 $
1&
b0011010011010 ;
b0011010011011 >
1@
1A
#16935
0&
0@
0A
#16940
b00000000000000000000011010011110 "
b00000000000000000000011010011110 $
1&
b0011010011011 ;
b0011010011100 >
1@
1A
#16945
0&
0@
0A
#16950
b00000000000000000000011010011111 "
b00000000000000000000011010011111 $
1&
b0011010011100 ;
b0011010011101 >
1@
1A
#16955
0&
0@
0A
#16960
b00000000000000000000011010100000 "
b00000000000000000000011010100000 $
1&
b0011010011101 ;
b0011010011110 >
1@
1A
#16965
0&
0@
0A
#16970
b00000000000000000000011010100001 "
b00000000000000000000011010100001 $
1&
b0011010011110 ;
b0011010011111 >
1@
1A
#16975
0&
0@
0A
#16980
b00000000000000000000011010100010 "
b00000000000000000000011010100010 $
1&
b0011010011111 ;
b0011010100000 >
1@
1A
#16985
0&
0@
0A
#16990
b00000000000000000000011010100011 "
b00000000000000000000011010100011 $
1&
b0011010100000 ;
b0011010100001 >
1@
1A
#16995
0&
0@
0A
#17000
b00000000000000000000011010100100 "
b00000000000000000000011010100100 $
1&
b0011010100001 ;
b0011010100010 >
1@
1A
#17005
0&
0@
0A
#17010
b00000000000000000000011010100101 "
b00000000000000000000011010100101 $
1&
b0011010100010 ;
b0011010100011 >
1@
1A
#17015
0&
0@
0A
#17020
b00000000000000000000011010100110 "
b00000000000000000000011010100110 $
1&
b0011010100011 ;
b0011010100100 >
1@
1A
#17025
0&
0@
0A
#17030
b00000000000000000000011010100111 "
b00000000000000000000011010100111 $
1&
b0011010100100 ;
b0011010100101 >
1@
1A
#17035
0&
0@
0A
#17040
b00000000000000000000011010101000 "
b00000000000000000000011010101000 $
1&
b0011010100101 ;
b0011010100110 >
1@
1A
#17045
0&
0@
0A
#17050
b00000000000000000000011010101001 "
b00000000000000000000011010101001 $
1&
b0011010100110 ;
b0011010100111 >
1@
1A
#17055
0&
0@
0A
#17060
b00000000000000000000011010101010 "
b00000000000000000000011010101010 $
1&
b0011010100111 ;
b0011010101000 >
1@
1A
#17065
0&
0@
0A
#17070
b00000000000000000000011010101011 "
b00000000000000000000011010101011 $
1&
b0011010101000 ;
b0011010101001 >
1@
1A
#17075
0&
0@
0A
#17080
b00000000000000000000011010101100 "
b00000000000000000000011010101100 $
1&
b0011010101001 ;
b0011010101010 >
1@
1A
#17085
0&
0@
0A
#17090
b00000000000000000000011010101101 "
b00000000000000000000011010101101 $
1&
b0011010101010 ;
b0011010101011 >
1@
1A
#17095
0&
0@
0A
#17100
b00000000000000000000011010101110 "
b00000000000000000000011010101110 $
1&
b0011010101011 ;
b0011010101100 >
1@
1A
#17105
0&
0@
0A
#17110
b00000000000000000000011010101111 "
b00000000000000000000011010101111 $
1&
b0011010101100 ;
b0011010101101 >
1@
1A
#17115
0&
0@
0A
#17120
b00000000000000000000011010110000 "
b00000000000000000000011010110000 $
1&
b0011010101101 ;
b0011010101110 >
1@
1A
#17125
0&
0@
0A
#17130
b00000000000000000000011010110001 "
b00000000000000000000011010110001 $
1&
b0011010101110 ;
b0011010101111 >
1@
1A
#17135
0&
0@
0A
#17140
b00000000000000000000011010110010 "
b00000000000000000000011010110010 $
1&
b0011010101111 ;
b0011010110000 >
1@
1A
#17145
0&
0@
0A
#17150
b00000000000000000000011010110011 "
b00000000000000000000011010110011 $
1&
b0011010110000 ;
b0011010110001 >
1@
1A
#17155
0&
0@
0A
#17160
b00000000000000000000011010110100 "
b00000000000000000000011010110100 $
1&
b0011010110001 ;
b0011010110010 >
1@
1A
#17165
0&
0@
0A
#17170
b00000000000000000000011010110101 "
b00000000000000000000011010110101 $
1&
b0011010110010 ;
b0011010110011 >
1@
1A
#17175
0&
0@
0A
#17180
b00000000000000000000011010110110 "
b00000000000000000000011010110110 $
1&
b0011010110011 ;
b0011010110100 >
1@
1A
#17185
0&
0@
0A
#17190
b00000000000000000000011010110111 "
b00000000000000000000011010110111 $
1&
b0011010110100 ;
b0011010110101 >
1@
1A
#17195
0&
0@
0A
#17200
b00000000000000000000011010111000 "
b00000000000000000000011010111000 $
1&
b0011010110101 ;
b0011010110110 >
1@
1A
#17205
0&
0@
0A
#17210
b00000000000000000000011010111001 "
b00000000000000000000011010111001 $
1&
b0011010110110 ;
b0011010110111 >
1@
1A
#17215
0&
0@
0A
#17220
b00000000000000000000011010111010 "
b00000000000000000000011010111010 $
1&
b0011010110111 ;
b0011010111000 >
1@
1A
#17225
0&
0@
0A
#17230
b00000000000000000000011010111011 "
b00000000000000000000011010111011 $
1&
b0011010111000 ;
b0011010111001 >
1@
1A
#17235
0&
0@
0A
#17240
b00000000000000000000011010111100 "
b00000000000000000000011010111100 $
1&
b0011010111001 ;
b0011010111010 >
1@
1A
#17245
0&
0@
0A
#17250
b00000000000000000000011010111101 "
b00000000000000000000011010111101 $
1&
b0011010111010 ;
b0011010111011 >
1@
1A
#17255
0&
0@
0A
#17260
b00000000000000000000011010111110 "
b00000000000000000000011010111110 $
1&
b0011010111011 ;
b0011010111100 >
1@
1A
#17265
0&
0@
0A
#17270
b00000000000000000000011010111111 "
b00000000000000000000011010111111 $
1&
b0011010111100 ;
b0011010111101 >
1@
1A
#17275
0&
0@
0A
#17280
b00000000000000000000011011000000 "
b00000000000000000000011011000000 $
1&
b0011010111101 ;
b0011010111110 >
1@
1A
#17285
0&
0@
0A
#17290
b00000000000000000000011011000001 "
b00000000000000000000011011000001 $
1&
b0011010111110 ;
b0011010111111 >
1@
1A
#17295
0&
0@
0A
#17300
b00000000000000000000011011000010 "
b00000000000000000000011011000010 $
1&
b0011010111111 ;
b0011011000000 >
1@
1A
#17305
0&
0@
0A
#17310
b00000000000000000000011011000011 "
b00000000000000000000011011000011 $
1&
b0011011000000 ;
b0011011000001 >
1@
1A
#17315
0&
0@
0A
#17320
b00000000000000000000011011000100 "
b00000000000000000000011011000100 $
1&
b0011011000001 ;
b0011011000010 >
1@
1A
#17325
0&
0@
0A
#17330
b00000000000000000000011011000101 "
b00000000000000000000011011000101 $
1&
b0011011000010 ;
b0011011000011 >
1@
1A
#17335
0&
0@
0A
#17340
b00000000000000000000011011000110 "
b00000000000000000000011011000110 $
1&
b0011011000011 ;
b0011011000100 >
1@
1A
#17345
0&
0@
0A
#17350
b00000000000000000000011011000111 "
b00000000000000000000011011000111 $
1&
b0011011000100 ;
b0011011000101 >
1@
1A
#17355
0&
0@
0A
#17360
b00000000000000000000011011001000 "
b00000000000000000000011011001000 $
1&
b0011011000101 ;
b0011011000110 >
1@
1A
#17365
0&
0@
0A
#17370
b00000000000000000000011011001001 "
b00000000000000000000011011001001 $
1&
b0011011000110 ;
b0011011000111 >
1@
1A
#17375
0&
0@
0A
#17380
b00000000000000000000011011001010 "
b00000000000000000000011011001010 $
1&
b0011011000111 ;
b0011011001000 >
1@
1A
#17385
0&
0@
0A
#17390
b00000000000000000000011011001011 "
b00000000000000000000011011001011 $
1&
b0011011001000 ;
b0011011001001 >
1@
1A
#17395
0&
0@
0A
#17400
b00000000000000000000011011001100 "
b00000000000000000000011011001100 $
1&
b0011011001001 ;
b0011011001010 >
1@
1A
#17405
0&
0@
0A
#17410
b00000000000000000000011011001101 "
b00000000000000000000011011001101 $
1&
b0011011001010 ;
b0011011001011 >
1@
1A
#17415
0&
0@
0A
#17420
b00000000000000000000011011001110 "
b00000000000000000000011011001110 $
1&
b0011011001011 ;
b0011011001100 >
1@
1A
#17425
0&
0@
0A
#17430
b00000000000000000000011011001111 "
b00000000000000000000011011001111 $
1&
b0011011001100 ;
b0011011001101 >
1@
1A
#17435
0&
0@
0A
#17440
b00000000000000000000011011010000 "
b00000000000000000000011011010000 $
1&
b0011011001101 ;
b0011011001110 >
1@
1A
#17445
0&
0@
0A
#17450
b00000000000000000000011011010001 "
b00000000000000000000011011010001 $
1&
b0011011001110 ;
b0011011001111 >
1@
1A
#17455
0&
0@
0A
#17460
b00000000000000000000011011010010 "
b00000000000000000000011011010010 $
1&
b0011011001111 ;
b0011011010000 >
1@
1A
#17465
0&
0@
0A
#17470
b00000000000000000000011011010011 "
b00000000000000000000011011010011 $
1&
b0011011010000 ;
b0011011010001 >
1@
1A
#17475
0&
0@
0A
#17480
b00000000000000000000011011010100 "
b00000000000000000000011011010100 $
1&
b0011011010001 ;
b0011011010010 >
1@
1A
#17485
0&
0@
0A
#17490
b00000000000000000000011011010101 "
b00000000000000000000011011010101 $
1&
b0011011010010 ;
b0011011010011 >
1@
1A
#17495
0&
0@
0A
#17500
b00000000000000000000011011010110 "
b00000000000000000000011011010110 $
1&
b0011011010011 ;
b0011011010100 >
1@
1A
#17505
0&
0@
0A
#17510
b00000000000000000000011011010111 "
b00000000000000000000011011010111 $
1&
b0011011010100 ;
b0011011010101 >
1@
1A
#17515
0&
0@
0A
#17520
b00000000000000000000011011011000 "
b00000000000000000000011011011000 $
1&
b0011011010101 ;
b0011011010110 >
1@
1A
#17525
0&
0@
0A
#17530
b00000000000000000000011011011001 "
b00000000000000000000011011011001 $
1&
b0011011010110 ;
b0011011010111 >
1@
1A
#17535
0&
0@
0A
#17540
b00000000000000000000011011011010 "
b00000000000000000000011011011010 $
1&
b0011011010111 ;
b0011011011000 >
1@
1A
#17545
0&
0@
0A
#17550
b00000000000000000000011011011011 "
b00000000000000000000011011011011 $
1&
b0011011011000 ;
b0011011011001 >
1@
1A
#17555
0&
0@
0A
#17560
b00000000000000000000011011011100 "
b00000000000000000000011011011100 $
1&
b0011011011001 ;
b0011011011010 >
1@
1A
#17565
0&
0@
0A
#17570
b00000000000000000000011011011101 "
b00000000000000000000011011011101 $
1&
b0011011011010 ;
b0011011011011 >
1@
1A
#17575
0&
0@
0A
#17580
b00000000000000000000011011011110 "
b00000000000000000000011011011110 $
1&
b0011011011011 ;
b0011011011100 >
1@
1A
#17585
0&
0@
0A
#17590
b00000000000000000000011011011111 "
b00000000000000000000011011011111 $
1&
b0011011011100 ;
b0011011011101 >
1@
1A
#17595
0&
0@
0A
#17600
b00000000000000000000011011100000 "
b00000000000000000000011011100000 $
1&
b0011011011101 ;
b0011011011110 >
1@
1A
#17605
0&
0@
0A
#17610
b00000000000000000000011011100001 "
b00000000000000000000011011100001 $
1&
b0011011011110 ;
b0011011011111 >
1@
1A
#17615
0&
0@
0A
#17620
b00000000000000000000011011100010 "
b00000000000000000000011011100010 $
1&
b0011011011111 ;
b0011011100000 >
1@
1A
#17625
0&
0@
0A
#17630
b00000000000000000000011011100011 "
b00000000000000000000011011100011 $
1&
b0011011100000 ;
b0011011100001 >
1@
1A
#17635
0&
0@
0A
#17640
b00000000000000000000011011100100 "
b00000000000000000000011011100100 $
1&
b0011011100001 ;
b0011011100010 >
1@
1A
#17645
0&
0@
0A
#17650
b00000000000000000000011011100101 "
b00000000000000000000011011100101 $
1&
b0011011100010 ;
b0011011100011 >
1@
1A
#17655
0&
0@
0A
#17660
b00000000000000000000011011100110 "
b00000000000000000000011011100110 $
1&
b0011011100011 ;
b0011011100100 >
1@
1A
#17665
0&
0@
0A
#17670
b00000000000000000000011011100111 "
b00000000000000000000011011100111 $
1&
b0011011100100 ;
b0011011100101 >
1@
1A
#17675
0&
0@
0A
#17680
b00000000000000000000011011101000 "
b00000000000000000000011011101000 $
1&
b0011011100101 ;
b0011011100110 >
1@
1A
#17685
0&
0@
0A
#17690
b00000000000000000000011011101001 "
b00000000000000000000011011101001 $
1&
b0011011100110 ;
b0011011100111 >
1@
1A
#17695
0&
0@
0A
#17700
b00000000000000000000011011101010 "
b00000000000000000000011011101010 $
1&
b0011011100111 ;
b0011011101000 >
1@
1A
#17705
0&
0@
0A
#17710
b00000000000000000000011011101011 "
b00000000000000000000011011101011 $
1&
b0011011101000 ;
b0011011101001 >
1@
1A
#17715
0&
0@
0A
#17720
b00000000000000000000011011101100 "
b00000000000000000000011011101100 $
1&
b0011011101001 ;
b0011011101010 >
1@
1A
#17725
0&
0@
0A
#17730
b00000000000000000000011011101101 "
b00000000000000000000011011101101 $
1&
b0011011101010 ;
b0011011101011 >
1@
1A
#17735
0&
0@
0A
#17740
b00000000000000000000011011101110 "
b00000000000000000000011011101110 $
1&
b0011011101011 ;
b0011011101100 >
1@
1A
#17745
0&
0@
0A
#17750
b00000000000000000000011011101111 "
b00000000000000000000011011101111 $
1&
b0011011101100 ;
b0011011101101 >
1@
1A
#17755
0&
0@
0A
#17760
b00000000000000000000011011110000 "
b00000000000000000000011011110000 $
1&
b0011011101101 ;
b0011011101110 >
1@
1A
#17765
0&
0@
0A
#17770
b00000000000000000000011011110001 "
b00000000000000000000011011110001 $
1&
b0011011101110 ;
b0011011101111 >
1@
1A
#17775
0&
0@
0A
#17780
b00000000000000000000011011110010 "
b00000000000000000000011011110010 $
1&
b0011011101111 ;
b0011011110000 >
1@
1A
#17785
0&
0@
0A
#17790
b00000000000000000000011011110011 "
b00000000000000000000011011110011 $
1&
b0011011110000 ;
b0011011110001 >
1@
1A
#17795
0&
0@
0A
#17800
b00000000000000000000011011110100 "
b00000000000000000000011011110100 $
1&
b0011011110001 ;
b0011011110010 >
1@
1A
#17805
0&
0@
0A
#17810
b00000000000000000000011011110101 "
b00000000000000000000011011110101 $
1&
b0011011110010 ;
b0011011110011 >
1@
1A
#17815
0&
0@
0A
#17820
b00000000000000000000011011110110 "
b00000000000000000000011011110110 $
1&
b0011011110011 ;
b0011011110100 >
1@
1A
#17825
0&
0@
0A
#17830
b00000000000000000000011011110111 "
b00000000000000000000011011110111 $
1&
b0011011110100 ;
b0011011110101 >
1@
1A
#17835
0&
0@
0A
#17840
b00000000000000000000011011111000 "
b00000000000000000000011011111000 $
1&
b0011011110101 ;
b0011011110110 >
1@
1A
#17845
0&
0@
0A
#17850
b00000000000000000000011011111001 "
b00000000000000000000011011111001 $
1&
b0011011110110 ;
b0011011110111 >
1@
1A
#17855
0&
0@
0A
#17860
b00000000000000000000011011111010 "
b00000000000000000000011011111010 $
1&
b0011011110111 ;
b0011011111000 >
1@
1A
#17865
0&
0@
0A
#17870
b00000000000000000000011011111011 "
b00000000000000000000011011111011 $
1&
b0011011111000 ;
b0011011111001 >
1@
1A
#17875
0&
0@
0A
#17880
b00000000000000000000011011111100 "
b00000000000000000000011011111100 $
1&
b0011011111001 ;
b0011011111010 >
1@
1A
#17885
0&
0@
0A
#17890
b00000000000000000000011011111101 "
b00000000000000000000011011111101 $
1&
b0011011111010 ;
b0011011111011 >
1@
1A
#17895
0&
0@
0A
#17900
b00000000000000000000011011111110 "
b00000000000000000000011011111110 $
1&
b0011011111011 ;
b0011011111100 >
1@
1A
#17905
0&
0@
0A
#17910
b00000000000000000000011011111111 "
b00000000000000000000011011111111 $
1&
b0011011111100 ;
b0011011111101 >
1@
1A
#17915
0&
0@
0A
#17920
b00000000000000000000011100000000 "
b00000000000000000000011100000000 $
1&
b0011011111101 ;
b0011011111110 >
1@
1A
#17925
0&
0@
0A
#17930
b00000000000000000000011100000001 "
b00000000000000000000011100000001 $
1&
b0011011111110 ;
b0011011111111 >
1@
1A
#17935
0&
0@
0A
#17940
b00000000000000000000011100000010 "
b00000000000000000000011100000010 $
1&
b0011011111111 ;
b0011100000000 >
1@
1A
#17945
0&
0@
0A
#17950
b00000000000000000000011100000011 "
b00000000000000000000011100000011 $
1&
b0011100000000 ;
b0011100000001 >
1@
1A
#17955
0&
0@
0A
#17960
b00000000000000000000011100000100 "
b00000000000000000000011100000100 $
1&
b0011100000001 ;
b0011100000010 >
1@
1A
#17965
0&
0@
0A
#17970
b00000000000000000000011100000101 "
b00000000000000000000011100000101 $
1&
b0011100000010 ;
b0011100000011 >
1@
1A
#17975
0&
0@
0A
#17980
b00000000000000000000011100000110 "
b00000000000000000000011100000110 $
1&
b0011100000011 ;
b0011100000100 >
1@
1A
#17985
0&
0@
0A
#17990
b00000000000000000000011100000111 "
b00000000000000000000011100000111 $
1&
b0011100000100 ;
b0011100000101 >
1@
1A
#17995
0&
0@
0A
#18000
b00000000000000000000011100001000 "
b00000000000000000000011100001000 $
1&
b0011100000101 ;
b0011100000110 >
1@
1A
#18005
0&
0@
0A
#18010
b00000000000000000000011100001001 "
b00000000000000000000011100001001 $
1&
b0011100000110 ;
b0011100000111 >
1@
1A
#18015
0&
0@
0A
#18020
b00000000000000000000011100001010 "
b00000000000000000000011100001010 $
1&
b0011100000111 ;
b0011100001000 >
1@
1A
#18025
0&
0@
0A
#18030
b00000000000000000000011100001011 "
b00000000000000000000011100001011 $
1&
b0011100001000 ;
b0011100001001 >
1@
1A
#18035
0&
0@
0A
#18040
b00000000000000000000011100001100 "
b00000000000000000000011100001100 $
1&
b0011100001001 ;
b0011100001010 >
1@
1A
#18045
0&
0@
0A
#18050
b00000000000000000000011100001101 "
b00000000000000000000011100001101 $
1&
b0011100001010 ;
b0011100001011 >
1@
1A
#18055
0&
0@
0A
#18060
b00000000000000000000011100001110 "
b00000000000000000000011100001110 $
1&
b0011100001011 ;
b0011100001100 >
1@
1A
#18065
0&
0@
0A
#18070
b00000000000000000000011100001111 "
b00000000000000000000011100001111 $
1&
b0011100001100 ;
b0011100001101 >
1@
1A
#18075
0&
0@
0A
#18080
b00000000000000000000011100010000 "
b00000000000000000000011100010000 $
1&
b0011100001101 ;
b0011100001110 >
1@
1A
#18085
0&
0@
0A
#18090
b00000000000000000000011100010001 "
b00000000000000000000011100010001 $
1&
b0011100001110 ;
b0011100001111 >
1@
1A
#18095
0&
0@
0A
#18100
b00000000000000000000011100010010 "
b00000000000000000000011100010010 $
1&
b0011100001111 ;
b0011100010000 >
1@
1A
#18105
0&
0@
0A
#18110
b00000000000000000000011100010011 "
b00000000000000000000011100010011 $
1&
b0011100010000 ;
b0011100010001 >
1@
1A
#18115
0&
0@
0A
#18120
b00000000000000000000011100010100 "
b00000000000000000000011100010100 $
1&
b0011100010001 ;
b0011100010010 >
1@
1A
#18125
0&
0@
0A
#18130
b00000000000000000000011100010101 "
b00000000000000000000011100010101 $
1&
b0011100010010 ;
b0011100010011 >
1@
1A
#18135
0&
0@
0A
#18140
b00000000000000000000011100010110 "
b00000000000000000000011100010110 $
1&
b0011100010011 ;
b0011100010100 >
1@
1A
#18145
0&
0@
0A
#18150
b00000000000000000000011100010111 "
b00000000000000000000011100010111 $
1&
b0011100010100 ;
b0011100010101 >
1@
1A
#18155
0&
0@
0A
#18160
b00000000000000000000011100011000 "
b00000000000000000000011100011000 $
1&
b0011100010101 ;
b0011100010110 >
1@
1A
#18165
0&
0@
0A
#18170
b00000000000000000000011100011001 "
b00000000000000000000011100011001 $
1&
b0011100010110 ;
b0011100010111 >
1@
1A
#18175
0&
0@
0A
#18180
b00000000000000000000011100011010 "
b00000000000000000000011100011010 $
1&
b0011100010111 ;
b0011100011000 >
1@
1A
#18185
0&
0@
0A
#18190
b00000000000000000000011100011011 "
b00000000000000000000011100011011 $
1&
b0011100011000 ;
b0011100011001 >
1@
1A
#18195
0&
0@
0A
#18200
b00000000000000000000011100011100 "
b00000000000000000000011100011100 $
1&
b0011100011001 ;
b0011100011010 >
1@
1A
#18205
0&
0@
0A
#18210
b00000000000000000000011100011101 "
b00000000000000000000011100011101 $
1&
b0011100011010 ;
b0011100011011 >
1@
1A
#18215
0&
0@
0A
#18220
b00000000000000000000011100011110 "
b00000000000000000000011100011110 $
1&
b0011100011011 ;
b0011100011100 >
1@
1A
#18225
0&
0@
0A
#18230
b00000000000000000000011100011111 "
b00000000000000000000011100011111 $
1&
b0011100011100 ;
b0011100011101 >
1@
1A
#18235
0&
0@
0A
#18240
b00000000000000000000011100100000 "
b00000000000000000000011100100000 $
1&
b0011100011101 ;
b0011100011110 >
1@
1A
#18245
0&
0@
0A
#18250
b00000000000000000000011100100001 "
b00000000000000000000011100100001 $
1&
b0011100011110 ;
b0011100011111 >
1@
1A
#18255
0&
0@
0A
#18260
b00000000000000000000011100100010 "
b00000000000000000000011100100010 $
1&
b0011100011111 ;
b0011100100000 >
1@
1A
#18265
0&
0@
0A
#18270
b00000000000000000000011100100011 "
b00000000000000000000011100100011 $
1&
b0011100100000 ;
b0011100100001 >
1@
1A
#18275
0&
0@
0A
#18280
b00000000000000000000011100100100 "
b00000000000000000000011100100100 $
1&
b0011100100001 ;
b0011100100010 >
1@
1A
#18285
0&
0@
0A
#18290
b00000000000000000000011100100101 "
b00000000000000000000011100100101 $
1&
b0011100100010 ;
b0011100100011 >
1@
1A
#18295
0&
0@
0A
#18300
b00000000000000000000011100100110 "
b00000000000000000000011100100110 $
1&
b0011100100011 ;
b0011100100100 >
1@
1A
#18305
0&
0@
0A
#18310
b00000000000000000000011100100111 "
b00000000000000000000011100100111 $
1&
b0011100100100 ;
b0011100100101 >
1@
1A
#18315
0&
0@
0A
#18320
b00000000000000000000011100101000 "
b00000000000000000000011100101000 $
1&
b0011100100101 ;
b0011100100110 >
1@
1A
#18325
0&
0@
0A
#18330
b00000000000000000000011100101001 "
b00000000000000000000011100101001 $
1&
b0011100100110 ;
b0011100100111 >
1@
1A
#18335
0&
0@
0A
#18340
b00000000000000000000011100101010 "
b00000000000000000000011100101010 $
1&
b0011100100111 ;
b0011100101000 >
1@
1A
#18345
0&
0@
0A
#18350
b00000000000000000000011100101011 "
b00000000000000000000011100101011 $
1&
b0011100101000 ;
b0011100101001 >
1@
1A
#18355
0&
0@
0A
#18360
b00000000000000000000011100101100 "
b00000000000000000000011100101100 $
1&
b0011100101001 ;
b0011100101010 >
1@
1A
#18365
0&
0@
0A
#18370
b00000000000000000000011100101101 "
b00000000000000000000011100101101 $
1&
b0011100101010 ;
b0011100101011 >
1@
1A
#18375
0&
0@
0A
#18380
b00000000000000000000011100101110 "
b00000000000000000000011100101110 $
1&
b0011100101011 ;
b0011100101100 >
1@
1A
#18385
0&
0@
0A
#18390
b00000000000000000000011100101111 "
b00000000000000000000011100101111 $
1&
b0011100101100 ;
b0011100101101 >
1@
1A
#18395
0&
0@
0A
#18400
b00000000000000000000011100110000 "
b00000000000000000000011100110000 $
1&
b0011100101101 ;
b0011100101110 >
1@
1A
#18405
0&
0@
0A
#18410
b00000000000000000000011100110001 "
b00000000000000000000011100110001 $
1&
b0011100101110 ;
b0011100101111 >
1@
1A
#18415
0&
0@
0A
#18420
b00000000000000000000011100110010 "
b00000000000000000000011100110010 $
1&
b0011100101111 ;
b0011100110000 >
1@
1A
#18425
0&
0@
0A
#18430
b00000000000000000000011100110011 "
b00000000000000000000011100110011 $
1&
b0011100110000 ;
b0011100110001 >
1@
1A
#18435
0&
0@
0A
#18440
b00000000000000000000011100110100 "
b00000000000000000000011100110100 $
1&
b0011100110001 ;
b0011100110010 >
1@
1A
#18445
0&
0@
0A
#18450
b00000000000000000000011100110101 "
b00000000000000000000011100110101 $
1&
b0011100110010 ;
b0011100110011 >
1@
1A
#18455
0&
0@
0A
#18460
b00000000000000000000011100110110 "
b00000000000000000000011100110110 $
1&
b0011100110011 ;
b0011100110100 >
1@
1A
#18465
0&
0@
0A
#18470
b00000000000000000000011100110111 "
b00000000000000000000011100110111 $
1&
b0011100110100 ;
b0011100110101 >
1@
1A
#18475
0&
0@
0A
#18480
b00000000000000000000011100111000 "
b00000000000000000000011100111000 $
1&
b0011100110101 ;
b0011100110110 >
1@
1A
#18485
0&
0@
0A
#18490
b00000000000000000000011100111001 "
b00000000000000000000011100111001 $
1&
b0011100110110 ;
b0011100110111 >
1@
1A
#18495
0&
0@
0A
#18500
b00000000000000000000011100111010 "
b00000000000000000000011100111010 $
1&
b0011100110111 ;
b0011100111000 >
1@
1A
#18505
0&
0@
0A
#18510
b00000000000000000000011100111011 "
b00000000000000000000011100111011 $
1&
b0011100111000 ;
b0011100111001 >
1@
1A
#18515
0&
0@
0A
#18520
b00000000000000000000011100111100 "
b00000000000000000000011100111100 $
1&
b0011100111001 ;
b0011100111010 >
1@
1A
#18525
0&
0@
0A
#18530
b00000000000000000000011100111101 "
b00000000000000000000011100111101 $
1&
b0011100111010 ;
b0011100111011 >
1@
1A
#18535
0&
0@
0A
#18540
b00000000000000000000011100111110 "
b00000000000000000000011100111110 $
1&
b0011100111011 ;
b0011100111100 >
1@
1A
#18545
0&
0@
0A
#18550
b00000000000000000000011100111111 "
b00000000000000000000011100111111 $
1&
b0011100111100 ;
b0011100111101 >
1@
1A
#18555
0&
0@
0A
#18560
b00000000000000000000011101000000 "
b00000000000000000000011101000000 $
1&
b0011100111101 ;
b0011100111110 >
1@
1A
#18565
0&
0@
0A
#18570
b00000000000000000000011101000001 "
b00000000000000000000011101000001 $
1&
b0011100111110 ;
b0011100111111 >
1@
1A
#18575
0&
0@
0A
#18580
b00000000000000000000011101000010 "
b00000000000000000000011101000010 $
1&
b0011100111111 ;
b0011101000000 >
1@
1A
#18585
0&
0@
0A
#18590
b00000000000000000000011101000011 "
b00000000000000000000011101000011 $
1&
b0011101000000 ;
b0011101000001 >
1@
1A
#18595
0&
0@
0A
#18600
b00000000000000000000011101000100 "
b00000000000000000000011101000100 $
1&
b0011101000001 ;
b0011101000010 >
1@
1A
#18605
0&
0@
0A
#18610
b00000000000000000000011101000101 "
b00000000000000000000011101000101 $
1&
b0011101000010 ;
b0011101000011 >
1@
1A
#18615
0&
0@
0A
#18620
b00000000000000000000011101000110 "
b00000000000000000000011101000110 $
1&
b0011101000011 ;
b0011101000100 >
1@
1A
#18625
0&
0@
0A
#18630
b00000000000000000000011101000111 "
b00000000000000000000011101000111 $
1&
b0011101000100 ;
b0011101000101 >
1@
1A
#18635
0&
0@
0A
#18640
b00000000000000000000011101001000 "
b00000000000000000000011101001000 $
1&
b0011101000101 ;
b0011101000110 >
1@
1A
#18645
0&
0@
0A
#18650
b00000000000000000000011101001001 "
b00000000000000000000011101001001 $
1&
b0011101000110 ;
b0011101000111 >
1@
1A
#18655
0&
0@
0A
#18660
b00000000000000000000011101001010 "
b00000000000000000000011101001010 $
1&
b0011101000111 ;
b0011101001000 >
1@
1A
#18665
0&
0@
0A
#18670
b00000000000000000000011101001011 "
b00000000000000000000011101001011 $
1&
b0011101001000 ;
b0011101001001 >
1@
1A
#18675
0&
0@
0A
#18680
b00000000000000000000011101001100 "
b00000000000000000000011101001100 $
1&
b0011101001001 ;
b0011101001010 >
1@
1A
#18685
0&
0@
0A
#18690
b00000000000000000000011101001101 "
b00000000000000000000011101001101 $
1&
b0011101001010 ;
b0011101001011 >
1@
1A
#18695
0&
0@
0A
#18700
b00000000000000000000011101001110 "
b00000000000000000000011101001110 $
1&
b0011101001011 ;
b0011101001100 >
1@
1A
#18705
0&
0@
0A
#18710
b00000000000000000000011101001111 "
b00000000000000000000011101001111 $
1&
b0011101001100 ;
b0011101001101 >
1@
1A
#18715
0&
0@
0A
#18720
b00000000000000000000011101010000 "
b00000000000000000000011101010000 $
1&
b0011101001101 ;
b0011101001110 >
1@
1A
#18725
0&
0@
0A
#18730
b00000000000000000000011101010001 "
b00000000000000000000011101010001 $
1&
b0011101001110 ;
b0011101001111 >
1@
1A
#18735
0&
0@
0A
#18740
b00000000000000000000011101010010 "
b00000000000000000000011101010010 $
1&
b0011101001111 ;
b0011101010000 >
1@
1A
#18745
0&
0@
0A
#18750
b00000000000000000000011101010011 "
b00000000000000000000011101010011 $
1&
b0011101010000 ;
b0011101010001 >
1@
1A
#18755
0&
0@
0A
#18760
b00000000000000000000011101010100 "
b00000000000000000000011101010100 $
1&
b0011101010001 ;
b0011101010010 >
1@
1A
#18765
0&
0@
0A
#18770
b00000000000000000000011101010101 "
b00000000000000000000011101010101 $
1&
b0011101010010 ;
b0011101010011 >
1@
1A
#18775
0&
0@
0A
#18780
b00000000000000000000011101010110 "
b00000000000000000000011101010110 $
1&
b0011101010011 ;
b0011101010100 >
1@
1A
#18785
0&
0@
0A
#18790
b00000000000000000000011101010111 "
b00000000000000000000011101010111 $
1&
b0011101010100 ;
b0011101010101 >
1@
1A
#18795
0&
0@
0A
#18800
b00000000000000000000011101011000 "
b00000000000000000000011101011000 $
1&
b0011101010101 ;
b0011101010110 >
1@
1A
#18805
0&
0@
0A
#18810
b00000000000000000000011101011001 "
b00000000000000000000011101011001 $
1&
b0011101010110 ;
b0011101010111 >
1@
1A
#18815
0&
0@
0A
#18820
b00000000000000000000011101011010 "
b00000000000000000000011101011010 $
1&
b0011101010111 ;
b0011101011000 >
1@
1A
#18825
0&
0@
0A
#18830
b00000000000000000000011101011011 "
b00000000000000000000011101011011 $
1&
b0011101011000 ;
b0011101011001 >
1@
1A
#18835
0&
0@
0A
#18840
b00000000000000000000011101011100 "
b00000000000000000000011101011100 $
1&
b0011101011001 ;
b0011101011010 >
1@
1A
#18845
0&
0@
0A
#18850
b00000000000000000000011101011101 "
b00000000000000000000011101011101 $
1&
b0011101011010 ;
b0011101011011 >
1@
1A
#18855
0&
0@
0A
#18860
b00000000000000000000011101011110 "
b00000000000000000000011101011110 $
1&
b0011101011011 ;
b0011101011100 >
1@
1A
#18865
0&
0@
0A
#18870
b00000000000000000000011101011111 "
b00000000000000000000011101011111 $
1&
b0011101011100 ;
b0011101011101 >
1@
1A
#18875
0&
0@
0A
#18880
b00000000000000000000011101100000 "
b00000000000000000000011101100000 $
1&
b0011101011101 ;
b0011101011110 >
1@
1A
#18885
0&
0@
0A
#18890
b00000000000000000000011101100001 "
b00000000000000000000011101100001 $
1&
b0011101011110 ;
b0011101011111 >
1@
1A
#18895
0&
0@
0A
#18900
b00000000000000000000011101100010 "
b00000000000000000000011101100010 $
1&
b0011101011111 ;
b0011101100000 >
1@
1A
#18905
0&
0@
0A
#18910
b00000000000000000000011101100011 "
b00000000000000000000011101100011 $
1&
b0011101100000 ;
b0011101100001 >
1@
1A
#18915
0&
0@
0A
#18920
b00000000000000000000011101100100 "
b00000000000000000000011101100100 $
1&
b0011101100001 ;
b0011101100010 >
1@
1A
#18925
0&
0@
0A
#18930
b00000000000000000000011101100101 "
b00000000000000000000011101100101 $
1&
b0011101100010 ;
b0011101100011 >
1@
1A
#18935
0&
0@
0A
#18940
b00000000000000000000011101100110 "
b00000000000000000000011101100110 $
1&
b0011101100011 ;
b0011101100100 >
1@
1A
#18945
0&
0@
0A
#18950
b00000000000000000000011101100111 "
b00000000000000000000011101100111 $
1&
b0011101100100 ;
b0011101100101 >
1@
1A
#18955
0&
0@
0A
#18960
b00000000000000000000011101101000 "
b00000000000000000000011101101000 $
1&
b0011101100101 ;
b0011101100110 >
1@
1A
#18965
0&
0@
0A
#18970
b00000000000000000000011101101001 "
b00000000000000000000011101101001 $
1&
b0011101100110 ;
b0011101100111 >
1@
1A
#18975
0&
0@
0A
#18980
b00000000000000000000011101101010 "
b00000000000000000000011101101010 $
1&
b0011101100111 ;
b0011101101000 >
1@
1A
#18985
0&
0@
0A
#18990
b00000000000000000000011101101011 "
b00000000000000000000011101101011 $
1&
b0011101101000 ;
b0011101101001 >
1@
1A
#18995
0&
0@
0A
#19000
b00000000000000000000011101101100 "
b00000000000000000000011101101100 $
1&
b0011101101001 ;
b0011101101010 >
1@
1A
#19005
0&
0@
0A
#19010
b00000000000000000000011101101101 "
b00000000000000000000011101101101 $
1&
b0011101101010 ;
b0011101101011 >
1@
1A
#19015
0&
0@
0A
#19020
b00000000000000000000011101101110 "
b00000000000000000000011101101110 $
1&
b0011101101011 ;
b0011101101100 >
1@
1A
#19025
0&
0@
0A
#19030
b00000000000000000000011101101111 "
b00000000000000000000011101101111 $
1&
b0011101101100 ;
b0011101101101 >
1@
1A
#19035
0&
0@
0A
#19040
b00000000000000000000011101110000 "
b00000000000000000000011101110000 $
1&
b0011101101101 ;
b0011101101110 >
1@
1A
#19045
0&
0@
0A
#19050
b00000000000000000000011101110001 "
b00000000000000000000011101110001 $
1&
b0011101101110 ;
b0011101101111 >
1@
1A
#19055
0&
0@
0A
#19060
b00000000000000000000011101110010 "
b00000000000000000000011101110010 $
1&
b0011101101111 ;
b0011101110000 >
1@
1A
#19065
0&
0@
0A
#19070
b00000000000000000000011101110011 "
b00000000000000000000011101110011 $
1&
b0011101110000 ;
b0011101110001 >
1@
1A
#19075
0&
0@
0A
#19080
b00000000000000000000011101110100 "
b00000000000000000000011101110100 $
1&
b0011101110001 ;
b0011101110010 >
1@
1A
#19085
0&
0@
0A
#19090
b00000000000000000000011101110101 "
b00000000000000000000011101110101 $
1&
b0011101110010 ;
b0011101110011 >
1@
1A
#19095
0&
0@
0A
#19100
b00000000000000000000011101110110 "
b00000000000000000000011101110110 $
1&
b0011101110011 ;
b0011101110100 >
1@
1A
#19105
0&
0@
0A
#19110
b00000000000000000000011101110111 "
b00000000000000000000011101110111 $
1&
b0011101110100 ;
b0011101110101 >
1@
1A
#19115
0&
0@
0A
#19120
b00000000000000000000011101111000 "
b00000000000000000000011101111000 $
1&
b0011101110101 ;
b0011101110110 >
1@
1A
#19125
0&
0@
0A
#19130
b00000000000000000000011101111001 "
b00000000000000000000011101111001 $
1&
b0011101110110 ;
b0011101110111 >
1@
1A
#19135
0&
0@
0A
#19140
b00000000000000000000011101111010 "
b00000000000000000000011101111010 $
1&
b0011101110111 ;
b0011101111000 >
1@
1A
#19145
0&
0@
0A
#19150
b00000000000000000000011101111011 "
b00000000000000000000011101111011 $
1&
b0011101111000 ;
b0011101111001 >
1@
1A
#19155
0&
0@
0A
#19160
b00000000000000000000011101111100 "
b00000000000000000000011101111100 $
1&
b0011101111001 ;
b0011101111010 >
1@
1A
#19165
0&
0@
0A
#19170
b00000000000000000000011101111101 "
b00000000000000000000011101111101 $
1&
b0011101111010 ;
b0011101111011 >
1@
1A
#19175
0&
0@
0A
#19180
b00000000000000000000011101111110 "
b00000000000000000000011101111110 $
1&
b0011101111011 ;
b0011101111100 >
1@
1A
#19185
0&
0@
0A
#19190
b00000000000000000000011101111111 "
b00000000000000000000011101111111 $
1&
b0011101111100 ;
b0011101111101 >
1@
1A
#19195
0&
0@
0A
#19200
b00000000000000000000011110000000 "
b00000000000000000000011110000000 $
1&
b0011101111101 ;
b0011101111110 >
1@
1A
#19205
0&
0@
0A
#19210
b00000000000000000000011110000001 "
b00000000000000000000011110000001 $
1&
b0011101111110 ;
b0011101111111 >
1@
1A
#19215
0&
0@
0A
#19220
b00000000000000000000011110000010 "
b00000000000000000000011110000010 $
1&
b0011101111111 ;
b0011110000000 >
1@
1A
#19225
0&
0@
0A
#19230
b00000000000000000000011110000011 "
b00000000000000000000011110000011 $
1&
b0011110000000 ;
b0011110000001 >
1@
1A
#19235
0&
0@
0A
#19240
b00000000000000000000011110000100 "
b00000000000000000000011110000100 $
1&
b0011110000001 ;
b0011110000010 >
1@
1A
#19245
0&
0@
0A
#19250
b00000000000000000000011110000101 "
b00000000000000000000011110000101 $
1&
b0011110000010 ;
b0011110000011 >
1@
1A
#19255
0&
0@
0A
#19260
b00000000000000000000011110000110 "
b00000000000000000000011110000110 $
1&
b0011110000011 ;
b0011110000100 >
1@
1A
#19265
0&
0@
0A
#19270
b00000000000000000000011110000111 "
b00000000000000000000011110000111 $
1&
b0011110000100 ;
b0011110000101 >
1@
1A
#19275
0&
0@
0A
#19280
b00000000000000000000011110001000 "
b00000000000000000000011110001000 $
1&
b0011110000101 ;
b0011110000110 >
1@
1A
#19285
0&
0@
0A
#19290
b00000000000000000000011110001001 "
b00000000000000000000011110001001 $
1&
b0011110000110 ;
b0011110000111 >
1@
1A
#19295
0&
0@
0A
#19300
b00000000000000000000011110001010 "
b00000000000000000000011110001010 $
1&
b0011110000111 ;
b0011110001000 >
1@
1A
#19305
0&
0@
0A
#19310
b00000000000000000000011110001011 "
b00000000000000000000011110001011 $
1&
b0011110001000 ;
b0011110001001 >
1@
1A
#19315
0&
0@
0A
#19320
b00000000000000000000011110001100 "
b00000000000000000000011110001100 $
1&
b0011110001001 ;
b0011110001010 >
1@
1A
#19325
0&
0@
0A
#19330
b00000000000000000000011110001101 "
b00000000000000000000011110001101 $
1&
b0011110001010 ;
b0011110001011 >
1@
1A
#19335
0&
0@
0A
#19340
b00000000000000000000011110001110 "
b00000000000000000000011110001110 $
1&
b0011110001011 ;
b0011110001100 >
1@
1A
#19345
0&
0@
0A
#19350
b00000000000000000000011110001111 "
b00000000000000000000011110001111 $
1&
b0011110001100 ;
b0011110001101 >
1@
1A
#19355
0&
0@
0A
#19360
b00000000000000000000011110010000 "
b00000000000000000000011110010000 $
1&
b0011110001101 ;
b0011110001110 >
1@
1A
#19365
0&
0@
0A
#19370
b00000000000000000000011110010001 "
b00000000000000000000011110010001 $
1&
b0011110001110 ;
b0011110001111 >
1@
1A
#19375
0&
0@
0A
#19380
b00000000000000000000011110010010 "
b00000000000000000000011110010010 $
1&
b0011110001111 ;
b0011110010000 >
1@
1A
#19385
0&
0@
0A
#19390
b00000000000000000000011110010011 "
b00000000000000000000011110010011 $
1&
b0011110010000 ;
b0011110010001 >
1@
1A
#19395
0&
0@
0A
#19400
b00000000000000000000011110010100 "
b00000000000000000000011110010100 $
1&
b0011110010001 ;
b0011110010010 >
1@
1A
#19405
0&
0@
0A
#19410
b00000000000000000000011110010101 "
b00000000000000000000011110010101 $
1&
b0011110010010 ;
b0011110010011 >
1@
1A
#19415
0&
0@
0A
#19420
b00000000000000000000011110010110 "
b00000000000000000000011110010110 $
1&
b0011110010011 ;
b0011110010100 >
1@
1A
#19425
0&
0@
0A
#19430
b00000000000000000000011110010111 "
b00000000000000000000011110010111 $
1&
b0011110010100 ;
b0011110010101 >
1@
1A
#19435
0&
0@
0A
#19440
b00000000000000000000011110011000 "
b00000000000000000000011110011000 $
1&
b0011110010101 ;
b0011110010110 >
1@
1A
#19445
0&
0@
0A
#19450
b00000000000000000000011110011001 "
b00000000000000000000011110011001 $
1&
b0011110010110 ;
b0011110010111 >
1@
1A
#19455
0&
0@
0A
#19460
b00000000000000000000011110011010 "
b00000000000000000000011110011010 $
1&
b0011110010111 ;
b0011110011000 >
1@
1A
#19465
0&
0@
0A
#19470
b00000000000000000000011110011011 "
b00000000000000000000011110011011 $
1&
b0011110011000 ;
b0011110011001 >
1@
1A
#19475
0&
0@
0A
#19480
b00000000000000000000011110011100 "
b00000000000000000000011110011100 $
1&
b0011110011001 ;
b0011110011010 >
1@
1A
#19485
0&
0@
0A
#19490
b00000000000000000000011110011101 "
b00000000000000000000011110011101 $
1&
b0011110011010 ;
b0011110011011 >
1@
1A
#19495
0&
0@
0A
#19500
b00000000000000000000011110011110 "
b00000000000000000000011110011110 $
1&
b0011110011011 ;
b0011110011100 >
1@
1A
#19505
0&
0@
0A
#19510
b00000000000000000000011110011111 "
b00000000000000000000011110011111 $
1&
b0011110011100 ;
b0011110011101 >
1@
1A
#19515
0&
0@
0A
#19520
b00000000000000000000011110100000 "
b00000000000000000000011110100000 $
1&
b0011110011101 ;
b0011110011110 >
1@
1A
#19525
0&
0@
0A
#19530
b00000000000000000000011110100001 "
b00000000000000000000011110100001 $
1&
b0011110011110 ;
b0011110011111 >
1@
1A
#19535
0&
0@
0A
#19540
b00000000000000000000011110100010 "
b00000000000000000000011110100010 $
1&
b0011110011111 ;
b0011110100000 >
1@
1A
#19545
0&
0@
0A
#19550
b00000000000000000000011110100011 "
b00000000000000000000011110100011 $
1&
b0011110100000 ;
b0011110100001 >
1@
1A
#19555
0&
0@
0A
#19560
b00000000000000000000011110100100 "
b00000000000000000000011110100100 $
1&
b0011110100001 ;
b0011110100010 >
1@
1A
#19565
0&
0@
0A
#19570
b00000000000000000000011110100101 "
b00000000000000000000011110100101 $
1&
b0011110100010 ;
b0011110100011 >
1@
1A
#19575
0&
0@
0A
#19580
b00000000000000000000011110100110 "
b00000000000000000000011110100110 $
1&
b0011110100011 ;
b0011110100100 >
1@
1A
#19585
0&
0@
0A
#19590
b00000000000000000000011110100111 "
b00000000000000000000011110100111 $
1&
b0011110100100 ;
b0011110100101 >
1@
1A
#19595
0&
0@
0A
#19600
b00000000000000000000011110101000 "
b00000000000000000000011110101000 $
1&
b0011110100101 ;
b0011110100110 >
1@
1A
#19605
0&
0@
0A
#19610
b00000000000000000000011110101001 "
b00000000000000000000011110101001 $
1&
b0011110100110 ;
b0011110100111 >
1@
1A
#19615
0&
0@
0A
#19620
b00000000000000000000011110101010 "
b00000000000000000000011110101010 $
1&
b0011110100111 ;
b0011110101000 >
1@
1A
#19625
0&
0@
0A
#19630
b00000000000000000000011110101011 "
b00000000000000000000011110101011 $
1&
b0011110101000 ;
b0011110101001 >
1@
1A
#19635
0&
0@
0A
#19640
b00000000000000000000011110101100 "
b00000000000000000000011110101100 $
1&
b0011110101001 ;
b0011110101010 >
1@
1A
#19645
0&
0@
0A
#19650
b00000000000000000000011110101101 "
b00000000000000000000011110101101 $
1&
b0011110101010 ;
b0011110101011 >
1@
1A
#19655
0&
0@
0A
#19660
b00000000000000000000011110101110 "
b00000000000000000000011110101110 $
1&
b0011110101011 ;
b0011110101100 >
1@
1A
#19665
0&
0@
0A
#19670
b00000000000000000000011110101111 "
b00000000000000000000011110101111 $
1&
b0011110101100 ;
b0011110101101 >
1@
1A
#19675
0&
0@
0A
#19680
b00000000000000000000011110110000 "
b00000000000000000000011110110000 $
1&
b0011110101101 ;
b0011110101110 >
1@
1A
#19685
0&
0@
0A
#19690
b00000000000000000000011110110001 "
b00000000000000000000011110110001 $
1&
b0011110101110 ;
b0011110101111 >
1@
1A
#19695
0&
0@
0A
#19700
b00000000000000000000011110110010 "
b00000000000000000000011110110010 $
1&
b0011110101111 ;
b0011110110000 >
1@
1A
#19705
0&
0@
0A
#19710
b00000000000000000000011110110011 "
b00000000000000000000011110110011 $
1&
b0011110110000 ;
b0011110110001 >
1@
1A
#19715
0&
0@
0A
#19720
b00000000000000000000011110110100 "
b00000000000000000000011110110100 $
1&
b0011110110001 ;
b0011110110010 >
1@
1A
#19725
0&
0@
0A
#19730
b00000000000000000000011110110101 "
b00000000000000000000011110110101 $
1&
b0011110110010 ;
b0011110110011 >
1@
1A
#19735
0&
0@
0A
#19740
b00000000000000000000011110110110 "
b00000000000000000000011110110110 $
1&
b0011110110011 ;
b0011110110100 >
1@
1A
#19745
0&
0@
0A
#19750
b00000000000000000000011110110111 "
b00000000000000000000011110110111 $
1&
b0011110110100 ;
b0011110110101 >
1@
1A
#19755
0&
0@
0A
#19760
b00000000000000000000011110111000 "
b00000000000000000000011110111000 $
1&
b0011110110101 ;
b0011110110110 >
1@
1A
#19765
0&
0@
0A
#19770
b00000000000000000000011110111001 "
b00000000000000000000011110111001 $
1&
b0011110110110 ;
b0011110110111 >
1@
1A
#19775
0&
0@
0A
#19780
b00000000000000000000011110111010 "
b00000000000000000000011110111010 $
1&
b0011110110111 ;
b0011110111000 >
1@
1A
#19785
0&
0@
0A
#19790
b00000000000000000000011110111011 "
b00000000000000000000011110111011 $
1&
b0011110111000 ;
b0011110111001 >
1@
1A
#19795
0&
0@
0A
#19800
b00000000000000000000011110111100 "
b00000000000000000000011110111100 $
1&
b0011110111001 ;
b0011110111010 >
1@
1A
#19805
0&
0@
0A
#19810
b00000000000000000000011110111101 "
b00000000000000000000011110111101 $
1&
b0011110111010 ;
b0011110111011 >
1@
1A
#19815
0&
0@
0A
#19820
b00000000000000000000011110111110 "
b00000000000000000000011110111110 $
1&
b0011110111011 ;
b0011110111100 >
1@
1A
#19825
0&
0@
0A
#19830
b00000000000000000000011110111111 "
b00000000000000000000011110111111 $
1&
b0011110111100 ;
b0011110111101 >
1@
1A
#19835
0&
0@
0A
#19840
b00000000000000000000011111000000 "
b00000000000000000000011111000000 $
1&
b0011110111101 ;
b0011110111110 >
1@
1A
#19845
0&
0@
0A
#19850
b00000000000000000000011111000001 "
b00000000000000000000011111000001 $
1&
b0011110111110 ;
b0011110111111 >
1@
1A
#19855
0&
0@
0A
#19860
b00000000000000000000011111000010 "
b00000000000000000000011111000010 $
1&
b0011110111111 ;
b0011111000000 >
1@
1A
#19865
0&
0@
0A
#19870
b00000000000000000000011111000011 "
b00000000000000000000011111000011 $
1&
b0011111000000 ;
b0011111000001 >
1@
1A
#19875
0&
0@
0A
#19880
b00000000000000000000011111000100 "
b00000000000000000000011111000100 $
1&
b0011111000001 ;
b0011111000010 >
1@
1A
#19885
0&
0@
0A
#19890
b00000000000000000000011111000101 "
b00000000000000000000011111000101 $
1&
b0011111000010 ;
b0011111000011 >
1@
1A
#19895
0&
0@
0A
#19900
b00000000000000000000011111000110 "
b00000000000000000000011111000110 $
1&
b0011111000011 ;
b0011111000100 >
1@
1A
#19905
0&
0@
0A
#19910
b00000000000000000000011111000111 "
b00000000000000000000011111000111 $
1&
b0011111000100 ;
b0011111000101 >
1@
1A
#19915
0&
0@
0A
#19920
b00000000000000000000011111001000 "
b00000000000000000000011111001000 $
1&
b0011111000101 ;
b0011111000110 >
1@
1A
#19925
0&
0@
0A
#19930
b00000000000000000000011111001001 "
b00000000000000000000011111001001 $
1&
b0011111000110 ;
b0011111000111 >
1@
1A
#19935
0&
0@
0A
#19940
b00000000000000000000011111001010 "
b00000000000000000000011111001010 $
1&
b0011111000111 ;
b0011111001000 >
1@
1A
#19945
0&
0@
0A
#19950
b00000000000000000000011111001011 "
b00000000000000000000011111001011 $
1&
b0011111001000 ;
b0011111001001 >
1@
1A
#19955
0&
0@
0A
#19960
b00000000000000000000011111001100 "
b00000000000000000000011111001100 $
1&
b0011111001001 ;
b0011111001010 >
1@
1A
#19965
0&
0@
0A
#19970
b00000000000000000000011111001101 "
b00000000000000000000011111001101 $
1&
b0011111001010 ;
b0011111001011 >
1@
1A
#19975
0&
0@
0A
#19980
b00000000000000000000011111001110 "
b00000000000000000000011111001110 $
1&
b0011111001011 ;
b0011111001100 >
1@
1A
#19985
0&
0@
0A
#19990
b00000000000000000000011111001111 "
b00000000000000000000011111001111 $
1&
b0011111001100 ;
b0011111001101 >
1@
1A
#19995
0&
0@
0A
#20000
b00000000000000000000011111010000 "
b00000000000000000000011111010000 $
1&
b0011111001101 ;
b0011111001110 >
1@
1A
#20005
0&
0@
0A
#20010
b00000000000000000000011111010001 "
b00000000000000000000011111010001 $
1&
b0011111001110 ;
b0011111001111 >
1@
1A
#20015
0&
0@
0A
#20020
b00000000000000000000011111010010 "
b00000000000000000000011111010010 $
1&
b0011111001111 ;
b0011111010000 >
1@
1A
#20025
0&
0@
0A
#20030
b00000000000000000000011111010011 "
b00000000000000000000011111010011 $
1&
b0011111010000 ;
b0011111010001 >
1@
1A
#20035
0&
0@
0A
#20040
b00000000000000000000011111010100 "
b00000000000000000000011111010100 $
1&
b0011111010001 ;
b0011111010010 >
1@
1A
#20045
0&
0@
0A
#20050
b00000000000000000000011111010101 "
b00000000000000000000011111010101 $
1&
b0011111010010 ;
b0011111010011 >
1@
1A
#20055
0&
0@
0A
#20060
b00000000000000000000011111010110 "
b00000000000000000000011111010110 $
1&
b0011111010011 ;
b0011111010100 >
1@
1A
#20065
0&
0@
0A
#20070
b00000000000000000000011111010111 "
b00000000000000000000011111010111 $
1&
b0011111010100 ;
b0011111010101 >
1@
1A
#20075
0&
0@
0A
#20080
b00000000000000000000011111011000 "
b00000000000000000000011111011000 $
1&
b0011111010101 ;
b0011111010110 >
1@
1A
#20085
0&
0@
0A
#20090
b00000000000000000000011111011001 "
b00000000000000000000011111011001 $
1&
b0011111010110 ;
b0011111010111 >
1@
1A
#20095
0&
0@
0A
#20100
b00000000000000000000011111011010 "
b00000000000000000000011111011010 $
1&
b0011111010111 ;
b0011111011000 >
1@
1A
#20105
0&
0@
0A
#20110
b00000000000000000000011111011011 "
b00000000000000000000011111011011 $
1&
b0011111011000 ;
b0011111011001 >
1@
1A
#20115
0&
0@
0A
#20120
b00000000000000000000011111011100 "
b00000000000000000000011111011100 $
1&
b0011111011001 ;
b0011111011010 >
1@
1A
#20125
0&
0@
0A
#20130
b00000000000000000000011111011101 "
b00000000000000000000011111011101 $
1&
b0011111011010 ;
b0011111011011 >
1@
1A
#20135
0&
0@
0A
#20140
b00000000000000000000011111011110 "
b00000000000000000000011111011110 $
1&
b0011111011011 ;
b0011111011100 >
1@
1A
#20145
0&
0@
0A
#20150
b00000000000000000000011111011111 "
b00000000000000000000011111011111 $
1&
b0011111011100 ;
b0011111011101 >
1@
1A
#20155
0&
0@
0A
#20160
b00000000000000000000011111100000 "
b00000000000000000000011111100000 $
1&
b0011111011101 ;
b0011111011110 >
1@
1A
#20165
0&
0@
0A
#20170
b00000000000000000000011111100001 "
b00000000000000000000011111100001 $
1&
b0011111011110 ;
b0011111011111 >
1@
1A
#20175
0&
0@
0A
#20180
b00000000000000000000011111100010 "
b00000000000000000000011111100010 $
1&
b0011111011111 ;
b0011111100000 >
1@
1A
#20185
0&
0@
0A
#20190
b00000000000000000000011111100011 "
b00000000000000000000011111100011 $
1&
b0011111100000 ;
b0011111100001 >
1@
1A
#20195
0&
0@
0A
#20200
b00000000000000000000011111100100 "
b00000000000000000000011111100100 $
1&
b0011111100001 ;
b0011111100010 >
1@
1A
#20205
0&
0@
0A
#20210
b00000000000000000000011111100101 "
b00000000000000000000011111100101 $
1&
b0011111100010 ;
b0011111100011 >
1@
1A
#20215
0&
0@
0A
#20220
b00000000000000000000011111100110 "
b00000000000000000000011111100110 $
1&
b0011111100011 ;
b0011111100100 >
1@
1A
#20225
0&
0@
0A
#20230
b00000000000000000000011111100111 "
b00000000000000000000011111100111 $
1&
b0011111100100 ;
b0011111100101 >
1@
1A
#20235
0&
0@
0A
#20240
b00000000000000000000011111101000 "
b00000000000000000000011111101000 $
1&
b0011111100101 ;
b0011111100110 >
1@
1A
#20245
0&
0@
0A
#20250
b00000000000000000000011111101001 "
b00000000000000000000011111101001 $
1&
b0011111100110 ;
b0011111100111 >
1@
1A
#20255
0&
0@
0A
#20260
b00000000000000000000011111101010 "
b00000000000000000000011111101010 $
1&
b0011111100111 ;
b0011111101000 >
1@
1A
#20265
0&
0@
0A
#20270
b00000000000000000000011111101011 "
b00000000000000000000011111101011 $
1&
b0011111101000 ;
b0011111101001 >
1@
1A
#20275
0&
0@
0A
#20280
b00000000000000000000011111101100 "
b00000000000000000000011111101100 $
1&
b0011111101001 ;
b0011111101010 >
1@
1A
#20285
0&
0@
0A
#20290
b00000000000000000000011111101101 "
b00000000000000000000011111101101 $
1&
b0011111101010 ;
b0011111101011 >
1@
1A
#20295
0&
0@
0A
#20300
b00000000000000000000011111101110 "
b00000000000000000000011111101110 $
1&
b0011111101011 ;
b0011111101100 >
1@
1A
#20305
0&
0@
0A
#20310
b00000000000000000000011111101111 "
b00000000000000000000011111101111 $
1&
b0011111101100 ;
b0011111101101 >
1@
1A
#20315
0&
0@
0A
#20320
b00000000000000000000011111110000 "
b00000000000000000000011111110000 $
1&
b0011111101101 ;
b0011111101110 >
1@
1A
#20325
0&
0@
0A
#20330
b00000000000000000000011111110001 "
b00000000000000000000011111110001 $
1&
b0011111101110 ;
b0011111101111 >
1@
1A
#20335
0&
0@
0A
#20340
b00000000000000000000011111110010 "
b00000000000000000000011111110010 $
1&
b0011111101111 ;
b0011111110000 >
1@
1A
#20345
0&
0@
0A
#20350
b00000000000000000000011111110011 "
b00000000000000000000011111110011 $
1&
b0011111110000 ;
b0011111110001 >
1@
1A
#20355
0&
0@
0A
#20360
b00000000000000000000011111110100 "
b00000000000000000000011111110100 $
1&
b0011111110001 ;
b0011111110010 >
1@
1A
#20365
0&
0@
0A
#20370
b00000000000000000000011111110101 "
b00000000000000000000011111110101 $
1&
b0011111110010 ;
b0011111110011 >
1@
1A
#20375
0&
0@
0A
#20380
b00000000000000000000011111110110 "
b00000000000000000000011111110110 $
1&
b0011111110011 ;
b0011111110100 >
1@
1A
#20385
0&
0@
0A
#20390
b00000000000000000000011111110111 "
b00000000000000000000011111110111 $
1&
b0011111110100 ;
b0011111110101 >
1@
1A
#20395
0&
0@
0A
#20400
b00000000000000000000011111111000 "
b00000000000000000000011111111000 $
1&
b0011111110101 ;
b0011111110110 >
1@
1A
#20405
0&
0@
0A
#20410
b00000000000000000000011111111001 "
b00000000000000000000011111111001 $
1&
b0011111110110 ;
b0011111110111 >
1@
1A
#20415
0&
0@
0A
#20420
b00000000000000000000011111111010 "
b00000000000000000000011111111010 $
1&
b0011111110111 ;
b0011111111000 >
1@
1A
#20425
0&
0@
0A
#20430
b00000000000000000000011111111011 "
b00000000000000000000011111111011 $
1&
b0011111111000 ;
b0011111111001 >
1@
1A
#20435
0&
0@
0A
#20440
b00000000000000000000011111111100 "
b00000000000000000000011111111100 $
1&
b0011111111001 ;
b0011111111010 >
1@
1A
#20445
0&
0@
0A
#20450
b00000000000000000000011111111101 "
b00000000000000000000011111111101 $
1&
b0011111111010 ;
b0011111111011 >
1@
1A
#20455
0&
0@
0A
#20460
b00000000000000000000011111111110 "
b00000000000000000000011111111110 $
1&
b0011111111011 ;
b0011111111100 >
1@
1A
#20465
0&
0@
0A
#20470
b00000000000000000000011111111111 "
b00000000000000000000011111111111 $
1&
b0011111111100 ;
b0011111111101 >
1@
1A
#20475
0&
0@
0A
#20480
b00000000000000000000100000000000 "
b00000000000000000000100000000000 $
1&
b0011111111101 ;
b0011111111110 >
1@
1A
#20485
0&
0@
0A
#20490
b00000000000000000000100000000001 "
b00000000000000000000100000000001 $
1&
b0011111111110 ;
b0011111111111 >
1@
1A
#20495
0&
0@
0A
#20500
b00000000000000000000100000000010 "
b00000000000000000000100000000010 $
1&
b0011111111111 ;
b0100000000000 >
1@
1A
#20505
0&
0@
0A
#20510
b00000000000000000000100000000011 "
b00000000000000000000100000000011 $
1&
b0100000000000 ;
b0100000000001 >
1@
1A
#20515
0&
0@
0A
#20520
b00000000000000000000100000000100 "
b00000000000000000000100000000100 $
1&
b0100000000001 ;
b0100000000010 >
1@
1A
#20525
0&
0@
0A
#20530
b00000000000000000000100000000101 "
b00000000000000000000100000000101 $
1&
b0100000000010 ;
b0100000000011 >
1@
1A
#20535
0&
0@
0A
#20540
b00000000000000000000100000000110 "
b00000000000000000000100000000110 $
1&
b0100000000011 ;
b0100000000100 >
1@
1A
#20545
0&
0@
0A
#20550
b00000000000000000000100000000111 "
b00000000000000000000100000000111 $
1&
b0100000000100 ;
b0100000000101 >
1@
1A
#20555
0&
0@
0A
#20560
b00000000000000000000100000001000 "
b00000000000000000000100000001000 $
1&
b0100000000101 ;
b0100000000110 >
1@
1A
#20565
0&
0@
0A
#20570
b00000000000000000000100000001001 "
b00000000000000000000100000001001 $
1&
b0100000000110 ;
b0100000000111 >
1@
1A
#20575
0&
0@
0A
#20580
b00000000000000000000100000001010 "
b00000000000000000000100000001010 $
1&
b0100000000111 ;
b0100000001000 >
1@
1A
#20585
0&
0@
0A
#20590
b00000000000000000000100000001011 "
b00000000000000000000100000001011 $
1&
b0100000001000 ;
b0100000001001 >
1@
1A
#20595
0&
0@
0A
#20600
b00000000000000000000100000001100 "
b00000000000000000000100000001100 $
1&
b0100000001001 ;
b0100000001010 >
1@
1A
#20605
0&
0@
0A
#20610
b00000000000000000000100000001101 "
b00000000000000000000100000001101 $
1&
b0100000001010 ;
b0100000001011 >
1@
1A
#20615
0&
0@
0A
#20620
b00000000000000000000100000001110 "
b00000000000000000000100000001110 $
1&
b0100000001011 ;
b0100000001100 >
1@
1A
#20625
0&
0@
0A
#20630
b00000000000000000000100000001111 "
b00000000000000000000100000001111 $
1&
b0100000001100 ;
b0100000001101 >
1@
1A
#20635
0&
0@
0A
#20640
b00000000000000000000100000010000 "
b00000000000000000000100000010000 $
1&
b0100000001101 ;
b0100000001110 >
1@
1A
#20645
0&
0@
0A
#20650
b00000000000000000000100000010001 "
b00000000000000000000100000010001 $
1&
b0100000001110 ;
b0100000001111 >
1@
1A
#20655
0&
0@
0A
#20660
b00000000000000000000100000010010 "
b00000000000000000000100000010010 $
1&
b0100000001111 ;
b0100000010000 >
1@
1A
#20665
0&
0@
0A
#20670
b00000000000000000000100000010011 "
b00000000000000000000100000010011 $
1&
b0100000010000 ;
b0100000010001 >
1@
1A
#20675
0&
0@
0A
#20680
b00000000000000000000100000010100 "
b00000000000000000000100000010100 $
1&
b0100000010001 ;
b0100000010010 >
1@
1A
#20685
0&
0@
0A
#20690
b00000000000000000000100000010101 "
b00000000000000000000100000010101 $
1&
b0100000010010 ;
b0100000010011 >
1@
1A
#20695
0&
0@
0A
#20700
b00000000000000000000100000010110 "
b00000000000000000000100000010110 $
1&
b0100000010011 ;
b0100000010100 >
1@
1A
#20705
0&
0@
0A
#20710
b00000000000000000000100000010111 "
b00000000000000000000100000010111 $
1&
b0100000010100 ;
b0100000010101 >
1@
1A
#20715
0&
0@
0A
#20720
b00000000000000000000100000011000 "
b00000000000000000000100000011000 $
1&
b0100000010101 ;
b0100000010110 >
1@
1A
#20725
0&
0@
0A
#20730
b00000000000000000000100000011001 "
b00000000000000000000100000011001 $
1&
b0100000010110 ;
b0100000010111 >
1@
1A
#20735
0&
0@
0A
#20740
b00000000000000000000100000011010 "
b00000000000000000000100000011010 $
1&
b0100000010111 ;
b0100000011000 >
1@
1A
#20745
0&
0@
0A
#20750
b00000000000000000000100000011011 "
b00000000000000000000100000011011 $
1&
b0100000011000 ;
b0100000011001 >
1@
1A
#20755
0&
0@
0A
#20760
b00000000000000000000100000011100 "
b00000000000000000000100000011100 $
1&
b0100000011001 ;
b0100000011010 >
1@
1A
#20765
0&
0@
0A
#20770
b00000000000000000000100000011101 "
b00000000000000000000100000011101 $
1&
b0100000011010 ;
b0100000011011 >
1@
1A
#20775
0&
0@
0A
#20780
b00000000000000000000100000011110 "
b00000000000000000000100000011110 $
1&
b0100000011011 ;
b0100000011100 >
1@
1A
#20785
0&
0@
0A
#20790
b00000000000000000000100000011111 "
b00000000000000000000100000011111 $
1&
b0100000011100 ;
b0100000011101 >
1@
1A
#20795
0&
0@
0A
#20800
b00000000000000000000100000100000 "
b00000000000000000000100000100000 $
1&
b0100000011101 ;
b0100000011110 >
1@
1A
#20805
0&
0@
0A
#20810
b00000000000000000000100000100001 "
b00000000000000000000100000100001 $
1&
b0100000011110 ;
b0100000011111 >
1@
1A
#20815
0&
0@
0A
#20820
b00000000000000000000100000100010 "
b00000000000000000000100000100010 $
1&
b0100000011111 ;
b0100000100000 >
1@
1A
#20825
0&
0@
0A
#20830
b00000000000000000000100000100011 "
b00000000000000000000100000100011 $
1&
b0100000100000 ;
b0100000100001 >
1@
1A
#20835
0&
0@
0A
#20840
b00000000000000000000100000100100 "
b00000000000000000000100000100100 $
1&
b0100000100001 ;
b0100000100010 >
1@
1A
#20845
0&
0@
0A
#20850
b00000000000000000000100000100101 "
b00000000000000000000100000100101 $
1&
b0100000100010 ;
b0100000100011 >
1@
1A
#20855
0&
0@
0A
#20860
b00000000000000000000100000100110 "
b00000000000000000000100000100110 $
1&
b0100000100011 ;
b0100000100100 >
1@
1A
#20865
0&
0@
0A
#20870
b00000000000000000000100000100111 "
b00000000000000000000100000100111 $
1&
b0100000100100 ;
b0100000100101 >
1@
1A
#20875
0&
0@
0A
#20880
b00000000000000000000100000101000 "
b00000000000000000000100000101000 $
1&
b0100000100101 ;
b0100000100110 >
1@
1A
#20885
0&
0@
0A
#20890
b00000000000000000000100000101001 "
b00000000000000000000100000101001 $
1&
b0100000100110 ;
b0100000100111 >
1@
1A
#20895
0&
0@
0A
#20900
b00000000000000000000100000101010 "
b00000000000000000000100000101010 $
1&
b0100000100111 ;
b0100000101000 >
1@
1A
#20905
0&
0@
0A
#20910
b00000000000000000000100000101011 "
b00000000000000000000100000101011 $
1&
b0100000101000 ;
b0100000101001 >
1@
1A
#20915
0&
0@
0A
#20920
b00000000000000000000100000101100 "
b00000000000000000000100000101100 $
1&
b0100000101001 ;
b0100000101010 >
1@
1A
#20925
0&
0@
0A
#20930
b00000000000000000000100000101101 "
b00000000000000000000100000101101 $
1&
b0100000101010 ;
b0100000101011 >
1@
1A
#20935
0&
0@
0A
#20940
b00000000000000000000100000101110 "
b00000000000000000000100000101110 $
1&
b0100000101011 ;
b0100000101100 >
1@
1A
#20945
0&
0@
0A
#20950
b00000000000000000000100000101111 "
b00000000000000000000100000101111 $
1&
b0100000101100 ;
b0100000101101 >
1@
1A
#20955
0&
0@
0A
#20960
b00000000000000000000100000110000 "
b00000000000000000000100000110000 $
1&
b0100000101101 ;
b0100000101110 >
1@
1A
#20965
0&
0@
0A
#20970
b00000000000000000000100000110001 "
b00000000000000000000100000110001 $
1&
b0100000101110 ;
b0100000101111 >
1@
1A
#20975
0&
0@
0A
#20980
b00000000000000000000100000110010 "
b00000000000000000000100000110010 $
1&
b0100000101111 ;
b0100000110000 >
1@
1A
#20985
0&
0@
0A
#20990
b00000000000000000000100000110011 "
b00000000000000000000100000110011 $
1&
b0100000110000 ;
b0100000110001 >
1@
1A
#20995
0&
0@
0A
#21000
b00000000000000000000100000110100 "
b00000000000000000000100000110100 $
1&
b0100000110001 ;
b0100000110010 >
1@
1A
#21005
0&
0@
0A
#21010
b00000000000000000000100000110101 "
b00000000000000000000100000110101 $
1&
b0100000110010 ;
b0100000110011 >
1@
1A
#21015
0&
0@
0A
#21020
b00000000000000000000100000110110 "
b00000000000000000000100000110110 $
1&
b0100000110011 ;
b0100000110100 >
1@
1A
#21025
0&
0@
0A
#21030
b00000000000000000000100000110111 "
b00000000000000000000100000110111 $
1&
b0100000110100 ;
b0100000110101 >
1@
1A
#21035
0&
0@
0A
#21040
b00000000000000000000100000111000 "
b00000000000000000000100000111000 $
1&
b0100000110101 ;
b0100000110110 >
1@
1A
#21045
0&
0@
0A
#21050
b00000000000000000000100000111001 "
b00000000000000000000100000111001 $
1&
b0100000110110 ;
b0100000110111 >
1@
1A
#21055
0&
0@
0A
#21060
b00000000000000000000100000111010 "
b00000000000000000000100000111010 $
1&
b0100000110111 ;
b0100000111000 >
1@
1A
#21065
0&
0@
0A
#21070
b00000000000000000000100000111011 "
b00000000000000000000100000111011 $
1&
b0100000111000 ;
b0100000111001 >
1@
1A
#21075
0&
0@
0A
#21080
b00000000000000000000100000111100 "
b00000000000000000000100000111100 $
1&
b0100000111001 ;
b0100000111010 >
1@
1A
#21085
0&
0@
0A
#21090
b00000000000000000000100000111101 "
b00000000000000000000100000111101 $
1&
b0100000111010 ;
b0100000111011 >
1@
1A
#21095
0&
0@
0A
#21100
b00000000000000000000100000111110 "
b00000000000000000000100000111110 $
1&
b0100000111011 ;
b0100000111100 >
1@
1A
#21105
0&
0@
0A
#21110
b00000000000000000000100000111111 "
b00000000000000000000100000111111 $
1&
b0100000111100 ;
b0100000111101 >
1@
1A
#21115
0&
0@
0A
#21120
b00000000000000000000100001000000 "
b00000000000000000000100001000000 $
1&
b0100000111101 ;
b0100000111110 >
1@
1A
#21125
0&
0@
0A
#21130
b00000000000000000000100001000001 "
b00000000000000000000100001000001 $
1&
b0100000111110 ;
b0100000111111 >
1@
1A
#21135
0&
0@
0A
#21140
b00000000000000000000100001000010 "
b00000000000000000000100001000010 $
1&
b0100000111111 ;
b0100001000000 >
1@
1A
#21145
0&
0@
0A
#21150
b00000000000000000000100001000011 "
b00000000000000000000100001000011 $
1&
b0100001000000 ;
b0100001000001 >
1@
1A
#21155
0&
0@
0A
#21160
b00000000000000000000100001000100 "
b00000000000000000000100001000100 $
1&
b0100001000001 ;
b0100001000010 >
1@
1A
#21165
0&
0@
0A
#21170
b00000000000000000000100001000101 "
b00000000000000000000100001000101 $
1&
b0100001000010 ;
b0100001000011 >
1@
1A
#21175
0&
0@
0A
#21180
b00000000000000000000100001000110 "
b00000000000000000000100001000110 $
1&
b0100001000011 ;
b0100001000100 >
1@
1A
#21185
0&
0@
0A
#21190
b00000000000000000000100001000111 "
b00000000000000000000100001000111 $
1&
b0100001000100 ;
b0100001000101 >
1@
1A
#21195
0&
0@
0A
#21200
b00000000000000000000100001001000 "
b00000000000000000000100001001000 $
1&
b0100001000101 ;
b0100001000110 >
1@
1A
#21205
0&
0@
0A
#21210
b00000000000000000000100001001001 "
b00000000000000000000100001001001 $
1&
b0100001000110 ;
b0100001000111 >
1@
1A
#21215
0&
0@
0A
#21220
b00000000000000000000100001001010 "
b00000000000000000000100001001010 $
1&
b0100001000111 ;
b0100001001000 >
1@
1A
#21225
0&
0@
0A
#21230
b00000000000000000000100001001011 "
b00000000000000000000100001001011 $
1&
b0100001001000 ;
b0100001001001 >
1@
1A
#21235
0&
0@
0A
#21240
b00000000000000000000100001001100 "
b00000000000000000000100001001100 $
1&
b0100001001001 ;
b0100001001010 >
1@
1A
#21245
0&
0@
0A
#21250
b00000000000000000000100001001101 "
b00000000000000000000100001001101 $
1&
b0100001001010 ;
b0100001001011 >
1@
1A
#21255
0&
0@
0A
#21260
b00000000000000000000100001001110 "
b00000000000000000000100001001110 $
1&
b0100001001011 ;
b0100001001100 >
1@
1A
#21265
0&
0@
0A
#21270
b00000000000000000000100001001111 "
b00000000000000000000100001001111 $
1&
b0100001001100 ;
b0100001001101 >
1@
1A
#21275
0&
0@
0A
#21280
b00000000000000000000100001010000 "
b00000000000000000000100001010000 $
1&
b0100001001101 ;
b0100001001110 >
1@
1A
#21285
0&
0@
0A
#21290
b00000000000000000000100001010001 "
b00000000000000000000100001010001 $
1&
b0100001001110 ;
b0100001001111 >
1@
1A
#21295
0&
0@
0A
#21300
b00000000000000000000100001010010 "
b00000000000000000000100001010010 $
1&
b0100001001111 ;
b0100001010000 >
1@
1A
#21305
0&
0@
0A
#21310
b00000000000000000000100001010011 "
b00000000000000000000100001010011 $
1&
b0100001010000 ;
b0100001010001 >
1@
1A
#21315
0&
0@
0A
#21320
b00000000000000000000100001010100 "
b00000000000000000000100001010100 $
1&
b0100001010001 ;
b0100001010010 >
1@
1A
#21325
0&
0@
0A
#21330
b00000000000000000000100001010101 "
b00000000000000000000100001010101 $
1&
b0100001010010 ;
b0100001010011 >
1@
1A
#21335
0&
0@
0A
#21340
b00000000000000000000100001010110 "
b00000000000000000000100001010110 $
1&
b0100001010011 ;
b0100001010100 >
1@
1A
#21345
0&
0@
0A
#21350
b00000000000000000000100001010111 "
b00000000000000000000100001010111 $
1&
b0100001010100 ;
b0100001010101 >
1@
1A
#21355
0&
0@
0A
#21360
b00000000000000000000100001011000 "
b00000000000000000000100001011000 $
1&
b0100001010101 ;
b0100001010110 >
1@
1A
#21365
0&
0@
0A
#21370
b00000000000000000000100001011001 "
b00000000000000000000100001011001 $
1&
b0100001010110 ;
b0100001010111 >
1@
1A
#21375
0&
0@
0A
#21380
b00000000000000000000100001011010 "
b00000000000000000000100001011010 $
1&
b0100001010111 ;
b0100001011000 >
1@
1A
#21385
0&
0@
0A
#21390
b00000000000000000000100001011011 "
b00000000000000000000100001011011 $
1&
b0100001011000 ;
b0100001011001 >
1@
1A
#21395
0&
0@
0A
#21400
b00000000000000000000100001011100 "
b00000000000000000000100001011100 $
1&
b0100001011001 ;
b0100001011010 >
1@
1A
#21405
0&
0@
0A
#21410
b00000000000000000000100001011101 "
b00000000000000000000100001011101 $
1&
b0100001011010 ;
b0100001011011 >
1@
1A
#21415
0&
0@
0A
#21420
b00000000000000000000100001011110 "
b00000000000000000000100001011110 $
1&
b0100001011011 ;
b0100001011100 >
1@
1A
#21425
0&
0@
0A
#21430
b00000000000000000000100001011111 "
b00000000000000000000100001011111 $
1&
b0100001011100 ;
b0100001011101 >
1@
1A
#21435
0&
0@
0A
#21440
b00000000000000000000100001100000 "
b00000000000000000000100001100000 $
1&
b0100001011101 ;
b0100001011110 >
1@
1A
#21445
0&
0@
0A
#21450
b00000000000000000000100001100001 "
b00000000000000000000100001100001 $
1&
b0100001011110 ;
b0100001011111 >
1@
1A
#21455
0&
0@
0A
#21460
b00000000000000000000100001100010 "
b00000000000000000000100001100010 $
1&
b0100001011111 ;
b0100001100000 >
1@
1A
#21465
0&
0@
0A
#21470
b00000000000000000000100001100011 "
b00000000000000000000100001100011 $
1&
b0100001100000 ;
b0100001100001 >
1@
1A
#21475
0&
0@
0A
#21480
b00000000000000000000100001100100 "
b00000000000000000000100001100100 $
1&
b0100001100001 ;
b0100001100010 >
1@
1A
#21485
0&
0@
0A
#21490
b00000000000000000000100001100101 "
b00000000000000000000100001100101 $
1&
b0100001100010 ;
b0100001100011 >
1@
1A
#21495
0&
0@
0A
#21500
b00000000000000000000100001100110 "
b00000000000000000000100001100110 $
1&
b0100001100011 ;
b0100001100100 >
1@
1A
#21505
0&
0@
0A
#21510
b00000000000000000000100001100111 "
b00000000000000000000100001100111 $
1&
b0100001100100 ;
b0100001100101 >
1@
1A
#21515
0&
0@
0A
#21520
b00000000000000000000100001101000 "
b00000000000000000000100001101000 $
1&
b0100001100101 ;
b0100001100110 >
1@
1A
#21525
0&
0@
0A
#21530
b00000000000000000000100001101001 "
b00000000000000000000100001101001 $
1&
b0100001100110 ;
b0100001100111 >
1@
1A
#21535
0&
0@
0A
#21540
b00000000000000000000100001101010 "
b00000000000000000000100001101010 $
1&
b0100001100111 ;
b0100001101000 >
1@
1A
#21545
0&
0@
0A
#21550
b00000000000000000000100001101011 "
b00000000000000000000100001101011 $
1&
b0100001101000 ;
b0100001101001 >
1@
1A
#21555
0&
0@
0A
#21560
b00000000000000000000100001101100 "
b00000000000000000000100001101100 $
1&
b0100001101001 ;
b0100001101010 >
1@
1A
#21565
0&
0@
0A
#21570
b00000000000000000000100001101101 "
b00000000000000000000100001101101 $
1&
b0100001101010 ;
b0100001101011 >
1@
1A
#21575
0&
0@
0A
#21580
b00000000000000000000100001101110 "
b00000000000000000000100001101110 $
1&
b0100001101011 ;
b0100001101100 >
1@
1A
#21585
0&
0@
0A
#21590
b00000000000000000000100001101111 "
b00000000000000000000100001101111 $
1&
b0100001101100 ;
b0100001101101 >
1@
1A
#21595
0&
0@
0A
#21600
b00000000000000000000100001110000 "
b00000000000000000000100001110000 $
1&
b0100001101101 ;
b0100001101110 >
1@
1A
#21605
0&
0@
0A
#21610
b00000000000000000000100001110001 "
b00000000000000000000100001110001 $
1&
b0100001101110 ;
b0100001101111 >
1@
1A
#21615
0&
0@
0A
#21620
b00000000000000000000100001110010 "
b00000000000000000000100001110010 $
1&
b0100001101111 ;
b0100001110000 >
1@
1A
#21625
0&
0@
0A
#21630
b00000000000000000000100001110011 "
b00000000000000000000100001110011 $
1&
b0100001110000 ;
b0100001110001 >
1@
1A
#21635
0&
0@
0A
#21640
b00000000000000000000100001110100 "
b00000000000000000000100001110100 $
1&
b0100001110001 ;
b0100001110010 >
1@
1A
#21645
0&
0@
0A
#21650
b00000000000000000000100001110101 "
b00000000000000000000100001110101 $
1&
b0100001110010 ;
b0100001110011 >
1@
1A
#21655
0&
0@
0A
#21660
b00000000000000000000100001110110 "
b00000000000000000000100001110110 $
1&
b0100001110011 ;
b0100001110100 >
1@
1A
#21665
0&
0@
0A
#21670
b00000000000000000000100001110111 "
b00000000000000000000100001110111 $
1&
b0100001110100 ;
b0100001110101 >
1@
1A
#21675
0&
0@
0A
#21680
b00000000000000000000100001111000 "
b00000000000000000000100001111000 $
1&
b0100001110101 ;
b0100001110110 >
1@
1A
#21685
0&
0@
0A
#21690
b00000000000000000000100001111001 "
b00000000000000000000100001111001 $
1&
b0100001110110 ;
b0100001110111 >
1@
1A
#21695
0&
0@
0A
#21700
b00000000000000000000100001111010 "
b00000000000000000000100001111010 $
1&
b0100001110111 ;
b0100001111000 >
1@
1A
#21705
0&
0@
0A
#21710
b00000000000000000000100001111011 "
b00000000000000000000100001111011 $
1&
b0100001111000 ;
b0100001111001 >
1@
1A
#21715
0&
0@
0A
#21720
b00000000000000000000100001111100 "
b00000000000000000000100001111100 $
1&
b0100001111001 ;
b0100001111010 >
1@
1A
#21725
0&
0@
0A
#21730
b00000000000000000000100001111101 "
b00000000000000000000100001111101 $
1&
b0100001111010 ;
b0100001111011 >
1@
1A
#21735
0&
0@
0A
#21740
b00000000000000000000100001111110 "
b00000000000000000000100001111110 $
1&
b0100001111011 ;
b0100001111100 >
1@
1A
#21745
0&
0@
0A
#21750
b00000000000000000000100001111111 "
b00000000000000000000100001111111 $
1&
b0100001111100 ;
b0100001111101 >
1@
1A
#21755
0&
0@
0A
#21760
b00000000000000000000100010000000 "
b00000000000000000000100010000000 $
1&
b0100001111101 ;
b0100001111110 >
1@
1A
#21765
0&
0@
0A
#21770
b00000000000000000000100010000001 "
b00000000000000000000100010000001 $
1&
b0100001111110 ;
b0100001111111 >
1@
1A
#21775
0&
0@
0A
#21780
b00000000000000000000100010000010 "
b00000000000000000000100010000010 $
1&
b0100001111111 ;
b0100010000000 >
1@
1A
#21785
0&
0@
0A
#21790
b00000000000000000000100010000011 "
b00000000000000000000100010000011 $
1&
b0100010000000 ;
b0100010000001 >
1@
1A
#21795
0&
0@
0A
#21800
b00000000000000000000100010000100 "
b00000000000000000000100010000100 $
1&
b0100010000001 ;
b0100010000010 >
1@
1A
#21805
0&
0@
0A
#21810
b00000000000000000000100010000101 "
b00000000000000000000100010000101 $
1&
b0100010000010 ;
b0100010000011 >
1@
1A
#21815
0&
0@
0A
#21820
b00000000000000000000100010000110 "
b00000000000000000000100010000110 $
1&
b0100010000011 ;
b0100010000100 >
1@
1A
#21825
0&
0@
0A
#21830
b00000000000000000000100010000111 "
b00000000000000000000100010000111 $
1&
b0100010000100 ;
b0100010000101 >
1@
1A
#21835
0&
0@
0A
#21840
b00000000000000000000100010001000 "
b00000000000000000000100010001000 $
1&
b0100010000101 ;
b0100010000110 >
1@
1A
#21845
0&
0@
0A
#21850
b00000000000000000000100010001001 "
b00000000000000000000100010001001 $
1&
b0100010000110 ;
b0100010000111 >
1@
1A
#21855
0&
0@
0A
#21860
b00000000000000000000100010001010 "
b00000000000000000000100010001010 $
1&
b0100010000111 ;
b0100010001000 >
1@
1A
#21865
0&
0@
0A
#21870
b00000000000000000000100010001011 "
b00000000000000000000100010001011 $
1&
b0100010001000 ;
b0100010001001 >
1@
1A
#21875
0&
0@
0A
#21880
b00000000000000000000100010001100 "
b00000000000000000000100010001100 $
1&
b0100010001001 ;
b0100010001010 >
1@
1A
#21885
0&
0@
0A
#21890
b00000000000000000000100010001101 "
b00000000000000000000100010001101 $
1&
b0100010001010 ;
b0100010001011 >
1@
1A
#21895
0&
0@
0A
#21900
b00000000000000000000100010001110 "
b00000000000000000000100010001110 $
1&
b0100010001011 ;
b0100010001100 >
1@
1A
#21905
0&
0@
0A
#21910
b00000000000000000000100010001111 "
b00000000000000000000100010001111 $
1&
b0100010001100 ;
b0100010001101 >
1@
1A
#21915
0&
0@
0A
#21920
b00000000000000000000100010010000 "
b00000000000000000000100010010000 $
1&
b0100010001101 ;
b0100010001110 >
1@
1A
#21925
0&
0@
0A
#21930
b00000000000000000000100010010001 "
b00000000000000000000100010010001 $
1&
b0100010001110 ;
b0100010001111 >
1@
1A
#21935
0&
0@
0A
#21940
b00000000000000000000100010010010 "
b00000000000000000000100010010010 $
1&
b0100010001111 ;
b0100010010000 >
1@
1A
#21945
0&
0@
0A
#21950
b00000000000000000000100010010011 "
b00000000000000000000100010010011 $
1&
b0100010010000 ;
b0100010010001 >
1@
1A
#21955
0&
0@
0A
#21960
b00000000000000000000100010010100 "
b00000000000000000000100010010100 $
1&
b0100010010001 ;
b0100010010010 >
1@
1A
#21965
0&
0@
0A
#21970
b00000000000000000000100010010101 "
b00000000000000000000100010010101 $
1&
b0100010010010 ;
b0100010010011 >
1@
1A
#21975
0&
0@
0A
#21980
b00000000000000000000100010010110 "
b00000000000000000000100010010110 $
1&
b0100010010011 ;
b0100010010100 >
1@
1A
#21985
0&
0@
0A
#21990
b00000000000000000000100010010111 "
b00000000000000000000100010010111 $
1&
b0100010010100 ;
b0100010010101 >
1@
1A
#21995
0&
0@
0A
#22000
b00000000000000000000100010011000 "
b00000000000000000000100010011000 $
1&
b0100010010101 ;
b0100010010110 >
1@
1A
#22005
0&
0@
0A
#22010
b00000000000000000000100010011001 "
b00000000000000000000100010011001 $
1&
b0100010010110 ;
b0100010010111 >
1@
1A
#22015
0&
0@
0A
#22020
b00000000000000000000100010011010 "
b00000000000000000000100010011010 $
1&
b0100010010111 ;
b0100010011000 >
1@
1A
#22025
0&
0@
0A
#22030
b00000000000000000000100010011011 "
b00000000000000000000100010011011 $
1&
b0100010011000 ;
b0100010011001 >
1@
1A
#22035
0&
0@
0A
#22040
b00000000000000000000100010011100 "
b00000000000000000000100010011100 $
1&
b0100010011001 ;
b0100010011010 >
1@
1A
#22045
0&
0@
0A
#22050
b00000000000000000000100010011101 "
b00000000000000000000100010011101 $
1&
b0100010011010 ;
b0100010011011 >
1@
1A
#22055
0&
0@
0A
#22060
b00000000000000000000100010011110 "
b00000000000000000000100010011110 $
1&
b0100010011011 ;
b0100010011100 >
1@
1A
#22065
0&
0@
0A
#22070
b00000000000000000000100010011111 "
b00000000000000000000100010011111 $
1&
b0100010011100 ;
b0100010011101 >
1@
1A
#22075
0&
0@
0A
#22080
b00000000000000000000100010100000 "
b00000000000000000000100010100000 $
1&
b0100010011101 ;
b0100010011110 >
1@
1A
#22085
0&
0@
0A
#22090
b00000000000000000000100010100001 "
b00000000000000000000100010100001 $
1&
b0100010011110 ;
b0100010011111 >
1@
1A
#22095
0&
0@
0A
#22100
b00000000000000000000100010100010 "
b00000000000000000000100010100010 $
1&
b0100010011111 ;
b0100010100000 >
1@
1A
#22105
0&
0@
0A
#22110
b00000000000000000000100010100011 "
b00000000000000000000100010100011 $
1&
b0100010100000 ;
b0100010100001 >
1@
1A
#22115
0&
0@
0A
#22120
b00000000000000000000100010100100 "
b00000000000000000000100010100100 $
1&
b0100010100001 ;
b0100010100010 >
1@
1A
#22125
0&
0@
0A
#22130
b00000000000000000000100010100101 "
b00000000000000000000100010100101 $
1&
b0100010100010 ;
b0100010100011 >
1@
1A
#22135
0&
0@
0A
#22140
b00000000000000000000100010100110 "
b00000000000000000000100010100110 $
1&
b0100010100011 ;
b0100010100100 >
1@
1A
#22145
0&
0@
0A
#22150
b00000000000000000000100010100111 "
b00000000000000000000100010100111 $
1&
b0100010100100 ;
b0100010100101 >
1@
1A
#22155
0&
0@
0A
#22160
b00000000000000000000100010101000 "
b00000000000000000000100010101000 $
1&
b0100010100101 ;
b0100010100110 >
1@
1A
#22165
0&
0@
0A
#22170
b00000000000000000000100010101001 "
b00000000000000000000100010101001 $
1&
b0100010100110 ;
b0100010100111 >
1@
1A
#22175
0&
0@
0A
#22180
b00000000000000000000100010101010 "
b00000000000000000000100010101010 $
1&
b0100010100111 ;
b0100010101000 >
1@
1A
#22185
0&
0@
0A
#22190
b00000000000000000000100010101011 "
b00000000000000000000100010101011 $
1&
b0100010101000 ;
b0100010101001 >
1@
1A
#22195
0&
0@
0A
#22200
b00000000000000000000100010101100 "
b00000000000000000000100010101100 $
1&
b0100010101001 ;
b0100010101010 >
1@
1A
#22205
0&
0@
0A
#22210
b00000000000000000000100010101101 "
b00000000000000000000100010101101 $
1&
b0100010101010 ;
b0100010101011 >
1@
1A
#22215
0&
0@
0A
#22220
b00000000000000000000100010101110 "
b00000000000000000000100010101110 $
1&
b0100010101011 ;
b0100010101100 >
1@
1A
#22225
0&
0@
0A
#22230
b00000000000000000000100010101111 "
b00000000000000000000100010101111 $
1&
b0100010101100 ;
b0100010101101 >
1@
1A
#22235
0&
0@
0A
#22240
b00000000000000000000100010110000 "
b00000000000000000000100010110000 $
1&
b0100010101101 ;
b0100010101110 >
1@
1A
#22245
0&
0@
0A
#22250
b00000000000000000000100010110001 "
b00000000000000000000100010110001 $
1&
b0100010101110 ;
b0100010101111 >
1@
1A
#22255
0&
0@
0A
#22260
b00000000000000000000100010110010 "
b00000000000000000000100010110010 $
1&
b0100010101111 ;
b0100010110000 >
1@
1A
#22265
0&
0@
0A
#22270
b00000000000000000000100010110011 "
b00000000000000000000100010110011 $
1&
b0100010110000 ;
b0100010110001 >
1@
1A
#22275
0&
0@
0A
#22280
b00000000000000000000100010110100 "
b00000000000000000000100010110100 $
1&
b0100010110001 ;
b0100010110010 >
1@
1A
#22285
0&
0@
0A
#22290
b00000000000000000000100010110101 "
b00000000000000000000100010110101 $
1&
b0100010110010 ;
b0100010110011 >
1@
1A
#22295
0&
0@
0A
#22300
b00000000000000000000100010110110 "
b00000000000000000000100010110110 $
1&
b0100010110011 ;
b0100010110100 >
1@
1A
#22305
0&
0@
0A
#22310
b00000000000000000000100010110111 "
b00000000000000000000100010110111 $
1&
b0100010110100 ;
b0100010110101 >
1@
1A
#22315
0&
0@
0A
#22320
b00000000000000000000100010111000 "
b00000000000000000000100010111000 $
1&
b0100010110101 ;
b0100010110110 >
1@
1A
#22325
0&
0@
0A
#22330
b00000000000000000000100010111001 "
b00000000000000000000100010111001 $
1&
b0100010110110 ;
b0100010110111 >
1@
1A
#22335
0&
0@
0A
#22340
b00000000000000000000100010111010 "
b00000000000000000000100010111010 $
1&
b0100010110111 ;
b0100010111000 >
1@
1A
#22345
0&
0@
0A
#22350
b00000000000000000000100010111011 "
b00000000000000000000100010111011 $
1&
b0100010111000 ;
b0100010111001 >
1@
1A
#22355
0&
0@
0A
#22360
b00000000000000000000100010111100 "
b00000000000000000000100010111100 $
1&
b0100010111001 ;
b0100010111010 >
1@
1A
#22365
0&
0@
0A
#22370
b00000000000000000000100010111101 "
b00000000000000000000100010111101 $
1&
b0100010111010 ;
b0100010111011 >
1@
1A
#22375
0&
0@
0A
#22380
b00000000000000000000100010111110 "
b00000000000000000000100010111110 $
1&
b0100010111011 ;
b0100010111100 >
1@
1A
#22385
0&
0@
0A
#22390
b00000000000000000000100010111111 "
b00000000000000000000100010111111 $
1&
b0100010111100 ;
b0100010111101 >
1@
1A
#22395
0&
0@
0A
#22400
b00000000000000000000100011000000 "
b00000000000000000000100011000000 $
1&
b0100010111101 ;
b0100010111110 >
1@
1A
#22405
0&
0@
0A
#22410
b00000000000000000000100011000001 "
b00000000000000000000100011000001 $
1&
b0100010111110 ;
b0100010111111 >
1@
1A
#22415
0&
0@
0A
#22420
b00000000000000000000100011000010 "
b00000000000000000000100011000010 $
1&
b0100010111111 ;
b0100011000000 >
1@
1A
#22425
0&
0@
0A
#22430
b00000000000000000000100011000011 "
b00000000000000000000100011000011 $
1&
b0100011000000 ;
b0100011000001 >
1@
1A
#22435
0&
0@
0A
#22440
b00000000000000000000100011000100 "
b00000000000000000000100011000100 $
1&
b0100011000001 ;
b0100011000010 >
1@
1A
#22445
0&
0@
0A
#22450
b00000000000000000000100011000101 "
b00000000000000000000100011000101 $
1&
b0100011000010 ;
b0100011000011 >
1@
1A
#22455
0&
0@
0A
#22460
b00000000000000000000100011000110 "
b00000000000000000000100011000110 $
1&
b0100011000011 ;
b0100011000100 >
1@
1A
#22465
0&
0@
0A
#22470
b00000000000000000000100011000111 "
b00000000000000000000100011000111 $
1&
b0100011000100 ;
b0100011000101 >
1@
1A
#22475
0&
0@
0A
#22480
b00000000000000000000100011001000 "
b00000000000000000000100011001000 $
1&
b0100011000101 ;
b0100011000110 >
1@
1A
#22485
0&
0@
0A
#22490
b00000000000000000000100011001001 "
b00000000000000000000100011001001 $
1&
b0100011000110 ;
b0100011000111 >
1@
1A
#22495
0&
0@
0A
#22500
b00000000000000000000100011001010 "
b00000000000000000000100011001010 $
1&
b0100011000111 ;
b0100011001000 >
1@
1A
#22505
0&
0@
0A
#22510
b00000000000000000000100011001011 "
b00000000000000000000100011001011 $
1&
b0100011001000 ;
b0100011001001 >
1@
1A
#22515
0&
0@
0A
#22520
b00000000000000000000100011001100 "
b00000000000000000000100011001100 $
1&
b0100011001001 ;
b0100011001010 >
1@
1A
#22525
0&
0@
0A
#22530
b00000000000000000000100011001101 "
b00000000000000000000100011001101 $
1&
b0100011001010 ;
b0100011001011 >
1@
1A
#22535
0&
0@
0A
#22540
b00000000000000000000100011001110 "
b00000000000000000000100011001110 $
1&
b0100011001011 ;
b0100011001100 >
1@
1A
#22545
0&
0@
0A
#22550
b00000000000000000000100011001111 "
b00000000000000000000100011001111 $
1&
b0100011001100 ;
b0100011001101 >
1@
1A
#22555
0&
0@
0A
#22560
b00000000000000000000100011010000 "
b00000000000000000000100011010000 $
1&
b0100011001101 ;
b0100011001110 >
1@
1A
#22565
0&
0@
0A
#22570
b00000000000000000000100011010001 "
b00000000000000000000100011010001 $
1&
b0100011001110 ;
b0100011001111 >
1@
1A
#22575
0&
0@
0A
#22580
b00000000000000000000100011010010 "
b00000000000000000000100011010010 $
1&
b0100011001111 ;
b0100011010000 >
1@
1A
#22585
0&
0@
0A
#22590
b00000000000000000000100011010011 "
b00000000000000000000100011010011 $
1&
b0100011010000 ;
b0100011010001 >
1@
1A
#22595
0&
0@
0A
#22600
b00000000000000000000100011010100 "
b00000000000000000000100011010100 $
1&
b0100011010001 ;
b0100011010010 >
1@
1A
#22605
0&
0@
0A
#22610
b00000000000000000000100011010101 "
b00000000000000000000100011010101 $
1&
b0100011010010 ;
b0100011010011 >
1@
1A
#22615
0&
0@
0A
#22620
b00000000000000000000100011010110 "
b00000000000000000000100011010110 $
1&
b0100011010011 ;
b0100011010100 >
1@
1A
#22625
0&
0@
0A
#22630
b00000000000000000000100011010111 "
b00000000000000000000100011010111 $
1&
b0100011010100 ;
b0100011010101 >
1@
1A
#22635
0&
0@
0A
#22640
b00000000000000000000100011011000 "
b00000000000000000000100011011000 $
1&
b0100011010101 ;
b0100011010110 >
1@
1A
#22645
0&
0@
0A
#22650
b00000000000000000000100011011001 "
b00000000000000000000100011011001 $
1&
b0100011010110 ;
b0100011010111 >
1@
1A
#22655
0&
0@
0A
#22660
b00000000000000000000100011011010 "
b00000000000000000000100011011010 $
1&
b0100011010111 ;
b0100011011000 >
1@
1A
#22665
0&
0@
0A
#22670
b00000000000000000000100011011011 "
b00000000000000000000100011011011 $
1&
b0100011011000 ;
b0100011011001 >
1@
1A
#22675
0&
0@
0A
#22680
b00000000000000000000100011011100 "
b00000000000000000000100011011100 $
1&
b0100011011001 ;
b0100011011010 >
1@
1A
#22685
0&
0@
0A
#22690
b00000000000000000000100011011101 "
b00000000000000000000100011011101 $
1&
b0100011011010 ;
b0100011011011 >
1@
1A
#22695
0&
0@
0A
#22700
b00000000000000000000100011011110 "
b00000000000000000000100011011110 $
1&
b0100011011011 ;
b0100011011100 >
1@
1A
#22705
0&
0@
0A
#22710
b00000000000000000000100011011111 "
b00000000000000000000100011011111 $
1&
b0100011011100 ;
b0100011011101 >
1@
1A
#22715
0&
0@
0A
#22720
b00000000000000000000100011100000 "
b00000000000000000000100011100000 $
1&
b0100011011101 ;
b0100011011110 >
1@
1A
#22725
0&
0@
0A
#22730
b00000000000000000000100011100001 "
b00000000000000000000100011100001 $
1&
b0100011011110 ;
b0100011011111 >
1@
1A
#22735
0&
0@
0A
#22740
b00000000000000000000100011100010 "
b00000000000000000000100011100010 $
1&
b0100011011111 ;
b0100011100000 >
1@
1A
#22745
0&
0@
0A
#22750
b00000000000000000000100011100011 "
b00000000000000000000100011100011 $
1&
b0100011100000 ;
b0100011100001 >
1@
1A
#22755
0&
0@
0A
#22760
b00000000000000000000100011100100 "
b00000000000000000000100011100100 $
1&
b0100011100001 ;
b0100011100010 >
1@
1A
#22765
0&
0@
0A
#22770
b00000000000000000000100011100101 "
b00000000000000000000100011100101 $
1&
b0100011100010 ;
b0100011100011 >
1@
1A
#22775
0&
0@
0A
#22780
b00000000000000000000100011100110 "
b00000000000000000000100011100110 $
1&
b0100011100011 ;
b0100011100100 >
1@
1A
#22785
0&
0@
0A
#22790
b00000000000000000000100011100111 "
b00000000000000000000100011100111 $
1&
b0100011100100 ;
b0100011100101 >
1@
1A
#22795
0&
0@
0A
#22800
b00000000000000000000100011101000 "
b00000000000000000000100011101000 $
1&
b0100011100101 ;
b0100011100110 >
1@
1A
#22805
0&
0@
0A
#22810
b00000000000000000000100011101001 "
b00000000000000000000100011101001 $
1&
b0100011100110 ;
b0100011100111 >
1@
1A
#22815
0&
0@
0A
#22820
b00000000000000000000100011101010 "
b00000000000000000000100011101010 $
1&
b0100011100111 ;
b0100011101000 >
1@
1A
#22825
0&
0@
0A
#22830
b00000000000000000000100011101011 "
b00000000000000000000100011101011 $
1&
b0100011101000 ;
b0100011101001 >
1@
1A
#22835
0&
0@
0A
#22840
b00000000000000000000100011101100 "
b00000000000000000000100011101100 $
1&
b0100011101001 ;
b0100011101010 >
1@
1A
#22845
0&
0@
0A
#22850
b00000000000000000000100011101101 "
b00000000000000000000100011101101 $
1&
b0100011101010 ;
b0100011101011 >
1@
1A
#22855
0&
0@
0A
#22860
b00000000000000000000100011101110 "
b00000000000000000000100011101110 $
1&
b0100011101011 ;
b0100011101100 >
1@
1A
#22865
0&
0@
0A
#22870
b00000000000000000000100011101111 "
b00000000000000000000100011101111 $
1&
b0100011101100 ;
b0100011101101 >
1@
1A
#22875
0&
0@
0A
#22880
b00000000000000000000100011110000 "
b00000000000000000000100011110000 $
1&
b0100011101101 ;
b0100011101110 >
1@
1A
#22885
0&
0@
0A
#22890
b00000000000000000000100011110001 "
b00000000000000000000100011110001 $
1&
b0100011101110 ;
b0100011101111 >
1@
1A
#22895
0&
0@
0A
#22900
b00000000000000000000100011110010 "
b00000000000000000000100011110010 $
1&
b0100011101111 ;
b0100011110000 >
1@
1A
#22905
0&
0@
0A
#22910
b00000000000000000000100011110011 "
b00000000000000000000100011110011 $
1&
b0100011110000 ;
b0100011110001 >
1@
1A
#22915
0&
0@
0A
#22920
b00000000000000000000100011110100 "
b00000000000000000000100011110100 $
1&
b0100011110001 ;
b0100011110010 >
1@
1A
#22925
0&
0@
0A
#22930
b00000000000000000000100011110101 "
b00000000000000000000100011110101 $
1&
b0100011110010 ;
b0100011110011 >
1@
1A
#22935
0&
0@
0A
#22940
b00000000000000000000100011110110 "
b00000000000000000000100011110110 $
1&
b0100011110011 ;
b0100011110100 >
1@
1A
#22945
0&
0@
0A
#22950
b00000000000000000000100011110111 "
b00000000000000000000100011110111 $
1&
b0100011110100 ;
b0100011110101 >
1@
1A
#22955
0&
0@
0A
#22960
b00000000000000000000100011111000 "
b00000000000000000000100011111000 $
1&
b0100011110101 ;
b0100011110110 >
1@
1A
#22965
0&
0@
0A
#22970
b00000000000000000000100011111001 "
b00000000000000000000100011111001 $
1&
b0100011110110 ;
b0100011110111 >
1@
1A
#22975
0&
0@
0A
#22980
b00000000000000000000100011111010 "
b00000000000000000000100011111010 $
1&
b0100011110111 ;
b0100011111000 >
1@
1A
#22985
0&
0@
0A
#22990
b00000000000000000000100011111011 "
b00000000000000000000100011111011 $
1&
b0100011111000 ;
b0100011111001 >
1@
1A
#22995
0&
0@
0A
#23000
b00000000000000000000100011111100 "
b00000000000000000000100011111100 $
1&
b0100011111001 ;
b0100011111010 >
1@
1A
#23005
0&
0@
0A
#23010
b00000000000000000000100011111101 "
b00000000000000000000100011111101 $
1&
b0100011111010 ;
b0100011111011 >
1@
1A
#23015
0&
0@
0A
#23020
b00000000000000000000100011111110 "
b00000000000000000000100011111110 $
1&
b0100011111011 ;
b0100011111100 >
1@
1A
#23025
0&
0@
0A
#23030
b00000000000000000000100011111111 "
b00000000000000000000100011111111 $
1&
b0100011111100 ;
b0100011111101 >
1@
1A
#23035
0&
0@
0A
#23040
b00000000000000000000100100000000 "
b00000000000000000000100100000000 $
1&
b0100011111101 ;
b0100011111110 >
1@
1A
#23045
0&
0@
0A
#23050
b00000000000000000000100100000001 "
b00000000000000000000100100000001 $
1&
b0100011111110 ;
b0100011111111 >
1@
1A
#23055
0&
0@
0A
#23060
b00000000000000000000100100000010 "
b00000000000000000000100100000010 $
1&
b0100011111111 ;
b0100100000000 >
1@
1A
#23065
0&
0@
0A
#23070
b00000000000000000000100100000011 "
b00000000000000000000100100000011 $
1&
b0100100000000 ;
b0100100000001 >
1@
1A
#23075
0&
0@
0A
#23080
b00000000000000000000100100000100 "
b00000000000000000000100100000100 $
1&
b0100100000001 ;
b0100100000010 >
1@
1A
#23085
0&
0@
0A
#23090
b00000000000000000000100100000101 "
b00000000000000000000100100000101 $
1&
b0100100000010 ;
b0100100000011 >
1@
1A
#23095
0&
0@
0A
#23100
b00000000000000000000100100000110 "
b00000000000000000000100100000110 $
1&
b0100100000011 ;
b0100100000100 >
1@
1A
#23105
0&
0@
0A
#23110
b00000000000000000000100100000111 "
b00000000000000000000100100000111 $
1&
b0100100000100 ;
b0100100000101 >
1@
1A
#23115
0&
0@
0A
#23120
b00000000000000000000100100001000 "
b00000000000000000000100100001000 $
1&
b0100100000101 ;
b0100100000110 >
1@
1A
#23125
0&
0@
0A
#23130
b00000000000000000000100100001001 "
b00000000000000000000100100001001 $
1&
b0100100000110 ;
b0100100000111 >
1@
1A
#23135
0&
0@
0A
#23140
b00000000000000000000100100001010 "
b00000000000000000000100100001010 $
1&
b0100100000111 ;
b0100100001000 >
1@
1A
#23145
0&
0@
0A
#23150
b00000000000000000000100100001011 "
b00000000000000000000100100001011 $
1&
b0100100001000 ;
b0100100001001 >
1@
1A
#23155
0&
0@
0A
#23160
b00000000000000000000100100001100 "
b00000000000000000000100100001100 $
1&
b0100100001001 ;
b0100100001010 >
1@
1A
#23165
0&
0@
0A
#23170
b00000000000000000000100100001101 "
b00000000000000000000100100001101 $
1&
b0100100001010 ;
b0100100001011 >
1@
1A
#23175
0&
0@
0A
#23180
b00000000000000000000100100001110 "
b00000000000000000000100100001110 $
1&
b0100100001011 ;
b0100100001100 >
1@
1A
#23185
0&
0@
0A
#23190
b00000000000000000000100100001111 "
b00000000000000000000100100001111 $
1&
b0100100001100 ;
b0100100001101 >
1@
1A
#23195
0&
0@
0A
#23200
b00000000000000000000100100010000 "
b00000000000000000000100100010000 $
1&
b0100100001101 ;
b0100100001110 >
1@
1A
#23205
0&
0@
0A
#23210
b00000000000000000000100100010001 "
b00000000000000000000100100010001 $
1&
b0100100001110 ;
b0100100001111 >
1@
1A
#23215
0&
0@
0A
#23220
b00000000000000000000100100010010 "
b00000000000000000000100100010010 $
1&
b0100100001111 ;
b0100100010000 >
1@
1A
#23225
0&
0@
0A
#23230
b00000000000000000000100100010011 "
b00000000000000000000100100010011 $
1&
b0100100010000 ;
b0100100010001 >
1@
1A
#23235
0&
0@
0A
#23240
b00000000000000000000100100010100 "
b00000000000000000000100100010100 $
1&
b0100100010001 ;
b0100100010010 >
1@
1A
#23245
0&
0@
0A
#23250
b00000000000000000000100100010101 "
b00000000000000000000100100010101 $
1&
b0100100010010 ;
b0100100010011 >
1@
1A
#23255
0&
0@
0A
#23260
b00000000000000000000100100010110 "
b00000000000000000000100100010110 $
1&
b0100100010011 ;
b0100100010100 >
1@
1A
#23265
0&
0@
0A
#23270
b00000000000000000000100100010111 "
b00000000000000000000100100010111 $
1&
b0100100010100 ;
b0100100010101 >
1@
1A
#23275
0&
0@
0A
#23280
b00000000000000000000100100011000 "
b00000000000000000000100100011000 $
1&
b0100100010101 ;
b0100100010110 >
1@
1A
#23285
0&
0@
0A
#23290
b00000000000000000000100100011001 "
b00000000000000000000100100011001 $
1&
b0100100010110 ;
b0100100010111 >
1@
1A
#23295
0&
0@
0A
#23300
b00000000000000000000100100011010 "
b00000000000000000000100100011010 $
1&
b0100100010111 ;
b0100100011000 >
1@
1A
#23305
0&
0@
0A
#23310
b00000000000000000000100100011011 "
b00000000000000000000100100011011 $
1&
b0100100011000 ;
b0100100011001 >
1@
1A
#23315
0&
0@
0A
#23320
b00000000000000000000100100011100 "
b00000000000000000000100100011100 $
1&
b0100100011001 ;
b0100100011010 >
1@
1A
#23325
0&
0@
0A
#23330
b00000000000000000000100100011101 "
b00000000000000000000100100011101 $
1&
b0100100011010 ;
b0100100011011 >
1@
1A
#23335
0&
0@
0A
#23340
b00000000000000000000100100011110 "
b00000000000000000000100100011110 $
1&
b0100100011011 ;
b0100100011100 >
1@
1A
#23345
0&
0@
0A
#23350
b00000000000000000000100100011111 "
b00000000000000000000100100011111 $
1&
b0100100011100 ;
b0100100011101 >
1@
1A
#23355
0&
0@
0A
#23360
b00000000000000000000100100100000 "
b00000000000000000000100100100000 $
1&
b0100100011101 ;
b0100100011110 >
1@
1A
#23365
0&
0@
0A
#23370
b00000000000000000000100100100001 "
b00000000000000000000100100100001 $
1&
b0100100011110 ;
b0100100011111 >
1@
1A
#23375
0&
0@
0A
#23380
b00000000000000000000100100100010 "
b00000000000000000000100100100010 $
1&
b0100100011111 ;
b0100100100000 >
1@
1A
#23385
0&
0@
0A
#23390
b00000000000000000000100100100011 "
b00000000000000000000100100100011 $
1&
b0100100100000 ;
b0100100100001 >
1@
1A
#23395
0&
0@
0A
#23400
b00000000000000000000100100100100 "
b00000000000000000000100100100100 $
1&
b0100100100001 ;
b0100100100010 >
1@
1A
#23405
0&
0@
0A
#23410
b00000000000000000000100100100101 "
b00000000000000000000100100100101 $
1&
b0100100100010 ;
b0100100100011 >
1@
1A
#23415
0&
0@
0A
#23420
b00000000000000000000100100100110 "
b00000000000000000000100100100110 $
1&
b0100100100011 ;
b0100100100100 >
1@
1A
#23425
0&
0@
0A
#23430
b00000000000000000000100100100111 "
b00000000000000000000100100100111 $
1&
b0100100100100 ;
b0100100100101 >
1@
1A
#23435
0&
0@
0A
#23440
b00000000000000000000100100101000 "
b00000000000000000000100100101000 $
1&
b0100100100101 ;
b0100100100110 >
1@
1A
#23445
0&
0@
0A
#23450
b00000000000000000000100100101001 "
b00000000000000000000100100101001 $
1&
b0100100100110 ;
b0100100100111 >
1@
1A
#23455
0&
0@
0A
#23460
b00000000000000000000100100101010 "
b00000000000000000000100100101010 $
1&
b0100100100111 ;
b0100100101000 >
1@
1A
#23465
0&
0@
0A
#23470
b00000000000000000000100100101011 "
b00000000000000000000100100101011 $
1&
b0100100101000 ;
b0100100101001 >
1@
1A
#23475
0&
0@
0A
#23480
b00000000000000000000100100101100 "
b00000000000000000000100100101100 $
1&
b0100100101001 ;
b0100100101010 >
1@
1A
#23485
0&
0@
0A
#23490
b00000000000000000000100100101101 "
b00000000000000000000100100101101 $
1&
b0100100101010 ;
b0100100101011 >
1@
1A
#23495
0&
0@
0A
#23500
b00000000000000000000100100101110 "
b00000000000000000000100100101110 $
1&
b0100100101011 ;
b0100100101100 >
1@
1A
#23505
0&
0@
0A
#23510
b00000000000000000000100100101111 "
b00000000000000000000100100101111 $
1&
b0100100101100 ;
b0100100101101 >
1@
1A
#23515
0&
0@
0A
#23520
b00000000000000000000100100110000 "
b00000000000000000000100100110000 $
1&
b0100100101101 ;
b0100100101110 >
1@
1A
#23525
0&
0@
0A
#23530
b00000000000000000000100100110001 "
b00000000000000000000100100110001 $
1&
b0100100101110 ;
b0100100101111 >
1@
1A
#23535
0&
0@
0A
#23540
b00000000000000000000100100110010 "
b00000000000000000000100100110010 $
1&
b0100100101111 ;
b0100100110000 >
1@
1A
#23545
0&
0@
0A
#23550
b00000000000000000000100100110011 "
b00000000000000000000100100110011 $
1&
b0100100110000 ;
b0100100110001 >
1@
1A
#23555
0&
0@
0A
#23560
b00000000000000000000100100110100 "
b00000000000000000000100100110100 $
1&
b0100100110001 ;
b0100100110010 >
1@
1A
#23565
0&
0@
0A
#23570
b00000000000000000000100100110101 "
b00000000000000000000100100110101 $
1&
b0100100110010 ;
b0100100110011 >
1@
1A
#23575
0&
0@
0A
#23580
b00000000000000000000100100110110 "
b00000000000000000000100100110110 $
1&
b0100100110011 ;
b0100100110100 >
1@
1A
#23585
0&
0@
0A
#23590
b00000000000000000000100100110111 "
b00000000000000000000100100110111 $
1&
b0100100110100 ;
b0100100110101 >
1@
1A
#23595
0&
0@
0A
#23600
b00000000000000000000100100111000 "
b00000000000000000000100100111000 $
1&
b0100100110101 ;
b0100100110110 >
1@
1A
#23605
0&
0@
0A
#23610
b00000000000000000000100100111001 "
b00000000000000000000100100111001 $
1&
b0100100110110 ;
b0100100110111 >
1@
1A
#23615
0&
0@
0A
#23620
b00000000000000000000100100111010 "
b00000000000000000000100100111010 $
1&
b0100100110111 ;
b0100100111000 >
1@
1A
#23625
0&
0@
0A
#23630
b00000000000000000000100100111011 "
b00000000000000000000100100111011 $
1&
b0100100111000 ;
b0100100111001 >
1@
1A
#23635
0&
0@
0A
#23640
b00000000000000000000100100111100 "
b00000000000000000000100100111100 $
1&
b0100100111001 ;
b0100100111010 >
1@
1A
#23645
0&
0@
0A
#23650
b00000000000000000000100100111101 "
b00000000000000000000100100111101 $
1&
b0100100111010 ;
b0100100111011 >
1@
1A
#23655
0&
0@
0A
#23660
b00000000000000000000100100111110 "
b00000000000000000000100100111110 $
1&
b0100100111011 ;
b0100100111100 >
1@
1A
#23665
0&
0@
0A
#23670
b00000000000000000000100100111111 "
b00000000000000000000100100111111 $
1&
b0100100111100 ;
b0100100111101 >
1@
1A
#23675
0&
0@
0A
#23680
b00000000000000000000100101000000 "
b00000000000000000000100101000000 $
1&
b0100100111101 ;
b0100100111110 >
1@
1A
#23685
0&
0@
0A
#23690
b00000000000000000000100101000001 "
b00000000000000000000100101000001 $
1&
b0100100111110 ;
b0100100111111 >
1@
1A
#23695
0&
0@
0A
#23700
b00000000000000000000100101000010 "
b00000000000000000000100101000010 $
1&
b0100100111111 ;
b0100101000000 >
1@
1A
#23705
0&
0@
0A
#23710
b00000000000000000000100101000011 "
b00000000000000000000100101000011 $
1&
b0100101000000 ;
b0100101000001 >
1@
1A
#23715
0&
0@
0A
#23720
b00000000000000000000100101000100 "
b00000000000000000000100101000100 $
1&
b0100101000001 ;
b0100101000010 >
1@
1A
#23725
0&
0@
0A
#23730
b00000000000000000000100101000101 "
b00000000000000000000100101000101 $
1&
b0100101000010 ;
b0100101000011 >
1@
1A
#23735
0&
0@
0A
#23740
b00000000000000000000100101000110 "
b00000000000000000000100101000110 $
1&
b0100101000011 ;
b0100101000100 >
1@
1A
#23745
0&
0@
0A
#23750
b00000000000000000000100101000111 "
b00000000000000000000100101000111 $
1&
b0100101000100 ;
b0100101000101 >
1@
1A
#23755
0&
0@
0A
#23760
b00000000000000000000100101001000 "
b00000000000000000000100101001000 $
1&
b0100101000101 ;
b0100101000110 >
1@
1A
#23765
0&
0@
0A
#23770
b00000000000000000000100101001001 "
b00000000000000000000100101001001 $
1&
b0100101000110 ;
b0100101000111 >
1@
1A
#23775
0&
0@
0A
#23780
b00000000000000000000100101001010 "
b00000000000000000000100101001010 $
1&
b0100101000111 ;
b0100101001000 >
1@
1A
#23785
0&
0@
0A
#23790
b00000000000000000000100101001011 "
b00000000000000000000100101001011 $
1&
b0100101001000 ;
b0100101001001 >
1@
1A
#23795
0&
0@
0A
#23800
b00000000000000000000100101001100 "
b00000000000000000000100101001100 $
1&
b0100101001001 ;
b0100101001010 >
1@
1A
#23805
0&
0@
0A
#23810
b00000000000000000000100101001101 "
b00000000000000000000100101001101 $
1&
b0100101001010 ;
b0100101001011 >
1@
1A
#23815
0&
0@
0A
#23820
b00000000000000000000100101001110 "
b00000000000000000000100101001110 $
1&
b0100101001011 ;
b0100101001100 >
1@
1A
#23825
0&
0@
0A
#23830
b00000000000000000000100101001111 "
b00000000000000000000100101001111 $
1&
b0100101001100 ;
b0100101001101 >
1@
1A
#23835
0&
0@
0A
#23840
b00000000000000000000100101010000 "
b00000000000000000000100101010000 $
1&
b0100101001101 ;
b0100101001110 >
1@
1A
#23845
0&
0@
0A
#23850
b00000000000000000000100101010001 "
b00000000000000000000100101010001 $
1&
b0100101001110 ;
b0100101001111 >
1@
1A
#23855
0&
0@
0A
#23860
b00000000000000000000100101010010 "
b00000000000000000000100101010010 $
1&
b0100101001111 ;
b0100101010000 >
1@
1A
#23865
0&
0@
0A
#23870
b00000000000000000000100101010011 "
b00000000000000000000100101010011 $
1&
b0100101010000 ;
b0100101010001 >
1@
1A
#23875
0&
0@
0A
#23880
b00000000000000000000100101010100 "
b00000000000000000000100101010100 $
1&
b0100101010001 ;
b0100101010010 >
1@
1A
#23885
0&
0@
0A
#23890
b00000000000000000000100101010101 "
b00000000000000000000100101010101 $
1&
b0100101010010 ;
b0100101010011 >
1@
1A
#23895
0&
0@
0A
#23900
b00000000000000000000100101010110 "
b00000000000000000000100101010110 $
1&
b0100101010011 ;
b0100101010100 >
1@
1A
#23905
0&
0@
0A
#23910
b00000000000000000000100101010111 "
b00000000000000000000100101010111 $
1&
b0100101010100 ;
b0100101010101 >
1@
1A
#23915
0&
0@
0A
#23920
b00000000000000000000100101011000 "
b00000000000000000000100101011000 $
1&
b0100101010101 ;
b0100101010110 >
1@
1A
#23925
0&
0@
0A
#23930
b00000000000000000000100101011001 "
b00000000000000000000100101011001 $
1&
b0100101010110 ;
b0100101010111 >
1@
1A
#23935
0&
0@
0A
#23940
b00000000000000000000100101011010 "
b00000000000000000000100101011010 $
1&
b0100101010111 ;
b0100101011000 >
1@
1A
#23945
0&
0@
0A
#23950
b00000000000000000000100101011011 "
b00000000000000000000100101011011 $
1&
b0100101011000 ;
b0100101011001 >
1@
1A
#23955
0&
0@
0A
#23960
b00000000000000000000100101011100 "
b00000000000000000000100101011100 $
1&
b0100101011001 ;
b0100101011010 >
1@
1A
#23965
0&
0@
0A
#23970
b00000000000000000000100101011101 "
b00000000000000000000100101011101 $
1&
b0100101011010 ;
b0100101011011 >
1@
1A
#23975
0&
0@
0A
#23980
b00000000000000000000100101011110 "
b00000000000000000000100101011110 $
1&
b0100101011011 ;
b0100101011100 >
1@
1A
#23985
0&
0@
0A
#23990
b00000000000000000000100101011111 "
b00000000000000000000100101011111 $
1&
b0100101011100 ;
b0100101011101 >
1@
1A
#23995
0&
0@
0A
#24000
b00000000000000000000100101100000 "
b00000000000000000000100101100000 $
1&
b0100101011101 ;
b0100101011110 >
1@
1A
#24005
0&
0@
0A
#24010
b00000000000000000000100101100001 "
b00000000000000000000100101100001 $
1&
b0100101011110 ;
b0100101011111 >
1@
1A
#24015
0&
0@
0A
#24020
b00000000000000000000100101100010 "
b00000000000000000000100101100010 $
1&
b0100101011111 ;
b0100101100000 >
1@
1A
#24025
0&
0@
0A
#24030
b00000000000000000000100101100011 "
b00000000000000000000100101100011 $
1&
b0100101100000 ;
b0100101100001 >
1@
1A
#24035
0&
0@
0A
#24040
b00000000000000000000100101100100 "
b00000000000000000000100101100100 $
1&
b0100101100001 ;
b0100101100010 >
1@
1A
#24045
0&
0@
0A
#24050
b00000000000000000000100101100101 "
b00000000000000000000100101100101 $
1&
b0100101100010 ;
b0100101100011 >
1@
1A
#24055
0&
0@
0A
#24060
b00000000000000000000100101100110 "
b00000000000000000000100101100110 $
1&
b0100101100011 ;
b0100101100100 >
1@
1A
#24065
0&
0@
0A
#24070
b00000000000000000000100101100111 "
b00000000000000000000100101100111 $
1&
b0100101100100 ;
b0100101100101 >
1@
1A
#24075
0&
0@
0A
#24080
b00000000000000000000100101101000 "
b00000000000000000000100101101000 $
1&
b0100101100101 ;
b0100101100110 >
1@
1A
#24085
0&
0@
0A
#24090
b00000000000000000000100101101001 "
b00000000000000000000100101101001 $
1&
b0100101100110 ;
b0100101100111 >
1@
1A
#24095
0&
0@
0A
#24100
b00000000000000000000100101101010 "
b00000000000000000000100101101010 $
1&
b0100101100111 ;
b0100101101000 >
1@
1A
#24105
0&
0@
0A
#24110
b00000000000000000000100101101011 "
b00000000000000000000100101101011 $
1&
b0100101101000 ;
b0100101101001 >
1@
1A
#24115
0&
0@
0A
#24120
b00000000000000000000100101101100 "
b00000000000000000000100101101100 $
1&
b0100101101001 ;
b0100101101010 >
1@
1A
#24125
0&
0@
0A
#24130
b00000000000000000000100101101101 "
b00000000000000000000100101101101 $
1&
b0100101101010 ;
b0100101101011 >
1@
1A
#24135
0&
0@
0A
#24140
b00000000000000000000100101101110 "
b00000000000000000000100101101110 $
1&
b0100101101011 ;
b0100101101100 >
1@
1A
#24145
0&
0@
0A
#24150
b00000000000000000000100101101111 "
b00000000000000000000100101101111 $
1&
b0100101101100 ;
b0100101101101 >
1@
1A
#24155
0&
0@
0A
#24160
b00000000000000000000100101110000 "
b00000000000000000000100101110000 $
1&
b0100101101101 ;
b0100101101110 >
1@
1A
#24165
0&
0@
0A
#24170
b00000000000000000000100101110001 "
b00000000000000000000100101110001 $
1&
b0100101101110 ;
b0100101101111 >
1@
1A
#24175
0&
0@
0A
#24180
b00000000000000000000100101110010 "
b00000000000000000000100101110010 $
1&
b0100101101111 ;
b0100101110000 >
1@
1A
#24185
0&
0@
0A
#24190
b00000000000000000000100101110011 "
b00000000000000000000100101110011 $
1&
b0100101110000 ;
b0100101110001 >
1@
1A
#24195
0&
0@
0A
#24200
b00000000000000000000100101110100 "
b00000000000000000000100101110100 $
1&
b0100101110001 ;
b0100101110010 >
1@
1A
#24205
0&
0@
0A
#24210
b00000000000000000000100101110101 "
b00000000000000000000100101110101 $
1&
b0100101110010 ;
b0100101110011 >
1@
1A
#24215
0&
0@
0A
#24220
b00000000000000000000100101110110 "
b00000000000000000000100101110110 $
1&
b0100101110011 ;
b0100101110100 >
1@
1A
#24225
0&
0@
0A
#24230
b00000000000000000000100101110111 "
b00000000000000000000100101110111 $
1&
b0100101110100 ;
b0100101110101 >
1@
1A
#24235
0&
0@
0A
#24240
b00000000000000000000100101111000 "
b00000000000000000000100101111000 $
1&
b0100101110101 ;
b0100101110110 >
1@
1A
#24245
0&
0@
0A
#24250
b00000000000000000000100101111001 "
b00000000000000000000100101111001 $
1&
b0100101110110 ;
b0100101110111 >
1@
1A
#24255
0&
0@
0A
#24260
b00000000000000000000100101111010 "
b00000000000000000000100101111010 $
1&
b0100101110111 ;
b0100101111000 >
1@
1A
#24265
0&
0@
0A
#24270
b00000000000000000000100101111011 "
b00000000000000000000100101111011 $
1&
b0100101111000 ;
b0100101111001 >
1@
1A
#24275
0&
0@
0A
#24280
b00000000000000000000100101111100 "
b00000000000000000000100101111100 $
1&
b0100101111001 ;
b0100101111010 >
1@
1A
#24285
0&
0@
0A
#24290
b00000000000000000000100101111101 "
b00000000000000000000100101111101 $
1&
b0100101111010 ;
b0100101111011 >
1@
1A
#24295
0&
0@
0A
#24300
b00000000000000000000100101111110 "
b00000000000000000000100101111110 $
1&
b0100101111011 ;
b0100101111100 >
1@
1A
#24305
0&
0@
0A
#24310
b00000000000000000000100101111111 "
b00000000000000000000100101111111 $
1&
b0100101111100 ;
b0100101111101 >
1@
1A
#24315
0&
0@
0A
#24320
b00000000000000000000100110000000 "
b00000000000000000000100110000000 $
1&
b0100101111101 ;
b0100101111110 >
1@
1A
#24325
0&
0@
0A
#24330
b00000000000000000000100110000001 "
b00000000000000000000100110000001 $
1&
b0100101111110 ;
b0100101111111 >
1@
1A
#24335
0&
0@
0A
#24340
b00000000000000000000100110000010 "
b00000000000000000000100110000010 $
1&
b0100101111111 ;
b0100110000000 >
1@
1A
#24345
0&
0@
0A
#24350
b00000000000000000000100110000011 "
b00000000000000000000100110000011 $
1&
b0100110000000 ;
b0100110000001 >
1@
1A
#24355
0&
0@
0A
#24360
b00000000000000000000100110000100 "
b00000000000000000000100110000100 $
1&
b0100110000001 ;
b0100110000010 >
1@
1A
#24365
0&
0@
0A
#24370
b00000000000000000000100110000101 "
b00000000000000000000100110000101 $
1&
b0100110000010 ;
b0100110000011 >
1@
1A
#24375
0&
0@
0A
#24380
b00000000000000000000100110000110 "
b00000000000000000000100110000110 $
1&
b0100110000011 ;
b0100110000100 >
1@
1A
#24385
0&
0@
0A
#24390
b00000000000000000000100110000111 "
b00000000000000000000100110000111 $
1&
b0100110000100 ;
b0100110000101 >
1@
1A
#24395
0&
0@
0A
#24400
b00000000000000000000100110001000 "
b00000000000000000000100110001000 $
1&
b0100110000101 ;
b0100110000110 >
1@
1A
#24405
0&
0@
0A
#24410
b00000000000000000000100110001001 "
b00000000000000000000100110001001 $
1&
b0100110000110 ;
b0100110000111 >
1@
1A
#24415
0&
0@
0A
#24420
b00000000000000000000100110001010 "
b00000000000000000000100110001010 $
1&
b0100110000111 ;
b0100110001000 >
1@
1A
#24425
0&
0@
0A
#24430
b00000000000000000000100110001011 "
b00000000000000000000100110001011 $
1&
b0100110001000 ;
b0100110001001 >
1@
1A
#24435
0&
0@
0A
#24440
b00000000000000000000100110001100 "
b00000000000000000000100110001100 $
1&
b0100110001001 ;
b0100110001010 >
1@
1A
#24445
0&
0@
0A
#24450
b00000000000000000000100110001101 "
b00000000000000000000100110001101 $
1&
b0100110001010 ;
b0100110001011 >
1@
1A
#24455
0&
0@
0A
#24460
b00000000000000000000100110001110 "
b00000000000000000000100110001110 $
1&
b0100110001011 ;
b0100110001100 >
1@
1A
#24465
0&
0@
0A
#24470
b00000000000000000000100110001111 "
b00000000000000000000100110001111 $
1&
b0100110001100 ;
b0100110001101 >
1@
1A
#24475
0&
0@
0A
#24480
b00000000000000000000100110010000 "
b00000000000000000000100110010000 $
1&
b0100110001101 ;
b0100110001110 >
1@
1A
#24485
0&
0@
0A
#24490
b00000000000000000000100110010001 "
b00000000000000000000100110010001 $
1&
b0100110001110 ;
b0100110001111 >
1@
1A
#24495
0&
0@
0A
#24500
b00000000000000000000100110010010 "
b00000000000000000000100110010010 $
1&
b0100110001111 ;
b0100110010000 >
1@
1A
#24505
0&
0@
0A
#24510
b00000000000000000000100110010011 "
b00000000000000000000100110010011 $
1&
b0100110010000 ;
b0100110010001 >
1@
1A
#24515
0&
0@
0A
#24520
b00000000000000000000100110010100 "
b00000000000000000000100110010100 $
1&
b0100110010001 ;
b0100110010010 >
1@
1A
#24525
0&
0@
0A
#24530
b00000000000000000000100110010101 "
b00000000000000000000100110010101 $
1&
b0100110010010 ;
b0100110010011 >
1@
1A
#24535
0&
0@
0A
#24540
b00000000000000000000100110010110 "
b00000000000000000000100110010110 $
1&
b0100110010011 ;
b0100110010100 >
1@
1A
#24545
0&
0@
0A
#24550
b00000000000000000000100110010111 "
b00000000000000000000100110010111 $
1&
b0100110010100 ;
b0100110010101 >
1@
1A
#24555
0&
0@
0A
#24560
b00000000000000000000100110011000 "
b00000000000000000000100110011000 $
1&
b0100110010101 ;
b0100110010110 >
1@
1A
#24565
0&
0@
0A
#24570
b00000000000000000000100110011001 "
b00000000000000000000100110011001 $
1&
b0100110010110 ;
b0100110010111 >
1@
1A
#24575
0&
0@
0A
#24580
b00000000000000000000100110011010 "
b00000000000000000000100110011010 $
1&
b0100110010111 ;
b0100110011000 >
1@
1A
#24585
0&
0@
0A
#24590
b00000000000000000000100110011011 "
b00000000000000000000100110011011 $
1&
b0100110011000 ;
b0100110011001 >
1@
1A
#24595
0&
0@
0A
#24600
b00000000000000000000100110011100 "
b00000000000000000000100110011100 $
1&
b0100110011001 ;
b0100110011010 >
1@
1A
#24605
0&
0@
0A
#24610
b00000000000000000000100110011101 "
b00000000000000000000100110011101 $
1&
b0100110011010 ;
b0100110011011 >
1@
1A
#24615
0&
0@
0A
#24620
b00000000000000000000100110011110 "
b00000000000000000000100110011110 $
1&
b0100110011011 ;
b0100110011100 >
1@
1A
#24625
0&
0@
0A
#24630
b00000000000000000000100110011111 "
b00000000000000000000100110011111 $
1&
b0100110011100 ;
b0100110011101 >
1@
1A
#24635
0&
0@
0A
#24640
b00000000000000000000100110100000 "
b00000000000000000000100110100000 $
1&
b0100110011101 ;
b0100110011110 >
1@
1A
#24645
0&
0@
0A
#24650
b00000000000000000000100110100001 "
b00000000000000000000100110100001 $
1&
b0100110011110 ;
b0100110011111 >
1@
1A
#24655
0&
0@
0A
#24660
b00000000000000000000100110100010 "
b00000000000000000000100110100010 $
1&
b0100110011111 ;
b0100110100000 >
1@
1A
#24665
0&
0@
0A
#24670
b00000000000000000000100110100011 "
b00000000000000000000100110100011 $
1&
b0100110100000 ;
b0100110100001 >
1@
1A
#24675
0&
0@
0A
#24680
b00000000000000000000100110100100 "
b00000000000000000000100110100100 $
1&
b0100110100001 ;
b0100110100010 >
1@
1A
#24685
0&
0@
0A
#24690
b00000000000000000000100110100101 "
b00000000000000000000100110100101 $
1&
b0100110100010 ;
b0100110100011 >
1@
1A
#24695
0&
0@
0A
#24700
b00000000000000000000100110100110 "
b00000000000000000000100110100110 $
1&
b0100110100011 ;
b0100110100100 >
1@
1A
#24705
0&
0@
0A
#24710
b00000000000000000000100110100111 "
b00000000000000000000100110100111 $
1&
b0100110100100 ;
b0100110100101 >
1@
1A
#24715
0&
0@
0A
#24720
b00000000000000000000100110101000 "
b00000000000000000000100110101000 $
1&
b0100110100101 ;
b0100110100110 >
1@
1A
#24725
0&
0@
0A
#24730
b00000000000000000000100110101001 "
b00000000000000000000100110101001 $
1&
b0100110100110 ;
b0100110100111 >
1@
1A
#24735
0&
0@
0A
#24740
b00000000000000000000100110101010 "
b00000000000000000000100110101010 $
1&
b0100110100111 ;
b0100110101000 >
1@
1A
#24745
0&
0@
0A
#24750
b00000000000000000000100110101011 "
b00000000000000000000100110101011 $
1&
b0100110101000 ;
b0100110101001 >
1@
1A
#24755
0&
0@
0A
#24760
b00000000000000000000100110101100 "
b00000000000000000000100110101100 $
1&
b0100110101001 ;
b0100110101010 >
1@
1A
#24765
0&
0@
0A
#24770
b00000000000000000000100110101101 "
b00000000000000000000100110101101 $
1&
b0100110101010 ;
b0100110101011 >
1@
1A
#24775
0&
0@
0A
#24780
b00000000000000000000100110101110 "
b00000000000000000000100110101110 $
1&
b0100110101011 ;
b0100110101100 >
1@
1A
#24785
0&
0@
0A
#24790
b00000000000000000000100110101111 "
b00000000000000000000100110101111 $
1&
b0100110101100 ;
b0100110101101 >
1@
1A
#24795
0&
0@
0A
#24800
b00000000000000000000100110110000 "
b00000000000000000000100110110000 $
1&
b0100110101101 ;
b0100110101110 >
1@
1A
#24805
0&
0@
0A
#24810
b00000000000000000000100110110001 "
b00000000000000000000100110110001 $
1&
b0100110101110 ;
b0100110101111 >
1@
1A
#24815
0&
0@
0A
#24820
b00000000000000000000100110110010 "
b00000000000000000000100110110010 $
1&
b0100110101111 ;
b0100110110000 >
1@
1A
#24825
0&
0@
0A
#24830
b00000000000000000000100110110011 "
b00000000000000000000100110110011 $
1&
b0100110110000 ;
b0100110110001 >
1@
1A
#24835
0&
0@
0A
#24840
b00000000000000000000100110110100 "
b00000000000000000000100110110100 $
1&
b0100110110001 ;
b0100110110010 >
1@
1A
#24845
0&
0@
0A
#24850
b00000000000000000000100110110101 "
b00000000000000000000100110110101 $
1&
b0100110110010 ;
b0100110110011 >
1@
1A
#24855
0&
0@
0A
#24860
b00000000000000000000100110110110 "
b00000000000000000000100110110110 $
1&
b0100110110011 ;
b0100110110100 >
1@
1A
#24865
0&
0@
0A
#24870
b00000000000000000000100110110111 "
b00000000000000000000100110110111 $
1&
b0100110110100 ;
b0100110110101 >
1@
1A
#24875
0&
0@
0A
#24880
b00000000000000000000100110111000 "
b00000000000000000000100110111000 $
1&
b0100110110101 ;
b0100110110110 >
1@
1A
#24885
0&
0@
0A
#24890
b00000000000000000000100110111001 "
b00000000000000000000100110111001 $
1&
b0100110110110 ;
b0100110110111 >
1@
1A
#24895
0&
0@
0A
#24900
b00000000000000000000100110111010 "
b00000000000000000000100110111010 $
1&
b0100110110111 ;
b0100110111000 >
1@
1A
#24905
0&
0@
0A
#24910
b00000000000000000000100110111011 "
b00000000000000000000100110111011 $
1&
b0100110111000 ;
b0100110111001 >
1@
1A
#24915
0&
0@
0A
#24920
b00000000000000000000100110111100 "
b00000000000000000000100110111100 $
1&
b0100110111001 ;
b0100110111010 >
1@
1A
#24925
0&
0@
0A
#24930
b00000000000000000000100110111101 "
b00000000000000000000100110111101 $
1&
b0100110111010 ;
b0100110111011 >
1@
1A
#24935
0&
0@
0A
#24940
b00000000000000000000100110111110 "
b00000000000000000000100110111110 $
1&
b0100110111011 ;
b0100110111100 >
1@
1A
#24945
0&
0@
0A
#24950
b00000000000000000000100110111111 "
b00000000000000000000100110111111 $
1&
b0100110111100 ;
b0100110111101 >
1@
1A
#24955
0&
0@
0A
#24960
b00000000000000000000100111000000 "
b00000000000000000000100111000000 $
1&
b0100110111101 ;
b0100110111110 >
1@
1A
#24965
0&
0@
0A
#24970
b00000000000000000000100111000001 "
b00000000000000000000100111000001 $
1&
b0100110111110 ;
b0100110111111 >
1@
1A
#24975
0&
0@
0A
#24980
b00000000000000000000100111000010 "
b00000000000000000000100111000010 $
1&
b0100110111111 ;
b0100111000000 >
1@
1A
#24985
0&
0@
0A
#24990
b00000000000000000000100111000011 "
b00000000000000000000100111000011 $
1&
b0100111000000 ;
b0100111000001 >
1@
1A
#24995
0&
0@
0A
#25000
b00000000000000000000100111000100 "
b00000000000000000000100111000100 $
1&
b0100111000001 ;
b0100111000010 >
1@
1A
#25005
0&
0@
0A
#25010
b00000000000000000000100111000101 "
b00000000000000000000100111000101 $
1&
b0100111000010 ;
b0100111000011 >
1@
1A
#25015
0&
0@
0A
#25020
b00000000000000000000100111000110 "
b00000000000000000000100111000110 $
1&
b0100111000011 ;
b0100111000100 >
1@
1A
#25025
0&
0@
0A
#25030
b00000000000000000000100111000111 "
b00000000000000000000100111000111 $
1&
b0100111000100 ;
b0100111000101 >
1@
1A
#25035
0&
0@
0A
#25040
b00000000000000000000100111001000 "
b00000000000000000000100111001000 $
1&
b0100111000101 ;
b0100111000110 >
1@
1A
#25045
0&
0@
0A
#25050
b00000000000000000000100111001001 "
b00000000000000000000100111001001 $
1&
b0100111000110 ;
b0100111000111 >
1@
1A
#25055
0&
0@
0A
#25060
b00000000000000000000100111001010 "
b00000000000000000000100111001010 $
1&
b0100111000111 ;
b0100111001000 >
1@
1A
#25065
0&
0@
0A
#25070
b00000000000000000000100111001011 "
b00000000000000000000100111001011 $
1&
b0100111001000 ;
b0100111001001 >
1@
1A
#25075
0&
0@
0A
#25080
b00000000000000000000100111001100 "
b00000000000000000000100111001100 $
1&
b0100111001001 ;
b0100111001010 >
1@
1A
#25085
0&
0@
0A
#25090
b00000000000000000000100111001101 "
b00000000000000000000100111001101 $
1&
b0100111001010 ;
b0100111001011 >
1@
1A
#25095
0&
0@
0A
#25100
b00000000000000000000100111001110 "
b00000000000000000000100111001110 $
1&
b0100111001011 ;
b0100111001100 >
1@
1A
#25105
0&
0@
0A
#25110
b00000000000000000000100111001111 "
b00000000000000000000100111001111 $
1&
b0100111001100 ;
b0100111001101 >
1@
1A
#25115
0&
0@
0A
#25120
b00000000000000000000100111010000 "
b00000000000000000000100111010000 $
1&
b0100111001101 ;
b0100111001110 >
1@
1A
#25125
0&
0@
0A
#25130
b00000000000000000000100111010001 "
b00000000000000000000100111010001 $
1&
b0100111001110 ;
b0100111001111 >
1@
1A
#25135
0&
0@
0A
#25140
b00000000000000000000100111010010 "
b00000000000000000000100111010010 $
1&
b0100111001111 ;
b0100111010000 >
1@
1A
#25145
0&
0@
0A
#25150
b00000000000000000000100111010011 "
b00000000000000000000100111010011 $
1&
b0100111010000 ;
b0100111010001 >
1@
1A
#25155
0&
0@
0A
#25160
b00000000000000000000100111010100 "
b00000000000000000000100111010100 $
1&
b0100111010001 ;
b0100111010010 >
1@
1A
#25165
0&
0@
0A
#25170
b00000000000000000000100111010101 "
b00000000000000000000100111010101 $
1&
b0100111010010 ;
b0100111010011 >
1@
1A
#25175
0&
0@
0A
#25180
b00000000000000000000100111010110 "
b00000000000000000000100111010110 $
1&
b0100111010011 ;
b0100111010100 >
1@
1A
#25185
0&
0@
0A
#25190
b00000000000000000000100111010111 "
b00000000000000000000100111010111 $
1&
b0100111010100 ;
b0100111010101 >
1@
1A
#25195
0&
0@
0A
#25200
b00000000000000000000100111011000 "
b00000000000000000000100111011000 $
1&
b0100111010101 ;
b0100111010110 >
1@
1A
#25205
0&
0@
0A
#25210
b00000000000000000000100111011001 "
b00000000000000000000100111011001 $
1&
b0100111010110 ;
b0100111010111 >
1@
1A
#25215
0&
0@
0A
#25220
b00000000000000000000100111011010 "
b00000000000000000000100111011010 $
1&
b0100111010111 ;
b0100111011000 >
1@
1A
#25225
0&
0@
0A
#25230
b00000000000000000000100111011011 "
b00000000000000000000100111011011 $
1&
b0100111011000 ;
b0100111011001 >
1@
1A
#25235
0&
0@
0A
#25240
b00000000000000000000100111011100 "
b00000000000000000000100111011100 $
1&
b0100111011001 ;
b0100111011010 >
1@
1A
#25245
0&
0@
0A
#25250
b00000000000000000000100111011101 "
b00000000000000000000100111011101 $
1&
b0100111011010 ;
b0100111011011 >
1@
1A
#25255
0&
0@
0A
#25260
b00000000000000000000100111011110 "
b00000000000000000000100111011110 $
1&
b0100111011011 ;
b0100111011100 >
1@
1A
#25265
0&
0@
0A
#25270
b00000000000000000000100111011111 "
b00000000000000000000100111011111 $
1&
b0100111011100 ;
b0100111011101 >
1@
1A
#25275
0&
0@
0A
#25280
b00000000000000000000100111100000 "
b00000000000000000000100111100000 $
1&
b0100111011101 ;
b0100111011110 >
1@
1A
#25285
0&
0@
0A
#25290
b00000000000000000000100111100001 "
b00000000000000000000100111100001 $
1&
b0100111011110 ;
b0100111011111 >
1@
1A
#25295
0&
0@
0A
#25300
b00000000000000000000100111100010 "
b00000000000000000000100111100010 $
1&
b0100111011111 ;
b0100111100000 >
1@
1A
#25305
0&
0@
0A
#25310
b00000000000000000000100111100011 "
b00000000000000000000100111100011 $
1&
b0100111100000 ;
b0100111100001 >
1@
1A
#25315
0&
0@
0A
#25320
b00000000000000000000100111100100 "
b00000000000000000000100111100100 $
1&
b0100111100001 ;
b0100111100010 >
1@
1A
#25325
0&
0@
0A
#25330
b00000000000000000000100111100101 "
b00000000000000000000100111100101 $
1&
b0100111100010 ;
b0100111100011 >
1@
1A
#25335
0&
0@
0A
#25340
b00000000000000000000100111100110 "
b00000000000000000000100111100110 $
1&
b0100111100011 ;
b0100111100100 >
1@
1A
#25345
0&
0@
0A
#25350
b00000000000000000000100111100111 "
b00000000000000000000100111100111 $
1&
b0100111100100 ;
b0100111100101 >
1@
1A
#25355
0&
0@
0A
#25360
b00000000000000000000100111101000 "
b00000000000000000000100111101000 $
1&
b0100111100101 ;
b0100111100110 >
1@
1A
#25365
0&
0@
0A
#25370
b00000000000000000000100111101001 "
b00000000000000000000100111101001 $
1&
b0100111100110 ;
b0100111100111 >
1@
1A
#25375
0&
0@
0A
#25380
b00000000000000000000100111101010 "
b00000000000000000000100111101010 $
1&
b0100111100111 ;
b0100111101000 >
1@
1A
#25385
0&
0@
0A
#25390
b00000000000000000000100111101011 "
b00000000000000000000100111101011 $
1&
b0100111101000 ;
b0100111101001 >
1@
1A
#25395
0&
0@
0A
#25400
b00000000000000000000100111101100 "
b00000000000000000000100111101100 $
1&
b0100111101001 ;
b0100111101010 >
1@
1A
#25405
0&
0@
0A
#25410
b00000000000000000000100111101101 "
b00000000000000000000100111101101 $
1&
b0100111101010 ;
b0100111101011 >
1@
1A
#25415
0&
0@
0A
#25420
b00000000000000000000100111101110 "
b00000000000000000000100111101110 $
1&
b0100111101011 ;
b0100111101100 >
1@
1A
#25425
0&
0@
0A
#25430
b00000000000000000000100111101111 "
b00000000000000000000100111101111 $
1&
b0100111101100 ;
b0100111101101 >
1@
1A
#25435
0&
0@
0A
#25440
b00000000000000000000100111110000 "
b00000000000000000000100111110000 $
1&
b0100111101101 ;
b0100111101110 >
1@
1A
#25445
0&
0@
0A
#25450
b00000000000000000000100111110001 "
b00000000000000000000100111110001 $
1&
b0100111101110 ;
b0100111101111 >
1@
1A
#25455
0&
0@
0A
#25460
b00000000000000000000100111110010 "
b00000000000000000000100111110010 $
1&
b0100111101111 ;
b0100111110000 >
1@
1A
#25465
0&
0@
0A
#25470
b00000000000000000000100111110011 "
b00000000000000000000100111110011 $
1&
b0100111110000 ;
b0100111110001 >
1@
1A
#25475
0&
0@
0A
#25480
b00000000000000000000100111110100 "
b00000000000000000000100111110100 $
1&
b0100111110001 ;
b0100111110010 >
1@
1A
#25485
0&
0@
0A
#25490
b00000000000000000000100111110101 "
b00000000000000000000100111110101 $
1&
b0100111110010 ;
b0100111110011 >
1@
1A
#25495
0&
0@
0A
#25500
b00000000000000000000100111110110 "
b00000000000000000000100111110110 $
1&
b0100111110011 ;
b0100111110100 >
1@
1A
#25505
0&
0@
0A
#25510
b00000000000000000000100111110111 "
b00000000000000000000100111110111 $
1&
b0100111110100 ;
b0100111110101 >
1@
1A
#25515
0&
0@
0A
#25520
b00000000000000000000100111111000 "
b00000000000000000000100111111000 $
1&
b0100111110101 ;
b0100111110110 >
1@
1A
#25525
0&
0@
0A
#25530
b00000000000000000000100111111001 "
b00000000000000000000100111111001 $
1&
b0100111110110 ;
b0100111110111 >
1@
1A
#25535
0&
0@
0A
#25540
b00000000000000000000100111111010 "
b00000000000000000000100111111010 $
1&
b0100111110111 ;
b0100111111000 >
1@
1A
#25545
0&
0@
0A
#25550
b00000000000000000000100111111011 "
b00000000000000000000100111111011 $
1&
b0100111111000 ;
b0100111111001 >
1@
1A
#25555
0&
0@
0A
#25560
b00000000000000000000100111111100 "
b00000000000000000000100111111100 $
1&
b0100111111001 ;
b0100111111010 >
1@
1A
#25565
0&
0@
0A
#25570
b00000000000000000000100111111101 "
b00000000000000000000100111111101 $
1&
b0100111111010 ;
b0100111111011 >
1@
1A
#25575
0&
0@
0A
#25580
b00000000000000000000100111111110 "
b00000000000000000000100111111110 $
1&
b0100111111011 ;
b0100111111100 >
1@
1A
#25585
0&
0@
0A
#25590
b00000000000000000000100111111111 "
b00000000000000000000100111111111 $
1&
b0100111111100 ;
b0100111111101 >
1@
1A
#25595
0&
0@
0A
#25600
b00000000000000000000101000000000 "
b00000000000000000000101000000000 $
1&
b0100111111101 ;
b0100111111110 >
1@
1A
#25605
0&
0@
0A
#25610
b00000000000000000000101000000001 "
b00000000000000000000101000000001 $
1&
b0100111111110 ;
b0100111111111 >
1@
1A
#25615
0&
0@
0A
#25620
b00000000000000000000101000000010 "
b00000000000000000000101000000010 $
1&
b0100111111111 ;
b0101000000000 >
1@
1A
#25625
0&
0@
0A
#25630
b00000000000000000000101000000011 "
b00000000000000000000101000000011 $
1&
b0101000000000 ;
b0101000000001 >
1@
1A
#25635
0&
0@
0A
#25640
b00000000000000000000101000000100 "
b00000000000000000000101000000100 $
1&
b0101000000001 ;
b0101000000010 >
1@
1A
#25645
0&
0@
0A
#25650
b00000000000000000000101000000101 "
b00000000000000000000101000000101 $
1&
b0101000000010 ;
b0101000000011 >
1@
1A
#25655
0&
0@
0A
#25660
b00000000000000000000101000000110 "
b00000000000000000000101000000110 $
1&
b0101000000011 ;
b0101000000100 >
1@
1A
#25665
0&
0@
0A
#25670
b00000000000000000000101000000111 "
b00000000000000000000101000000111 $
1&
b0101000000100 ;
b0101000000101 >
1@
1A
#25675
0&
0@
0A
#25680
b00000000000000000000101000001000 "
b00000000000000000000101000001000 $
1&
b0101000000101 ;
b0101000000110 >
1@
1A
#25685
0&
0@
0A
#25690
b00000000000000000000101000001001 "
b00000000000000000000101000001001 $
1&
b0101000000110 ;
b0101000000111 >
1@
1A
#25695
0&
0@
0A
#25700
b00000000000000000000101000001010 "
b00000000000000000000101000001010 $
1&
b0101000000111 ;
b0101000001000 >
1@
1A
#25705
0&
0@
0A
#25710
b00000000000000000000101000001011 "
b00000000000000000000101000001011 $
1&
b0101000001000 ;
b0101000001001 >
1@
1A
#25715
0&
0@
0A
#25720
b00000000000000000000101000001100 "
b00000000000000000000101000001100 $
1&
b0101000001001 ;
b0101000001010 >
1@
1A
#25725
0&
0@
0A
#25730
b00000000000000000000101000001101 "
b00000000000000000000101000001101 $
1&
b0101000001010 ;
b0101000001011 >
1@
1A
#25735
0&
0@
0A
#25740
b00000000000000000000101000001110 "
b00000000000000000000101000001110 $
1&
b0101000001011 ;
b0101000001100 >
1@
1A
#25745
0&
0@
0A
#25750
b00000000000000000000101000001111 "
b00000000000000000000101000001111 $
1&
b0101000001100 ;
b0101000001101 >
1@
1A
#25755
0&
0@
0A
#25760
b00000000000000000000101000010000 "
b00000000000000000000101000010000 $
1&
b0101000001101 ;
b0101000001110 >
1@
1A
#25765
0&
0@
0A
#25770
b00000000000000000000101000010001 "
b00000000000000000000101000010001 $
1&
b0101000001110 ;
b0101000001111 >
1@
1A
#25775
0&
0@
0A
#25780
b00000000000000000000101000010010 "
b00000000000000000000101000010010 $
1&
b0101000001111 ;
b0101000010000 >
1@
1A
#25785
0&
0@
0A
#25790
b00000000000000000000101000010011 "
b00000000000000000000101000010011 $
1&
b0101000010000 ;
b0101000010001 >
1@
1A
#25795
0&
0@
0A
#25800
b00000000000000000000101000010100 "
b00000000000000000000101000010100 $
1&
b0101000010001 ;
b0101000010010 >
1@
1A
#25805
0&
0@
0A
#25810
b00000000000000000000101000010101 "
b00000000000000000000101000010101 $
1&
b0101000010010 ;
b0101000010011 >
1@
1A
#25815
0&
0@
0A
#25820
b00000000000000000000101000010110 "
b00000000000000000000101000010110 $
1&
b0101000010011 ;
b0101000010100 >
1@
1A
#25825
0&
0@
0A
#25830
b00000000000000000000101000010111 "
b00000000000000000000101000010111 $
1&
b0101000010100 ;
b0101000010101 >
1@
1A
#25835
0&
0@
0A
#25840
b00000000000000000000101000011000 "
b00000000000000000000101000011000 $
1&
b0101000010101 ;
b0101000010110 >
1@
1A
#25845
0&
0@
0A
#25850
b00000000000000000000101000011001 "
b00000000000000000000101000011001 $
1&
b0101000010110 ;
b0101000010111 >
1@
1A
#25855
0&
0@
0A
#25860
b00000000000000000000101000011010 "
b00000000000000000000101000011010 $
1&
b0101000010111 ;
b0101000011000 >
1@
1A
#25865
0&
0@
0A
#25870
b00000000000000000000101000011011 "
b00000000000000000000101000011011 $
1&
b0101000011000 ;
b0101000011001 >
1@
1A
#25875
0&
0@
0A
#25880
b00000000000000000000101000011100 "
b00000000000000000000101000011100 $
1&
b0101000011001 ;
b0101000011010 >
1@
1A
#25885
0&
0@
0A
#25890
b00000000000000000000101000011101 "
b00000000000000000000101000011101 $
1&
b0101000011010 ;
b0101000011011 >
1@
1A
#25895
0&
0@
0A
#25900
b00000000000000000000101000011110 "
b00000000000000000000101000011110 $
1&
b0101000011011 ;
b0101000011100 >
1@
1A
#25905
0&
0@
0A
#25910
b00000000000000000000101000011111 "
b00000000000000000000101000011111 $
1&
b0101000011100 ;
b0101000011101 >
1@
1A
#25915
0&
0@
0A
#25920
b00000000000000000000101000100000 "
b00000000000000000000101000100000 $
1&
b0101000011101 ;
b0101000011110 >
1@
1A
#25925
0&
0@
0A
#25930
b00000000000000000000101000100001 "
b00000000000000000000101000100001 $
1&
b0101000011110 ;
b0101000011111 >
1@
1A
#25935
0&
0@
0A
#25940
b00000000000000000000101000100010 "
b00000000000000000000101000100010 $
1&
b0101000011111 ;
b0101000100000 >
1@
1A
#25945
0&
0@
0A
#25950
b00000000000000000000101000100011 "
b00000000000000000000101000100011 $
1&
b0101000100000 ;
b0101000100001 >
1@
1A
#25955
0&
0@
0A
#25960
b00000000000000000000101000100100 "
b00000000000000000000101000100100 $
1&
b0101000100001 ;
b0101000100010 >
1@
1A
#25965
0&
0@
0A
#25970
b00000000000000000000101000100101 "
b00000000000000000000101000100101 $
1&
b0101000100010 ;
b0101000100011 >
1@
1A
#25975
0&
0@
0A
#25980
b00000000000000000000101000100110 "
b00000000000000000000101000100110 $
1&
b0101000100011 ;
b0101000100100 >
1@
1A
#25985
0&
0@
0A
#25990
b00000000000000000000101000100111 "
b00000000000000000000101000100111 $
1&
b0101000100100 ;
b0101000100101 >
1@
1A
#25995
0&
0@
0A
#26000
b00000000000000000000101000101000 "
b00000000000000000000101000101000 $
1&
b0101000100101 ;
b0101000100110 >
1@
1A
#26005
0&
0@
0A
#26010
b00000000000000000000101000101001 "
b00000000000000000000101000101001 $
1&
b0101000100110 ;
b0101000100111 >
1@
1A
#26015
0&
0@
0A
#26020
b00000000000000000000101000101010 "
b00000000000000000000101000101010 $
1&
b0101000100111 ;
b0101000101000 >
1@
1A
#26025
0&
0@
0A
#26030
b00000000000000000000101000101011 "
b00000000000000000000101000101011 $
1&
b0101000101000 ;
b0101000101001 >
1@
1A
#26035
0&
0@
0A
#26040
b00000000000000000000101000101100 "
b00000000000000000000101000101100 $
1&
b0101000101001 ;
b0101000101010 >
1@
1A
#26045
0&
0@
0A
#26050
b00000000000000000000101000101101 "
b00000000000000000000101000101101 $
1&
b0101000101010 ;
b0101000101011 >
1@
1A
#26055
0&
0@
0A
#26060
b00000000000000000000101000101110 "
b00000000000000000000101000101110 $
1&
b0101000101011 ;
b0101000101100 >
1@
1A
#26065
0&
0@
0A
#26070
b00000000000000000000101000101111 "
b00000000000000000000101000101111 $
1&
b0101000101100 ;
b0101000101101 >
1@
1A
#26075
0&
0@
0A
#26080
b00000000000000000000101000110000 "
b00000000000000000000101000110000 $
1&
b0101000101101 ;
b0101000101110 >
1@
1A
#26085
0&
0@
0A
#26090
b00000000000000000000101000110001 "
b00000000000000000000101000110001 $
1&
b0101000101110 ;
b0101000101111 >
1@
1A
#26095
0&
0@
0A
#26100
b00000000000000000000101000110010 "
b00000000000000000000101000110010 $
1&
b0101000101111 ;
b0101000110000 >
1@
1A
#26105
0&
0@
0A
#26110
b00000000000000000000101000110011 "
b00000000000000000000101000110011 $
1&
b0101000110000 ;
b0101000110001 >
1@
1A
#26115
0&
0@
0A
#26120
b00000000000000000000101000110100 "
b00000000000000000000101000110100 $
1&
b0101000110001 ;
b0101000110010 >
1@
1A
#26125
0&
0@
0A
#26130
b00000000000000000000101000110101 "
b00000000000000000000101000110101 $
1&
b0101000110010 ;
b0101000110011 >
1@
1A
#26135
0&
0@
0A
#26140
b00000000000000000000101000110110 "
b00000000000000000000101000110110 $
1&
b0101000110011 ;
b0101000110100 >
1@
1A
#26145
0&
0@
0A
#26150
b00000000000000000000101000110111 "
b00000000000000000000101000110111 $
1&
b0101000110100 ;
b0101000110101 >
1@
1A
#26155
0&
0@
0A
#26160
b00000000000000000000101000111000 "
b00000000000000000000101000111000 $
1&
b0101000110101 ;
b0101000110110 >
1@
1A
#26165
0&
0@
0A
#26170
b00000000000000000000101000111001 "
b00000000000000000000101000111001 $
1&
b0101000110110 ;
b0101000110111 >
1@
1A
#26175
0&
0@
0A
#26180
b00000000000000000000101000111010 "
b00000000000000000000101000111010 $
1&
b0101000110111 ;
b0101000111000 >
1@
1A
#26185
0&
0@
0A
#26190
b00000000000000000000101000111011 "
b00000000000000000000101000111011 $
1&
b0101000111000 ;
b0101000111001 >
1@
1A
#26195
0&
0@
0A
#26200
b00000000000000000000101000111100 "
b00000000000000000000101000111100 $
1&
b0101000111001 ;
b0101000111010 >
1@
1A
#26205
0&
0@
0A
#26210
b00000000000000000000101000111101 "
b00000000000000000000101000111101 $
1&
b0101000111010 ;
b0101000111011 >
1@
1A
#26215
0&
0@
0A
#26220
b00000000000000000000101000111110 "
b00000000000000000000101000111110 $
1&
b0101000111011 ;
b0101000111100 >
1@
1A
#26225
0&
0@
0A
#26230
b00000000000000000000101000111111 "
b00000000000000000000101000111111 $
1&
b0101000111100 ;
b0101000111101 >
1@
1A
#26235
0&
0@
0A
#26240
b00000000000000000000101001000000 "
b00000000000000000000101001000000 $
1&
b0101000111101 ;
b0101000111110 >
1@
1A
#26245
0&
0@
0A
#26250
b00000000000000000000101001000001 "
b00000000000000000000101001000001 $
1&
b0101000111110 ;
b0101000111111 >
1@
1A
#26255
0&
0@
0A
#26260
b00000000000000000000101001000010 "
b00000000000000000000101001000010 $
1&
b0101000111111 ;
b0101001000000 >
1@
1A
#26265
0&
0@
0A
#26270
b00000000000000000000101001000011 "
b00000000000000000000101001000011 $
1&
b0101001000000 ;
b0101001000001 >
1@
1A
#26275
0&
0@
0A
#26280
b00000000000000000000101001000100 "
b00000000000000000000101001000100 $
1&
b0101001000001 ;
b0101001000010 >
1@
1A
#26285
0&
0@
0A
#26290
b00000000000000000000101001000101 "
b00000000000000000000101001000101 $
1&
b0101001000010 ;
b0101001000011 >
1@
1A
#26295
0&
0@
0A
#26300
b00000000000000000000101001000110 "
b00000000000000000000101001000110 $
1&
b0101001000011 ;
b0101001000100 >
1@
1A
#26305
0&
0@
0A
#26310
b00000000000000000000101001000111 "
b00000000000000000000101001000111 $
1&
b0101001000100 ;
b0101001000101 >
1@
1A
#26315
0&
0@
0A
#26320
b00000000000000000000101001001000 "
b00000000000000000000101001001000 $
1&
b0101001000101 ;
b0101001000110 >
1@
1A
#26325
0&
0@
0A
#26330
b00000000000000000000101001001001 "
b00000000000000000000101001001001 $
1&
b0101001000110 ;
b0101001000111 >
1@
1A
#26335
0&
0@
0A
#26340
b00000000000000000000101001001010 "
b00000000000000000000101001001010 $
1&
b0101001000111 ;
b0101001001000 >
1@
1A
#26345
0&
0@
0A
#26350
b00000000000000000000101001001011 "
b00000000000000000000101001001011 $
1&
b0101001001000 ;
b0101001001001 >
1@
1A
#26355
0&
0@
0A
#26360
b00000000000000000000101001001100 "
b00000000000000000000101001001100 $
1&
b0101001001001 ;
b0101001001010 >
1@
1A
#26365
0&
0@
0A
#26370
b00000000000000000000101001001101 "
b00000000000000000000101001001101 $
1&
b0101001001010 ;
b0101001001011 >
1@
1A
#26375
0&
0@
0A
#26380
b00000000000000000000101001001110 "
b00000000000000000000101001001110 $
1&
b0101001001011 ;
b0101001001100 >
1@
1A
#26385
0&
0@
0A
#26390
b00000000000000000000101001001111 "
b00000000000000000000101001001111 $
1&
b0101001001100 ;
b0101001001101 >
1@
1A
#26395
0&
0@
0A
#26400
b00000000000000000000101001010000 "
b00000000000000000000101001010000 $
1&
b0101001001101 ;
b0101001001110 >
1@
1A
#26405
0&
0@
0A
#26410
b00000000000000000000101001010001 "
b00000000000000000000101001010001 $
1&
b0101001001110 ;
b0101001001111 >
1@
1A
#26415
0&
0@
0A
#26420
b00000000000000000000101001010010 "
b00000000000000000000101001010010 $
1&
b0101001001111 ;
b0101001010000 >
1@
1A
#26425
0&
0@
0A
#26430
b00000000000000000000101001010011 "
b00000000000000000000101001010011 $
1&
b0101001010000 ;
b0101001010001 >
1@
1A
#26435
0&
0@
0A
#26440
b00000000000000000000101001010100 "
b00000000000000000000101001010100 $
1&
b0101001010001 ;
b0101001010010 >
1@
1A
#26445
0&
0@
0A
#26450
b00000000000000000000101001010101 "
b00000000000000000000101001010101 $
1&
b0101001010010 ;
b0101001010011 >
1@
1A
#26455
0&
0@
0A
#26460
b00000000000000000000101001010110 "
b00000000000000000000101001010110 $
1&
b0101001010011 ;
b0101001010100 >
1@
1A
#26465
0&
0@
0A
#26470
b00000000000000000000101001010111 "
b00000000000000000000101001010111 $
1&
b0101001010100 ;
b0101001010101 >
1@
1A
#26475
0&
0@
0A
#26480
b00000000000000000000101001011000 "
b00000000000000000000101001011000 $
1&
b0101001010101 ;
b0101001010110 >
1@
1A
#26485
0&
0@
0A
#26490
b00000000000000000000101001011001 "
b00000000000000000000101001011001 $
1&
b0101001010110 ;
b0101001010111 >
1@
1A
#26495
0&
0@
0A
#26500
b00000000000000000000101001011010 "
b00000000000000000000101001011010 $
1&
b0101001010111 ;
b0101001011000 >
1@
1A
#26505
0&
0@
0A
#26510
b00000000000000000000101001011011 "
b00000000000000000000101001011011 $
1&
b0101001011000 ;
b0101001011001 >
1@
1A
#26515
0&
0@
0A
#26520
b00000000000000000000101001011100 "
b00000000000000000000101001011100 $
1&
b0101001011001 ;
b0101001011010 >
1@
1A
#26525
0&
0@
0A
#26530
b00000000000000000000101001011101 "
b00000000000000000000101001011101 $
1&
b0101001011010 ;
b0101001011011 >
1@
1A
#26535
0&
0@
0A
#26540
b00000000000000000000101001011110 "
b00000000000000000000101001011110 $
1&
b0101001011011 ;
b0101001011100 >
1@
1A
#26545
0&
0@
0A
#26550
b00000000000000000000101001011111 "
b00000000000000000000101001011111 $
1&
b0101001011100 ;
b0101001011101 >
1@
1A
#26555
0&
0@
0A
#26560
b00000000000000000000101001100000 "
b00000000000000000000101001100000 $
1&
b0101001011101 ;
b0101001011110 >
1@
1A
#26565
0&
0@
0A
#26570
b00000000000000000000101001100001 "
b00000000000000000000101001100001 $
1&
b0101001011110 ;
b0101001011111 >
1@
1A
#26575
0&
0@
0A
#26580
b00000000000000000000101001100010 "
b00000000000000000000101001100010 $
1&
b0101001011111 ;
b0101001100000 >
1@
1A
#26585
0&
0@
0A
#26590
b00000000000000000000101001100011 "
b00000000000000000000101001100011 $
1&
b0101001100000 ;
b0101001100001 >
1@
1A
#26595
0&
0@
0A
#26600
b00000000000000000000101001100100 "
b00000000000000000000101001100100 $
1&
b0101001100001 ;
b0101001100010 >
1@
1A
#26605
0&
0@
0A
#26610
b00000000000000000000101001100101 "
b00000000000000000000101001100101 $
1&
b0101001100010 ;
b0101001100011 >
1@
1A
#26615
0&
0@
0A
#26620
b00000000000000000000101001100110 "
b00000000000000000000101001100110 $
1&
b0101001100011 ;
b0101001100100 >
1@
1A
#26625
0&
0@
0A
#26630
b00000000000000000000101001100111 "
b00000000000000000000101001100111 $
1&
b0101001100100 ;
b0101001100101 >
1@
1A
#26635
0&
0@
0A
#26640
b00000000000000000000101001101000 "
b00000000000000000000101001101000 $
1&
b0101001100101 ;
b0101001100110 >
1@
1A
#26645
0&
0@
0A
#26650
b00000000000000000000101001101001 "
b00000000000000000000101001101001 $
1&
b0101001100110 ;
b0101001100111 >
1@
1A
#26655
0&
0@
0A
#26660
b00000000000000000000101001101010 "
b00000000000000000000101001101010 $
1&
b0101001100111 ;
b0101001101000 >
1@
1A
#26665
0&
0@
0A
#26670
b00000000000000000000101001101011 "
b00000000000000000000101001101011 $
1&
b0101001101000 ;
b0101001101001 >
1@
1A
#26675
0&
0@
0A
#26680
b00000000000000000000101001101100 "
b00000000000000000000101001101100 $
1&
b0101001101001 ;
b0101001101010 >
1@
1A
#26685
0&
0@
0A
#26690
b00000000000000000000101001101101 "
b00000000000000000000101001101101 $
1&
b0101001101010 ;
b0101001101011 >
1@
1A
#26695
0&
0@
0A
#26700
b00000000000000000000101001101110 "
b00000000000000000000101001101110 $
1&
b0101001101011 ;
b0101001101100 >
1@
1A
#26705
0&
0@
0A
#26710
b00000000000000000000101001101111 "
b00000000000000000000101001101111 $
1&
b0101001101100 ;
b0101001101101 >
1@
1A
#26715
0&
0@
0A
#26720
b00000000000000000000101001110000 "
b00000000000000000000101001110000 $
1&
b0101001101101 ;
b0101001101110 >
1@
1A
#26725
0&
0@
0A
#26730
b00000000000000000000101001110001 "
b00000000000000000000101001110001 $
1&
b0101001101110 ;
b0101001101111 >
1@
1A
#26735
0&
0@
0A
#26740
b00000000000000000000101001110010 "
b00000000000000000000101001110010 $
1&
b0101001101111 ;
b0101001110000 >
1@
1A
#26745
0&
0@
0A
#26750
b00000000000000000000101001110011 "
b00000000000000000000101001110011 $
1&
b0101001110000 ;
b0101001110001 >
1@
1A
#26755
0&
0@
0A
#26760
b00000000000000000000101001110100 "
b00000000000000000000101001110100 $
1&
b0101001110001 ;
b0101001110010 >
1@
1A
#26765
0&
0@
0A
#26770
b00000000000000000000101001110101 "
b00000000000000000000101001110101 $
1&
b0101001110010 ;
b0101001110011 >
1@
1A
#26775
0&
0@
0A
#26780
b00000000000000000000101001110110 "
b00000000000000000000101001110110 $
1&
b0101001110011 ;
b0101001110100 >
1@
1A
#26785
0&
0@
0A
#26790
b00000000000000000000101001110111 "
b00000000000000000000101001110111 $
1&
b0101001110100 ;
b0101001110101 >
1@
1A
#26795
0&
0@
0A
#26800
b00000000000000000000101001111000 "
b00000000000000000000101001111000 $
1&
b0101001110101 ;
b0101001110110 >
1@
1A
#26805
0&
0@
0A
#26810
b00000000000000000000101001111001 "
b00000000000000000000101001111001 $
1&
b0101001110110 ;
b0101001110111 >
1@
1A
#26815
0&
0@
0A
#26820
b00000000000000000000101001111010 "
b00000000000000000000101001111010 $
1&
b0101001110111 ;
b0101001111000 >
1@
1A
#26825
0&
0@
0A
#26830
b00000000000000000000101001111011 "
b00000000000000000000101001111011 $
1&
b0101001111000 ;
b0101001111001 >
1@
1A
#26835
0&
0@
0A
#26840
b00000000000000000000101001111100 "
b00000000000000000000101001111100 $
1&
b0101001111001 ;
b0101001111010 >
1@
1A
#26845
0&
0@
0A
#26850
b00000000000000000000101001111101 "
b00000000000000000000101001111101 $
1&
b0101001111010 ;
b0101001111011 >
1@
1A
#26855
0&
0@
0A
#26860
b00000000000000000000101001111110 "
b00000000000000000000101001111110 $
1&
b0101001111011 ;
b0101001111100 >
1@
1A
#26865
0&
0@
0A
#26870
b00000000000000000000101001111111 "
b00000000000000000000101001111111 $
1&
b0101001111100 ;
b0101001111101 >
1@
1A
#26875
0&
0@
0A
#26880
b00000000000000000000101010000000 "
b00000000000000000000101010000000 $
1&
b0101001111101 ;
b0101001111110 >
1@
1A
#26885
0&
0@
0A
#26890
b00000000000000000000101010000001 "
b00000000000000000000101010000001 $
1&
b0101001111110 ;
b0101001111111 >
1@
1A
#26895
0&
0@
0A
#26900
b00000000000000000000101010000010 "
b00000000000000000000101010000010 $
1&
b0101001111111 ;
b0101010000000 >
1@
1A
#26905
0&
0@
0A
#26910
b00000000000000000000101010000011 "
b00000000000000000000101010000011 $
1&
b0101010000000 ;
b0101010000001 >
1@
1A
#26915
0&
0@
0A
#26920
b00000000000000000000101010000100 "
b00000000000000000000101010000100 $
1&
b0101010000001 ;
b0101010000010 >
1@
1A
#26925
0&
0@
0A
#26930
b00000000000000000000101010000101 "
b00000000000000000000101010000101 $
1&
b0101010000010 ;
b0101010000011 >
1@
1A
#26935
0&
0@
0A
#26940
b00000000000000000000101010000110 "
b00000000000000000000101010000110 $
1&
b0101010000011 ;
b0101010000100 >
1@
1A
#26945
0&
0@
0A
#26950
b00000000000000000000101010000111 "
b00000000000000000000101010000111 $
1&
b0101010000100 ;
b0101010000101 >
1@
1A
#26955
0&
0@
0A
#26960
b00000000000000000000101010001000 "
b00000000000000000000101010001000 $
1&
b0101010000101 ;
b0101010000110 >
1@
1A
#26965
0&
0@
0A
#26970
b00000000000000000000101010001001 "
b00000000000000000000101010001001 $
1&
b0101010000110 ;
b0101010000111 >
1@
1A
#26975
0&
0@
0A
#26980
b00000000000000000000101010001010 "
b00000000000000000000101010001010 $
1&
b0101010000111 ;
b0101010001000 >
1@
1A
#26985
0&
0@
0A
#26990
b00000000000000000000101010001011 "
b00000000000000000000101010001011 $
1&
b0101010001000 ;
b0101010001001 >
1@
1A
#26995
0&
0@
0A
#27000
b00000000000000000000101010001100 "
b00000000000000000000101010001100 $
1&
b0101010001001 ;
b0101010001010 >
1@
1A
#27005
0&
0@
0A
#27010
b00000000000000000000101010001101 "
b00000000000000000000101010001101 $
1&
b0101010001010 ;
b0101010001011 >
1@
1A
#27015
0&
0@
0A
#27020
b00000000000000000000101010001110 "
b00000000000000000000101010001110 $
1&
b0101010001011 ;
b0101010001100 >
1@
1A
#27025
0&
0@
0A
#27030
b00000000000000000000101010001111 "
b00000000000000000000101010001111 $
1&
b0101010001100 ;
b0101010001101 >
1@
1A
#27035
0&
0@
0A
#27040
b00000000000000000000101010010000 "
b00000000000000000000101010010000 $
1&
b0101010001101 ;
b0101010001110 >
1@
1A
#27045
0&
0@
0A
#27050
b00000000000000000000101010010001 "
b00000000000000000000101010010001 $
1&
b0101010001110 ;
b0101010001111 >
1@
1A
#27055
0&
0@
0A
#27060
b00000000000000000000101010010010 "
b00000000000000000000101010010010 $
1&
b0101010001111 ;
b0101010010000 >
1@
1A
#27065
0&
0@
0A
#27070
b00000000000000000000101010010011 "
b00000000000000000000101010010011 $
1&
b0101010010000 ;
b0101010010001 >
1@
1A
#27075
0&
0@
0A
#27080
b00000000000000000000101010010100 "
b00000000000000000000101010010100 $
1&
b0101010010001 ;
b0101010010010 >
1@
1A
#27085
0&
0@
0A
#27090
b00000000000000000000101010010101 "
b00000000000000000000101010010101 $
1&
b0101010010010 ;
b0101010010011 >
1@
1A
#27095
0&
0@
0A
#27100
b00000000000000000000101010010110 "
b00000000000000000000101010010110 $
1&
b0101010010011 ;
b0101010010100 >
1@
1A
#27105
0&
0@
0A
#27110
b00000000000000000000101010010111 "
b00000000000000000000101010010111 $
1&
b0101010010100 ;
b0101010010101 >
1@
1A
#27115
0&
0@
0A
#27120
b00000000000000000000101010011000 "
b00000000000000000000101010011000 $
1&
b0101010010101 ;
b0101010010110 >
1@
1A
#27125
0&
0@
0A
#27130
b00000000000000000000101010011001 "
b00000000000000000000101010011001 $
1&
b0101010010110 ;
b0101010010111 >
1@
1A
#27135
0&
0@
0A
#27140
b00000000000000000000101010011010 "
b00000000000000000000101010011010 $
1&
b0101010010111 ;
b0101010011000 >
1@
1A
#27145
0&
0@
0A
#27150
b00000000000000000000101010011011 "
b00000000000000000000101010011011 $
1&
b0101010011000 ;
b0101010011001 >
1@
1A
#27155
0&
0@
0A
#27160
b00000000000000000000101010011100 "
b00000000000000000000101010011100 $
1&
b0101010011001 ;
b0101010011010 >
1@
1A
#27165
0&
0@
0A
#27170
b00000000000000000000101010011101 "
b00000000000000000000101010011101 $
1&
b0101010011010 ;
b0101010011011 >
1@
1A
#27175
0&
0@
0A
#27180
b00000000000000000000101010011110 "
b00000000000000000000101010011110 $
1&
b0101010011011 ;
b0101010011100 >
1@
1A
#27185
0&
0@
0A
#27190
b00000000000000000000101010011111 "
b00000000000000000000101010011111 $
1&
b0101010011100 ;
b0101010011101 >
1@
1A
#27195
0&
0@
0A
#27200
b00000000000000000000101010100000 "
b00000000000000000000101010100000 $
1&
b0101010011101 ;
b0101010011110 >
1@
1A
#27205
0&
0@
0A
#27210
b00000000000000000000101010100001 "
b00000000000000000000101010100001 $
1&
b0101010011110 ;
b0101010011111 >
1@
1A
#27215
0&
0@
0A
#27220
b00000000000000000000101010100010 "
b00000000000000000000101010100010 $
1&
b0101010011111 ;
b0101010100000 >
1@
1A
#27225
0&
0@
0A
#27230
b00000000000000000000101010100011 "
b00000000000000000000101010100011 $
1&
b0101010100000 ;
b0101010100001 >
1@
1A
#27235
0&
0@
0A
#27240
b00000000000000000000101010100100 "
b00000000000000000000101010100100 $
1&
b0101010100001 ;
b0101010100010 >
1@
1A
#27245
0&
0@
0A
#27250
b00000000000000000000101010100101 "
b00000000000000000000101010100101 $
1&
b0101010100010 ;
b0101010100011 >
1@
1A
#27255
0&
0@
0A
#27260
b00000000000000000000101010100110 "
b00000000000000000000101010100110 $
1&
b0101010100011 ;
b0101010100100 >
1@
1A
#27265
0&
0@
0A
#27270
b00000000000000000000101010100111 "
b00000000000000000000101010100111 $
1&
b0101010100100 ;
b0101010100101 >
1@
1A
#27275
0&
0@
0A
#27280
b00000000000000000000101010101000 "
b00000000000000000000101010101000 $
1&
b0101010100101 ;
b0101010100110 >
1@
1A
#27285
0&
0@
0A
#27290
b00000000000000000000101010101001 "
b00000000000000000000101010101001 $
1&
b0101010100110 ;
b0101010100111 >
1@
1A
#27295
0&
0@
0A
#27300
b00000000000000000000101010101010 "
b00000000000000000000101010101010 $
1&
b0101010100111 ;
b0101010101000 >
1@
1A
#27305
0&
0@
0A
#27310
b00000000000000000000101010101011 "
b00000000000000000000101010101011 $
1&
b0101010101000 ;
b0101010101001 >
1@
1A
#27315
0&
0@
0A
#27320
b00000000000000000000101010101100 "
b00000000000000000000101010101100 $
1&
b0101010101001 ;
b0101010101010 >
1@
1A
#27325
0&
0@
0A
#27330
b00000000000000000000101010101101 "
b00000000000000000000101010101101 $
1&
b0101010101010 ;
b0101010101011 >
1@
1A
#27335
0&
0@
0A
#27340
b00000000000000000000101010101110 "
b00000000000000000000101010101110 $
1&
b0101010101011 ;
b0101010101100 >
1@
1A
#27345
0&
0@
0A
#27350
b00000000000000000000101010101111 "
b00000000000000000000101010101111 $
1&
b0101010101100 ;
b0101010101101 >
1@
1A
#27355
0&
0@
0A
#27360
b00000000000000000000101010110000 "
b00000000000000000000101010110000 $
1&
b0101010101101 ;
b0101010101110 >
1@
1A
#27365
0&
0@
0A
#27370
b00000000000000000000101010110001 "
b00000000000000000000101010110001 $
1&
b0101010101110 ;
b0101010101111 >
1@
1A
#27375
0&
0@
0A
#27380
b00000000000000000000101010110010 "
b00000000000000000000101010110010 $
1&
b0101010101111 ;
b0101010110000 >
1@
1A
#27385
0&
0@
0A
#27390
b00000000000000000000101010110011 "
b00000000000000000000101010110011 $
1&
b0101010110000 ;
b0101010110001 >
1@
1A
#27395
0&
0@
0A
#27400
b00000000000000000000101010110100 "
b00000000000000000000101010110100 $
1&
b0101010110001 ;
b0101010110010 >
1@
1A
#27405
0&
0@
0A
#27410
b00000000000000000000101010110101 "
b00000000000000000000101010110101 $
1&
b0101010110010 ;
b0101010110011 >
1@
1A
#27415
0&
0@
0A
#27420
b00000000000000000000101010110110 "
b00000000000000000000101010110110 $
1&
b0101010110011 ;
b0101010110100 >
1@
1A
#27425
0&
0@
0A
#27430
b00000000000000000000101010110111 "
b00000000000000000000101010110111 $
1&
b0101010110100 ;
b0101010110101 >
1@
1A
#27435
0&
0@
0A
#27440
b00000000000000000000101010111000 "
b00000000000000000000101010111000 $
1&
b0101010110101 ;
b0101010110110 >
1@
1A
#27445
0&
0@
0A
#27450
b00000000000000000000101010111001 "
b00000000000000000000101010111001 $
1&
b0101010110110 ;
b0101010110111 >
1@
1A
#27455
0&
0@
0A
#27460
b00000000000000000000101010111010 "
b00000000000000000000101010111010 $
1&
b0101010110111 ;
b0101010111000 >
1@
1A
#27465
0&
0@
0A
#27470
b00000000000000000000101010111011 "
b00000000000000000000101010111011 $
1&
b0101010111000 ;
b0101010111001 >
1@
1A
#27475
0&
0@
0A
#27480
b00000000000000000000101010111100 "
b00000000000000000000101010111100 $
1&
b0101010111001 ;
b0101010111010 >
1@
1A
#27485
0&
0@
0A
#27490
b00000000000000000000101010111101 "
b00000000000000000000101010111101 $
1&
b0101010111010 ;
b0101010111011 >
1@
1A
#27495
0&
0@
0A
#27500
b00000000000000000000101010111110 "
b00000000000000000000101010111110 $
1&
b0101010111011 ;
b0101010111100 >
1@
1A
#27505
0&
0@
0A
#27510
b00000000000000000000101010111111 "
b00000000000000000000101010111111 $
1&
b0101010111100 ;
b0101010111101 >
1@
1A
#27515
0&
0@
0A
#27520
b00000000000000000000101011000000 "
b00000000000000000000101011000000 $
1&
b0101010111101 ;
b0101010111110 >
1@
1A
#27525
0&
0@
0A
#27530
b00000000000000000000101011000001 "
b00000000000000000000101011000001 $
1&
b0101010111110 ;
b0101010111111 >
1@
1A
#27535
0&
0@
0A
#27540
b00000000000000000000101011000010 "
b00000000000000000000101011000010 $
1&
b0101010111111 ;
b0101011000000 >
1@
1A
#27545
0&
0@
0A
#27550
b00000000000000000000101011000011 "
b00000000000000000000101011000011 $
1&
b0101011000000 ;
b0101011000001 >
1@
1A
#27555
0&
0@
0A
#27560
b00000000000000000000101011000100 "
b00000000000000000000101011000100 $
1&
b0101011000001 ;
b0101011000010 >
1@
1A
#27565
0&
0@
0A
#27570
b00000000000000000000101011000101 "
b00000000000000000000101011000101 $
1&
b0101011000010 ;
b0101011000011 >
1@
1A
#27575
0&
0@
0A
#27580
b00000000000000000000101011000110 "
b00000000000000000000101011000110 $
1&
b0101011000011 ;
b0101011000100 >
1@
1A
#27585
0&
0@
0A
#27590
b00000000000000000000101011000111 "
b00000000000000000000101011000111 $
1&
b0101011000100 ;
b0101011000101 >
1@
1A
#27595
0&
0@
0A
#27600
b00000000000000000000101011001000 "
b00000000000000000000101011001000 $
1&
b0101011000101 ;
b0101011000110 >
1@
1A
#27605
0&
0@
0A
#27610
b00000000000000000000101011001001 "
b00000000000000000000101011001001 $
1&
b0101011000110 ;
b0101011000111 >
1@
1A
#27615
0&
0@
0A
#27620
b00000000000000000000101011001010 "
b00000000000000000000101011001010 $
1&
b0101011000111 ;
b0101011001000 >
1@
1A
#27625
0&
0@
0A
#27630
b00000000000000000000101011001011 "
b00000000000000000000101011001011 $
1&
b0101011001000 ;
b0101011001001 >
1@
1A
#27635
0&
0@
0A
#27640
b00000000000000000000101011001100 "
b00000000000000000000101011001100 $
1&
b0101011001001 ;
b0101011001010 >
1@
1A
#27645
0&
0@
0A
#27650
b00000000000000000000101011001101 "
b00000000000000000000101011001101 $
1&
b0101011001010 ;
b0101011001011 >
1@
1A
#27655
0&
0@
0A
#27660
b00000000000000000000101011001110 "
b00000000000000000000101011001110 $
1&
b0101011001011 ;
b0101011001100 >
1@
1A
#27665
0&
0@
0A
#27670
b00000000000000000000101011001111 "
b00000000000000000000101011001111 $
1&
b0101011001100 ;
b0101011001101 >
1@
1A
#27675
0&
0@
0A
#27680
b00000000000000000000101011010000 "
b00000000000000000000101011010000 $
1&
b0101011001101 ;
b0101011001110 >
1@
1A
#27685
0&
0@
0A
#27690
b00000000000000000000101011010001 "
b00000000000000000000101011010001 $
1&
b0101011001110 ;
b0101011001111 >
1@
1A
#27695
0&
0@
0A
#27700
b00000000000000000000101011010010 "
b00000000000000000000101011010010 $
1&
b0101011001111 ;
b0101011010000 >
1@
1A
#27705
0&
0@
0A
#27710
b00000000000000000000101011010011 "
b00000000000000000000101011010011 $
1&
b0101011010000 ;
b0101011010001 >
1@
1A
#27715
0&
0@
0A
#27720
b00000000000000000000101011010100 "
b00000000000000000000101011010100 $
1&
b0101011010001 ;
b0101011010010 >
1@
1A
#27725
0&
0@
0A
#27730
b00000000000000000000101011010101 "
b00000000000000000000101011010101 $
1&
b0101011010010 ;
b0101011010011 >
1@
1A
#27735
0&
0@
0A
#27740
b00000000000000000000101011010110 "
b00000000000000000000101011010110 $
1&
b0101011010011 ;
b0101011010100 >
1@
1A
#27745
0&
0@
0A
#27750
b00000000000000000000101011010111 "
b00000000000000000000101011010111 $
1&
b0101011010100 ;
b0101011010101 >
1@
1A
#27755
0&
0@
0A
#27760
b00000000000000000000101011011000 "
b00000000000000000000101011011000 $
1&
b0101011010101 ;
b0101011010110 >
1@
1A
#27765
0&
0@
0A
#27770
b00000000000000000000101011011001 "
b00000000000000000000101011011001 $
1&
b0101011010110 ;
b0101011010111 >
1@
1A
#27775
0&
0@
0A
#27780
b00000000000000000000101011011010 "
b00000000000000000000101011011010 $
1&
b0101011010111 ;
b0101011011000 >
1@
1A
#27785
0&
0@
0A
#27790
b00000000000000000000101011011011 "
b00000000000000000000101011011011 $
1&
b0101011011000 ;
b0101011011001 >
1@
1A
#27795
0&
0@
0A
#27800
b00000000000000000000101011011100 "
b00000000000000000000101011011100 $
1&
b0101011011001 ;
b0101011011010 >
1@
1A
#27805
0&
0@
0A
#27810
b00000000000000000000101011011101 "
b00000000000000000000101011011101 $
1&
b0101011011010 ;
b0101011011011 >
1@
1A
#27815
0&
0@
0A
#27820
b00000000000000000000101011011110 "
b00000000000000000000101011011110 $
1&
b0101011011011 ;
b0101011011100 >
1@
1A
#27825
0&
0@
0A
#27830
b00000000000000000000101011011111 "
b00000000000000000000101011011111 $
1&
b0101011011100 ;
b0101011011101 >
1@
1A
#27835
0&
0@
0A
#27840
b00000000000000000000101011100000 "
b00000000000000000000101011100000 $
1&
b0101011011101 ;
b0101011011110 >
1@
1A
#27845
0&
0@
0A
#27850
b00000000000000000000101011100001 "
b00000000000000000000101011100001 $
1&
b0101011011110 ;
b0101011011111 >
1@
1A
#27855
0&
0@
0A
#27860
b00000000000000000000101011100010 "
b00000000000000000000101011100010 $
1&
b0101011011111 ;
b0101011100000 >
1@
1A
#27865
0&
0@
0A
#27870
b00000000000000000000101011100011 "
b00000000000000000000101011100011 $
1&
b0101011100000 ;
b0101011100001 >
1@
1A
#27875
0&
0@
0A
#27880
b00000000000000000000101011100100 "
b00000000000000000000101011100100 $
1&
b0101011100001 ;
b0101011100010 >
1@
1A
#27885
0&
0@
0A
#27890
b00000000000000000000101011100101 "
b00000000000000000000101011100101 $
1&
b0101011100010 ;
b0101011100011 >
1@
1A
#27895
0&
0@
0A
#27900
b00000000000000000000101011100110 "
b00000000000000000000101011100110 $
1&
b0101011100011 ;
b0101011100100 >
1@
1A
#27905
0&
0@
0A
#27910
b00000000000000000000101011100111 "
b00000000000000000000101011100111 $
1&
b0101011100100 ;
b0101011100101 >
1@
1A
#27915
0&
0@
0A
#27920
b00000000000000000000101011101000 "
b00000000000000000000101011101000 $
1&
b0101011100101 ;
b0101011100110 >
1@
1A
#27925
0&
0@
0A
#27930
b00000000000000000000101011101001 "
b00000000000000000000101011101001 $
1&
b0101011100110 ;
b0101011100111 >
1@
1A
#27935
0&
0@
0A
#27940
b00000000000000000000101011101010 "
b00000000000000000000101011101010 $
1&
b0101011100111 ;
b0101011101000 >
1@
1A
#27945
0&
0@
0A
#27950
b00000000000000000000101011101011 "
b00000000000000000000101011101011 $
1&
b0101011101000 ;
b0101011101001 >
1@
1A
#27955
0&
0@
0A
#27960
b00000000000000000000101011101100 "
b00000000000000000000101011101100 $
1&
b0101011101001 ;
b0101011101010 >
1@
1A
#27965
0&
0@
0A
#27970
b00000000000000000000101011101101 "
b00000000000000000000101011101101 $
1&
b0101011101010 ;
b0101011101011 >
1@
1A
#27975
0&
0@
0A
#27980
b00000000000000000000101011101110 "
b00000000000000000000101011101110 $
1&
b0101011101011 ;
b0101011101100 >
1@
1A
#27985
0&
0@
0A
#27990
b00000000000000000000101011101111 "
b00000000000000000000101011101111 $
1&
b0101011101100 ;
b0101011101101 >
1@
1A
#27995
0&
0@
0A
#28000
b00000000000000000000101011110000 "
b00000000000000000000101011110000 $
1&
b0101011101101 ;
b0101011101110 >
1@
1A
#28005
0&
0@
0A
#28010
b00000000000000000000101011110001 "
b00000000000000000000101011110001 $
1&
b0101011101110 ;
b0101011101111 >
1@
1A
#28015
0&
0@
0A
#28020
b00000000000000000000101011110010 "
b00000000000000000000101011110010 $
1&
b0101011101111 ;
b0101011110000 >
1@
1A
#28025
0&
0@
0A
#28030
b00000000000000000000101011110011 "
b00000000000000000000101011110011 $
1&
b0101011110000 ;
b0101011110001 >
1@
1A
#28035
0&
0@
0A
#28040
b00000000000000000000101011110100 "
b00000000000000000000101011110100 $
1&
b0101011110001 ;
b0101011110010 >
1@
1A
#28045
0&
0@
0A
#28050
b00000000000000000000101011110101 "
b00000000000000000000101011110101 $
1&
b0101011110010 ;
b0101011110011 >
1@
1A
#28055
0&
0@
0A
#28060
b00000000000000000000101011110110 "
b00000000000000000000101011110110 $
1&
b0101011110011 ;
b0101011110100 >
1@
1A
#28065
0&
0@
0A
#28070
b00000000000000000000101011110111 "
b00000000000000000000101011110111 $
1&
b0101011110100 ;
b0101011110101 >
1@
1A
#28075
0&
0@
0A
#28080
b00000000000000000000101011111000 "
b00000000000000000000101011111000 $
1&
b0101011110101 ;
b0101011110110 >
1@
1A
#28085
0&
0@
0A
#28090
b00000000000000000000101011111001 "
b00000000000000000000101011111001 $
1&
b0101011110110 ;
b0101011110111 >
1@
1A
#28095
0&
0@
0A
#28100
b00000000000000000000101011111010 "
b00000000000000000000101011111010 $
1&
b0101011110111 ;
b0101011111000 >
1@
1A
#28105
0&
0@
0A
#28110
b00000000000000000000101011111011 "
b00000000000000000000101011111011 $
1&
b0101011111000 ;
b0101011111001 >
1@
1A
#28115
0&
0@
0A
#28120
b00000000000000000000101011111100 "
b00000000000000000000101011111100 $
1&
b0101011111001 ;
b0101011111010 >
1@
1A
#28125
0&
0@
0A
#28130
b00000000000000000000101011111101 "
b00000000000000000000101011111101 $
1&
b0101011111010 ;
b0101011111011 >
1@
1A
#28135
0&
0@
0A
#28140
b00000000000000000000101011111110 "
b00000000000000000000101011111110 $
1&
b0101011111011 ;
b0101011111100 >
1@
1A
#28145
0&
0@
0A
#28150
b00000000000000000000101011111111 "
b00000000000000000000101011111111 $
1&
b0101011111100 ;
b0101011111101 >
1@
1A
#28155
0&
0@
0A
#28160
b00000000000000000000101100000000 "
b00000000000000000000101100000000 $
1&
b0101011111101 ;
b0101011111110 >
1@
1A
#28165
0&
0@
0A
#28170
b00000000000000000000101100000001 "
b00000000000000000000101100000001 $
1&
b0101011111110 ;
b0101011111111 >
1@
1A
#28175
0&
0@
0A
#28180
b00000000000000000000101100000010 "
b00000000000000000000101100000010 $
1&
b0101011111111 ;
b0101100000000 >
1@
1A
#28185
0&
0@
0A
#28190
b00000000000000000000101100000011 "
b00000000000000000000101100000011 $
1&
b0101100000000 ;
b0101100000001 >
1@
1A
#28195
0&
0@
0A
#28200
b00000000000000000000101100000100 "
b00000000000000000000101100000100 $
1&
b0101100000001 ;
b0101100000010 >
1@
1A
#28205
0&
0@
0A
#28210
b00000000000000000000101100000101 "
b00000000000000000000101100000101 $
1&
b0101100000010 ;
b0101100000011 >
1@
1A
#28215
0&
0@
0A
#28220
b00000000000000000000101100000110 "
b00000000000000000000101100000110 $
1&
b0101100000011 ;
b0101100000100 >
1@
1A
#28225
0&
0@
0A
#28230
b00000000000000000000101100000111 "
b00000000000000000000101100000111 $
1&
b0101100000100 ;
b0101100000101 >
1@
1A
#28235
0&
0@
0A
#28240
b00000000000000000000101100001000 "
b00000000000000000000101100001000 $
1&
b0101100000101 ;
b0101100000110 >
1@
1A
#28245
0&
0@
0A
#28250
b00000000000000000000101100001001 "
b00000000000000000000101100001001 $
1&
b0101100000110 ;
b0101100000111 >
1@
1A
#28255
0&
0@
0A
#28260
b00000000000000000000101100001010 "
b00000000000000000000101100001010 $
1&
b0101100000111 ;
b0101100001000 >
1@
1A
#28265
0&
0@
0A
#28270
b00000000000000000000101100001011 "
b00000000000000000000101100001011 $
1&
b0101100001000 ;
b0101100001001 >
1@
1A
#28275
0&
0@
0A
#28280
b00000000000000000000101100001100 "
b00000000000000000000101100001100 $
1&
b0101100001001 ;
b0101100001010 >
1@
1A
#28285
0&
0@
0A
#28290
b00000000000000000000101100001101 "
b00000000000000000000101100001101 $
1&
b0101100001010 ;
b0101100001011 >
1@
1A
#28295
0&
0@
0A
#28300
b00000000000000000000101100001110 "
b00000000000000000000101100001110 $
1&
b0101100001011 ;
b0101100001100 >
1@
1A
#28305
0&
0@
0A
#28310
b00000000000000000000101100001111 "
b00000000000000000000101100001111 $
1&
b0101100001100 ;
b0101100001101 >
1@
1A
#28315
0&
0@
0A
#28320
b00000000000000000000101100010000 "
b00000000000000000000101100010000 $
1&
b0101100001101 ;
b0101100001110 >
1@
1A
#28325
0&
0@
0A
#28330
b00000000000000000000101100010001 "
b00000000000000000000101100010001 $
1&
b0101100001110 ;
b0101100001111 >
1@
1A
#28335
0&
0@
0A
#28340
b00000000000000000000101100010010 "
b00000000000000000000101100010010 $
1&
b0101100001111 ;
b0101100010000 >
1@
1A
#28345
0&
0@
0A
#28350
b00000000000000000000101100010011 "
b00000000000000000000101100010011 $
1&
b0101100010000 ;
b0101100010001 >
1@
1A
#28355
0&
0@
0A
#28360
b00000000000000000000101100010100 "
b00000000000000000000101100010100 $
1&
b0101100010001 ;
b0101100010010 >
1@
1A
#28365
0&
0@
0A
#28370
b00000000000000000000101100010101 "
b00000000000000000000101100010101 $
1&
b0101100010010 ;
b0101100010011 >
1@
1A
#28375
0&
0@
0A
#28380
b00000000000000000000101100010110 "
b00000000000000000000101100010110 $
1&
b0101100010011 ;
b0101100010100 >
1@
1A
#28385
0&
0@
0A
#28390
b00000000000000000000101100010111 "
b00000000000000000000101100010111 $
1&
b0101100010100 ;
b0101100010101 >
1@
1A
#28395
0&
0@
0A
#28400
b00000000000000000000101100011000 "
b00000000000000000000101100011000 $
1&
b0101100010101 ;
b0101100010110 >
1@
1A
#28405
0&
0@
0A
#28410
b00000000000000000000101100011001 "
b00000000000000000000101100011001 $
1&
b0101100010110 ;
b0101100010111 >
1@
1A
#28415
0&
0@
0A
#28420
b00000000000000000000101100011010 "
b00000000000000000000101100011010 $
1&
b0101100010111 ;
b0101100011000 >
1@
1A
#28425
0&
0@
0A
#28430
b00000000000000000000101100011011 "
b00000000000000000000101100011011 $
1&
b0101100011000 ;
b0101100011001 >
1@
1A
#28435
0&
0@
0A
#28440
b00000000000000000000101100011100 "
b00000000000000000000101100011100 $
1&
b0101100011001 ;
b0101100011010 >
1@
1A
#28445
0&
0@
0A
#28450
b00000000000000000000101100011101 "
b00000000000000000000101100011101 $
1&
b0101100011010 ;
b0101100011011 >
1@
1A
#28455
0&
0@
0A
#28460
b00000000000000000000101100011110 "
b00000000000000000000101100011110 $
1&
b0101100011011 ;
b0101100011100 >
1@
1A
#28465
0&
0@
0A
#28470
b00000000000000000000101100011111 "
b00000000000000000000101100011111 $
1&
b0101100011100 ;
b0101100011101 >
1@
1A
#28475
0&
0@
0A
#28480
b00000000000000000000101100100000 "
b00000000000000000000101100100000 $
1&
b0101100011101 ;
b0101100011110 >
1@
1A
#28485
0&
0@
0A
#28490
b00000000000000000000101100100001 "
b00000000000000000000101100100001 $
1&
b0101100011110 ;
b0101100011111 >
1@
1A
#28495
0&
0@
0A
#28500
b00000000000000000000101100100010 "
b00000000000000000000101100100010 $
1&
b0101100011111 ;
b0101100100000 >
1@
1A
#28505
0&
0@
0A
#28510
b00000000000000000000101100100011 "
b00000000000000000000101100100011 $
1&
b0101100100000 ;
b0101100100001 >
1@
1A
#28515
0&
0@
0A
#28520
b00000000000000000000101100100100 "
b00000000000000000000101100100100 $
1&
b0101100100001 ;
b0101100100010 >
1@
1A
#28525
0&
0@
0A
#28530
b00000000000000000000101100100101 "
b00000000000000000000101100100101 $
1&
b0101100100010 ;
b0101100100011 >
1@
1A
#28535
0&
0@
0A
#28540
b00000000000000000000101100100110 "
b00000000000000000000101100100110 $
1&
b0101100100011 ;
b0101100100100 >
1@
1A
#28545
0&
0@
0A
#28550
b00000000000000000000101100100111 "
b00000000000000000000101100100111 $
1&
b0101100100100 ;
b0101100100101 >
1@
1A
#28555
0&
0@
0A
#28560
b00000000000000000000101100101000 "
b00000000000000000000101100101000 $
1&
b0101100100101 ;
b0101100100110 >
1@
1A
#28565
0&
0@
0A
#28570
b00000000000000000000101100101001 "
b00000000000000000000101100101001 $
1&
b0101100100110 ;
b0101100100111 >
1@
1A
#28575
0&
0@
0A
#28580
b00000000000000000000101100101010 "
b00000000000000000000101100101010 $
1&
b0101100100111 ;
b0101100101000 >
1@
1A
#28585
0&
0@
0A
#28590
b00000000000000000000101100101011 "
b00000000000000000000101100101011 $
1&
b0101100101000 ;
b0101100101001 >
1@
1A
#28595
0&
0@
0A
#28600
b00000000000000000000101100101100 "
b00000000000000000000101100101100 $
1&
b0101100101001 ;
b0101100101010 >
1@
1A
#28605
0&
0@
0A
#28610
b00000000000000000000101100101101 "
b00000000000000000000101100101101 $
1&
b0101100101010 ;
b0101100101011 >
1@
1A
#28615
0&
0@
0A
#28620
b00000000000000000000101100101110 "
b00000000000000000000101100101110 $
1&
b0101100101011 ;
b0101100101100 >
1@
1A
#28625
0&
0@
0A
#28630
b00000000000000000000101100101111 "
b00000000000000000000101100101111 $
1&
b0101100101100 ;
b0101100101101 >
1@
1A
#28635
0&
0@
0A
#28640
b00000000000000000000101100110000 "
b00000000000000000000101100110000 $
1&
b0101100101101 ;
b0101100101110 >
1@
1A
#28645
0&
0@
0A
#28650
b00000000000000000000101100110001 "
b00000000000000000000101100110001 $
1&
b0101100101110 ;
b0101100101111 >
1@
1A
#28655
0&
0@
0A
#28660
b00000000000000000000101100110010 "
b00000000000000000000101100110010 $
1&
b0101100101111 ;
b0101100110000 >
1@
1A
#28665
0&
0@
0A
#28670
b00000000000000000000101100110011 "
b00000000000000000000101100110011 $
1&
b0101100110000 ;
b0101100110001 >
1@
1A
#28675
0&
0@
0A
#28680
b00000000000000000000101100110100 "
b00000000000000000000101100110100 $
1&
b0101100110001 ;
b0101100110010 >
1@
1A
#28685
0&
0@
0A
#28690
b00000000000000000000101100110101 "
b00000000000000000000101100110101 $
1&
b0101100110010 ;
b0101100110011 >
1@
1A
#28695
0&
0@
0A
#28700
b00000000000000000000101100110110 "
b00000000000000000000101100110110 $
1&
b0101100110011 ;
b0101100110100 >
1@
1A
#28705
0&
0@
0A
#28710
b00000000000000000000101100110111 "
b00000000000000000000101100110111 $
1&
b0101100110100 ;
b0101100110101 >
1@
1A
#28715
0&
0@
0A
#28720
b00000000000000000000101100111000 "
b00000000000000000000101100111000 $
1&
b0101100110101 ;
b0101100110110 >
1@
1A
#28725
0&
0@
0A
#28730
b00000000000000000000101100111001 "
b00000000000000000000101100111001 $
1&
b0101100110110 ;
b0101100110111 >
1@
1A
#28735
0&
0@
0A
#28740
b00000000000000000000101100111010 "
b00000000000000000000101100111010 $
1&
b0101100110111 ;
b0101100111000 >
1@
1A
#28745
0&
0@
0A
#28750
b00000000000000000000101100111011 "
b00000000000000000000101100111011 $
1&
b0101100111000 ;
b0101100111001 >
1@
1A
#28755
0&
0@
0A
#28760
b00000000000000000000101100111100 "
b00000000000000000000101100111100 $
1&
b0101100111001 ;
b0101100111010 >
1@
1A
#28765
0&
0@
0A
#28770
b00000000000000000000101100111101 "
b00000000000000000000101100111101 $
1&
b0101100111010 ;
b0101100111011 >
1@
1A
#28775
0&
0@
0A
#28780
b00000000000000000000101100111110 "
b00000000000000000000101100111110 $
1&
b0101100111011 ;
b0101100111100 >
1@
1A
#28785
0&
0@
0A
#28790
b00000000000000000000101100111111 "
b00000000000000000000101100111111 $
1&
b0101100111100 ;
b0101100111101 >
1@
1A
#28795
0&
0@
0A
#28800
b00000000000000000000101101000000 "
b00000000000000000000101101000000 $
1&
b0101100111101 ;
b0101100111110 >
1@
1A
#28805
0&
0@
0A
#28810
b00000000000000000000101101000001 "
b00000000000000000000101101000001 $
1&
b0101100111110 ;
b0101100111111 >
1@
1A
#28815
0&
0@
0A
#28820
b00000000000000000000101101000010 "
b00000000000000000000101101000010 $
1&
b0101100111111 ;
b0101101000000 >
1@
1A
#28825
0&
0@
0A
#28830
b00000000000000000000101101000011 "
b00000000000000000000101101000011 $
1&
b0101101000000 ;
b0101101000001 >
1@
1A
#28835
0&
0@
0A
#28840
b00000000000000000000101101000100 "
b00000000000000000000101101000100 $
1&
b0101101000001 ;
b0101101000010 >
1@
1A
#28845
0&
0@
0A
#28850
b00000000000000000000101101000101 "
b00000000000000000000101101000101 $
1&
b0101101000010 ;
b0101101000011 >
1@
1A
#28855
0&
0@
0A
#28860
b00000000000000000000101101000110 "
b00000000000000000000101101000110 $
1&
b0101101000011 ;
b0101101000100 >
1@
1A
#28865
0&
0@
0A
#28870
b00000000000000000000101101000111 "
b00000000000000000000101101000111 $
1&
b0101101000100 ;
b0101101000101 >
1@
1A
#28875
0&
0@
0A
#28880
b00000000000000000000101101001000 "
b00000000000000000000101101001000 $
1&
b0101101000101 ;
b0101101000110 >
1@
1A
#28885
0&
0@
0A
#28890
b00000000000000000000101101001001 "
b00000000000000000000101101001001 $
1&
b0101101000110 ;
b0101101000111 >
1@
1A
#28895
0&
0@
0A
#28900
b00000000000000000000101101001010 "
b00000000000000000000101101001010 $
1&
b0101101000111 ;
b0101101001000 >
1@
1A
#28905
0&
0@
0A
#28910
b00000000000000000000101101001011 "
b00000000000000000000101101001011 $
1&
b0101101001000 ;
b0101101001001 >
1@
1A
#28915
0&
0@
0A
#28920
b00000000000000000000101101001100 "
b00000000000000000000101101001100 $
1&
b0101101001001 ;
b0101101001010 >
1@
1A
#28925
0&
0@
0A
#28930
b00000000000000000000101101001101 "
b00000000000000000000101101001101 $
1&
b0101101001010 ;
b0101101001011 >
1@
1A
#28935
0&
0@
0A
#28940
b00000000000000000000101101001110 "
b00000000000000000000101101001110 $
1&
b0101101001011 ;
b0101101001100 >
1@
1A
#28945
0&
0@
0A
#28950
b00000000000000000000101101001111 "
b00000000000000000000101101001111 $
1&
b0101101001100 ;
b0101101001101 >
1@
1A
#28955
0&
0@
0A
#28960
b00000000000000000000101101010000 "
b00000000000000000000101101010000 $
1&
b0101101001101 ;
b0101101001110 >
1@
1A
#28965
0&
0@
0A
#28970
b00000000000000000000101101010001 "
b00000000000000000000101101010001 $
1&
b0101101001110 ;
b0101101001111 >
1@
1A
#28975
0&
0@
0A
#28980
b00000000000000000000101101010010 "
b00000000000000000000101101010010 $
1&
b0101101001111 ;
b0101101010000 >
1@
1A
#28985
0&
0@
0A
#28990
b00000000000000000000101101010011 "
b00000000000000000000101101010011 $
1&
b0101101010000 ;
b0101101010001 >
1@
1A
#28995
0&
0@
0A
#29000
b00000000000000000000101101010100 "
b00000000000000000000101101010100 $
1&
b0101101010001 ;
b0101101010010 >
1@
1A
#29005
0&
0@
0A
#29010
b00000000000000000000101101010101 "
b00000000000000000000101101010101 $
1&
b0101101010010 ;
b0101101010011 >
1@
1A
#29015
0&
0@
0A
#29020
b00000000000000000000101101010110 "
b00000000000000000000101101010110 $
1&
b0101101010011 ;
b0101101010100 >
1@
1A
#29025
0&
0@
0A
#29030
b00000000000000000000101101010111 "
b00000000000000000000101101010111 $
1&
b0101101010100 ;
b0101101010101 >
1@
1A
#29035
0&
0@
0A
#29040
b00000000000000000000101101011000 "
b00000000000000000000101101011000 $
1&
b0101101010101 ;
b0101101010110 >
1@
1A
#29045
0&
0@
0A
#29050
b00000000000000000000101101011001 "
b00000000000000000000101101011001 $
1&
b0101101010110 ;
b0101101010111 >
1@
1A
#29055
0&
0@
0A
#29060
b00000000000000000000101101011010 "
b00000000000000000000101101011010 $
1&
b0101101010111 ;
b0101101011000 >
1@
1A
#29065
0&
0@
0A
#29070
b00000000000000000000101101011011 "
b00000000000000000000101101011011 $
1&
b0101101011000 ;
b0101101011001 >
1@
1A
#29075
0&
0@
0A
#29080
b00000000000000000000101101011100 "
b00000000000000000000101101011100 $
1&
b0101101011001 ;
b0101101011010 >
1@
1A
#29085
0&
0@
0A
#29090
b00000000000000000000101101011101 "
b00000000000000000000101101011101 $
1&
b0101101011010 ;
b0101101011011 >
1@
1A
#29095
0&
0@
0A
#29100
b00000000000000000000101101011110 "
b00000000000000000000101101011110 $
1&
b0101101011011 ;
b0101101011100 >
1@
1A
#29105
0&
0@
0A
#29110
b00000000000000000000101101011111 "
b00000000000000000000101101011111 $
1&
b0101101011100 ;
b0101101011101 >
1@
1A
#29115
0&
0@
0A
#29120
b00000000000000000000101101100000 "
b00000000000000000000101101100000 $
1&
b0101101011101 ;
b0101101011110 >
1@
1A
#29125
0&
0@
0A
#29130
b00000000000000000000101101100001 "
b00000000000000000000101101100001 $
1&
b0101101011110 ;
b0101101011111 >
1@
1A
#29135
0&
0@
0A
#29140
b00000000000000000000101101100010 "
b00000000000000000000101101100010 $
1&
b0101101011111 ;
b0101101100000 >
1@
1A
#29145
0&
0@
0A
#29150
b00000000000000000000101101100011 "
b00000000000000000000101101100011 $
1&
b0101101100000 ;
b0101101100001 >
1@
1A
#29155
0&
0@
0A
#29160
b00000000000000000000101101100100 "
b00000000000000000000101101100100 $
1&
b0101101100001 ;
b0101101100010 >
1@
1A
#29165
0&
0@
0A
#29170
b00000000000000000000101101100101 "
b00000000000000000000101101100101 $
1&
b0101101100010 ;
b0101101100011 >
1@
1A
#29175
0&
0@
0A
#29180
b00000000000000000000101101100110 "
b00000000000000000000101101100110 $
1&
b0101101100011 ;
b0101101100100 >
1@
1A
#29185
0&
0@
0A
#29190
b00000000000000000000101101100111 "
b00000000000000000000101101100111 $
1&
b0101101100100 ;
b0101101100101 >
1@
1A
#29195
0&
0@
0A
#29200
b00000000000000000000101101101000 "
b00000000000000000000101101101000 $
1&
b0101101100101 ;
b0101101100110 >
1@
1A
#29205
0&
0@
0A
#29210
b00000000000000000000101101101001 "
b00000000000000000000101101101001 $
1&
b0101101100110 ;
b0101101100111 >
1@
1A
#29215
0&
0@
0A
#29220
b00000000000000000000101101101010 "
b00000000000000000000101101101010 $
1&
b0101101100111 ;
b0101101101000 >
1@
1A
#29225
0&
0@
0A
#29230
b00000000000000000000101101101011 "
b00000000000000000000101101101011 $
1&
b0101101101000 ;
b0101101101001 >
1@
1A
#29235
0&
0@
0A
#29240
b00000000000000000000101101101100 "
b00000000000000000000101101101100 $
1&
b0101101101001 ;
b0101101101010 >
1@
1A
#29245
0&
0@
0A
#29250
b00000000000000000000101101101101 "
b00000000000000000000101101101101 $
1&
b0101101101010 ;
b0101101101011 >
1@
1A
#29255
0&
0@
0A
#29260
b00000000000000000000101101101110 "
b00000000000000000000101101101110 $
1&
b0101101101011 ;
b0101101101100 >
1@
1A
#29265
0&
0@
0A
#29270
b00000000000000000000101101101111 "
b00000000000000000000101101101111 $
1&
b0101101101100 ;
b0101101101101 >
1@
1A
#29275
0&
0@
0A
#29280
b00000000000000000000101101110000 "
b00000000000000000000101101110000 $
1&
b0101101101101 ;
b0101101101110 >
1@
1A
#29285
0&
0@
0A
#29290
b00000000000000000000101101110001 "
b00000000000000000000101101110001 $
1&
b0101101101110 ;
b0101101101111 >
1@
1A
#29295
0&
0@
0A
#29300
b00000000000000000000101101110010 "
b00000000000000000000101101110010 $
1&
b0101101101111 ;
b0101101110000 >
1@
1A
#29305
0&
0@
0A
#29310
b00000000000000000000101101110011 "
b00000000000000000000101101110011 $
1&
b0101101110000 ;
b0101101110001 >
1@
1A
#29315
0&
0@
0A
#29320
b00000000000000000000101101110100 "
b00000000000000000000101101110100 $
1&
b0101101110001 ;
b0101101110010 >
1@
1A
#29325
0&
0@
0A
#29330
b00000000000000000000101101110101 "
b00000000000000000000101101110101 $
1&
b0101101110010 ;
b0101101110011 >
1@
1A
#29335
0&
0@
0A
#29340
b00000000000000000000101101110110 "
b00000000000000000000101101110110 $
1&
b0101101110011 ;
b0101101110100 >
1@
1A
#29345
0&
0@
0A
#29350
b00000000000000000000101101110111 "
b00000000000000000000101101110111 $
1&
b0101101110100 ;
b0101101110101 >
1@
1A
#29355
0&
0@
0A
#29360
b00000000000000000000101101111000 "
b00000000000000000000101101111000 $
1&
b0101101110101 ;
b0101101110110 >
1@
1A
#29365
0&
0@
0A
#29370
b00000000000000000000101101111001 "
b00000000000000000000101101111001 $
1&
b0101101110110 ;
b0101101110111 >
1@
1A
#29375
0&
0@
0A
#29380
b00000000000000000000101101111010 "
b00000000000000000000101101111010 $
1&
b0101101110111 ;
b0101101111000 >
1@
1A
#29385
0&
0@
0A
#29390
b00000000000000000000101101111011 "
b00000000000000000000101101111011 $
1&
b0101101111000 ;
b0101101111001 >
1@
1A
#29395
0&
0@
0A
#29400
b00000000000000000000101101111100 "
b00000000000000000000101101111100 $
1&
b0101101111001 ;
b0101101111010 >
1@
1A
#29405
0&
0@
0A
#29410
b00000000000000000000101101111101 "
b00000000000000000000101101111101 $
1&
b0101101111010 ;
b0101101111011 >
1@
1A
#29415
0&
0@
0A
#29420
b00000000000000000000101101111110 "
b00000000000000000000101101111110 $
1&
b0101101111011 ;
b0101101111100 >
1@
1A
#29425
0&
0@
0A
#29430
b00000000000000000000101101111111 "
b00000000000000000000101101111111 $
1&
b0101101111100 ;
b0101101111101 >
1@
1A
#29435
0&
0@
0A
#29440
b00000000000000000000101110000000 "
b00000000000000000000101110000000 $
1&
b0101101111101 ;
b0101101111110 >
1@
1A
#29445
0&
0@
0A
#29450
b00000000000000000000101110000001 "
b00000000000000000000101110000001 $
1&
b0101101111110 ;
b0101101111111 >
1@
1A
#29455
0&
0@
0A
#29460
b00000000000000000000101110000010 "
b00000000000000000000101110000010 $
1&
b0101101111111 ;
b0101110000000 >
1@
1A
#29465
0&
0@
0A
#29470
b00000000000000000000101110000011 "
b00000000000000000000101110000011 $
1&
b0101110000000 ;
b0101110000001 >
1@
1A
#29475
0&
0@
0A
#29480
b00000000000000000000101110000100 "
b00000000000000000000101110000100 $
1&
b0101110000001 ;
b0101110000010 >
1@
1A
#29485
0&
0@
0A
#29490
b00000000000000000000101110000101 "
b00000000000000000000101110000101 $
1&
b0101110000010 ;
b0101110000011 >
1@
1A
#29495
0&
0@
0A
#29500
b00000000000000000000101110000110 "
b00000000000000000000101110000110 $
1&
b0101110000011 ;
b0101110000100 >
1@
1A
#29505
0&
0@
0A
#29510
b00000000000000000000101110000111 "
b00000000000000000000101110000111 $
1&
b0101110000100 ;
b0101110000101 >
1@
1A
#29515
0&
0@
0A
#29520
b00000000000000000000101110001000 "
b00000000000000000000101110001000 $
1&
b0101110000101 ;
b0101110000110 >
1@
1A
#29525
0&
0@
0A
#29530
b00000000000000000000101110001001 "
b00000000000000000000101110001001 $
1&
b0101110000110 ;
b0101110000111 >
1@
1A
#29535
0&
0@
0A
#29540
b00000000000000000000101110001010 "
b00000000000000000000101110001010 $
1&
b0101110000111 ;
b0101110001000 >
1@
1A
#29545
0&
0@
0A
#29550
b00000000000000000000101110001011 "
b00000000000000000000101110001011 $
1&
b0101110001000 ;
b0101110001001 >
1@
1A
#29555
0&
0@
0A
#29560
b00000000000000000000101110001100 "
b00000000000000000000101110001100 $
1&
b0101110001001 ;
b0101110001010 >
1@
1A
#29565
0&
0@
0A
#29570
b00000000000000000000101110001101 "
b00000000000000000000101110001101 $
1&
b0101110001010 ;
b0101110001011 >
1@
1A
#29575
0&
0@
0A
#29580
b00000000000000000000101110001110 "
b00000000000000000000101110001110 $
1&
b0101110001011 ;
b0101110001100 >
1@
1A
#29585
0&
0@
0A
#29590
b00000000000000000000101110001111 "
b00000000000000000000101110001111 $
1&
b0101110001100 ;
b0101110001101 >
1@
1A
#29595
0&
0@
0A
#29600
b00000000000000000000101110010000 "
b00000000000000000000101110010000 $
1&
b0101110001101 ;
b0101110001110 >
1@
1A
#29605
0&
0@
0A
#29610
b00000000000000000000101110010001 "
b00000000000000000000101110010001 $
1&
b0101110001110 ;
b0101110001111 >
1@
1A
#29615
0&
0@
0A
#29620
b00000000000000000000101110010010 "
b00000000000000000000101110010010 $
1&
b0101110001111 ;
b0101110010000 >
1@
1A
#29625
0&
0@
0A
#29630
b00000000000000000000101110010011 "
b00000000000000000000101110010011 $
1&
b0101110010000 ;
b0101110010001 >
1@
1A
#29635
0&
0@
0A
#29640
b00000000000000000000101110010100 "
b00000000000000000000101110010100 $
1&
b0101110010001 ;
b0101110010010 >
1@
1A
#29645
0&
0@
0A
#29650
b00000000000000000000101110010101 "
b00000000000000000000101110010101 $
1&
b0101110010010 ;
b0101110010011 >
1@
1A
#29655
0&
0@
0A
#29660
b00000000000000000000101110010110 "
b00000000000000000000101110010110 $
1&
b0101110010011 ;
b0101110010100 >
1@
1A
#29665
0&
0@
0A
#29670
b00000000000000000000101110010111 "
b00000000000000000000101110010111 $
1&
b0101110010100 ;
b0101110010101 >
1@
1A
#29675
0&
0@
0A
#29680
b00000000000000000000101110011000 "
b00000000000000000000101110011000 $
1&
b0101110010101 ;
b0101110010110 >
1@
1A
#29685
0&
0@
0A
#29690
b00000000000000000000101110011001 "
b00000000000000000000101110011001 $
1&
b0101110010110 ;
b0101110010111 >
1@
1A
#29695
0&
0@
0A
#29700
b00000000000000000000101110011010 "
b00000000000000000000101110011010 $
1&
b0101110010111 ;
b0101110011000 >
1@
1A
#29705
0&
0@
0A
#29710
b00000000000000000000101110011011 "
b00000000000000000000101110011011 $
1&
b0101110011000 ;
b0101110011001 >
1@
1A
#29715
0&
0@
0A
#29720
b00000000000000000000101110011100 "
b00000000000000000000101110011100 $
1&
b0101110011001 ;
b0101110011010 >
1@
1A
#29725
0&
0@
0A
#29730
b00000000000000000000101110011101 "
b00000000000000000000101110011101 $
1&
b0101110011010 ;
b0101110011011 >
1@
1A
#29735
0&
0@
0A
#29740
b00000000000000000000101110011110 "
b00000000000000000000101110011110 $
1&
b0101110011011 ;
b0101110011100 >
1@
1A
#29745
0&
0@
0A
#29750
b00000000000000000000101110011111 "
b00000000000000000000101110011111 $
1&
b0101110011100 ;
b0101110011101 >
1@
1A
#29755
0&
0@
0A
#29760
b00000000000000000000101110100000 "
b00000000000000000000101110100000 $
1&
b0101110011101 ;
b0101110011110 >
1@
1A
#29765
0&
0@
0A
#29770
b00000000000000000000101110100001 "
b00000000000000000000101110100001 $
1&
b0101110011110 ;
b0101110011111 >
1@
1A
#29775
0&
0@
0A
#29780
b00000000000000000000101110100010 "
b00000000000000000000101110100010 $
1&
b0101110011111 ;
b0101110100000 >
1@
1A
#29785
0&
0@
0A
#29790
b00000000000000000000101110100011 "
b00000000000000000000101110100011 $
1&
b0101110100000 ;
b0101110100001 >
1@
1A
#29795
0&
0@
0A
#29800
b00000000000000000000101110100100 "
b00000000000000000000101110100100 $
1&
b0101110100001 ;
b0101110100010 >
1@
1A
#29805
0&
0@
0A
#29810
b00000000000000000000101110100101 "
b00000000000000000000101110100101 $
1&
b0101110100010 ;
b0101110100011 >
1@
1A
#29815
0&
0@
0A
#29820
b00000000000000000000101110100110 "
b00000000000000000000101110100110 $
1&
b0101110100011 ;
b0101110100100 >
1@
1A
#29825
0&
0@
0A
#29830
b00000000000000000000101110100111 "
b00000000000000000000101110100111 $
1&
b0101110100100 ;
b0101110100101 >
1@
1A
#29835
0&
0@
0A
#29840
b00000000000000000000101110101000 "
b00000000000000000000101110101000 $
1&
b0101110100101 ;
b0101110100110 >
1@
1A
#29845
0&
0@
0A
#29850
b00000000000000000000101110101001 "
b00000000000000000000101110101001 $
1&
b0101110100110 ;
b0101110100111 >
1@
1A
#29855
0&
0@
0A
#29860
b00000000000000000000101110101010 "
b00000000000000000000101110101010 $
1&
b0101110100111 ;
b0101110101000 >
1@
1A
#29865
0&
0@
0A
#29870
b00000000000000000000101110101011 "
b00000000000000000000101110101011 $
1&
b0101110101000 ;
b0101110101001 >
1@
1A
#29875
0&
0@
0A
#29880
b00000000000000000000101110101100 "
b00000000000000000000101110101100 $
1&
b0101110101001 ;
b0101110101010 >
1@
1A
#29885
0&
0@
0A
#29890
b00000000000000000000101110101101 "
b00000000000000000000101110101101 $
1&
b0101110101010 ;
b0101110101011 >
1@
1A
#29895
0&
0@
0A
#29900
b00000000000000000000101110101110 "
b00000000000000000000101110101110 $
1&
b0101110101011 ;
b0101110101100 >
1@
1A
#29905
0&
0@
0A
#29910
b00000000000000000000101110101111 "
b00000000000000000000101110101111 $
1&
b0101110101100 ;
b0101110101101 >
1@
1A
#29915
0&
0@
0A
#29920
b00000000000000000000101110110000 "
b00000000000000000000101110110000 $
1&
b0101110101101 ;
b0101110101110 >
1@
1A
#29925
0&
0@
0A
#29930
b00000000000000000000101110110001 "
b00000000000000000000101110110001 $
1&
b0101110101110 ;
b0101110101111 >
1@
1A
#29935
0&
0@
0A
#29940
b00000000000000000000101110110010 "
b00000000000000000000101110110010 $
1&
b0101110101111 ;
b0101110110000 >
1@
1A
#29945
0&
0@
0A
#29950
b00000000000000000000101110110011 "
b00000000000000000000101110110011 $
1&
b0101110110000 ;
b0101110110001 >
1@
1A
#29955
0&
0@
0A
#29960
b00000000000000000000101110110100 "
b00000000000000000000101110110100 $
1&
b0101110110001 ;
b0101110110010 >
1@
1A
#29965
0&
0@
0A
#29970
b00000000000000000000101110110101 "
b00000000000000000000101110110101 $
1&
b0101110110010 ;
b0101110110011 >
1@
1A
#29975
0&
0@
0A
#29980
b00000000000000000000101110110110 "
b00000000000000000000101110110110 $
1&
b0101110110011 ;
b0101110110100 >
1@
1A
#29985
0&
0@
0A
#29990
b00000000000000000000101110110111 "
b00000000000000000000101110110111 $
1&
b0101110110100 ;
b0101110110101 >
1@
1A
#29995
0&
0@
0A
#30000
b00000000000000000000101110111000 "
b00000000000000000000101110111000 $
1&
b0101110110101 ;
b0101110110110 >
1@
1A
#30005
0&
0@
0A
#30010
b00000000000000000000101110111001 "
b00000000000000000000101110111001 $
1&
b0101110110110 ;
b0101110110111 >
1@
1A
#30015
0&
0@
0A
#30020
b00000000000000000000101110111010 "
b00000000000000000000101110111010 $
1&
b0101110110111 ;
b0101110111000 >
1@
1A
#30025
0&
0@
0A
#30030
b00000000000000000000101110111011 "
b00000000000000000000101110111011 $
1&
b0101110111000 ;
b0101110111001 >
1@
1A
#30035
0&
0@
0A
#30040
b00000000000000000000101110111100 "
b00000000000000000000101110111100 $
1&
b0101110111001 ;
b0101110111010 >
1@
1A
#30045
0&
0@
0A
#30050
b00000000000000000000101110111101 "
b00000000000000000000101110111101 $
1&
b0101110111010 ;
b0101110111011 >
1@
1A
#30055
0&
0@
0A
#30060
b00000000000000000000101110111110 "
b00000000000000000000101110111110 $
1&
b0101110111011 ;
b0101110111100 >
1@
1A
#30065
0&
0@
0A
#30070
b00000000000000000000101110111111 "
b00000000000000000000101110111111 $
1&
b0101110111100 ;
b0101110111101 >
1@
1A
#30075
0&
0@
0A
#30080
b00000000000000000000101111000000 "
b00000000000000000000101111000000 $
1&
b0101110111101 ;
b0101110111110 >
1@
1A
#30085
0&
0@
0A
#30090
b00000000000000000000101111000001 "
b00000000000000000000101111000001 $
1&
b0101110111110 ;
b0101110111111 >
1@
1A
#30095
0&
0@
0A
#30100
b00000000000000000000101111000010 "
b00000000000000000000101111000010 $
1&
b0101110111111 ;
b0101111000000 >
1@
1A
#30105
0&
0@
0A
#30110
b00000000000000000000101111000011 "
b00000000000000000000101111000011 $
1&
b0101111000000 ;
b0101111000001 >
1@
1A
#30115
0&
0@
0A
#30120
b00000000000000000000101111000100 "
b00000000000000000000101111000100 $
1&
b0101111000001 ;
b0101111000010 >
1@
1A
#30125
0&
0@
0A
#30130
b00000000000000000000101111000101 "
b00000000000000000000101111000101 $
1&
b0101111000010 ;
b0101111000011 >
1@
1A
#30135
0&
0@
0A
#30140
b00000000000000000000101111000110 "
b00000000000000000000101111000110 $
1&
b0101111000011 ;
b0101111000100 >
1@
1A
#30145
0&
0@
0A
#30150
b00000000000000000000101111000111 "
b00000000000000000000101111000111 $
1&
b0101111000100 ;
b0101111000101 >
1@
1A
#30155
0&
0@
0A
#30160
b00000000000000000000101111001000 "
b00000000000000000000101111001000 $
1&
b0101111000101 ;
b0101111000110 >
1@
1A
#30165
0&
0@
0A
#30170
b00000000000000000000101111001001 "
b00000000000000000000101111001001 $
1&
b0101111000110 ;
b0101111000111 >
1@
1A
#30175
0&
0@
0A
#30180
b00000000000000000000101111001010 "
b00000000000000000000101111001010 $
1&
b0101111000111 ;
b0101111001000 >
1@
1A
#30185
0&
0@
0A
#30190
b00000000000000000000101111001011 "
b00000000000000000000101111001011 $
1&
b0101111001000 ;
b0101111001001 >
1@
1A
#30195
0&
0@
0A
#30200
b00000000000000000000101111001100 "
b00000000000000000000101111001100 $
1&
b0101111001001 ;
b0101111001010 >
1@
1A
#30205
0&
0@
0A
#30210
b00000000000000000000101111001101 "
b00000000000000000000101111001101 $
1&
b0101111001010 ;
b0101111001011 >
1@
1A
#30215
0&
0@
0A
#30220
b00000000000000000000101111001110 "
b00000000000000000000101111001110 $
1&
b0101111001011 ;
b0101111001100 >
1@
1A
#30225
0&
0@
0A
#30230
b00000000000000000000101111001111 "
b00000000000000000000101111001111 $
1&
b0101111001100 ;
b0101111001101 >
1@
1A
#30235
0&
0@
0A
#30240
b00000000000000000000101111010000 "
b00000000000000000000101111010000 $
1&
b0101111001101 ;
b0101111001110 >
1@
1A
#30245
0&
0@
0A
#30250
b00000000000000000000101111010001 "
b00000000000000000000101111010001 $
1&
b0101111001110 ;
b0101111001111 >
1@
1A
#30255
0&
0@
0A
#30260
b00000000000000000000101111010010 "
b00000000000000000000101111010010 $
1&
b0101111001111 ;
b0101111010000 >
1@
1A
#30265
0&
0@
0A
#30270
b00000000000000000000101111010011 "
b00000000000000000000101111010011 $
1&
b0101111010000 ;
b0101111010001 >
1@
1A
#30275
0&
0@
0A
#30280
b00000000000000000000101111010100 "
b00000000000000000000101111010100 $
1&
b0101111010001 ;
b0101111010010 >
1@
1A
#30285
0&
0@
0A
#30290
b00000000000000000000101111010101 "
b00000000000000000000101111010101 $
1&
b0101111010010 ;
b0101111010011 >
1@
1A
#30295
0&
0@
0A
#30300
b00000000000000000000101111010110 "
b00000000000000000000101111010110 $
1&
b0101111010011 ;
b0101111010100 >
1@
1A
#30305
0&
0@
0A
#30310
b00000000000000000000101111010111 "
b00000000000000000000101111010111 $
1&
b0101111010100 ;
b0101111010101 >
1@
1A
#30315
0&
0@
0A
#30320
b00000000000000000000101111011000 "
b00000000000000000000101111011000 $
1&
b0101111010101 ;
b0101111010110 >
1@
1A
#30325
0&
0@
0A
#30330
b00000000000000000000101111011001 "
b00000000000000000000101111011001 $
1&
b0101111010110 ;
b0101111010111 >
1@
1A
#30335
0&
0@
0A
#30340
b00000000000000000000101111011010 "
b00000000000000000000101111011010 $
1&
b0101111010111 ;
b0101111011000 >
1@
1A
#30345
0&
0@
0A
#30350
b00000000000000000000101111011011 "
b00000000000000000000101111011011 $
1&
b0101111011000 ;
b0101111011001 >
1@
1A
#30355
0&
0@
0A
#30360
b00000000000000000000101111011100 "
b00000000000000000000101111011100 $
1&
b0101111011001 ;
b0101111011010 >
1@
1A
#30365
0&
0@
0A
#30370
b00000000000000000000101111011101 "
b00000000000000000000101111011101 $
1&
b0101111011010 ;
b0101111011011 >
1@
1A
#30375
0&
0@
0A
#30380
b00000000000000000000101111011110 "
b00000000000000000000101111011110 $
1&
b0101111011011 ;
b0101111011100 >
1@
1A
#30385
0&
0@
0A
#30390
b00000000000000000000101111011111 "
b00000000000000000000101111011111 $
1&
b0101111011100 ;
b0101111011101 >
1@
1A
#30395
0&
0@
0A
#30400
b00000000000000000000101111100000 "
b00000000000000000000101111100000 $
1&
b0101111011101 ;
b0101111011110 >
1@
1A
#30405
0&
0@
0A
#30410
b00000000000000000000101111100001 "
b00000000000000000000101111100001 $
1&
b0101111011110 ;
b0101111011111 >
1@
1A
#30415
0&
0@
0A
#30420
b00000000000000000000101111100010 "
b00000000000000000000101111100010 $
1&
b0101111011111 ;
b0101111100000 >
1@
1A
#30425
0&
0@
0A
#30430
b00000000000000000000101111100011 "
b00000000000000000000101111100011 $
1&
b0101111100000 ;
b0101111100001 >
1@
1A
#30435
0&
0@
0A
#30440
b00000000000000000000101111100100 "
b00000000000000000000101111100100 $
1&
b0101111100001 ;
b0101111100010 >
1@
1A
#30445
0&
0@
0A
#30450
b00000000000000000000101111100101 "
b00000000000000000000101111100101 $
1&
b0101111100010 ;
b0101111100011 >
1@
1A
#30455
0&
0@
0A
#30460
b00000000000000000000101111100110 "
b00000000000000000000101111100110 $
1&
b0101111100011 ;
b0101111100100 >
1@
1A
#30465
0&
0@
0A
#30470
b00000000000000000000101111100111 "
b00000000000000000000101111100111 $
1&
b0101111100100 ;
b0101111100101 >
1@
1A
#30475
0&
0@
0A
#30480
b00000000000000000000101111101000 "
b00000000000000000000101111101000 $
1&
b0101111100101 ;
b0101111100110 >
1@
1A
#30485
0&
0@
0A
#30490
b00000000000000000000101111101001 "
b00000000000000000000101111101001 $
1&
b0101111100110 ;
b0101111100111 >
1@
1A
#30495
0&
0@
0A
#30500
b00000000000000000000101111101010 "
b00000000000000000000101111101010 $
1&
b0101111100111 ;
b0101111101000 >
1@
1A
#30505
0&
0@
0A
#30510
b00000000000000000000101111101011 "
b00000000000000000000101111101011 $
1&
b0101111101000 ;
b0101111101001 >
1@
1A
#30515
0&
0@
0A
#30520
b00000000000000000000101111101100 "
b00000000000000000000101111101100 $
1&
b0101111101001 ;
b0101111101010 >
1@
1A
#30525
0&
0@
0A
#30530
b00000000000000000000101111101101 "
b00000000000000000000101111101101 $
1&
b0101111101010 ;
b0101111101011 >
1@
1A
#30535
0&
0@
0A
#30540
b00000000000000000000101111101110 "
b00000000000000000000101111101110 $
1&
b0101111101011 ;
b0101111101100 >
1@
1A
#30545
0&
0@
0A
#30550
b00000000000000000000101111101111 "
b00000000000000000000101111101111 $
1&
b0101111101100 ;
b0101111101101 >
1@
1A
#30555
0&
0@
0A
#30560
b00000000000000000000101111110000 "
b00000000000000000000101111110000 $
1&
b0101111101101 ;
b0101111101110 >
1@
1A
#30565
0&
0@
0A
#30570
b00000000000000000000101111110001 "
b00000000000000000000101111110001 $
1&
b0101111101110 ;
b0101111101111 >
1@
1A
#30575
0&
0@
0A
#30580
b00000000000000000000101111110010 "
b00000000000000000000101111110010 $
1&
b0101111101111 ;
b0101111110000 >
1@
1A
#30585
0&
0@
0A
#30590
b00000000000000000000101111110011 "
b00000000000000000000101111110011 $
1&
b0101111110000 ;
b0101111110001 >
1@
1A
#30595
0&
0@
0A
#30600
b00000000000000000000101111110100 "
b00000000000000000000101111110100 $
1&
b0101111110001 ;
b0101111110010 >
1@
1A
#30605
0&
0@
0A
#30610
b00000000000000000000101111110101 "
b00000000000000000000101111110101 $
1&
b0101111110010 ;
b0101111110011 >
1@
1A
#30615
0&
0@
0A
#30620
b00000000000000000000101111110110 "
b00000000000000000000101111110110 $
1&
b0101111110011 ;
b0101111110100 >
1@
1A
#30625
0&
0@
0A
#30630
b00000000000000000000101111110111 "
b00000000000000000000101111110111 $
1&
b0101111110100 ;
b0101111110101 >
1@
1A
#30635
0&
0@
0A
#30640
b00000000000000000000101111111000 "
b00000000000000000000101111111000 $
1&
b0101111110101 ;
b0101111110110 >
1@
1A
#30645
0&
0@
0A
#30650
b00000000000000000000101111111001 "
b00000000000000000000101111111001 $
1&
b0101111110110 ;
b0101111110111 >
1@
1A
#30655
0&
0@
0A
#30660
b00000000000000000000101111111010 "
b00000000000000000000101111111010 $
1&
b0101111110111 ;
b0101111111000 >
1@
1A
#30665
0&
0@
0A
#30670
b00000000000000000000101111111011 "
b00000000000000000000101111111011 $
1&
b0101111111000 ;
b0101111111001 >
1@
1A
#30675
0&
0@
0A
#30680
b00000000000000000000101111111100 "
b00000000000000000000101111111100 $
1&
b0101111111001 ;
b0101111111010 >
1@
1A
#30685
0&
0@
0A
#30690
b00000000000000000000101111111101 "
b00000000000000000000101111111101 $
1&
b0101111111010 ;
b0101111111011 >
1@
1A
#30695
0&
0@
0A
#30700
b00000000000000000000101111111110 "
b00000000000000000000101111111110 $
1&
b0101111111011 ;
b0101111111100 >
1@
1A
#30705
0&
0@
0A
#30710
b00000000000000000000101111111111 "
b00000000000000000000101111111111 $
1&
b0101111111100 ;
b0101111111101 >
1@
1A
#30715
0&
0@
0A
#30720
b00000000000000000000110000000000 "
b00000000000000000000110000000000 $
1&
b0101111111101 ;
b0101111111110 >
1@
1A
#30725
0&
0@
0A
#30730
b00000000000000000000110000000001 "
b00000000000000000000110000000001 $
1&
b0101111111110 ;
b0101111111111 >
1@
1A
#30735
0&
0@
0A
#30740
b00000000000000000000110000000010 "
b00000000000000000000110000000010 $
1&
b0101111111111 ;
b0110000000000 >
1@
1A
#30745
0&
0@
0A
#30750
b00000000000000000000110000000011 "
b00000000000000000000110000000011 $
1&
b0110000000000 ;
b0110000000001 >
1@
1A
#30755
0&
0@
0A
#30760
b00000000000000000000110000000100 "
b00000000000000000000110000000100 $
1&
b0110000000001 ;
b0110000000010 >
1@
1A
#30765
0&
0@
0A
#30770
b00000000000000000000110000000101 "
b00000000000000000000110000000101 $
1&
b0110000000010 ;
b0110000000011 >
1@
1A
#30775
0&
0@
0A
#30780
b00000000000000000000110000000110 "
b00000000000000000000110000000110 $
1&
b0110000000011 ;
b0110000000100 >
1@
1A
#30785
0&
0@
0A
#30790
b00000000000000000000110000000111 "
b00000000000000000000110000000111 $
1&
b0110000000100 ;
b0110000000101 >
1@
1A
#30795
0&
0@
0A
#30800
b00000000000000000000110000001000 "
b00000000000000000000110000001000 $
1&
b0110000000101 ;
b0110000000110 >
1@
1A
#30805
0&
0@
0A
#30810
b00000000000000000000110000001001 "
b00000000000000000000110000001001 $
1&
b0110000000110 ;
b0110000000111 >
1@
1A
#30815
0&
0@
0A
#30820
b00000000000000000000110000001010 "
b00000000000000000000110000001010 $
1&
b0110000000111 ;
b0110000001000 >
1@
1A
#30825
0&
0@
0A
#30830
b00000000000000000000110000001011 "
b00000000000000000000110000001011 $
1&
b0110000001000 ;
b0110000001001 >
1@
1A
#30835
0&
0@
0A
#30840
b00000000000000000000110000001100 "
b00000000000000000000110000001100 $
1&
b0110000001001 ;
b0110000001010 >
1@
1A
#30845
0&
0@
0A
#30850
b00000000000000000000110000001101 "
b00000000000000000000110000001101 $
1&
b0110000001010 ;
b0110000001011 >
1@
1A
#30855
0&
0@
0A
#30860
b00000000000000000000110000001110 "
b00000000000000000000110000001110 $
1&
b0110000001011 ;
b0110000001100 >
1@
1A
#30865
0&
0@
0A
#30870
b00000000000000000000110000001111 "
b00000000000000000000110000001111 $
1&
b0110000001100 ;
b0110000001101 >
1@
1A
#30875
0&
0@
0A
#30880
b00000000000000000000110000010000 "
b00000000000000000000110000010000 $
1&
b0110000001101 ;
b0110000001110 >
1@
1A
#30885
0&
0@
0A
#30890
b00000000000000000000110000010001 "
b00000000000000000000110000010001 $
1&
b0110000001110 ;
b0110000001111 >
1@
1A
#30895
0&
0@
0A
#30900
b00000000000000000000110000010010 "
b00000000000000000000110000010010 $
1&
b0110000001111 ;
b0110000010000 >
1@
1A
#30905
0&
0@
0A
#30910
b00000000000000000000110000010011 "
b00000000000000000000110000010011 $
1&
b0110000010000 ;
b0110000010001 >
1@
1A
#30915
0&
0@
0A
#30920
b00000000000000000000110000010100 "
b00000000000000000000110000010100 $
1&
b0110000010001 ;
b0110000010010 >
1@
1A
#30925
0&
0@
0A
#30930
b00000000000000000000110000010101 "
b00000000000000000000110000010101 $
1&
b0110000010010 ;
b0110000010011 >
1@
1A
#30935
0&
0@
0A
#30940
b00000000000000000000110000010110 "
b00000000000000000000110000010110 $
1&
b0110000010011 ;
b0110000010100 >
1@
1A
#30945
0&
0@
0A
#30950
b00000000000000000000110000010111 "
b00000000000000000000110000010111 $
1&
b0110000010100 ;
b0110000010101 >
1@
1A
#30955
0&
0@
0A
#30960
b00000000000000000000110000011000 "
b00000000000000000000110000011000 $
1&
b0110000010101 ;
b0110000010110 >
1@
1A
#30965
0&
0@
0A
#30970
b00000000000000000000110000011001 "
b00000000000000000000110000011001 $
1&
b0110000010110 ;
b0110000010111 >
1@
1A
#30975
0&
0@
0A
#30980
b00000000000000000000110000011010 "
b00000000000000000000110000011010 $
1&
b0110000010111 ;
b0110000011000 >
1@
1A
#30985
0&
0@
0A
#30990
b00000000000000000000110000011011 "
b00000000000000000000110000011011 $
1&
b0110000011000 ;
b0110000011001 >
1@
1A
#30995
0&
0@
0A
#31000
b00000000000000000000110000011100 "
b00000000000000000000110000011100 $
1&
b0110000011001 ;
b0110000011010 >
1@
1A
#31005
0&
0@
0A
#31010
b00000000000000000000110000011101 "
b00000000000000000000110000011101 $
1&
b0110000011010 ;
b0110000011011 >
1@
1A
#31015
0&
0@
0A
#31020
b00000000000000000000110000011110 "
b00000000000000000000110000011110 $
1&
b0110000011011 ;
b0110000011100 >
1@
1A
#31025
0&
0@
0A
#31030
b00000000000000000000110000011111 "
b00000000000000000000110000011111 $
1&
b0110000011100 ;
b0110000011101 >
1@
1A
#31035
0&
0@
0A
#31040
b00000000000000000000110000100000 "
b00000000000000000000110000100000 $
1&
b0110000011101 ;
b0110000011110 >
1@
1A
#31045
0&
0@
0A
#31050
b00000000000000000000110000100001 "
b00000000000000000000110000100001 $
1&
b0110000011110 ;
b0110000011111 >
1@
1A
#31055
0&
0@
0A
#31060
b00000000000000000000110000100010 "
b00000000000000000000110000100010 $
1&
b0110000011111 ;
b0110000100000 >
1@
1A
#31065
0&
0@
0A
#31070
b00000000000000000000110000100011 "
b00000000000000000000110000100011 $
1&
b0110000100000 ;
b0110000100001 >
1@
1A
#31075
0&
0@
0A
#31080
b00000000000000000000110000100100 "
b00000000000000000000110000100100 $
1&
b0110000100001 ;
b0110000100010 >
1@
1A
#31085
0&
0@
0A
#31090
b00000000000000000000110000100101 "
b00000000000000000000110000100101 $
1&
b0110000100010 ;
b0110000100011 >
1@
1A
#31095
0&
0@
0A
#31100
b00000000000000000000110000100110 "
b00000000000000000000110000100110 $
1&
b0110000100011 ;
b0110000100100 >
1@
1A
#31105
0&
0@
0A
#31110
b00000000000000000000110000100111 "
b00000000000000000000110000100111 $
1&
b0110000100100 ;
b0110000100101 >
1@
1A
#31115
0&
0@
0A
#31120
b00000000000000000000110000101000 "
b00000000000000000000110000101000 $
1&
b0110000100101 ;
b0110000100110 >
1@
1A
#31125
0&
0@
0A
#31130
b00000000000000000000110000101001 "
b00000000000000000000110000101001 $
1&
b0110000100110 ;
b0110000100111 >
1@
1A
#31135
0&
0@
0A
#31140
b00000000000000000000110000101010 "
b00000000000000000000110000101010 $
1&
b0110000100111 ;
b0110000101000 >
1@
1A
#31145
0&
0@
0A
#31150
b00000000000000000000110000101011 "
b00000000000000000000110000101011 $
1&
b0110000101000 ;
b0110000101001 >
1@
1A
#31155
0&
0@
0A
#31160
b00000000000000000000110000101100 "
b00000000000000000000110000101100 $
1&
b0110000101001 ;
b0110000101010 >
1@
1A
#31165
0&
0@
0A
#31170
b00000000000000000000110000101101 "
b00000000000000000000110000101101 $
1&
b0110000101010 ;
b0110000101011 >
1@
1A
#31175
0&
0@
0A
#31180
b00000000000000000000110000101110 "
b00000000000000000000110000101110 $
1&
b0110000101011 ;
b0110000101100 >
1@
1A
#31185
0&
0@
0A
#31190
b00000000000000000000110000101111 "
b00000000000000000000110000101111 $
1&
b0110000101100 ;
b0110000101101 >
1@
1A
#31195
0&
0@
0A
#31200
b00000000000000000000110000110000 "
b00000000000000000000110000110000 $
1&
b0110000101101 ;
b0110000101110 >
1@
1A
#31205
0&
0@
0A
#31210
b00000000000000000000110000110001 "
b00000000000000000000110000110001 $
1&
b0110000101110 ;
b0110000101111 >
1@
1A
#31215
0&
0@
0A
#31220
b00000000000000000000110000110010 "
b00000000000000000000110000110010 $
1&
b0110000101111 ;
b0110000110000 >
1@
1A
#31225
0&
0@
0A
#31230
b00000000000000000000110000110011 "
b00000000000000000000110000110011 $
1&
b0110000110000 ;
b0110000110001 >
1@
1A
#31235
0&
0@
0A
#31240
b00000000000000000000110000110100 "
b00000000000000000000110000110100 $
1&
b0110000110001 ;
b0110000110010 >
1@
1A
#31245
0&
0@
0A
#31250
b00000000000000000000110000110101 "
b00000000000000000000110000110101 $
1&
b0110000110010 ;
b0110000110011 >
1@
1A
#31255
0&
0@
0A
#31260
b00000000000000000000110000110110 "
b00000000000000000000110000110110 $
1&
b0110000110011 ;
b0110000110100 >
1@
1A
#31265
0&
0@
0A
#31270
b00000000000000000000110000110111 "
b00000000000000000000110000110111 $
1&
b0110000110100 ;
b0110000110101 >
1@
1A
#31275
0&
0@
0A
#31280
b00000000000000000000110000111000 "
b00000000000000000000110000111000 $
1&
b0110000110101 ;
b0110000110110 >
1@
1A
#31285
0&
0@
0A
#31290
b00000000000000000000110000111001 "
b00000000000000000000110000111001 $
1&
b0110000110110 ;
b0110000110111 >
1@
1A
#31295
0&
0@
0A
#31300
b00000000000000000000110000111010 "
b00000000000000000000110000111010 $
1&
b0110000110111 ;
b0110000111000 >
1@
1A
#31305
0&
0@
0A
#31310
b00000000000000000000110000111011 "
b00000000000000000000110000111011 $
1&
b0110000111000 ;
b0110000111001 >
1@
1A
#31315
0&
0@
0A
#31320
b00000000000000000000110000111100 "
b00000000000000000000110000111100 $
1&
b0110000111001 ;
b0110000111010 >
1@
1A
#31325
0&
0@
0A
#31330
b00000000000000000000110000111101 "
b00000000000000000000110000111101 $
1&
b0110000111010 ;
b0110000111011 >
1@
1A
#31335
0&
0@
0A
#31340
b00000000000000000000110000111110 "
b00000000000000000000110000111110 $
1&
b0110000111011 ;
b0110000111100 >
1@
1A
#31345
0&
0@
0A
#31350
b00000000000000000000110000111111 "
b00000000000000000000110000111111 $
1&
b0110000111100 ;
b0110000111101 >
1@
1A
#31355
0&
0@
0A
#31360
b00000000000000000000110001000000 "
b00000000000000000000110001000000 $
1&
b0110000111101 ;
b0110000111110 >
1@
1A
#31365
0&
0@
0A
#31370
b00000000000000000000110001000001 "
b00000000000000000000110001000001 $
1&
b0110000111110 ;
b0110000111111 >
1@
1A
#31375
0&
0@
0A
#31380
b00000000000000000000110001000010 "
b00000000000000000000110001000010 $
1&
b0110000111111 ;
b0110001000000 >
1@
1A
#31385
0&
0@
0A
#31390
b00000000000000000000110001000011 "
b00000000000000000000110001000011 $
1&
b0110001000000 ;
b0110001000001 >
1@
1A
#31395
0&
0@
0A
#31400
b00000000000000000000110001000100 "
b00000000000000000000110001000100 $
1&
b0110001000001 ;
b0110001000010 >
1@
1A
#31405
0&
0@
0A
#31410
b00000000000000000000110001000101 "
b00000000000000000000110001000101 $
1&
b0110001000010 ;
b0110001000011 >
1@
1A
#31415
0&
0@
0A
#31420
b00000000000000000000110001000110 "
b00000000000000000000110001000110 $
1&
b0110001000011 ;
b0110001000100 >
1@
1A
#31425
0&
0@
0A
#31430
b00000000000000000000110001000111 "
b00000000000000000000110001000111 $
1&
b0110001000100 ;
b0110001000101 >
1@
1A
#31435
0&
0@
0A
#31440
b00000000000000000000110001001000 "
b00000000000000000000110001001000 $
1&
b0110001000101 ;
b0110001000110 >
1@
1A
#31445
0&
0@
0A
#31450
b00000000000000000000110001001001 "
b00000000000000000000110001001001 $
1&
b0110001000110 ;
b0110001000111 >
1@
1A
#31455
0&
0@
0A
#31460
b00000000000000000000110001001010 "
b00000000000000000000110001001010 $
1&
b0110001000111 ;
b0110001001000 >
1@
1A
#31465
0&
0@
0A
#31470
b00000000000000000000110001001011 "
b00000000000000000000110001001011 $
1&
b0110001001000 ;
b0110001001001 >
1@
1A
#31475
0&
0@
0A
#31480
b00000000000000000000110001001100 "
b00000000000000000000110001001100 $
1&
b0110001001001 ;
b0110001001010 >
1@
1A
#31485
0&
0@
0A
#31490
b00000000000000000000110001001101 "
b00000000000000000000110001001101 $
1&
b0110001001010 ;
b0110001001011 >
1@
1A
#31495
0&
0@
0A
#31500
b00000000000000000000110001001110 "
b00000000000000000000110001001110 $
1&
b0110001001011 ;
b0110001001100 >
1@
1A
#31505
0&
0@
0A
#31510
b00000000000000000000110001001111 "
b00000000000000000000110001001111 $
1&
b0110001001100 ;
b0110001001101 >
1@
1A
#31515
0&
0@
0A
#31520
b00000000000000000000110001010000 "
b00000000000000000000110001010000 $
1&
b0110001001101 ;
b0110001001110 >
1@
1A
#31525
0&
0@
0A
#31530
b00000000000000000000110001010001 "
b00000000000000000000110001010001 $
1&
b0110001001110 ;
b0110001001111 >
1@
1A
#31535
0&
0@
0A
#31540
b00000000000000000000110001010010 "
b00000000000000000000110001010010 $
1&
b0110001001111 ;
b0110001010000 >
1@
1A
#31545
0&
0@
0A
#31550
b00000000000000000000110001010011 "
b00000000000000000000110001010011 $
1&
b0110001010000 ;
b0110001010001 >
1@
1A
#31555
0&
0@
0A
#31560
b00000000000000000000110001010100 "
b00000000000000000000110001010100 $
1&
b0110001010001 ;
b0110001010010 >
1@
1A
#31565
0&
0@
0A
#31570
b00000000000000000000110001010101 "
b00000000000000000000110001010101 $
1&
b0110001010010 ;
b0110001010011 >
1@
1A
#31575
0&
0@
0A
#31580
b00000000000000000000110001010110 "
b00000000000000000000110001010110 $
1&
b0110001010011 ;
b0110001010100 >
1@
1A
#31585
0&
0@
0A
#31590
b00000000000000000000110001010111 "
b00000000000000000000110001010111 $
1&
b0110001010100 ;
b0110001010101 >
1@
1A
#31595
0&
0@
0A
#31600
b00000000000000000000110001011000 "
b00000000000000000000110001011000 $
1&
b0110001010101 ;
b0110001010110 >
1@
1A
#31605
0&
0@
0A
#31610
b00000000000000000000110001011001 "
b00000000000000000000110001011001 $
1&
b0110001010110 ;
b0110001010111 >
1@
1A
#31615
0&
0@
0A
#31620
b00000000000000000000110001011010 "
b00000000000000000000110001011010 $
1&
b0110001010111 ;
b0110001011000 >
1@
1A
#31625
0&
0@
0A
#31630
b00000000000000000000110001011011 "
b00000000000000000000110001011011 $
1&
b0110001011000 ;
b0110001011001 >
1@
1A
#31635
0&
0@
0A
#31640
b00000000000000000000110001011100 "
b00000000000000000000110001011100 $
1&
b0110001011001 ;
b0110001011010 >
1@
1A
#31645
0&
0@
0A
#31650
b00000000000000000000110001011101 "
b00000000000000000000110001011101 $
1&
b0110001011010 ;
b0110001011011 >
1@
1A
#31655
0&
0@
0A
#31660
b00000000000000000000110001011110 "
b00000000000000000000110001011110 $
1&
b0110001011011 ;
b0110001011100 >
1@
1A
#31665
0&
0@
0A
#31670
b00000000000000000000110001011111 "
b00000000000000000000110001011111 $
1&
b0110001011100 ;
b0110001011101 >
1@
1A
#31675
0&
0@
0A
#31680
b00000000000000000000110001100000 "
b00000000000000000000110001100000 $
1&
b0110001011101 ;
b0110001011110 >
1@
1A
#31685
0&
0@
0A
#31690
b00000000000000000000110001100001 "
b00000000000000000000110001100001 $
1&
b0110001011110 ;
b0110001011111 >
1@
1A
#31695
0&
0@
0A
#31700
b00000000000000000000110001100010 "
b00000000000000000000110001100010 $
1&
b0110001011111 ;
b0110001100000 >
1@
1A
#31705
0&
0@
0A
#31710
b00000000000000000000110001100011 "
b00000000000000000000110001100011 $
1&
b0110001100000 ;
b0110001100001 >
1@
1A
#31715
0&
0@
0A
#31720
b00000000000000000000110001100100 "
b00000000000000000000110001100100 $
1&
b0110001100001 ;
b0110001100010 >
1@
1A
#31725
0&
0@
0A
#31730
b00000000000000000000110001100101 "
b00000000000000000000110001100101 $
1&
b0110001100010 ;
b0110001100011 >
1@
1A
#31735
0&
0@
0A
#31740
b00000000000000000000110001100110 "
b00000000000000000000110001100110 $
1&
b0110001100011 ;
b0110001100100 >
1@
1A
#31745
0&
0@
0A
#31750
b00000000000000000000110001100111 "
b00000000000000000000110001100111 $
1&
b0110001100100 ;
b0110001100101 >
1@
1A
#31755
0&
0@
0A
#31760
b00000000000000000000110001101000 "
b00000000000000000000110001101000 $
1&
b0110001100101 ;
b0110001100110 >
1@
1A
#31765
0&
0@
0A
#31770
b00000000000000000000110001101001 "
b00000000000000000000110001101001 $
1&
b0110001100110 ;
b0110001100111 >
1@
1A
#31775
0&
0@
0A
#31780
b00000000000000000000110001101010 "
b00000000000000000000110001101010 $
1&
b0110001100111 ;
b0110001101000 >
1@
1A
#31785
0&
0@
0A
#31790
b00000000000000000000110001101011 "
b00000000000000000000110001101011 $
1&
b0110001101000 ;
b0110001101001 >
1@
1A
#31795
0&
0@
0A
#31800
b00000000000000000000110001101100 "
b00000000000000000000110001101100 $
1&
b0110001101001 ;
b0110001101010 >
1@
1A
#31805
0&
0@
0A
#31810
b00000000000000000000110001101101 "
b00000000000000000000110001101101 $
1&
b0110001101010 ;
b0110001101011 >
1@
1A
#31815
0&
0@
0A
#31820
b00000000000000000000110001101110 "
b00000000000000000000110001101110 $
1&
b0110001101011 ;
b0110001101100 >
1@
1A
#31825
0&
0@
0A
#31830
b00000000000000000000110001101111 "
b00000000000000000000110001101111 $
1&
b0110001101100 ;
b0110001101101 >
1@
1A
#31835
0&
0@
0A
#31840
b00000000000000000000110001110000 "
b00000000000000000000110001110000 $
1&
b0110001101101 ;
b0110001101110 >
1@
1A
#31845
0&
0@
0A
#31850
b00000000000000000000110001110001 "
b00000000000000000000110001110001 $
1&
b0110001101110 ;
b0110001101111 >
1@
1A
#31855
0&
0@
0A
#31860
b00000000000000000000110001110010 "
b00000000000000000000110001110010 $
1&
b0110001101111 ;
b0110001110000 >
1@
1A
#31865
0&
0@
0A
#31870
b00000000000000000000110001110011 "
b00000000000000000000110001110011 $
1&
b0110001110000 ;
b0110001110001 >
1@
1A
#31875
0&
0@
0A
#31880
b00000000000000000000110001110100 "
b00000000000000000000110001110100 $
1&
b0110001110001 ;
b0110001110010 >
1@
1A
#31885
0&
0@
0A
#31890
b00000000000000000000110001110101 "
b00000000000000000000110001110101 $
1&
b0110001110010 ;
b0110001110011 >
1@
1A
#31895
0&
0@
0A
#31900
b00000000000000000000110001110110 "
b00000000000000000000110001110110 $
1&
b0110001110011 ;
b0110001110100 >
1@
1A
#31905
0&
0@
0A
#31910
b00000000000000000000110001110111 "
b00000000000000000000110001110111 $
1&
b0110001110100 ;
b0110001110101 >
1@
1A
#31915
0&
0@
0A
#31920
b00000000000000000000110001111000 "
b00000000000000000000110001111000 $
1&
b0110001110101 ;
b0110001110110 >
1@
1A
#31925
0&
0@
0A
#31930
b00000000000000000000110001111001 "
b00000000000000000000110001111001 $
1&
b0110001110110 ;
b0110001110111 >
1@
1A
#31935
0&
0@
0A
#31940
b00000000000000000000110001111010 "
b00000000000000000000110001111010 $
1&
b0110001110111 ;
b0110001111000 >
1@
1A
#31945
0&
0@
0A
#31950
b00000000000000000000110001111011 "
b00000000000000000000110001111011 $
1&
b0110001111000 ;
b0110001111001 >
1@
1A
#31955
0&
0@
0A
#31960
b00000000000000000000110001111100 "
b00000000000000000000110001111100 $
1&
b0110001111001 ;
b0110001111010 >
1@
1A
#31965
0&
0@
0A
#31970
b00000000000000000000110001111101 "
b00000000000000000000110001111101 $
1&
b0110001111010 ;
b0110001111011 >
1@
1A
#31975
0&
0@
0A
#31980
b00000000000000000000110001111110 "
b00000000000000000000110001111110 $
1&
b0110001111011 ;
b0110001111100 >
1@
1A
#31985
0&
0@
0A
#31990
b00000000000000000000110001111111 "
b00000000000000000000110001111111 $
1&
b0110001111100 ;
b0110001111101 >
1@
1A
#31995
0&
0@
0A
#32000
b00000000000000000000110010000000 "
b00000000000000000000110010000000 $
1&
b0110001111101 ;
b0110001111110 >
1@
1A
#32005
0&
0@
0A
#32010
b00000000000000000000110010000001 "
b00000000000000000000110010000001 $
1&
b0110001111110 ;
b0110001111111 >
1@
1A
#32015
0&
0@
0A
#32020
b00000000000000000000110010000010 "
b00000000000000000000110010000010 $
1&
b0110001111111 ;
b0110010000000 >
1@
1A
#32025
0&
0@
0A
#32030
b00000000000000000000110010000011 "
b00000000000000000000110010000011 $
1&
b0110010000000 ;
b0110010000001 >
1@
1A
#32035
0&
0@
0A
#32040
b00000000000000000000110010000100 "
b00000000000000000000110010000100 $
1&
b0110010000001 ;
b0110010000010 >
1@
1A
#32045
0&
0@
0A
#32050
b00000000000000000000110010000101 "
b00000000000000000000110010000101 $
1&
b0110010000010 ;
b0110010000011 >
1@
1A
#32055
0&
0@
0A
#32060
b00000000000000000000110010000110 "
b00000000000000000000110010000110 $
1&
b0110010000011 ;
b0110010000100 >
1@
1A
#32065
0&
0@
0A
#32070
b00000000000000000000110010000111 "
b00000000000000000000110010000111 $
1&
b0110010000100 ;
b0110010000101 >
1@
1A
#32075
0&
0@
0A
#32080
b00000000000000000000110010001000 "
b00000000000000000000110010001000 $
1&
b0110010000101 ;
b0110010000110 >
1@
1A
#32085
0&
0@
0A
#32090
b00000000000000000000110010001001 "
b00000000000000000000110010001001 $
1&
b0110010000110 ;
b0110010000111 >
1@
1A
#32095
0&
0@
0A
#32100
b00000000000000000000110010001010 "
b00000000000000000000110010001010 $
1&
b0110010000111 ;
b0110010001000 >
1@
1A
#32105
0&
0@
0A
#32110
b00000000000000000000110010001011 "
b00000000000000000000110010001011 $
1&
b0110010001000 ;
b0110010001001 >
1@
1A
#32115
0&
0@
0A
#32120
b00000000000000000000110010001100 "
b00000000000000000000110010001100 $
1&
b0110010001001 ;
b0110010001010 >
1@
1A
#32125
0&
0@
0A
#32130
b00000000000000000000110010001101 "
b00000000000000000000110010001101 $
1&
b0110010001010 ;
b0110010001011 >
1@
1A
#32135
0&
0@
0A
#32140
b00000000000000000000110010001110 "
b00000000000000000000110010001110 $
1&
b0110010001011 ;
b0110010001100 >
1@
1A
#32145
0&
0@
0A
#32150
b00000000000000000000110010001111 "
b00000000000000000000110010001111 $
1&
b0110010001100 ;
b0110010001101 >
1@
1A
#32155
0&
0@
0A
#32160
b00000000000000000000110010010000 "
b00000000000000000000110010010000 $
1&
b0110010001101 ;
b0110010001110 >
1@
1A
#32165
0&
0@
0A
#32170
b00000000000000000000110010010001 "
b00000000000000000000110010010001 $
1&
b0110010001110 ;
b0110010001111 >
1@
1A
#32175
0&
0@
0A
#32180
b00000000000000000000110010010010 "
b00000000000000000000110010010010 $
1&
b0110010001111 ;
b0110010010000 >
1@
1A
#32185
0&
0@
0A
#32190
b00000000000000000000110010010011 "
b00000000000000000000110010010011 $
1&
b0110010010000 ;
b0110010010001 >
1@
1A
#32195
0&
0@
0A
#32200
b00000000000000000000110010010100 "
b00000000000000000000110010010100 $
1&
b0110010010001 ;
b0110010010010 >
1@
1A
#32205
0&
0@
0A
#32210
b00000000000000000000110010010101 "
b00000000000000000000110010010101 $
1&
b0110010010010 ;
b0110010010011 >
1@
1A
#32215
0&
0@
0A
#32220
b00000000000000000000110010010110 "
b00000000000000000000110010010110 $
1&
b0110010010011 ;
b0110010010100 >
1@
1A
#32225
0&
0@
0A
#32230
b00000000000000000000110010010111 "
b00000000000000000000110010010111 $
1&
b0110010010100 ;
b0110010010101 >
1@
1A
#32235
0&
0@
0A
#32240
b00000000000000000000110010011000 "
b00000000000000000000110010011000 $
1&
b0110010010101 ;
b0110010010110 >
1@
1A
#32245
0&
0@
0A
#32250
b00000000000000000000110010011001 "
b00000000000000000000110010011001 $
1&
b0110010010110 ;
b0110010010111 >
1@
1A
#32255
0&
0@
0A
#32260
b00000000000000000000110010011010 "
b00000000000000000000110010011010 $
1&
b0110010010111 ;
b0110010011000 >
1@
1A
#32265
0&
0@
0A
#32270
b00000000000000000000110010011011 "
b00000000000000000000110010011011 $
1&
b0110010011000 ;
b0110010011001 >
1@
1A
#32275
0&
0@
0A
#32280
b00000000000000000000110010011100 "
b00000000000000000000110010011100 $
1&
b0110010011001 ;
b0110010011010 >
1@
1A
#32285
0&
0@
0A
#32290
b00000000000000000000110010011101 "
b00000000000000000000110010011101 $
1&
b0110010011010 ;
b0110010011011 >
1@
1A
#32295
0&
0@
0A
#32300
b00000000000000000000110010011110 "
b00000000000000000000110010011110 $
1&
b0110010011011 ;
b0110010011100 >
1@
1A
#32305
0&
0@
0A
#32310
b00000000000000000000110010011111 "
b00000000000000000000110010011111 $
1&
b0110010011100 ;
b0110010011101 >
1@
1A
#32315
0&
0@
0A
#32320
b00000000000000000000110010100000 "
b00000000000000000000110010100000 $
1&
b0110010011101 ;
b0110010011110 >
1@
1A
#32325
0&
0@
0A
#32330
b00000000000000000000110010100001 "
b00000000000000000000110010100001 $
1&
b0110010011110 ;
b0110010011111 >
1@
1A
#32335
0&
0@
0A
#32340
b00000000000000000000110010100010 "
b00000000000000000000110010100010 $
1&
b0110010011111 ;
b0110010100000 >
1@
1A
#32345
0&
0@
0A
#32350
b00000000000000000000110010100011 "
b00000000000000000000110010100011 $
1&
b0110010100000 ;
b0110010100001 >
1@
1A
#32355
0&
0@
0A
#32360
b00000000000000000000110010100100 "
b00000000000000000000110010100100 $
1&
b0110010100001 ;
b0110010100010 >
1@
1A
#32365
0&
0@
0A
#32370
b00000000000000000000110010100101 "
b00000000000000000000110010100101 $
1&
b0110010100010 ;
b0110010100011 >
1@
1A
#32375
0&
0@
0A
#32380
b00000000000000000000110010100110 "
b00000000000000000000110010100110 $
1&
b0110010100011 ;
b0110010100100 >
1@
1A
#32385
0&
0@
0A
#32390
b00000000000000000000110010100111 "
b00000000000000000000110010100111 $
1&
b0110010100100 ;
b0110010100101 >
1@
1A
#32395
0&
0@
0A
#32400
b00000000000000000000110010101000 "
b00000000000000000000110010101000 $
1&
b0110010100101 ;
b0110010100110 >
1@
1A
#32405
0&
0@
0A
#32410
b00000000000000000000110010101001 "
b00000000000000000000110010101001 $
1&
b0110010100110 ;
b0110010100111 >
1@
1A
#32415
0&
0@
0A
#32420
b00000000000000000000110010101010 "
b00000000000000000000110010101010 $
1&
b0110010100111 ;
b0110010101000 >
1@
1A
#32425
0&
0@
0A
#32430
b00000000000000000000110010101011 "
b00000000000000000000110010101011 $
1&
b0110010101000 ;
b0110010101001 >
1@
1A
#32435
0&
0@
0A
#32440
b00000000000000000000110010101100 "
b00000000000000000000110010101100 $
1&
b0110010101001 ;
b0110010101010 >
1@
1A
#32445
0&
0@
0A
#32450
b00000000000000000000110010101101 "
b00000000000000000000110010101101 $
1&
b0110010101010 ;
b0110010101011 >
1@
1A
#32455
0&
0@
0A
#32460
b00000000000000000000110010101110 "
b00000000000000000000110010101110 $
1&
b0110010101011 ;
b0110010101100 >
1@
1A
#32465
0&
0@
0A
#32470
b00000000000000000000110010101111 "
b00000000000000000000110010101111 $
1&
b0110010101100 ;
b0110010101101 >
1@
1A
#32475
0&
0@
0A
#32480
b00000000000000000000110010110000 "
b00000000000000000000110010110000 $
1&
b0110010101101 ;
b0110010101110 >
1@
1A
#32485
0&
0@
0A
#32490
b00000000000000000000110010110001 "
b00000000000000000000110010110001 $
1&
b0110010101110 ;
b0110010101111 >
1@
1A
#32495
0&
0@
0A
#32500
b00000000000000000000110010110010 "
b00000000000000000000110010110010 $
1&
b0110010101111 ;
b0110010110000 >
1@
1A
#32505
0&
0@
0A
#32510
b00000000000000000000110010110011 "
b00000000000000000000110010110011 $
1&
b0110010110000 ;
b0110010110001 >
1@
1A
#32515
0&
0@
0A
#32520
b00000000000000000000110010110100 "
b00000000000000000000110010110100 $
1&
b0110010110001 ;
b0110010110010 >
1@
1A
#32525
0&
0@
0A
#32530
b00000000000000000000110010110101 "
b00000000000000000000110010110101 $
1&
b0110010110010 ;
b0110010110011 >
1@
1A
#32535
0&
0@
0A
#32540
b00000000000000000000110010110110 "
b00000000000000000000110010110110 $
1&
b0110010110011 ;
b0110010110100 >
1@
1A
#32545
0&
0@
0A
#32550
b00000000000000000000110010110111 "
b00000000000000000000110010110111 $
1&
b0110010110100 ;
b0110010110101 >
1@
1A
#32555
0&
0@
0A
#32560
b00000000000000000000110010111000 "
b00000000000000000000110010111000 $
1&
b0110010110101 ;
b0110010110110 >
1@
1A
#32565
0&
0@
0A
#32570
b00000000000000000000110010111001 "
b00000000000000000000110010111001 $
1&
b0110010110110 ;
b0110010110111 >
1@
1A
#32575
0&
0@
0A
#32580
b00000000000000000000110010111010 "
b00000000000000000000110010111010 $
1&
b0110010110111 ;
b0110010111000 >
1@
1A
#32585
0&
0@
0A
#32590
b00000000000000000000110010111011 "
b00000000000000000000110010111011 $
1&
b0110010111000 ;
b0110010111001 >
1@
1A
#32595
0&
0@
0A
#32600
b00000000000000000000110010111100 "
b00000000000000000000110010111100 $
1&
b0110010111001 ;
b0110010111010 >
1@
1A
#32605
0&
0@
0A
#32610
b00000000000000000000110010111101 "
b00000000000000000000110010111101 $
1&
b0110010111010 ;
b0110010111011 >
1@
1A
#32615
0&
0@
0A
#32620
b00000000000000000000110010111110 "
b00000000000000000000110010111110 $
1&
b0110010111011 ;
b0110010111100 >
1@
1A
#32625
0&
0@
0A
#32630
b00000000000000000000110010111111 "
b00000000000000000000110010111111 $
1&
b0110010111100 ;
b0110010111101 >
1@
1A
#32635
0&
0@
0A
#32640
b00000000000000000000110011000000 "
b00000000000000000000110011000000 $
1&
b0110010111101 ;
b0110010111110 >
1@
1A
#32645
0&
0@
0A
#32650
b00000000000000000000110011000001 "
b00000000000000000000110011000001 $
1&
b0110010111110 ;
b0110010111111 >
1@
1A
#32655
0&
0@
0A
#32660
b00000000000000000000110011000010 "
b00000000000000000000110011000010 $
1&
b0110010111111 ;
b0110011000000 >
1@
1A
#32665
0&
0@
0A
#32670
b00000000000000000000110011000011 "
b00000000000000000000110011000011 $
1&
b0110011000000 ;
b0110011000001 >
1@
1A
#32675
0&
0@
0A
#32680
b00000000000000000000110011000100 "
b00000000000000000000110011000100 $
1&
b0110011000001 ;
b0110011000010 >
1@
1A
#32685
0&
0@
0A
#32690
b00000000000000000000110011000101 "
b00000000000000000000110011000101 $
1&
b0110011000010 ;
b0110011000011 >
1@
1A
#32695
0&
0@
0A
#32700
b00000000000000000000110011000110 "
b00000000000000000000110011000110 $
1&
b0110011000011 ;
b0110011000100 >
1@
1A
#32705
0&
0@
0A
#32710
b00000000000000000000110011000111 "
b00000000000000000000110011000111 $
1&
b0110011000100 ;
b0110011000101 >
1@
1A
#32715
0&
0@
0A
#32720
b00000000000000000000110011001000 "
b00000000000000000000110011001000 $
1&
b0110011000101 ;
b0110011000110 >
1@
1A
#32725
0&
0@
0A
#32730
b00000000000000000000110011001001 "
b00000000000000000000110011001001 $
1&
b0110011000110 ;
b0110011000111 >
1@
1A
#32735
0&
0@
0A
#32740
b00000000000000000000110011001010 "
b00000000000000000000110011001010 $
1&
b0110011000111 ;
b0110011001000 >
1@
1A
#32745
0&
0@
0A
#32750
b00000000000000000000110011001011 "
b00000000000000000000110011001011 $
1&
b0110011001000 ;
b0110011001001 >
1@
1A
#32755
0&
0@
0A
#32760
b00000000000000000000110011001100 "
b00000000000000000000110011001100 $
1&
b0110011001001 ;
b0110011001010 >
1@
1A
#32765
0&
0@
0A
#32770
b00000000000000000000110011001101 "
b00000000000000000000110011001101 $
1&
b0110011001010 ;
b0110011001011 >
1@
1A
#32775
0&
0@
0A
#32780
b00000000000000000000110011001110 "
b00000000000000000000110011001110 $
1&
b0110011001011 ;
b0110011001100 >
1@
1A
#32785
0&
0@
0A
#32790
b00000000000000000000110011001111 "
b00000000000000000000110011001111 $
1&
b0110011001100 ;
b0110011001101 >
1@
1A
#32795
0&
0@
0A
#32800
b00000000000000000000110011010000 "
b00000000000000000000110011010000 $
1&
b0110011001101 ;
b0110011001110 >
1@
1A
#32805
0&
0@
0A
#32810
b00000000000000000000110011010001 "
b00000000000000000000110011010001 $
1&
b0110011001110 ;
b0110011001111 >
1@
1A
#32815
0&
0@
0A
#32820
b00000000000000000000110011010010 "
b00000000000000000000110011010010 $
1&
b0110011001111 ;
b0110011010000 >
1@
1A
#32825
0&
0@
0A
#32830
b00000000000000000000110011010011 "
b00000000000000000000110011010011 $
1&
b0110011010000 ;
b0110011010001 >
1@
1A
#32835
0&
0@
0A
#32840
b00000000000000000000110011010100 "
b00000000000000000000110011010100 $
1&
b0110011010001 ;
b0110011010010 >
1@
1A
#32845
0&
0@
0A
#32850
b00000000000000000000110011010101 "
b00000000000000000000110011010101 $
1&
b0110011010010 ;
b0110011010011 >
1@
1A
#32855
0&
0@
0A
#32860
b00000000000000000000110011010110 "
b00000000000000000000110011010110 $
1&
b0110011010011 ;
b0110011010100 >
1@
1A
#32865
0&
0@
0A
#32870
b00000000000000000000110011010111 "
b00000000000000000000110011010111 $
1&
b0110011010100 ;
b0110011010101 >
1@
1A
#32875
0&
0@
0A
#32880
b00000000000000000000110011011000 "
b00000000000000000000110011011000 $
1&
b0110011010101 ;
b0110011010110 >
1@
1A
#32885
0&
0@
0A
#32890
b00000000000000000000110011011001 "
b00000000000000000000110011011001 $
1&
b0110011010110 ;
b0110011010111 >
1@
1A
#32895
0&
0@
0A
#32900
b00000000000000000000110011011010 "
b00000000000000000000110011011010 $
1&
b0110011010111 ;
b0110011011000 >
1@
1A
#32905
0&
0@
0A
#32910
b00000000000000000000110011011011 "
b00000000000000000000110011011011 $
1&
b0110011011000 ;
b0110011011001 >
1@
1A
#32915
0&
0@
0A
#32920
b00000000000000000000110011011100 "
b00000000000000000000110011011100 $
1&
b0110011011001 ;
b0110011011010 >
1@
1A
#32925
0&
0@
0A
#32930
b00000000000000000000110011011101 "
b00000000000000000000110011011101 $
1&
b0110011011010 ;
b0110011011011 >
1@
1A
#32935
0&
0@
0A
#32940
b00000000000000000000110011011110 "
b00000000000000000000110011011110 $
1&
b0110011011011 ;
b0110011011100 >
1@
1A
#32945
0&
0@
0A
#32950
b00000000000000000000110011011111 "
b00000000000000000000110011011111 $
1&
b0110011011100 ;
b0110011011101 >
1@
1A
#32955
0&
0@
0A
#32960
b00000000000000000000110011100000 "
b00000000000000000000110011100000 $
1&
b0110011011101 ;
b0110011011110 >
1@
1A
#32965
0&
0@
0A
#32970
b00000000000000000000110011100001 "
b00000000000000000000110011100001 $
1&
b0110011011110 ;
b0110011011111 >
1@
1A
#32975
0&
0@
0A
#32980
b00000000000000000000110011100010 "
b00000000000000000000110011100010 $
1&
b0110011011111 ;
b0110011100000 >
1@
1A
#32985
0&
0@
0A
#32990
b00000000000000000000110011100011 "
b00000000000000000000110011100011 $
1&
b0110011100000 ;
b0110011100001 >
1@
1A
#32995
0&
0@
0A
#33000
b00000000000000000000110011100100 "
b00000000000000000000110011100100 $
1&
b0110011100001 ;
b0110011100010 >
1@
1A
#33005
0&
0@
0A
#33010
b00000000000000000000110011100101 "
b00000000000000000000110011100101 $
1&
b0110011100010 ;
b0110011100011 >
1@
1A
#33015
0&
0@
0A
#33020
b00000000000000000000110011100110 "
b00000000000000000000110011100110 $
1&
b0110011100011 ;
b0110011100100 >
1@
1A
#33025
0&
0@
0A
#33030
b00000000000000000000110011100111 "
b00000000000000000000110011100111 $
1&
b0110011100100 ;
b0110011100101 >
1@
1A
#33035
0&
0@
0A
#33040
b00000000000000000000110011101000 "
b00000000000000000000110011101000 $
1&
b0110011100101 ;
b0110011100110 >
1@
1A
#33045
0&
0@
0A
#33050
b00000000000000000000110011101001 "
b00000000000000000000110011101001 $
1&
b0110011100110 ;
b0110011100111 >
1@
1A
#33055
0&
0@
0A
#33060
b00000000000000000000110011101010 "
b00000000000000000000110011101010 $
1&
b0110011100111 ;
b0110011101000 >
1@
1A
#33065
0&
0@
0A
#33070
b00000000000000000000110011101011 "
b00000000000000000000110011101011 $
1&
b0110011101000 ;
b0110011101001 >
1@
1A
#33075
0&
0@
0A
#33080
b00000000000000000000110011101100 "
b00000000000000000000110011101100 $
1&
b0110011101001 ;
b0110011101010 >
1@
1A
#33085
0&
0@
0A
#33090
b00000000000000000000110011101101 "
b00000000000000000000110011101101 $
1&
b0110011101010 ;
b0110011101011 >
1@
1A
#33095
0&
0@
0A
#33100
b00000000000000000000110011101110 "
b00000000000000000000110011101110 $
1&
b0110011101011 ;
b0110011101100 >
1@
1A
#33105
0&
0@
0A
#33110
b00000000000000000000110011101111 "
b00000000000000000000110011101111 $
1&
b0110011101100 ;
b0110011101101 >
1@
1A
#33115
0&
0@
0A
#33120
b00000000000000000000110011110000 "
b00000000000000000000110011110000 $
1&
b0110011101101 ;
b0110011101110 >
1@
1A
#33125
0&
0@
0A
#33130
b00000000000000000000110011110001 "
b00000000000000000000110011110001 $
1&
b0110011101110 ;
b0110011101111 >
1@
1A
#33135
0&
0@
0A
#33140
b00000000000000000000110011110010 "
b00000000000000000000110011110010 $
1&
b0110011101111 ;
b0110011110000 >
1@
1A
#33145
0&
0@
0A
#33150
b00000000000000000000110011110011 "
b00000000000000000000110011110011 $
1&
b0110011110000 ;
b0110011110001 >
1@
1A
#33155
0&
0@
0A
#33160
b00000000000000000000110011110100 "
b00000000000000000000110011110100 $
1&
b0110011110001 ;
b0110011110010 >
1@
1A
#33165
0&
0@
0A
#33170
b00000000000000000000110011110101 "
b00000000000000000000110011110101 $
1&
b0110011110010 ;
b0110011110011 >
1@
1A
#33175
0&
0@
0A
#33180
b00000000000000000000110011110110 "
b00000000000000000000110011110110 $
1&
b0110011110011 ;
b0110011110100 >
1@
1A
#33185
0&
0@
0A
#33190
b00000000000000000000110011110111 "
b00000000000000000000110011110111 $
1&
b0110011110100 ;
b0110011110101 >
1@
1A
#33195
0&
0@
0A
#33200
b00000000000000000000110011111000 "
b00000000000000000000110011111000 $
1&
b0110011110101 ;
b0110011110110 >
1@
1A
#33205
0&
0@
0A
#33210
b00000000000000000000110011111001 "
b00000000000000000000110011111001 $
1&
b0110011110110 ;
b0110011110111 >
1@
1A
#33215
0&
0@
0A
#33220
b00000000000000000000110011111010 "
b00000000000000000000110011111010 $
1&
b0110011110111 ;
b0110011111000 >
1@
1A
#33225
0&
0@
0A
#33230
b00000000000000000000110011111011 "
b00000000000000000000110011111011 $
1&
b0110011111000 ;
b0110011111001 >
1@
1A
#33235
0&
0@
0A
#33240
b00000000000000000000110011111100 "
b00000000000000000000110011111100 $
1&
b0110011111001 ;
b0110011111010 >
1@
1A
#33245
0&
0@
0A
#33250
b00000000000000000000110011111101 "
b00000000000000000000110011111101 $
1&
b0110011111010 ;
b0110011111011 >
1@
1A
#33255
0&
0@
0A
#33260
b00000000000000000000110011111110 "
b00000000000000000000110011111110 $
1&
b0110011111011 ;
b0110011111100 >
1@
1A
#33265
0&
0@
0A
#33270
b00000000000000000000110011111111 "
b00000000000000000000110011111111 $
1&
b0110011111100 ;
b0110011111101 >
1@
1A
#33275
0&
0@
0A
#33280
b00000000000000000000110100000000 "
b00000000000000000000110100000000 $
1&
b0110011111101 ;
b0110011111110 >
1@
1A
#33285
0&
0@
0A
#33290
b00000000000000000000110100000001 "
b00000000000000000000110100000001 $
1&
b0110011111110 ;
b0110011111111 >
1@
1A
#33295
0&
0@
0A
#33300
b00000000000000000000110100000010 "
b00000000000000000000110100000010 $
1&
b0110011111111 ;
b0110100000000 >
1@
1A
#33305
0&
0@
0A
#33310
b00000000000000000000110100000011 "
b00000000000000000000110100000011 $
1&
b0110100000000 ;
b0110100000001 >
1@
1A
#33315
0&
0@
0A
#33320
b00000000000000000000110100000100 "
b00000000000000000000110100000100 $
1&
b0110100000001 ;
b0110100000010 >
1@
1A
#33325
0&
0@
0A
#33330
b00000000000000000000110100000101 "
b00000000000000000000110100000101 $
1&
b0110100000010 ;
b0110100000011 >
1@
1A
#33335
0&
0@
0A
#33340
b00000000000000000000110100000110 "
b00000000000000000000110100000110 $
1&
b0110100000011 ;
b0110100000100 >
1@
1A
#33345
0&
0@
0A
#33350
b00000000000000000000110100000111 "
b00000000000000000000110100000111 $
1&
b0110100000100 ;
b0110100000101 >
1@
1A
#33355
0&
0@
0A
#33360
b00000000000000000000110100001000 "
b00000000000000000000110100001000 $
1&
b0110100000101 ;
b0110100000110 >
1@
1A
#33365
0&
0@
0A
#33370
b00000000000000000000110100001001 "
b00000000000000000000110100001001 $
1&
b0110100000110 ;
b0110100000111 >
1@
1A
#33375
0&
0@
0A
#33380
b00000000000000000000110100001010 "
b00000000000000000000110100001010 $
1&
b0110100000111 ;
b0110100001000 >
1@
1A
#33385
0&
0@
0A
#33390
b00000000000000000000110100001011 "
b00000000000000000000110100001011 $
1&
b0110100001000 ;
b0110100001001 >
1@
1A
#33395
0&
0@
0A
#33400
b00000000000000000000110100001100 "
b00000000000000000000110100001100 $
1&
b0110100001001 ;
b0110100001010 >
1@
1A
#33405
0&
0@
0A
#33410
b00000000000000000000110100001101 "
b00000000000000000000110100001101 $
1&
b0110100001010 ;
b0110100001011 >
1@
1A
#33415
0&
0@
0A
#33420
b00000000000000000000110100001110 "
b00000000000000000000110100001110 $
1&
b0110100001011 ;
b0110100001100 >
1@
1A
#33425
0&
0@
0A
#33430
b00000000000000000000110100001111 "
b00000000000000000000110100001111 $
1&
b0110100001100 ;
b0110100001101 >
1@
1A
#33435
0&
0@
0A
#33440
b00000000000000000000110100010000 "
b00000000000000000000110100010000 $
1&
b0110100001101 ;
b0110100001110 >
1@
1A
#33445
0&
0@
0A
#33450
b00000000000000000000110100010001 "
b00000000000000000000110100010001 $
1&
b0110100001110 ;
b0110100001111 >
1@
1A
#33455
0&
0@
0A
#33460
b00000000000000000000110100010010 "
b00000000000000000000110100010010 $
1&
b0110100001111 ;
b0110100010000 >
1@
1A
#33465
0&
0@
0A
#33470
b00000000000000000000110100010011 "
b00000000000000000000110100010011 $
1&
b0110100010000 ;
b0110100010001 >
1@
1A
#33475
0&
0@
0A
#33480
b00000000000000000000110100010100 "
b00000000000000000000110100010100 $
1&
b0110100010001 ;
b0110100010010 >
1@
1A
#33485
0&
0@
0A
#33490
b00000000000000000000110100010101 "
b00000000000000000000110100010101 $
1&
b0110100010010 ;
b0110100010011 >
1@
1A
#33495
0&
0@
0A
#33500
b00000000000000000000110100010110 "
b00000000000000000000110100010110 $
1&
b0110100010011 ;
b0110100010100 >
1@
1A
#33505
0&
0@
0A
#33510
b00000000000000000000110100010111 "
b00000000000000000000110100010111 $
1&
b0110100010100 ;
b0110100010101 >
1@
1A
#33515
0&
0@
0A
#33520
b00000000000000000000110100011000 "
b00000000000000000000110100011000 $
1&
b0110100010101 ;
b0110100010110 >
1@
1A
#33525
0&
0@
0A
#33530
b00000000000000000000110100011001 "
b00000000000000000000110100011001 $
1&
b0110100010110 ;
b0110100010111 >
1@
1A
#33535
0&
0@
0A
#33540
b00000000000000000000110100011010 "
b00000000000000000000110100011010 $
1&
b0110100010111 ;
b0110100011000 >
1@
1A
#33545
0&
0@
0A
#33550
b00000000000000000000110100011011 "
b00000000000000000000110100011011 $
1&
b0110100011000 ;
b0110100011001 >
1@
1A
#33555
0&
0@
0A
#33560
b00000000000000000000110100011100 "
b00000000000000000000110100011100 $
1&
b0110100011001 ;
b0110100011010 >
1@
1A
#33565
0&
0@
0A
#33570
b00000000000000000000110100011101 "
b00000000000000000000110100011101 $
1&
b0110100011010 ;
b0110100011011 >
1@
1A
#33575
0&
0@
0A
#33580
b00000000000000000000110100011110 "
b00000000000000000000110100011110 $
1&
b0110100011011 ;
b0110100011100 >
1@
1A
#33585
0&
0@
0A
#33590
b00000000000000000000110100011111 "
b00000000000000000000110100011111 $
1&
b0110100011100 ;
b0110100011101 >
1@
1A
#33595
0&
0@
0A
#33600
b00000000000000000000110100100000 "
b00000000000000000000110100100000 $
1&
b0110100011101 ;
b0110100011110 >
1@
1A
#33605
0&
0@
0A
#33610
b00000000000000000000110100100001 "
b00000000000000000000110100100001 $
1&
b0110100011110 ;
b0110100011111 >
1@
1A
#33615
0&
0@
0A
#33620
b00000000000000000000110100100010 "
b00000000000000000000110100100010 $
1&
b0110100011111 ;
b0110100100000 >
1@
1A
#33625
0&
0@
0A
#33630
b00000000000000000000110100100011 "
b00000000000000000000110100100011 $
1&
b0110100100000 ;
b0110100100001 >
1@
1A
#33635
0&
0@
0A
#33640
b00000000000000000000110100100100 "
b00000000000000000000110100100100 $
1&
b0110100100001 ;
b0110100100010 >
1@
1A
#33645
0&
0@
0A
#33650
b00000000000000000000110100100101 "
b00000000000000000000110100100101 $
1&
b0110100100010 ;
b0110100100011 >
1@
1A
#33655
0&
0@
0A
#33660
b00000000000000000000110100100110 "
b00000000000000000000110100100110 $
1&
b0110100100011 ;
b0110100100100 >
1@
1A
#33665
0&
0@
0A
#33670
b00000000000000000000110100100111 "
b00000000000000000000110100100111 $
1&
b0110100100100 ;
b0110100100101 >
1@
1A
#33675
0&
0@
0A
#33680
b00000000000000000000110100101000 "
b00000000000000000000110100101000 $
1&
b0110100100101 ;
b0110100100110 >
1@
1A
#33685
0&
0@
0A
#33690
b00000000000000000000110100101001 "
b00000000000000000000110100101001 $
1&
b0110100100110 ;
b0110100100111 >
1@
1A
#33695
0&
0@
0A
#33700
b00000000000000000000110100101010 "
b00000000000000000000110100101010 $
1&
b0110100100111 ;
b0110100101000 >
1@
1A
#33705
0&
0@
0A
#33710
b00000000000000000000110100101011 "
b00000000000000000000110100101011 $
1&
b0110100101000 ;
b0110100101001 >
1@
1A
#33715
0&
0@
0A
#33720
b00000000000000000000110100101100 "
b00000000000000000000110100101100 $
1&
b0110100101001 ;
b0110100101010 >
1@
1A
#33725
0&
0@
0A
#33730
b00000000000000000000110100101101 "
b00000000000000000000110100101101 $
1&
b0110100101010 ;
b0110100101011 >
1@
1A
#33735
0&
0@
0A
#33740
b00000000000000000000110100101110 "
b00000000000000000000110100101110 $
1&
b0110100101011 ;
b0110100101100 >
1@
1A
#33745
0&
0@
0A
#33750
b00000000000000000000110100101111 "
b00000000000000000000110100101111 $
1&
b0110100101100 ;
b0110100101101 >
1@
1A
#33755
0&
0@
0A
#33760
b00000000000000000000110100110000 "
b00000000000000000000110100110000 $
1&
b0110100101101 ;
b0110100101110 >
1@
1A
#33765
0&
0@
0A
#33770
b00000000000000000000110100110001 "
b00000000000000000000110100110001 $
1&
b0110100101110 ;
b0110100101111 >
1@
1A
#33775
0&
0@
0A
#33780
b00000000000000000000110100110010 "
b00000000000000000000110100110010 $
1&
b0110100101111 ;
b0110100110000 >
1@
1A
#33785
0&
0@
0A
#33790
b00000000000000000000110100110011 "
b00000000000000000000110100110011 $
1&
b0110100110000 ;
b0110100110001 >
1@
1A
#33795
0&
0@
0A
#33800
b00000000000000000000110100110100 "
b00000000000000000000110100110100 $
1&
b0110100110001 ;
b0110100110010 >
1@
1A
#33805
0&
0@
0A
#33810
b00000000000000000000110100110101 "
b00000000000000000000110100110101 $
1&
b0110100110010 ;
b0110100110011 >
1@
1A
#33815
0&
0@
0A
#33820
b00000000000000000000110100110110 "
b00000000000000000000110100110110 $
1&
b0110100110011 ;
b0110100110100 >
1@
1A
#33825
0&
0@
0A
#33830
b00000000000000000000110100110111 "
b00000000000000000000110100110111 $
1&
b0110100110100 ;
b0110100110101 >
1@
1A
#33835
0&
0@
0A
#33840
b00000000000000000000110100111000 "
b00000000000000000000110100111000 $
1&
b0110100110101 ;
b0110100110110 >
1@
1A
#33845
0&
0@
0A
#33850
b00000000000000000000110100111001 "
b00000000000000000000110100111001 $
1&
b0110100110110 ;
b0110100110111 >
1@
1A
#33855
0&
0@
0A
#33860
b00000000000000000000110100111010 "
b00000000000000000000110100111010 $
1&
b0110100110111 ;
b0110100111000 >
1@
1A
#33865
0&
0@
0A
#33870
b00000000000000000000110100111011 "
b00000000000000000000110100111011 $
1&
b0110100111000 ;
b0110100111001 >
1@
1A
#33875
0&
0@
0A
#33880
b00000000000000000000110100111100 "
b00000000000000000000110100111100 $
1&
b0110100111001 ;
b0110100111010 >
1@
1A
#33885
0&
0@
0A
#33890
b00000000000000000000110100111101 "
b00000000000000000000110100111101 $
1&
b0110100111010 ;
b0110100111011 >
1@
1A
#33895
0&
0@
0A
#33900
b00000000000000000000110100111110 "
b00000000000000000000110100111110 $
1&
b0110100111011 ;
b0110100111100 >
1@
1A
#33905
0&
0@
0A
#33910
b00000000000000000000110100111111 "
b00000000000000000000110100111111 $
1&
b0110100111100 ;
b0110100111101 >
1@
1A
#33915
0&
0@
0A
#33920
b00000000000000000000110101000000 "
b00000000000000000000110101000000 $
1&
b0110100111101 ;
b0110100111110 >
1@
1A
#33925
0&
0@
0A
#33930
b00000000000000000000110101000001 "
b00000000000000000000110101000001 $
1&
b0110100111110 ;
b0110100111111 >
1@
1A
#33935
0&
0@
0A
#33940
b00000000000000000000110101000010 "
b00000000000000000000110101000010 $
1&
b0110100111111 ;
b0110101000000 >
1@
1A
#33945
0&
0@
0A
#33950
b00000000000000000000110101000011 "
b00000000000000000000110101000011 $
1&
b0110101000000 ;
b0110101000001 >
1@
1A
#33955
0&
0@
0A
#33960
b00000000000000000000110101000100 "
b00000000000000000000110101000100 $
1&
b0110101000001 ;
b0110101000010 >
1@
1A
#33965
0&
0@
0A
#33970
b00000000000000000000110101000101 "
b00000000000000000000110101000101 $
1&
b0110101000010 ;
b0110101000011 >
1@
1A
#33975
0&
0@
0A
#33980
b00000000000000000000110101000110 "
b00000000000000000000110101000110 $
1&
b0110101000011 ;
b0110101000100 >
1@
1A
#33985
0&
0@
0A
#33990
b00000000000000000000110101000111 "
b00000000000000000000110101000111 $
1&
b0110101000100 ;
b0110101000101 >
1@
1A
#33995
0&
0@
0A
#34000
b00000000000000000000110101001000 "
b00000000000000000000110101001000 $
1&
b0110101000101 ;
b0110101000110 >
1@
1A
#34005
0&
0@
0A
#34010
b00000000000000000000110101001001 "
b00000000000000000000110101001001 $
1&
b0110101000110 ;
b0110101000111 >
1@
1A
#34015
0&
0@
0A
#34020
b00000000000000000000110101001010 "
b00000000000000000000110101001010 $
1&
b0110101000111 ;
b0110101001000 >
1@
1A
#34025
0&
0@
0A
#34030
b00000000000000000000110101001011 "
b00000000000000000000110101001011 $
1&
b0110101001000 ;
b0110101001001 >
1@
1A
#34035
0&
0@
0A
#34040
b00000000000000000000110101001100 "
b00000000000000000000110101001100 $
1&
b0110101001001 ;
b0110101001010 >
1@
1A
#34045
0&
0@
0A
#34050
b00000000000000000000110101001101 "
b00000000000000000000110101001101 $
1&
b0110101001010 ;
b0110101001011 >
1@
1A
#34055
0&
0@
0A
#34060
b00000000000000000000110101001110 "
b00000000000000000000110101001110 $
1&
b0110101001011 ;
b0110101001100 >
1@
1A
#34065
0&
0@
0A
#34070
b00000000000000000000110101001111 "
b00000000000000000000110101001111 $
1&
b0110101001100 ;
b0110101001101 >
1@
1A
#34075
0&
0@
0A
#34080
b00000000000000000000110101010000 "
b00000000000000000000110101010000 $
1&
b0110101001101 ;
b0110101001110 >
1@
1A
#34085
0&
0@
0A
#34090
b00000000000000000000110101010001 "
b00000000000000000000110101010001 $
1&
b0110101001110 ;
b0110101001111 >
1@
1A
#34095
0&
0@
0A
#34100
b00000000000000000000110101010010 "
b00000000000000000000110101010010 $
1&
b0110101001111 ;
b0110101010000 >
1@
1A
#34105
0&
0@
0A
#34110
b00000000000000000000110101010011 "
b00000000000000000000110101010011 $
1&
b0110101010000 ;
b0110101010001 >
1@
1A
#34115
0&
0@
0A
#34120
b00000000000000000000110101010100 "
b00000000000000000000110101010100 $
1&
b0110101010001 ;
b0110101010010 >
1@
1A
#34125
0&
0@
0A
#34130
b00000000000000000000110101010101 "
b00000000000000000000110101010101 $
1&
b0110101010010 ;
b0110101010011 >
1@
1A
#34135
0&
0@
0A
#34140
b00000000000000000000110101010110 "
b00000000000000000000110101010110 $
1&
b0110101010011 ;
b0110101010100 >
1@
1A
#34145
0&
0@
0A
#34150
b00000000000000000000110101010111 "
b00000000000000000000110101010111 $
1&
b0110101010100 ;
b0110101010101 >
1@
1A
#34155
0&
0@
0A
#34160
b00000000000000000000110101011000 "
b00000000000000000000110101011000 $
1&
b0110101010101 ;
b0110101010110 >
1@
1A
#34165
0&
0@
0A
#34170
b00000000000000000000110101011001 "
b00000000000000000000110101011001 $
1&
b0110101010110 ;
b0110101010111 >
1@
1A
#34175
0&
0@
0A
#34180
b00000000000000000000110101011010 "
b00000000000000000000110101011010 $
1&
b0110101010111 ;
b0110101011000 >
1@
1A
#34185
0&
0@
0A
#34190
b00000000000000000000110101011011 "
b00000000000000000000110101011011 $
1&
b0110101011000 ;
b0110101011001 >
1@
1A
#34195
0&
0@
0A
#34200
b00000000000000000000110101011100 "
b00000000000000000000110101011100 $
1&
b0110101011001 ;
b0110101011010 >
1@
1A
#34205
0&
0@
0A
#34210
b00000000000000000000110101011101 "
b00000000000000000000110101011101 $
1&
b0110101011010 ;
b0110101011011 >
1@
1A
#34215
0&
0@
0A
#34220
b00000000000000000000110101011110 "
b00000000000000000000110101011110 $
1&
b0110101011011 ;
b0110101011100 >
1@
1A
#34225
0&
0@
0A
#34230
b00000000000000000000110101011111 "
b00000000000000000000110101011111 $
1&
b0110101011100 ;
b0110101011101 >
1@
1A
#34235
0&
0@
0A
#34240
b00000000000000000000110101100000 "
b00000000000000000000110101100000 $
1&
b0110101011101 ;
b0110101011110 >
1@
1A
#34245
0&
0@
0A
#34250
b00000000000000000000110101100001 "
b00000000000000000000110101100001 $
1&
b0110101011110 ;
b0110101011111 >
1@
1A
#34255
0&
0@
0A
#34260
b00000000000000000000110101100010 "
b00000000000000000000110101100010 $
1&
b0110101011111 ;
b0110101100000 >
1@
1A
#34265
0&
0@
0A
#34270
b00000000000000000000110101100011 "
b00000000000000000000110101100011 $
1&
b0110101100000 ;
b0110101100001 >
1@
1A
#34275
0&
0@
0A
#34280
b00000000000000000000110101100100 "
b00000000000000000000110101100100 $
1&
b0110101100001 ;
b0110101100010 >
1@
1A
#34285
0&
0@
0A
#34290
b00000000000000000000110101100101 "
b00000000000000000000110101100101 $
1&
b0110101100010 ;
b0110101100011 >
1@
1A
#34295
0&
0@
0A
#34300
b00000000000000000000110101100110 "
b00000000000000000000110101100110 $
1&
b0110101100011 ;
b0110101100100 >
1@
1A
#34305
0&
0@
0A
#34310
b00000000000000000000110101100111 "
b00000000000000000000110101100111 $
1&
b0110101100100 ;
b0110101100101 >
1@
1A
#34315
0&
0@
0A
#34320
b00000000000000000000110101101000 "
b00000000000000000000110101101000 $
1&
b0110101100101 ;
b0110101100110 >
1@
1A
#34325
0&
0@
0A
#34330
b00000000000000000000110101101001 "
b00000000000000000000110101101001 $
1&
b0110101100110 ;
b0110101100111 >
1@
1A
#34335
0&
0@
0A
#34340
b00000000000000000000110101101010 "
b00000000000000000000110101101010 $
1&
b0110101100111 ;
b0110101101000 >
1@
1A
#34345
0&
0@
0A
#34350
b00000000000000000000110101101011 "
b00000000000000000000110101101011 $
1&
b0110101101000 ;
b0110101101001 >
1@
1A
#34355
0&
0@
0A
#34360
b00000000000000000000110101101100 "
b00000000000000000000110101101100 $
1&
b0110101101001 ;
b0110101101010 >
1@
1A
#34365
0&
0@
0A
#34370
b00000000000000000000110101101101 "
b00000000000000000000110101101101 $
1&
b0110101101010 ;
b0110101101011 >
1@
1A
#34375
0&
0@
0A
#34380
b00000000000000000000110101101110 "
b00000000000000000000110101101110 $
1&
b0110101101011 ;
b0110101101100 >
1@
1A
#34385
0&
0@
0A
#34390
b00000000000000000000110101101111 "
b00000000000000000000110101101111 $
1&
b0110101101100 ;
b0110101101101 >
1@
1A
#34395
0&
0@
0A
#34400
b00000000000000000000110101110000 "
b00000000000000000000110101110000 $
1&
b0110101101101 ;
b0110101101110 >
1@
1A
#34405
0&
0@
0A
#34410
b00000000000000000000110101110001 "
b00000000000000000000110101110001 $
1&
b0110101101110 ;
b0110101101111 >
1@
1A
#34415
0&
0@
0A
#34420
b00000000000000000000110101110010 "
b00000000000000000000110101110010 $
1&
b0110101101111 ;
b0110101110000 >
1@
1A
#34425
0&
0@
0A
#34430
b00000000000000000000110101110011 "
b00000000000000000000110101110011 $
1&
b0110101110000 ;
b0110101110001 >
1@
1A
#34435
0&
0@
0A
#34440
b00000000000000000000110101110100 "
b00000000000000000000110101110100 $
1&
b0110101110001 ;
b0110101110010 >
1@
1A
#34445
0&
0@
0A
#34450
b00000000000000000000110101110101 "
b00000000000000000000110101110101 $
1&
b0110101110010 ;
b0110101110011 >
1@
1A
#34455
0&
0@
0A
#34460
b00000000000000000000110101110110 "
b00000000000000000000110101110110 $
1&
b0110101110011 ;
b0110101110100 >
1@
1A
#34465
0&
0@
0A
#34470
b00000000000000000000110101110111 "
b00000000000000000000110101110111 $
1&
b0110101110100 ;
b0110101110101 >
1@
1A
#34475
0&
0@
0A
#34480
b00000000000000000000110101111000 "
b00000000000000000000110101111000 $
1&
b0110101110101 ;
b0110101110110 >
1@
1A
#34485
0&
0@
0A
#34490
b00000000000000000000110101111001 "
b00000000000000000000110101111001 $
1&
b0110101110110 ;
b0110101110111 >
1@
1A
#34495
0&
0@
0A
#34500
b00000000000000000000110101111010 "
b00000000000000000000110101111010 $
1&
b0110101110111 ;
b0110101111000 >
1@
1A
#34505
0&
0@
0A
#34510
b00000000000000000000110101111011 "
b00000000000000000000110101111011 $
1&
b0110101111000 ;
b0110101111001 >
1@
1A
#34515
0&
0@
0A
#34520
b00000000000000000000110101111100 "
b00000000000000000000110101111100 $
1&
b0110101111001 ;
b0110101111010 >
1@
1A
#34525
0&
0@
0A
#34530
b00000000000000000000110101111101 "
b00000000000000000000110101111101 $
1&
b0110101111010 ;
b0110101111011 >
1@
1A
#34535
0&
0@
0A
#34540
b00000000000000000000110101111110 "
b00000000000000000000110101111110 $
1&
b0110101111011 ;
b0110101111100 >
1@
1A
#34545
0&
0@
0A
#34550
b00000000000000000000110101111111 "
b00000000000000000000110101111111 $
1&
b0110101111100 ;
b0110101111101 >
1@
1A
#34555
0&
0@
0A
#34560
b00000000000000000000110110000000 "
b00000000000000000000110110000000 $
1&
b0110101111101 ;
b0110101111110 >
1@
1A
#34565
0&
0@
0A
#34570
b00000000000000000000110110000001 "
b00000000000000000000110110000001 $
1&
b0110101111110 ;
b0110101111111 >
1@
1A
#34575
0&
0@
0A
#34580
b00000000000000000000110110000010 "
b00000000000000000000110110000010 $
1&
b0110101111111 ;
b0110110000000 >
1@
1A
#34585
0&
0@
0A
#34590
b00000000000000000000110110000011 "
b00000000000000000000110110000011 $
1&
b0110110000000 ;
b0110110000001 >
1@
1A
#34595
0&
0@
0A
#34600
b00000000000000000000110110000100 "
b00000000000000000000110110000100 $
1&
b0110110000001 ;
b0110110000010 >
1@
1A
#34605
0&
0@
0A
#34610
b00000000000000000000110110000101 "
b00000000000000000000110110000101 $
1&
b0110110000010 ;
b0110110000011 >
1@
1A
#34615
0&
0@
0A
#34620
b00000000000000000000110110000110 "
b00000000000000000000110110000110 $
1&
b0110110000011 ;
b0110110000100 >
1@
1A
#34625
0&
0@
0A
#34630
b00000000000000000000110110000111 "
b00000000000000000000110110000111 $
1&
b0110110000100 ;
b0110110000101 >
1@
1A
#34635
0&
0@
0A
#34640
b00000000000000000000110110001000 "
b00000000000000000000110110001000 $
1&
b0110110000101 ;
b0110110000110 >
1@
1A
#34645
0&
0@
0A
#34650
b00000000000000000000110110001001 "
b00000000000000000000110110001001 $
1&
b0110110000110 ;
b0110110000111 >
1@
1A
#34655
0&
0@
0A
#34660
b00000000000000000000110110001010 "
b00000000000000000000110110001010 $
1&
b0110110000111 ;
b0110110001000 >
1@
1A
#34665
0&
0@
0A
#34670
b00000000000000000000110110001011 "
b00000000000000000000110110001011 $
1&
b0110110001000 ;
b0110110001001 >
1@
1A
#34675
0&
0@
0A
#34680
b00000000000000000000110110001100 "
b00000000000000000000110110001100 $
1&
b0110110001001 ;
b0110110001010 >
1@
1A
#34685
0&
0@
0A
#34690
b00000000000000000000110110001101 "
b00000000000000000000110110001101 $
1&
b0110110001010 ;
b0110110001011 >
1@
1A
#34695
0&
0@
0A
#34700
b00000000000000000000110110001110 "
b00000000000000000000110110001110 $
1&
b0110110001011 ;
b0110110001100 >
1@
1A
#34705
0&
0@
0A
#34710
b00000000000000000000110110001111 "
b00000000000000000000110110001111 $
1&
b0110110001100 ;
b0110110001101 >
1@
1A
#34715
0&
0@
0A
#34720
b00000000000000000000110110010000 "
b00000000000000000000110110010000 $
1&
b0110110001101 ;
b0110110001110 >
1@
1A
#34725
0&
0@
0A
#34730
b00000000000000000000110110010001 "
b00000000000000000000110110010001 $
1&
b0110110001110 ;
b0110110001111 >
1@
1A
#34735
0&
0@
0A
#34740
b00000000000000000000110110010010 "
b00000000000000000000110110010010 $
1&
b0110110001111 ;
b0110110010000 >
1@
1A
#34745
0&
0@
0A
#34750
b00000000000000000000110110010011 "
b00000000000000000000110110010011 $
1&
b0110110010000 ;
b0110110010001 >
1@
1A
#34755
0&
0@
0A
#34760
b00000000000000000000110110010100 "
b00000000000000000000110110010100 $
1&
b0110110010001 ;
b0110110010010 >
1@
1A
#34765
0&
0@
0A
#34770
b00000000000000000000110110010101 "
b00000000000000000000110110010101 $
1&
b0110110010010 ;
b0110110010011 >
1@
1A
#34775
0&
0@
0A
#34780
b00000000000000000000110110010110 "
b00000000000000000000110110010110 $
1&
b0110110010011 ;
b0110110010100 >
1@
1A
#34785
0&
0@
0A
#34790
b00000000000000000000110110010111 "
b00000000000000000000110110010111 $
1&
b0110110010100 ;
b0110110010101 >
1@
1A
#34795
0&
0@
0A
#34800
b00000000000000000000110110011000 "
b00000000000000000000110110011000 $
1&
b0110110010101 ;
b0110110010110 >
1@
1A
#34805
0&
0@
0A
#34810
b00000000000000000000110110011001 "
b00000000000000000000110110011001 $
1&
b0110110010110 ;
b0110110010111 >
1@
1A
#34815
0&
0@
0A
#34820
b00000000000000000000110110011010 "
b00000000000000000000110110011010 $
1&
b0110110010111 ;
b0110110011000 >
1@
1A
#34825
0&
0@
0A
#34830
b00000000000000000000110110011011 "
b00000000000000000000110110011011 $
1&
b0110110011000 ;
b0110110011001 >
1@
1A
#34835
0&
0@
0A
#34840
b00000000000000000000110110011100 "
b00000000000000000000110110011100 $
1&
b0110110011001 ;
b0110110011010 >
1@
1A
#34845
0&
0@
0A
#34850
b00000000000000000000110110011101 "
b00000000000000000000110110011101 $
1&
b0110110011010 ;
b0110110011011 >
1@
1A
#34855
0&
0@
0A
#34860
b00000000000000000000110110011110 "
b00000000000000000000110110011110 $
1&
b0110110011011 ;
b0110110011100 >
1@
1A
#34865
0&
0@
0A
#34870
b00000000000000000000110110011111 "
b00000000000000000000110110011111 $
1&
b0110110011100 ;
b0110110011101 >
1@
1A
#34875
0&
0@
0A
#34880
b00000000000000000000110110100000 "
b00000000000000000000110110100000 $
1&
b0110110011101 ;
b0110110011110 >
1@
1A
#34885
0&
0@
0A
#34890
b00000000000000000000110110100001 "
b00000000000000000000110110100001 $
1&
b0110110011110 ;
b0110110011111 >
1@
1A
#34895
0&
0@
0A
#34900
b00000000000000000000110110100010 "
b00000000000000000000110110100010 $
1&
b0110110011111 ;
b0110110100000 >
1@
1A
#34905
0&
0@
0A
#34910
b00000000000000000000110110100011 "
b00000000000000000000110110100011 $
1&
b0110110100000 ;
b0110110100001 >
1@
1A
#34915
0&
0@
0A
#34920
b00000000000000000000110110100100 "
b00000000000000000000110110100100 $
1&
b0110110100001 ;
b0110110100010 >
1@
1A
#34925
0&
0@
0A
#34930
b00000000000000000000110110100101 "
b00000000000000000000110110100101 $
1&
b0110110100010 ;
b0110110100011 >
1@
1A
#34935
0&
0@
0A
#34940
b00000000000000000000110110100110 "
b00000000000000000000110110100110 $
1&
b0110110100011 ;
b0110110100100 >
1@
1A
#34945
0&
0@
0A
#34950
b00000000000000000000110110100111 "
b00000000000000000000110110100111 $
1&
b0110110100100 ;
b0110110100101 >
1@
1A
#34955
0&
0@
0A
#34960
b00000000000000000000110110101000 "
b00000000000000000000110110101000 $
1&
b0110110100101 ;
b0110110100110 >
1@
1A
#34965
0&
0@
0A
#34970
b00000000000000000000110110101001 "
b00000000000000000000110110101001 $
1&
b0110110100110 ;
b0110110100111 >
1@
1A
#34975
0&
0@
0A
#34980
b00000000000000000000110110101010 "
b00000000000000000000110110101010 $
1&
b0110110100111 ;
b0110110101000 >
1@
1A
#34985
0&
0@
0A
#34990
b00000000000000000000110110101011 "
b00000000000000000000110110101011 $
1&
b0110110101000 ;
b0110110101001 >
1@
1A
#34995
0&
0@
0A
#35000
b00000000000000000000110110101100 "
b00000000000000000000110110101100 $
1&
b0110110101001 ;
b0110110101010 >
1@
1A
#35005
0&
0@
0A
#35010
b00000000000000000000110110101101 "
b00000000000000000000110110101101 $
1&
b0110110101010 ;
b0110110101011 >
1@
1A
#35015
0&
0@
0A
#35020
b00000000000000000000110110101110 "
b00000000000000000000110110101110 $
1&
b0110110101011 ;
b0110110101100 >
1@
1A
#35025
0&
0@
0A
#35030
b00000000000000000000110110101111 "
b00000000000000000000110110101111 $
1&
b0110110101100 ;
b0110110101101 >
1@
1A
#35035
0&
0@
0A
#35040
b00000000000000000000110110110000 "
b00000000000000000000110110110000 $
1&
b0110110101101 ;
b0110110101110 >
1@
1A
#35045
0&
0@
0A
#35050
b00000000000000000000110110110001 "
b00000000000000000000110110110001 $
1&
b0110110101110 ;
b0110110101111 >
1@
1A
#35055
0&
0@
0A
#35060
b00000000000000000000110110110010 "
b00000000000000000000110110110010 $
1&
b0110110101111 ;
b0110110110000 >
1@
1A
#35065
0&
0@
0A
#35070
b00000000000000000000110110110011 "
b00000000000000000000110110110011 $
1&
b0110110110000 ;
b0110110110001 >
1@
1A
#35075
0&
0@
0A
#35080
b00000000000000000000110110110100 "
b00000000000000000000110110110100 $
1&
b0110110110001 ;
b0110110110010 >
1@
1A
#35085
0&
0@
0A
#35090
b00000000000000000000110110110101 "
b00000000000000000000110110110101 $
1&
b0110110110010 ;
b0110110110011 >
1@
1A
#35095
0&
0@
0A
#35100
b00000000000000000000110110110110 "
b00000000000000000000110110110110 $
1&
b0110110110011 ;
b0110110110100 >
1@
1A
#35105
0&
0@
0A
#35110
b00000000000000000000110110110111 "
b00000000000000000000110110110111 $
1&
b0110110110100 ;
b0110110110101 >
1@
1A
#35115
0&
0@
0A
#35120
b00000000000000000000110110111000 "
b00000000000000000000110110111000 $
1&
b0110110110101 ;
b0110110110110 >
1@
1A
#35125
0&
0@
0A
#35130
b00000000000000000000110110111001 "
b00000000000000000000110110111001 $
1&
b0110110110110 ;
b0110110110111 >
1@
1A
#35135
0&
0@
0A
#35140
b00000000000000000000110110111010 "
b00000000000000000000110110111010 $
1&
b0110110110111 ;
b0110110111000 >
1@
1A
#35145
0&
0@
0A
#35150
b00000000000000000000110110111011 "
b00000000000000000000110110111011 $
1&
b0110110111000 ;
b0110110111001 >
1@
1A
#35155
0&
0@
0A
#35160
b00000000000000000000110110111100 "
b00000000000000000000110110111100 $
1&
b0110110111001 ;
b0110110111010 >
1@
1A
#35165
0&
0@
0A
#35170
b00000000000000000000110110111101 "
b00000000000000000000110110111101 $
1&
b0110110111010 ;
b0110110111011 >
1@
1A
#35175
0&
0@
0A
#35180
b00000000000000000000110110111110 "
b00000000000000000000110110111110 $
1&
b0110110111011 ;
b0110110111100 >
1@
1A
#35185
0&
0@
0A
#35190
b00000000000000000000110110111111 "
b00000000000000000000110110111111 $
1&
b0110110111100 ;
b0110110111101 >
1@
1A
#35195
0&
0@
0A
#35200
b00000000000000000000110111000000 "
b00000000000000000000110111000000 $
1&
b0110110111101 ;
b0110110111110 >
1@
1A
#35205
0&
0@
0A
#35210
b00000000000000000000110111000001 "
b00000000000000000000110111000001 $
1&
b0110110111110 ;
b0110110111111 >
1@
1A
#35215
0&
0@
0A
#35220
b00000000000000000000110111000010 "
b00000000000000000000110111000010 $
1&
b0110110111111 ;
b0110111000000 >
1@
1A
#35225
0&
0@
0A
#35230
b00000000000000000000110111000011 "
b00000000000000000000110111000011 $
1&
b0110111000000 ;
b0110111000001 >
1@
1A
#35235
0&
0@
0A
#35240
b00000000000000000000110111000100 "
b00000000000000000000110111000100 $
1&
b0110111000001 ;
b0110111000010 >
1@
1A
#35245
0&
0@
0A
#35250
b00000000000000000000110111000101 "
b00000000000000000000110111000101 $
1&
b0110111000010 ;
b0110111000011 >
1@
1A
#35255
0&
0@
0A
#35260
b00000000000000000000110111000110 "
b00000000000000000000110111000110 $
1&
b0110111000011 ;
b0110111000100 >
1@
1A
#35265
0&
0@
0A
#35270
b00000000000000000000110111000111 "
b00000000000000000000110111000111 $
1&
b0110111000100 ;
b0110111000101 >
1@
1A
#35275
0&
0@
0A
#35280
b00000000000000000000110111001000 "
b00000000000000000000110111001000 $
1&
b0110111000101 ;
b0110111000110 >
1@
1A
#35285
0&
0@
0A
#35290
b00000000000000000000110111001001 "
b00000000000000000000110111001001 $
1&
b0110111000110 ;
b0110111000111 >
1@
1A
#35295
0&
0@
0A
#35300
b00000000000000000000110111001010 "
b00000000000000000000110111001010 $
1&
b0110111000111 ;
b0110111001000 >
1@
1A
#35305
0&
0@
0A
#35310
b00000000000000000000110111001011 "
b00000000000000000000110111001011 $
1&
b0110111001000 ;
b0110111001001 >
1@
1A
#35315
0&
0@
0A
#35320
b00000000000000000000110111001100 "
b00000000000000000000110111001100 $
1&
b0110111001001 ;
b0110111001010 >
1@
1A
#35325
0&
0@
0A
#35330
b00000000000000000000110111001101 "
b00000000000000000000110111001101 $
1&
b0110111001010 ;
b0110111001011 >
1@
1A
#35335
0&
0@
0A
#35340
b00000000000000000000110111001110 "
b00000000000000000000110111001110 $
1&
b0110111001011 ;
b0110111001100 >
1@
1A
#35345
0&
0@
0A
#35350
b00000000000000000000110111001111 "
b00000000000000000000110111001111 $
1&
b0110111001100 ;
b0110111001101 >
1@
1A
#35355
0&
0@
0A
#35360
b00000000000000000000110111010000 "
b00000000000000000000110111010000 $
1&
b0110111001101 ;
b0110111001110 >
1@
1A
#35365
0&
0@
0A
#35370
b00000000000000000000110111010001 "
b00000000000000000000110111010001 $
1&
b0110111001110 ;
b0110111001111 >
1@
1A
#35375
0&
0@
0A
#35380
b00000000000000000000110111010010 "
b00000000000000000000110111010010 $
1&
b0110111001111 ;
b0110111010000 >
1@
1A
#35385
0&
0@
0A
#35390
b00000000000000000000110111010011 "
b00000000000000000000110111010011 $
1&
b0110111010000 ;
b0110111010001 >
1@
1A
#35395
0&
0@
0A
#35400
b00000000000000000000110111010100 "
b00000000000000000000110111010100 $
1&
b0110111010001 ;
b0110111010010 >
1@
1A
#35405
0&
0@
0A
#35410
b00000000000000000000110111010101 "
b00000000000000000000110111010101 $
1&
b0110111010010 ;
b0110111010011 >
1@
1A
#35415
0&
0@
0A
#35420
b00000000000000000000110111010110 "
b00000000000000000000110111010110 $
1&
b0110111010011 ;
b0110111010100 >
1@
1A
#35425
0&
0@
0A
#35430
b00000000000000000000110111010111 "
b00000000000000000000110111010111 $
1&
b0110111010100 ;
b0110111010101 >
1@
1A
#35435
0&
0@
0A
#35440
b00000000000000000000110111011000 "
b00000000000000000000110111011000 $
1&
b0110111010101 ;
b0110111010110 >
1@
1A
#35445
0&
0@
0A
#35450
b00000000000000000000110111011001 "
b00000000000000000000110111011001 $
1&
b0110111010110 ;
b0110111010111 >
1@
1A
#35455
0&
0@
0A
#35460
b00000000000000000000110111011010 "
b00000000000000000000110111011010 $
1&
b0110111010111 ;
b0110111011000 >
1@
1A
#35465
0&
0@
0A
#35470
b00000000000000000000110111011011 "
b00000000000000000000110111011011 $
1&
b0110111011000 ;
b0110111011001 >
1@
1A
#35475
0&
0@
0A
#35480
b00000000000000000000110111011100 "
b00000000000000000000110111011100 $
1&
b0110111011001 ;
b0110111011010 >
1@
1A
#35485
0&
0@
0A
#35490
b00000000000000000000110111011101 "
b00000000000000000000110111011101 $
1&
b0110111011010 ;
b0110111011011 >
1@
1A
#35495
0&
0@
0A
#35500
b00000000000000000000110111011110 "
b00000000000000000000110111011110 $
1&
b0110111011011 ;
b0110111011100 >
1@
1A
#35505
0&
0@
0A
#35510
b00000000000000000000110111011111 "
b00000000000000000000110111011111 $
1&
b0110111011100 ;
b0110111011101 >
1@
1A
#35515
0&
0@
0A
#35520
b00000000000000000000110111100000 "
b00000000000000000000110111100000 $
1&
b0110111011101 ;
b0110111011110 >
1@
1A
#35525
0&
0@
0A
#35530
b00000000000000000000110111100001 "
b00000000000000000000110111100001 $
1&
b0110111011110 ;
b0110111011111 >
1@
1A
#35535
0&
0@
0A
#35540
b00000000000000000000110111100010 "
b00000000000000000000110111100010 $
1&
b0110111011111 ;
b0110111100000 >
1@
1A
#35545
0&
0@
0A
#35550
b00000000000000000000110111100011 "
b00000000000000000000110111100011 $
1&
b0110111100000 ;
b0110111100001 >
1@
1A
#35555
0&
0@
0A
#35560
b00000000000000000000110111100100 "
b00000000000000000000110111100100 $
1&
b0110111100001 ;
b0110111100010 >
1@
1A
#35565
0&
0@
0A
#35570
b00000000000000000000110111100101 "
b00000000000000000000110111100101 $
1&
b0110111100010 ;
b0110111100011 >
1@
1A
#35575
0&
0@
0A
#35580
b00000000000000000000110111100110 "
b00000000000000000000110111100110 $
1&
b0110111100011 ;
b0110111100100 >
1@
1A
#35585
0&
0@
0A
#35590
b00000000000000000000110111100111 "
b00000000000000000000110111100111 $
1&
b0110111100100 ;
b0110111100101 >
1@
1A
#35595
0&
0@
0A
#35600
b00000000000000000000110111101000 "
b00000000000000000000110111101000 $
1&
b0110111100101 ;
b0110111100110 >
1@
1A
#35605
0&
0@
0A
#35610
b00000000000000000000110111101001 "
b00000000000000000000110111101001 $
1&
b0110111100110 ;
b0110111100111 >
1@
1A
#35615
0&
0@
0A
#35620
b00000000000000000000110111101010 "
b00000000000000000000110111101010 $
1&
b0110111100111 ;
b0110111101000 >
1@
1A
#35625
0&
0@
0A
#35630
b00000000000000000000110111101011 "
b00000000000000000000110111101011 $
1&
b0110111101000 ;
b0110111101001 >
1@
1A
#35635
0&
0@
0A
#35640
b00000000000000000000110111101100 "
b00000000000000000000110111101100 $
1&
b0110111101001 ;
b0110111101010 >
1@
1A
#35645
0&
0@
0A
#35650
b00000000000000000000110111101101 "
b00000000000000000000110111101101 $
1&
b0110111101010 ;
b0110111101011 >
1@
1A
#35655
0&
0@
0A
#35660
b00000000000000000000110111101110 "
b00000000000000000000110111101110 $
1&
b0110111101011 ;
b0110111101100 >
1@
1A
#35665
0&
0@
0A
#35670
b00000000000000000000110111101111 "
b00000000000000000000110111101111 $
1&
b0110111101100 ;
b0110111101101 >
1@
1A
#35675
0&
0@
0A
#35680
b00000000000000000000110111110000 "
b00000000000000000000110111110000 $
1&
b0110111101101 ;
b0110111101110 >
1@
1A
#35685
0&
0@
0A
#35690
b00000000000000000000110111110001 "
b00000000000000000000110111110001 $
1&
b0110111101110 ;
b0110111101111 >
1@
1A
#35695
0&
0@
0A
#35700
b00000000000000000000110111110010 "
b00000000000000000000110111110010 $
1&
b0110111101111 ;
b0110111110000 >
1@
1A
#35705
0&
0@
0A
#35710
b00000000000000000000110111110011 "
b00000000000000000000110111110011 $
1&
b0110111110000 ;
b0110111110001 >
1@
1A
#35715
0&
0@
0A
#35720
b00000000000000000000110111110100 "
b00000000000000000000110111110100 $
1&
b0110111110001 ;
b0110111110010 >
1@
1A
#35725
0&
0@
0A
#35730
b00000000000000000000110111110101 "
b00000000000000000000110111110101 $
1&
b0110111110010 ;
b0110111110011 >
1@
1A
#35735
0&
0@
0A
#35740
b00000000000000000000110111110110 "
b00000000000000000000110111110110 $
1&
b0110111110011 ;
b0110111110100 >
1@
1A
#35745
0&
0@
0A
#35750
b00000000000000000000110111110111 "
b00000000000000000000110111110111 $
1&
b0110111110100 ;
b0110111110101 >
1@
1A
#35755
0&
0@
0A
#35760
b00000000000000000000110111111000 "
b00000000000000000000110111111000 $
1&
b0110111110101 ;
b0110111110110 >
1@
1A
#35765
0&
0@
0A
#35770
b00000000000000000000110111111001 "
b00000000000000000000110111111001 $
1&
b0110111110110 ;
b0110111110111 >
1@
1A
#35775
0&
0@
0A
#35780
b00000000000000000000110111111010 "
b00000000000000000000110111111010 $
1&
b0110111110111 ;
b0110111111000 >
1@
1A
#35785
0&
0@
0A
#35790
b00000000000000000000110111111011 "
b00000000000000000000110111111011 $
1&
b0110111111000 ;
b0110111111001 >
1@
1A
#35795
0&
0@
0A
#35800
b00000000000000000000110111111100 "
b00000000000000000000110111111100 $
1&
b0110111111001 ;
b0110111111010 >
1@
1A
#35805
0&
0@
0A
#35810
b00000000000000000000110111111101 "
b00000000000000000000110111111101 $
1&
b0110111111010 ;
b0110111111011 >
1@
1A
#35815
0&
0@
0A
#35820
b00000000000000000000110111111110 "
b00000000000000000000110111111110 $
1&
b0110111111011 ;
b0110111111100 >
1@
1A
#35825
0&
0@
0A
#35830
b00000000000000000000110111111111 "
b00000000000000000000110111111111 $
1&
b0110111111100 ;
b0110111111101 >
1@
1A
#35835
0&
0@
0A
#35840
b00000000000000000000111000000000 "
b00000000000000000000111000000000 $
1&
b0110111111101 ;
b0110111111110 >
1@
1A
#35845
0&
0@
0A
#35850
b00000000000000000000111000000001 "
b00000000000000000000111000000001 $
1&
b0110111111110 ;
b0110111111111 >
1@
1A
#35855
0&
0@
0A
#35860
b00000000000000000000111000000010 "
b00000000000000000000111000000010 $
1&
b0110111111111 ;
b0111000000000 >
1@
1A
#35865
0&
0@
0A
#35870
b00000000000000000000111000000011 "
b00000000000000000000111000000011 $
1&
b0111000000000 ;
b0111000000001 >
1@
1A
#35875
0&
0@
0A
#35880
b00000000000000000000111000000100 "
b00000000000000000000111000000100 $
1&
b0111000000001 ;
b0111000000010 >
1@
1A
#35885
0&
0@
0A
#35890
b00000000000000000000111000000101 "
b00000000000000000000111000000101 $
1&
b0111000000010 ;
b0111000000011 >
1@
1A
#35895
0&
0@
0A
#35900
b00000000000000000000111000000110 "
b00000000000000000000111000000110 $
1&
b0111000000011 ;
b0111000000100 >
1@
1A
#35905
0&
0@
0A
#35910
b00000000000000000000111000000111 "
b00000000000000000000111000000111 $
1&
b0111000000100 ;
b0111000000101 >
1@
1A
#35915
0&
0@
0A
#35920
b00000000000000000000111000001000 "
b00000000000000000000111000001000 $
1&
b0111000000101 ;
b0111000000110 >
1@
1A
#35925
0&
0@
0A
#35930
b00000000000000000000111000001001 "
b00000000000000000000111000001001 $
1&
b0111000000110 ;
b0111000000111 >
1@
1A
#35935
0&
0@
0A
#35940
b00000000000000000000111000001010 "
b00000000000000000000111000001010 $
1&
b0111000000111 ;
b0111000001000 >
1@
1A
#35945
0&
0@
0A
#35950
b00000000000000000000111000001011 "
b00000000000000000000111000001011 $
1&
b0111000001000 ;
b0111000001001 >
1@
1A
#35955
0&
0@
0A
#35960
b00000000000000000000111000001100 "
b00000000000000000000111000001100 $
1&
b0111000001001 ;
b0111000001010 >
1@
1A
#35965
0&
0@
0A
#35970
b00000000000000000000111000001101 "
b00000000000000000000111000001101 $
1&
b0111000001010 ;
b0111000001011 >
1@
1A
#35975
0&
0@
0A
#35980
b00000000000000000000111000001110 "
b00000000000000000000111000001110 $
1&
b0111000001011 ;
b0111000001100 >
1@
1A
#35985
0&
0@
0A
#35990
b00000000000000000000111000001111 "
b00000000000000000000111000001111 $
1&
b0111000001100 ;
b0111000001101 >
1@
1A
#35995
0&
0@
0A
#36000
b00000000000000000000111000010000 "
b00000000000000000000111000010000 $
1&
b0111000001101 ;
b0111000001110 >
1@
1A
#36005
0&
0@
0A
#36010
b00000000000000000000111000010001 "
b00000000000000000000111000010001 $
1&
b0111000001110 ;
b0111000001111 >
1@
1A
#36015
0&
0@
0A
#36020
b00000000000000000000111000010010 "
b00000000000000000000111000010010 $
1&
b0111000001111 ;
b0111000010000 >
1@
1A
#36025
0&
0@
0A
#36030
b00000000000000000000111000010011 "
b00000000000000000000111000010011 $
1&
b0111000010000 ;
b0111000010001 >
1@
1A
#36035
0&
0@
0A
#36040
b00000000000000000000111000010100 "
b00000000000000000000111000010100 $
1&
b0111000010001 ;
b0111000010010 >
1@
1A
#36045
0&
0@
0A
#36050
b00000000000000000000111000010101 "
b00000000000000000000111000010101 $
1&
b0111000010010 ;
b0111000010011 >
1@
1A
#36055
0&
0@
0A
#36060
b00000000000000000000111000010110 "
b00000000000000000000111000010110 $
1&
b0111000010011 ;
b0111000010100 >
1@
1A
#36065
0&
0@
0A
#36070
b00000000000000000000111000010111 "
b00000000000000000000111000010111 $
1&
b0111000010100 ;
b0111000010101 >
1@
1A
#36075
0&
0@
0A
#36080
b00000000000000000000111000011000 "
b00000000000000000000111000011000 $
1&
b0111000010101 ;
b0111000010110 >
1@
1A
#36085
0&
0@
0A
#36090
b00000000000000000000111000011001 "
b00000000000000000000111000011001 $
1&
b0111000010110 ;
b0111000010111 >
1@
1A
#36095
0&
0@
0A
#36100
b00000000000000000000111000011010 "
b00000000000000000000111000011010 $
1&
b0111000010111 ;
b0111000011000 >
1@
1A
#36105
0&
0@
0A
#36110
b00000000000000000000111000011011 "
b00000000000000000000111000011011 $
1&
b0111000011000 ;
b0111000011001 >
1@
1A
#36115
0&
0@
0A
#36120
b00000000000000000000111000011100 "
b00000000000000000000111000011100 $
1&
b0111000011001 ;
b0111000011010 >
1@
1A
#36125
0&
0@
0A
#36130
b00000000000000000000111000011101 "
b00000000000000000000111000011101 $
1&
b0111000011010 ;
b0111000011011 >
1@
1A
#36135
0&
0@
0A
#36140
b00000000000000000000111000011110 "
b00000000000000000000111000011110 $
1&
b0111000011011 ;
b0111000011100 >
1@
1A
#36145
0&
0@
0A
#36150
b00000000000000000000111000011111 "
b00000000000000000000111000011111 $
1&
b0111000011100 ;
b0111000011101 >
1@
1A
#36155
0&
0@
0A
#36160
b00000000000000000000111000100000 "
b00000000000000000000111000100000 $
1&
b0111000011101 ;
b0111000011110 >
1@
1A
#36165
0&
0@
0A
#36170
b00000000000000000000111000100001 "
b00000000000000000000111000100001 $
1&
b0111000011110 ;
b0111000011111 >
1@
1A
#36175
0&
0@
0A
#36180
b00000000000000000000111000100010 "
b00000000000000000000111000100010 $
1&
b0111000011111 ;
b0111000100000 >
1@
1A
#36185
0&
0@
0A
#36190
b00000000000000000000111000100011 "
b00000000000000000000111000100011 $
1&
b0111000100000 ;
b0111000100001 >
1@
1A
#36195
0&
0@
0A
#36200
b00000000000000000000111000100100 "
b00000000000000000000111000100100 $
1&
b0111000100001 ;
b0111000100010 >
1@
1A
#36205
0&
0@
0A
#36210
b00000000000000000000111000100101 "
b00000000000000000000111000100101 $
1&
b0111000100010 ;
b0111000100011 >
1@
1A
#36215
0&
0@
0A
#36220
b00000000000000000000111000100110 "
b00000000000000000000111000100110 $
1&
b0111000100011 ;
b0111000100100 >
1@
1A
#36225
0&
0@
0A
#36230
b00000000000000000000111000100111 "
b00000000000000000000111000100111 $
1&
b0111000100100 ;
b0111000100101 >
1@
1A
#36235
0&
0@
0A
#36240
b00000000000000000000111000101000 "
b00000000000000000000111000101000 $
1&
b0111000100101 ;
b0111000100110 >
1@
1A
#36245
0&
0@
0A
#36250
b00000000000000000000111000101001 "
b00000000000000000000111000101001 $
1&
b0111000100110 ;
b0111000100111 >
1@
1A
#36255
0&
0@
0A
#36260
b00000000000000000000111000101010 "
b00000000000000000000111000101010 $
1&
b0111000100111 ;
b0111000101000 >
1@
1A
#36265
0&
0@
0A
#36270
b00000000000000000000111000101011 "
b00000000000000000000111000101011 $
1&
b0111000101000 ;
b0111000101001 >
1@
1A
#36275
0&
0@
0A
#36280
b00000000000000000000111000101100 "
b00000000000000000000111000101100 $
1&
b0111000101001 ;
b0111000101010 >
1@
1A
#36285
0&
0@
0A
#36290
b00000000000000000000111000101101 "
b00000000000000000000111000101101 $
1&
b0111000101010 ;
b0111000101011 >
1@
1A
#36295
0&
0@
0A
#36300
b00000000000000000000111000101110 "
b00000000000000000000111000101110 $
1&
b0111000101011 ;
b0111000101100 >
1@
1A
#36305
0&
0@
0A
#36310
b00000000000000000000111000101111 "
b00000000000000000000111000101111 $
1&
b0111000101100 ;
b0111000101101 >
1@
1A
#36315
0&
0@
0A
#36320
b00000000000000000000111000110000 "
b00000000000000000000111000110000 $
1&
b0111000101101 ;
b0111000101110 >
1@
1A
#36325
0&
0@
0A
#36330
b00000000000000000000111000110001 "
b00000000000000000000111000110001 $
1&
b0111000101110 ;
b0111000101111 >
1@
1A
#36335
0&
0@
0A
#36340
b00000000000000000000111000110010 "
b00000000000000000000111000110010 $
1&
b0111000101111 ;
b0111000110000 >
1@
1A
#36345
0&
0@
0A
#36350
b00000000000000000000111000110011 "
b00000000000000000000111000110011 $
1&
b0111000110000 ;
b0111000110001 >
1@
1A
#36355
0&
0@
0A
#36360
b00000000000000000000111000110100 "
b00000000000000000000111000110100 $
1&
b0111000110001 ;
b0111000110010 >
1@
1A
#36365
0&
0@
0A
#36370
b00000000000000000000111000110101 "
b00000000000000000000111000110101 $
1&
b0111000110010 ;
b0111000110011 >
1@
1A
#36375
0&
0@
0A
#36380
b00000000000000000000111000110110 "
b00000000000000000000111000110110 $
1&
b0111000110011 ;
b0111000110100 >
1@
1A
#36385
0&
0@
0A
#36390
b00000000000000000000111000110111 "
b00000000000000000000111000110111 $
1&
b0111000110100 ;
b0111000110101 >
1@
1A
#36395
0&
0@
0A
#36400
b00000000000000000000111000111000 "
b00000000000000000000111000111000 $
1&
b0111000110101 ;
b0111000110110 >
1@
1A
#36405
0&
0@
0A
#36410
b00000000000000000000111000111001 "
b00000000000000000000111000111001 $
1&
b0111000110110 ;
b0111000110111 >
1@
1A
#36415
0&
0@
0A
#36420
b00000000000000000000111000111010 "
b00000000000000000000111000111010 $
1&
b0111000110111 ;
b0111000111000 >
1@
1A
#36425
0&
0@
0A
#36430
b00000000000000000000111000111011 "
b00000000000000000000111000111011 $
1&
b0111000111000 ;
b0111000111001 >
1@
1A
#36435
0&
0@
0A
#36440
b00000000000000000000111000111100 "
b00000000000000000000111000111100 $
1&
b0111000111001 ;
b0111000111010 >
1@
1A
#36445
0&
0@
0A
#36450
b00000000000000000000111000111101 "
b00000000000000000000111000111101 $
1&
b0111000111010 ;
b0111000111011 >
1@
1A
#36455
0&
0@
0A
#36460
b00000000000000000000111000111110 "
b00000000000000000000111000111110 $
1&
b0111000111011 ;
b0111000111100 >
1@
1A
#36465
0&
0@
0A
#36470
b00000000000000000000111000111111 "
b00000000000000000000111000111111 $
1&
b0111000111100 ;
b0111000111101 >
1@
1A
#36475
0&
0@
0A
#36480
b00000000000000000000111001000000 "
b00000000000000000000111001000000 $
1&
b0111000111101 ;
b0111000111110 >
1@
1A
#36485
0&
0@
0A
#36490
b00000000000000000000111001000001 "
b00000000000000000000111001000001 $
1&
b0111000111110 ;
b0111000111111 >
1@
1A
#36495
0&
0@
0A
#36500
b00000000000000000000111001000010 "
b00000000000000000000111001000010 $
1&
b0111000111111 ;
b0111001000000 >
1@
1A
#36505
0&
0@
0A
#36510
b00000000000000000000111001000011 "
b00000000000000000000111001000011 $
1&
b0111001000000 ;
b0111001000001 >
1@
1A
#36515
0&
0@
0A
#36520
b00000000000000000000111001000100 "
b00000000000000000000111001000100 $
1&
b0111001000001 ;
b0111001000010 >
1@
1A
#36525
0&
0@
0A
#36530
b00000000000000000000111001000101 "
b00000000000000000000111001000101 $
1&
b0111001000010 ;
b0111001000011 >
1@
1A
#36535
0&
0@
0A
#36540
b00000000000000000000111001000110 "
b00000000000000000000111001000110 $
1&
b0111001000011 ;
b0111001000100 >
1@
1A
#36545
0&
0@
0A
#36550
b00000000000000000000111001000111 "
b00000000000000000000111001000111 $
1&
b0111001000100 ;
b0111001000101 >
1@
1A
#36555
0&
0@
0A
#36560
b00000000000000000000111001001000 "
b00000000000000000000111001001000 $
1&
b0111001000101 ;
b0111001000110 >
1@
1A
#36565
0&
0@
0A
#36570
b00000000000000000000111001001001 "
b00000000000000000000111001001001 $
1&
b0111001000110 ;
b0111001000111 >
1@
1A
#36575
0&
0@
0A
#36580
b00000000000000000000111001001010 "
b00000000000000000000111001001010 $
1&
b0111001000111 ;
b0111001001000 >
1@
1A
#36585
0&
0@
0A
#36590
b00000000000000000000111001001011 "
b00000000000000000000111001001011 $
1&
b0111001001000 ;
b0111001001001 >
1@
1A
#36595
0&
0@
0A
#36600
b00000000000000000000111001001100 "
b00000000000000000000111001001100 $
1&
b0111001001001 ;
b0111001001010 >
1@
1A
#36605
0&
0@
0A
#36610
b00000000000000000000111001001101 "
b00000000000000000000111001001101 $
1&
b0111001001010 ;
b0111001001011 >
1@
1A
#36615
0&
0@
0A
#36620
b00000000000000000000111001001110 "
b00000000000000000000111001001110 $
1&
b0111001001011 ;
b0111001001100 >
1@
1A
#36625
0&
0@
0A
#36630
b00000000000000000000111001001111 "
b00000000000000000000111001001111 $
1&
b0111001001100 ;
b0111001001101 >
1@
1A
#36635
0&
0@
0A
#36640
b00000000000000000000111001010000 "
b00000000000000000000111001010000 $
1&
b0111001001101 ;
b0111001001110 >
1@
1A
#36645
0&
0@
0A
#36650
b00000000000000000000111001010001 "
b00000000000000000000111001010001 $
1&
b0111001001110 ;
b0111001001111 >
1@
1A
#36655
0&
0@
0A
#36660
b00000000000000000000111001010010 "
b00000000000000000000111001010010 $
1&
b0111001001111 ;
b0111001010000 >
1@
1A
#36665
0&
0@
0A
#36670
b00000000000000000000111001010011 "
b00000000000000000000111001010011 $
1&
b0111001010000 ;
b0111001010001 >
1@
1A
#36675
0&
0@
0A
#36680
b00000000000000000000111001010100 "
b00000000000000000000111001010100 $
1&
b0111001010001 ;
b0111001010010 >
1@
1A
#36685
0&
0@
0A
#36690
b00000000000000000000111001010101 "
b00000000000000000000111001010101 $
1&
b0111001010010 ;
b0111001010011 >
1@
1A
#36695
0&
0@
0A
#36700
b00000000000000000000111001010110 "
b00000000000000000000111001010110 $
1&
b0111001010011 ;
b0111001010100 >
1@
1A
#36705
0&
0@
0A
#36710
b00000000000000000000111001010111 "
b00000000000000000000111001010111 $
1&
b0111001010100 ;
b0111001010101 >
1@
1A
#36715
0&
0@
0A
#36720
b00000000000000000000111001011000 "
b00000000000000000000111001011000 $
1&
b0111001010101 ;
b0111001010110 >
1@
1A
#36725
0&
0@
0A
#36730
b00000000000000000000111001011001 "
b00000000000000000000111001011001 $
1&
b0111001010110 ;
b0111001010111 >
1@
1A
#36735
0&
0@
0A
#36740
b00000000000000000000111001011010 "
b00000000000000000000111001011010 $
1&
b0111001010111 ;
b0111001011000 >
1@
1A
#36745
0&
0@
0A
#36750
b00000000000000000000111001011011 "
b00000000000000000000111001011011 $
1&
b0111001011000 ;
b0111001011001 >
1@
1A
#36755
0&
0@
0A
#36760
b00000000000000000000111001011100 "
b00000000000000000000111001011100 $
1&
b0111001011001 ;
b0111001011010 >
1@
1A
#36765
0&
0@
0A
#36770
b00000000000000000000111001011101 "
b00000000000000000000111001011101 $
1&
b0111001011010 ;
b0111001011011 >
1@
1A
#36775
0&
0@
0A
#36780
b00000000000000000000111001011110 "
b00000000000000000000111001011110 $
1&
b0111001011011 ;
b0111001011100 >
1@
1A
#36785
0&
0@
0A
#36790
b00000000000000000000111001011111 "
b00000000000000000000111001011111 $
1&
b0111001011100 ;
b0111001011101 >
1@
1A
#36795
0&
0@
0A
#36800
b00000000000000000000111001100000 "
b00000000000000000000111001100000 $
1&
b0111001011101 ;
b0111001011110 >
1@
1A
#36805
0&
0@
0A
#36810
b00000000000000000000111001100001 "
b00000000000000000000111001100001 $
1&
b0111001011110 ;
b0111001011111 >
1@
1A
#36815
0&
0@
0A
#36820
b00000000000000000000111001100010 "
b00000000000000000000111001100010 $
1&
b0111001011111 ;
b0111001100000 >
1@
1A
#36825
0&
0@
0A
#36830
b00000000000000000000111001100011 "
b00000000000000000000111001100011 $
1&
b0111001100000 ;
b0111001100001 >
1@
1A
#36835
0&
0@
0A
#36840
b00000000000000000000111001100100 "
b00000000000000000000111001100100 $
1&
b0111001100001 ;
b0111001100010 >
1@
1A
#36845
0&
0@
0A
#36850
b00000000000000000000111001100101 "
b00000000000000000000111001100101 $
1&
b0111001100010 ;
b0111001100011 >
1@
1A
#36855
0&
0@
0A
#36860
b00000000000000000000111001100110 "
b00000000000000000000111001100110 $
1&
b0111001100011 ;
b0111001100100 >
1@
1A
#36865
0&
0@
0A
#36870
b00000000000000000000111001100111 "
b00000000000000000000111001100111 $
1&
b0111001100100 ;
b0111001100101 >
1@
1A
#36875
0&
0@
0A
#36880
b00000000000000000000111001101000 "
b00000000000000000000111001101000 $
1&
b0111001100101 ;
b0111001100110 >
1@
1A
#36885
0&
0@
0A
#36890
b00000000000000000000111001101001 "
b00000000000000000000111001101001 $
1&
b0111001100110 ;
b0111001100111 >
1@
1A
#36895
0&
0@
0A
#36900
b00000000000000000000111001101010 "
b00000000000000000000111001101010 $
1&
b0111001100111 ;
b0111001101000 >
1@
1A
#36905
0&
0@
0A
#36910
b00000000000000000000111001101011 "
b00000000000000000000111001101011 $
1&
b0111001101000 ;
b0111001101001 >
1@
1A
#36915
0&
0@
0A
#36920
b00000000000000000000111001101100 "
b00000000000000000000111001101100 $
1&
b0111001101001 ;
b0111001101010 >
1@
1A
#36925
0&
0@
0A
#36930
b00000000000000000000111001101101 "
b00000000000000000000111001101101 $
1&
b0111001101010 ;
b0111001101011 >
1@
1A
#36935
0&
0@
0A
#36940
b00000000000000000000111001101110 "
b00000000000000000000111001101110 $
1&
b0111001101011 ;
b0111001101100 >
1@
1A
#36945
0&
0@
0A
#36950
b00000000000000000000111001101111 "
b00000000000000000000111001101111 $
1&
b0111001101100 ;
b0111001101101 >
1@
1A
#36955
0&
0@
0A
#36960
b00000000000000000000111001110000 "
b00000000000000000000111001110000 $
1&
b0111001101101 ;
b0111001101110 >
1@
1A
#36965
0&
0@
0A
#36970
b00000000000000000000111001110001 "
b00000000000000000000111001110001 $
1&
b0111001101110 ;
b0111001101111 >
1@
1A
#36975
0&
0@
0A
#36980
b00000000000000000000111001110010 "
b00000000000000000000111001110010 $
1&
b0111001101111 ;
b0111001110000 >
1@
1A
#36985
0&
0@
0A
#36990
b00000000000000000000111001110011 "
b00000000000000000000111001110011 $
1&
b0111001110000 ;
b0111001110001 >
1@
1A
#36995
0&
0@
0A
#37000
b00000000000000000000111001110100 "
b00000000000000000000111001110100 $
1&
b0111001110001 ;
b0111001110010 >
1@
1A
#37005
0&
0@
0A
#37010
b00000000000000000000111001110101 "
b00000000000000000000111001110101 $
1&
b0111001110010 ;
b0111001110011 >
1@
1A
#37015
0&
0@
0A
#37020
b00000000000000000000111001110110 "
b00000000000000000000111001110110 $
1&
b0111001110011 ;
b0111001110100 >
1@
1A
#37025
0&
0@
0A
#37030
b00000000000000000000111001110111 "
b00000000000000000000111001110111 $
1&
b0111001110100 ;
b0111001110101 >
1@
1A
#37035
0&
0@
0A
#37040
b00000000000000000000111001111000 "
b00000000000000000000111001111000 $
1&
b0111001110101 ;
b0111001110110 >
1@
1A
#37045
0&
0@
0A
#37050
b00000000000000000000111001111001 "
b00000000000000000000111001111001 $
1&
b0111001110110 ;
b0111001110111 >
1@
1A
#37055
0&
0@
0A
#37060
b00000000000000000000111001111010 "
b00000000000000000000111001111010 $
1&
b0111001110111 ;
b0111001111000 >
1@
1A
#37065
0&
0@
0A
#37070
b00000000000000000000111001111011 "
b00000000000000000000111001111011 $
1&
b0111001111000 ;
b0111001111001 >
1@
1A
#37075
0&
0@
0A
#37080
b00000000000000000000111001111100 "
b00000000000000000000111001111100 $
1&
b0111001111001 ;
b0111001111010 >
1@
1A
#37085
0&
0@
0A
#37090
b00000000000000000000111001111101 "
b00000000000000000000111001111101 $
1&
b0111001111010 ;
b0111001111011 >
1@
1A
#37095
0&
0@
0A
#37100
b00000000000000000000111001111110 "
b00000000000000000000111001111110 $
1&
b0111001111011 ;
b0111001111100 >
1@
1A
#37105
0&
0@
0A
#37110
b00000000000000000000111001111111 "
b00000000000000000000111001111111 $
1&
b0111001111100 ;
b0111001111101 >
1@
1A
#37115
0&
0@
0A
#37120
b00000000000000000000111010000000 "
b00000000000000000000111010000000 $
1&
b0111001111101 ;
b0111001111110 >
1@
1A
#37125
0&
0@
0A
#37130
b00000000000000000000111010000001 "
b00000000000000000000111010000001 $
1&
b0111001111110 ;
b0111001111111 >
1@
1A
#37135
0&
0@
0A
#37140
b00000000000000000000111010000010 "
b00000000000000000000111010000010 $
1&
b0111001111111 ;
b0111010000000 >
1@
1A
#37145
0&
0@
0A
#37150
b00000000000000000000111010000011 "
b00000000000000000000111010000011 $
1&
b0111010000000 ;
b0111010000001 >
1@
1A
#37155
0&
0@
0A
#37160
b00000000000000000000111010000100 "
b00000000000000000000111010000100 $
1&
b0111010000001 ;
b0111010000010 >
1@
1A
#37165
0&
0@
0A
#37170
b00000000000000000000111010000101 "
b00000000000000000000111010000101 $
1&
b0111010000010 ;
b0111010000011 >
1@
1A
#37175
0&
0@
0A
#37180
b00000000000000000000111010000110 "
b00000000000000000000111010000110 $
1&
b0111010000011 ;
b0111010000100 >
1@
1A
#37185
0&
0@
0A
#37190
b00000000000000000000111010000111 "
b00000000000000000000111010000111 $
1&
b0111010000100 ;
b0111010000101 >
1@
1A
#37195
0&
0@
0A
#37200
b00000000000000000000111010001000 "
b00000000000000000000111010001000 $
1&
b0111010000101 ;
b0111010000110 >
1@
1A
#37205
0&
0@
0A
#37210
b00000000000000000000111010001001 "
b00000000000000000000111010001001 $
1&
b0111010000110 ;
b0111010000111 >
1@
1A
#37215
0&
0@
0A
#37220
b00000000000000000000111010001010 "
b00000000000000000000111010001010 $
1&
b0111010000111 ;
b0111010001000 >
1@
1A
#37225
0&
0@
0A
#37230
b00000000000000000000111010001011 "
b00000000000000000000111010001011 $
1&
b0111010001000 ;
b0111010001001 >
1@
1A
#37235
0&
0@
0A
#37240
b00000000000000000000111010001100 "
b00000000000000000000111010001100 $
1&
b0111010001001 ;
b0111010001010 >
1@
1A
#37245
0&
0@
0A
#37250
b00000000000000000000111010001101 "
b00000000000000000000111010001101 $
1&
b0111010001010 ;
b0111010001011 >
1@
1A
#37255
0&
0@
0A
#37260
b00000000000000000000111010001110 "
b00000000000000000000111010001110 $
1&
b0111010001011 ;
b0111010001100 >
1@
1A
#37265
0&
0@
0A
#37270
b00000000000000000000111010001111 "
b00000000000000000000111010001111 $
1&
b0111010001100 ;
b0111010001101 >
1@
1A
#37275
0&
0@
0A
#37280
b00000000000000000000111010010000 "
b00000000000000000000111010010000 $
1&
b0111010001101 ;
b0111010001110 >
1@
1A
#37285
0&
0@
0A
#37290
b00000000000000000000111010010001 "
b00000000000000000000111010010001 $
1&
b0111010001110 ;
b0111010001111 >
1@
1A
#37295
0&
0@
0A
#37300
b00000000000000000000111010010010 "
b00000000000000000000111010010010 $
1&
b0111010001111 ;
b0111010010000 >
1@
1A
#37305
0&
0@
0A
#37310
b00000000000000000000111010010011 "
b00000000000000000000111010010011 $
1&
b0111010010000 ;
b0111010010001 >
1@
1A
#37315
0&
0@
0A
#37320
b00000000000000000000111010010100 "
b00000000000000000000111010010100 $
1&
b0111010010001 ;
b0111010010010 >
1@
1A
#37325
0&
0@
0A
#37330
b00000000000000000000111010010101 "
b00000000000000000000111010010101 $
1&
b0111010010010 ;
b0111010010011 >
1@
1A
#37335
0&
0@
0A
#37340
b00000000000000000000111010010110 "
b00000000000000000000111010010110 $
1&
b0111010010011 ;
b0111010010100 >
1@
1A
#37345
0&
0@
0A
#37350
b00000000000000000000111010010111 "
b00000000000000000000111010010111 $
1&
b0111010010100 ;
b0111010010101 >
1@
1A
#37355
0&
0@
0A
#37360
b00000000000000000000111010011000 "
b00000000000000000000111010011000 $
1&
b0111010010101 ;
b0111010010110 >
1@
1A
#37365
0&
0@
0A
#37370
b00000000000000000000111010011001 "
b00000000000000000000111010011001 $
1&
b0111010010110 ;
b0111010010111 >
1@
1A
#37375
0&
0@
0A
#37380
b00000000000000000000111010011010 "
b00000000000000000000111010011010 $
1&
b0111010010111 ;
b0111010011000 >
1@
1A
#37385
0&
0@
0A
#37390
b00000000000000000000111010011011 "
b00000000000000000000111010011011 $
1&
b0111010011000 ;
b0111010011001 >
1@
1A
#37395
0&
0@
0A
#37400
b00000000000000000000111010011100 "
b00000000000000000000111010011100 $
1&
b0111010011001 ;
b0111010011010 >
1@
1A
#37405
0&
0@
0A
#37410
b00000000000000000000111010011101 "
b00000000000000000000111010011101 $
1&
b0111010011010 ;
b0111010011011 >
1@
1A
#37415
0&
0@
0A
#37420
b00000000000000000000111010011110 "
b00000000000000000000111010011110 $
1&
b0111010011011 ;
b0111010011100 >
1@
1A
#37425
0&
0@
0A
#37430
b00000000000000000000111010011111 "
b00000000000000000000111010011111 $
1&
b0111010011100 ;
b0111010011101 >
1@
1A
#37435
0&
0@
0A
#37440
b00000000000000000000111010100000 "
b00000000000000000000111010100000 $
1&
b0111010011101 ;
b0111010011110 >
1@
1A
#37445
0&
0@
0A
#37450
b00000000000000000000111010100001 "
b00000000000000000000111010100001 $
1&
b0111010011110 ;
b0111010011111 >
1@
1A
#37455
0&
0@
0A
#37460
b00000000000000000000111010100010 "
b00000000000000000000111010100010 $
1&
b0111010011111 ;
b0111010100000 >
1@
1A
#37465
0&
0@
0A
#37470
b00000000000000000000111010100011 "
b00000000000000000000111010100011 $
1&
b0111010100000 ;
b0111010100001 >
1@
1A
#37475
0&
0@
0A
#37480
b00000000000000000000111010100100 "
b00000000000000000000111010100100 $
1&
b0111010100001 ;
b0111010100010 >
1@
1A
#37485
0&
0@
0A
#37490
b00000000000000000000111010100101 "
b00000000000000000000111010100101 $
1&
b0111010100010 ;
b0111010100011 >
1@
1A
#37495
0&
0@
0A
#37500
b00000000000000000000111010100110 "
b00000000000000000000111010100110 $
1&
b0111010100011 ;
b0111010100100 >
1@
1A
#37505
0&
0@
0A
#37510
b00000000000000000000111010100111 "
b00000000000000000000111010100111 $
1&
b0111010100100 ;
b0111010100101 >
1@
1A
#37515
0&
0@
0A
#37520
b00000000000000000000111010101000 "
b00000000000000000000111010101000 $
1&
b0111010100101 ;
b0111010100110 >
1@
1A
#37525
0&
0@
0A
#37530
b00000000000000000000111010101001 "
b00000000000000000000111010101001 $
1&
b0111010100110 ;
b0111010100111 >
1@
1A
#37535
0&
0@
0A
#37540
b00000000000000000000111010101010 "
b00000000000000000000111010101010 $
1&
b0111010100111 ;
b0111010101000 >
1@
1A
#37545
0&
0@
0A
#37550
b00000000000000000000111010101011 "
b00000000000000000000111010101011 $
1&
b0111010101000 ;
b0111010101001 >
1@
1A
#37555
0&
0@
0A
#37560
b00000000000000000000111010101100 "
b00000000000000000000111010101100 $
1&
b0111010101001 ;
b0111010101010 >
1@
1A
#37565
0&
0@
0A
#37570
b00000000000000000000111010101101 "
b00000000000000000000111010101101 $
1&
b0111010101010 ;
b0111010101011 >
1@
1A
#37575
0&
0@
0A
#37580
b00000000000000000000111010101110 "
b00000000000000000000111010101110 $
1&
b0111010101011 ;
b0111010101100 >
1@
1A
#37585
0&
0@
0A
#37590
b00000000000000000000111010101111 "
b00000000000000000000111010101111 $
1&
b0111010101100 ;
b0111010101101 >
1@
1A
#37595
0&
0@
0A
#37600
b00000000000000000000111010110000 "
b00000000000000000000111010110000 $
1&
b0111010101101 ;
b0111010101110 >
1@
1A
#37605
0&
0@
0A
#37610
b00000000000000000000111010110001 "
b00000000000000000000111010110001 $
1&
b0111010101110 ;
b0111010101111 >
1@
1A
#37615
0&
0@
0A
#37620
b00000000000000000000111010110010 "
b00000000000000000000111010110010 $
1&
b0111010101111 ;
b0111010110000 >
1@
1A
#37625
0&
0@
0A
#37630
b00000000000000000000111010110011 "
b00000000000000000000111010110011 $
1&
b0111010110000 ;
b0111010110001 >
1@
1A
#37635
0&
0@
0A
#37640
b00000000000000000000111010110100 "
b00000000000000000000111010110100 $
1&
b0111010110001 ;
b0111010110010 >
1@
1A
#37645
0&
0@
0A
#37650
b00000000000000000000111010110101 "
b00000000000000000000111010110101 $
1&
b0111010110010 ;
b0111010110011 >
1@
1A
#37655
0&
0@
0A
#37660
b00000000000000000000111010110110 "
b00000000000000000000111010110110 $
1&
b0111010110011 ;
b0111010110100 >
1@
1A
#37665
0&
0@
0A
#37670
b00000000000000000000111010110111 "
b00000000000000000000111010110111 $
1&
b0111010110100 ;
b0111010110101 >
1@
1A
#37675
0&
0@
0A
#37680
b00000000000000000000111010111000 "
b00000000000000000000111010111000 $
1&
b0111010110101 ;
b0111010110110 >
1@
1A
#37685
0&
0@
0A
#37690
b00000000000000000000111010111001 "
b00000000000000000000111010111001 $
1&
b0111010110110 ;
b0111010110111 >
1@
1A
#37695
0&
0@
0A
#37700
b00000000000000000000111010111010 "
b00000000000000000000111010111010 $
1&
b0111010110111 ;
b0111010111000 >
1@
1A
#37705
0&
0@
0A
#37710
b00000000000000000000111010111011 "
b00000000000000000000111010111011 $
1&
b0111010111000 ;
b0111010111001 >
1@
1A
#37715
0&
0@
0A
#37720
b00000000000000000000111010111100 "
b00000000000000000000111010111100 $
1&
b0111010111001 ;
b0111010111010 >
1@
1A
#37725
0&
0@
0A
#37730
b00000000000000000000111010111101 "
b00000000000000000000111010111101 $
1&
b0111010111010 ;
b0111010111011 >
1@
1A
#37735
0&
0@
0A
#37740
b00000000000000000000111010111110 "
b00000000000000000000111010111110 $
1&
b0111010111011 ;
b0111010111100 >
1@
1A
#37745
0&
0@
0A
#37750
b00000000000000000000111010111111 "
b00000000000000000000111010111111 $
1&
b0111010111100 ;
b0111010111101 >
1@
1A
#37755
0&
0@
0A
#37760
b00000000000000000000111011000000 "
b00000000000000000000111011000000 $
1&
b0111010111101 ;
b0111010111110 >
1@
1A
#37765
0&
0@
0A
#37770
b00000000000000000000111011000001 "
b00000000000000000000111011000001 $
1&
b0111010111110 ;
b0111010111111 >
1@
1A
#37775
0&
0@
0A
#37780
b00000000000000000000111011000010 "
b00000000000000000000111011000010 $
1&
b0111010111111 ;
b0111011000000 >
1@
1A
#37785
0&
0@
0A
#37790
b00000000000000000000111011000011 "
b00000000000000000000111011000011 $
1&
b0111011000000 ;
b0111011000001 >
1@
1A
#37795
0&
0@
0A
#37800
b00000000000000000000111011000100 "
b00000000000000000000111011000100 $
1&
b0111011000001 ;
b0111011000010 >
1@
1A
#37805
0&
0@
0A
#37810
b00000000000000000000111011000101 "
b00000000000000000000111011000101 $
1&
b0111011000010 ;
b0111011000011 >
1@
1A
#37815
0&
0@
0A
#37820
b00000000000000000000111011000110 "
b00000000000000000000111011000110 $
1&
b0111011000011 ;
b0111011000100 >
1@
1A
#37825
0&
0@
0A
#37830
b00000000000000000000111011000111 "
b00000000000000000000111011000111 $
1&
b0111011000100 ;
b0111011000101 >
1@
1A
#37835
0&
0@
0A
#37840
b00000000000000000000111011001000 "
b00000000000000000000111011001000 $
1&
b0111011000101 ;
b0111011000110 >
1@
1A
#37845
0&
0@
0A
#37850
b00000000000000000000111011001001 "
b00000000000000000000111011001001 $
1&
b0111011000110 ;
b0111011000111 >
1@
1A
#37855
0&
0@
0A
#37860
b00000000000000000000111011001010 "
b00000000000000000000111011001010 $
1&
b0111011000111 ;
b0111011001000 >
1@
1A
#37865
0&
0@
0A
#37870
b00000000000000000000111011001011 "
b00000000000000000000111011001011 $
1&
b0111011001000 ;
b0111011001001 >
1@
1A
#37875
0&
0@
0A
#37880
b00000000000000000000111011001100 "
b00000000000000000000111011001100 $
1&
b0111011001001 ;
b0111011001010 >
1@
1A
#37885
0&
0@
0A
#37890
b00000000000000000000111011001101 "
b00000000000000000000111011001101 $
1&
b0111011001010 ;
b0111011001011 >
1@
1A
#37895
0&
0@
0A
#37900
b00000000000000000000111011001110 "
b00000000000000000000111011001110 $
1&
b0111011001011 ;
b0111011001100 >
1@
1A
#37905
0&
0@
0A
#37910
b00000000000000000000111011001111 "
b00000000000000000000111011001111 $
1&
b0111011001100 ;
b0111011001101 >
1@
1A
#37915
0&
0@
0A
#37920
b00000000000000000000111011010000 "
b00000000000000000000111011010000 $
1&
b0111011001101 ;
b0111011001110 >
1@
1A
#37925
0&
0@
0A
#37930
b00000000000000000000111011010001 "
b00000000000000000000111011010001 $
1&
b0111011001110 ;
b0111011001111 >
1@
1A
#37935
0&
0@
0A
#37940
b00000000000000000000111011010010 "
b00000000000000000000111011010010 $
1&
b0111011001111 ;
b0111011010000 >
1@
1A
#37945
0&
0@
0A
#37950
b00000000000000000000111011010011 "
b00000000000000000000111011010011 $
1&
b0111011010000 ;
b0111011010001 >
1@
1A
#37955
0&
0@
0A
#37960
b00000000000000000000111011010100 "
b00000000000000000000111011010100 $
1&
b0111011010001 ;
b0111011010010 >
1@
1A
#37965
0&
0@
0A
#37970
b00000000000000000000111011010101 "
b00000000000000000000111011010101 $
1&
b0111011010010 ;
b0111011010011 >
1@
1A
#37975
0&
0@
0A
#37980
b00000000000000000000111011010110 "
b00000000000000000000111011010110 $
1&
b0111011010011 ;
b0111011010100 >
1@
1A
#37985
0&
0@
0A
#37990
b00000000000000000000111011010111 "
b00000000000000000000111011010111 $
1&
b0111011010100 ;
b0111011010101 >
1@
1A
#37995
0&
0@
0A
#38000
b00000000000000000000111011011000 "
b00000000000000000000111011011000 $
1&
b0111011010101 ;
b0111011010110 >
1@
1A
#38005
0&
0@
0A
#38010
b00000000000000000000111011011001 "
b00000000000000000000111011011001 $
1&
b0111011010110 ;
b0111011010111 >
1@
1A
#38015
0&
0@
0A
#38020
b00000000000000000000111011011010 "
b00000000000000000000111011011010 $
1&
b0111011010111 ;
b0111011011000 >
1@
1A
#38025
0&
0@
0A
#38030
b00000000000000000000111011011011 "
b00000000000000000000111011011011 $
1&
b0111011011000 ;
b0111011011001 >
1@
1A
#38035
0&
0@
0A
#38040
b00000000000000000000111011011100 "
b00000000000000000000111011011100 $
1&
b0111011011001 ;
b0111011011010 >
1@
1A
#38045
0&
0@
0A
#38050
b00000000000000000000111011011101 "
b00000000000000000000111011011101 $
1&
b0111011011010 ;
b0111011011011 >
1@
1A
#38055
0&
0@
0A
#38060
b00000000000000000000111011011110 "
b00000000000000000000111011011110 $
1&
b0111011011011 ;
b0111011011100 >
1@
1A
#38065
0&
0@
0A
#38070
b00000000000000000000111011011111 "
b00000000000000000000111011011111 $
1&
b0111011011100 ;
b0111011011101 >
1@
1A
#38075
0&
0@
0A
#38080
b00000000000000000000111011100000 "
b00000000000000000000111011100000 $
1&
b0111011011101 ;
b0111011011110 >
1@
1A
#38085
0&
0@
0A
#38090
b00000000000000000000111011100001 "
b00000000000000000000111011100001 $
1&
b0111011011110 ;
b0111011011111 >
1@
1A
#38095
0&
0@
0A
#38100
b00000000000000000000111011100010 "
b00000000000000000000111011100010 $
1&
b0111011011111 ;
b0111011100000 >
1@
1A
#38105
0&
0@
0A
#38110
b00000000000000000000111011100011 "
b00000000000000000000111011100011 $
1&
b0111011100000 ;
b0111011100001 >
1@
1A
#38115
0&
0@
0A
#38120
b00000000000000000000111011100100 "
b00000000000000000000111011100100 $
1&
b0111011100001 ;
b0111011100010 >
1@
1A
#38125
0&
0@
0A
#38130
b00000000000000000000111011100101 "
b00000000000000000000111011100101 $
1&
b0111011100010 ;
b0111011100011 >
1@
1A
#38135
0&
0@
0A
#38140
b00000000000000000000111011100110 "
b00000000000000000000111011100110 $
1&
b0111011100011 ;
b0111011100100 >
1@
1A
#38145
0&
0@
0A
#38150
b00000000000000000000111011100111 "
b00000000000000000000111011100111 $
1&
b0111011100100 ;
b0111011100101 >
1@
1A
#38155
0&
0@
0A
#38160
b00000000000000000000111011101000 "
b00000000000000000000111011101000 $
1&
b0111011100101 ;
b0111011100110 >
1@
1A
#38165
0&
0@
0A
#38170
b00000000000000000000111011101001 "
b00000000000000000000111011101001 $
1&
b0111011100110 ;
b0111011100111 >
1@
1A
#38175
0&
0@
0A
#38180
b00000000000000000000111011101010 "
b00000000000000000000111011101010 $
1&
b0111011100111 ;
b0111011101000 >
1@
1A
#38185
0&
0@
0A
#38190
b00000000000000000000111011101011 "
b00000000000000000000111011101011 $
1&
b0111011101000 ;
b0111011101001 >
1@
1A
#38195
0&
0@
0A
#38200
b00000000000000000000111011101100 "
b00000000000000000000111011101100 $
1&
b0111011101001 ;
b0111011101010 >
1@
1A
#38205
0&
0@
0A
#38210
b00000000000000000000111011101101 "
b00000000000000000000111011101101 $
1&
b0111011101010 ;
b0111011101011 >
1@
1A
#38215
0&
0@
0A
#38220
b00000000000000000000111011101110 "
b00000000000000000000111011101110 $
1&
b0111011101011 ;
b0111011101100 >
1@
1A
#38225
0&
0@
0A
#38230
b00000000000000000000111011101111 "
b00000000000000000000111011101111 $
1&
b0111011101100 ;
b0111011101101 >
1@
1A
#38235
0&
0@
0A
#38240
b00000000000000000000111011110000 "
b00000000000000000000111011110000 $
1&
b0111011101101 ;
b0111011101110 >
1@
1A
#38245
0&
0@
0A
#38250
b00000000000000000000111011110001 "
b00000000000000000000111011110001 $
1&
b0111011101110 ;
b0111011101111 >
1@
1A
#38255
0&
0@
0A
#38260
b00000000000000000000111011110010 "
b00000000000000000000111011110010 $
1&
b0111011101111 ;
b0111011110000 >
1@
1A
#38265
0&
0@
0A
#38270
b00000000000000000000111011110011 "
b00000000000000000000111011110011 $
1&
b0111011110000 ;
b0111011110001 >
1@
1A
#38275
0&
0@
0A
#38280
b00000000000000000000111011110100 "
b00000000000000000000111011110100 $
1&
b0111011110001 ;
b0111011110010 >
1@
1A
#38285
0&
0@
0A
#38290
b00000000000000000000111011110101 "
b00000000000000000000111011110101 $
1&
b0111011110010 ;
b0111011110011 >
1@
1A
#38295
0&
0@
0A
#38300
b00000000000000000000111011110110 "
b00000000000000000000111011110110 $
1&
b0111011110011 ;
b0111011110100 >
1@
1A
#38305
0&
0@
0A
#38310
b00000000000000000000111011110111 "
b00000000000000000000111011110111 $
1&
b0111011110100 ;
b0111011110101 >
1@
1A
#38315
0&
0@
0A
#38320
b00000000000000000000111011111000 "
b00000000000000000000111011111000 $
1&
b0111011110101 ;
b0111011110110 >
1@
1A
#38325
0&
0@
0A
#38330
b00000000000000000000111011111001 "
b00000000000000000000111011111001 $
1&
b0111011110110 ;
b0111011110111 >
1@
1A
#38335
0&
0@
0A
#38340
b00000000000000000000111011111010 "
b00000000000000000000111011111010 $
1&
b0111011110111 ;
b0111011111000 >
1@
1A
#38345
0&
0@
0A
#38350
b00000000000000000000111011111011 "
b00000000000000000000111011111011 $
1&
b0111011111000 ;
b0111011111001 >
1@
1A
#38355
0&
0@
0A
#38360
b00000000000000000000111011111100 "
b00000000000000000000111011111100 $
1&
b0111011111001 ;
b0111011111010 >
1@
1A
#38365
0&
0@
0A
#38370
b00000000000000000000111011111101 "
b00000000000000000000111011111101 $
1&
b0111011111010 ;
b0111011111011 >
1@
1A
#38375
0&
0@
0A
#38380
b00000000000000000000111011111110 "
b00000000000000000000111011111110 $
1&
b0111011111011 ;
b0111011111100 >
1@
1A
#38385
0&
0@
0A
#38390
b00000000000000000000111011111111 "
b00000000000000000000111011111111 $
1&
b0111011111100 ;
b0111011111101 >
1@
1A
#38395
0&
0@
0A
#38400
b00000000000000000000111100000000 "
b00000000000000000000111100000000 $
1&
b0111011111101 ;
b0111011111110 >
1@
1A
#38405
0&
0@
0A
#38410
b00000000000000000000111100000001 "
b00000000000000000000111100000001 $
1&
b0111011111110 ;
b0111011111111 >
1@
1A
#38415
0&
0@
0A
#38420
b00000000000000000000111100000010 "
b00000000000000000000111100000010 $
1&
b0111011111111 ;
b0111100000000 >
1@
1A
#38425
0&
0@
0A
#38430
b00000000000000000000111100000011 "
b00000000000000000000111100000011 $
1&
b0111100000000 ;
b0111100000001 >
1@
1A
#38435
0&
0@
0A
#38440
b00000000000000000000111100000100 "
b00000000000000000000111100000100 $
1&
b0111100000001 ;
b0111100000010 >
1@
1A
#38445
0&
0@
0A
#38450
b00000000000000000000111100000101 "
b00000000000000000000111100000101 $
1&
b0111100000010 ;
b0111100000011 >
1@
1A
#38455
0&
0@
0A
#38460
b00000000000000000000111100000110 "
b00000000000000000000111100000110 $
1&
b0111100000011 ;
b0111100000100 >
1@
1A
#38465
0&
0@
0A
#38470
b00000000000000000000111100000111 "
b00000000000000000000111100000111 $
1&
b0111100000100 ;
b0111100000101 >
1@
1A
#38475
0&
0@
0A
#38480
b00000000000000000000111100001000 "
b00000000000000000000111100001000 $
1&
b0111100000101 ;
b0111100000110 >
1@
1A
#38485
0&
0@
0A
#38490
b00000000000000000000111100001001 "
b00000000000000000000111100001001 $
1&
b0111100000110 ;
b0111100000111 >
1@
1A
#38495
0&
0@
0A
#38500
b00000000000000000000111100001010 "
b00000000000000000000111100001010 $
1&
b0111100000111 ;
b0111100001000 >
1@
1A
#38505
0&
0@
0A
#38510
b00000000000000000000111100001011 "
b00000000000000000000111100001011 $
1&
b0111100001000 ;
b0111100001001 >
1@
1A
#38515
0&
0@
0A
#38520
b00000000000000000000111100001100 "
b00000000000000000000111100001100 $
1&
b0111100001001 ;
b0111100001010 >
1@
1A
#38525
0&
0@
0A
#38530
b00000000000000000000111100001101 "
b00000000000000000000111100001101 $
1&
b0111100001010 ;
b0111100001011 >
1@
1A
#38535
0&
0@
0A
#38540
b00000000000000000000111100001110 "
b00000000000000000000111100001110 $
1&
b0111100001011 ;
b0111100001100 >
1@
1A
#38545
0&
0@
0A
#38550
b00000000000000000000111100001111 "
b00000000000000000000111100001111 $
1&
b0111100001100 ;
b0111100001101 >
1@
1A
#38555
0&
0@
0A
#38560
b00000000000000000000111100010000 "
b00000000000000000000111100010000 $
1&
b0111100001101 ;
b0111100001110 >
1@
1A
#38565
0&
0@
0A
#38570
b00000000000000000000111100010001 "
b00000000000000000000111100010001 $
1&
b0111100001110 ;
b0111100001111 >
1@
1A
#38575
0&
0@
0A
#38580
b00000000000000000000111100010010 "
b00000000000000000000111100010010 $
1&
b0111100001111 ;
b0111100010000 >
1@
1A
#38585
0&
0@
0A
#38590
b00000000000000000000111100010011 "
b00000000000000000000111100010011 $
1&
b0111100010000 ;
b0111100010001 >
1@
1A
#38595
0&
0@
0A
#38600
b00000000000000000000111100010100 "
b00000000000000000000111100010100 $
1&
b0111100010001 ;
b0111100010010 >
1@
1A
#38605
0&
0@
0A
#38610
b00000000000000000000111100010101 "
b00000000000000000000111100010101 $
1&
b0111100010010 ;
b0111100010011 >
1@
1A
#38615
0&
0@
0A
#38620
b00000000000000000000111100010110 "
b00000000000000000000111100010110 $
1&
b0111100010011 ;
b0111100010100 >
1@
1A
#38625
0&
0@
0A
#38630
b00000000000000000000111100010111 "
b00000000000000000000111100010111 $
1&
b0111100010100 ;
b0111100010101 >
1@
1A
#38635
0&
0@
0A
#38640
b00000000000000000000111100011000 "
b00000000000000000000111100011000 $
1&
b0111100010101 ;
b0111100010110 >
1@
1A
#38645
0&
0@
0A
#38650
b00000000000000000000111100011001 "
b00000000000000000000111100011001 $
1&
b0111100010110 ;
b0111100010111 >
1@
1A
#38655
0&
0@
0A
#38660
b00000000000000000000111100011010 "
b00000000000000000000111100011010 $
1&
b0111100010111 ;
b0111100011000 >
1@
1A
#38665
0&
0@
0A
#38670
b00000000000000000000111100011011 "
b00000000000000000000111100011011 $
1&
b0111100011000 ;
b0111100011001 >
1@
1A
#38675
0&
0@
0A
#38680
b00000000000000000000111100011100 "
b00000000000000000000111100011100 $
1&
b0111100011001 ;
b0111100011010 >
1@
1A
#38685
0&
0@
0A
#38690
b00000000000000000000111100011101 "
b00000000000000000000111100011101 $
1&
b0111100011010 ;
b0111100011011 >
1@
1A
#38695
0&
0@
0A
#38700
b00000000000000000000111100011110 "
b00000000000000000000111100011110 $
1&
b0111100011011 ;
b0111100011100 >
1@
1A
#38705
0&
0@
0A
#38710
b00000000000000000000111100011111 "
b00000000000000000000111100011111 $
1&
b0111100011100 ;
b0111100011101 >
1@
1A
#38715
0&
0@
0A
#38720
b00000000000000000000111100100000 "
b00000000000000000000111100100000 $
1&
b0111100011101 ;
b0111100011110 >
1@
1A
#38725
0&
0@
0A
#38730
b00000000000000000000111100100001 "
b00000000000000000000111100100001 $
1&
b0111100011110 ;
b0111100011111 >
1@
1A
#38735
0&
0@
0A
#38740
b00000000000000000000111100100010 "
b00000000000000000000111100100010 $
1&
b0111100011111 ;
b0111100100000 >
1@
1A
#38745
0&
0@
0A
#38750
b00000000000000000000111100100011 "
b00000000000000000000111100100011 $
1&
b0111100100000 ;
b0111100100001 >
1@
1A
#38755
0&
0@
0A
#38760
b00000000000000000000111100100100 "
b00000000000000000000111100100100 $
1&
b0111100100001 ;
b0111100100010 >
1@
1A
#38765
0&
0@
0A
#38770
b00000000000000000000111100100101 "
b00000000000000000000111100100101 $
1&
b0111100100010 ;
b0111100100011 >
1@
1A
#38775
0&
0@
0A
#38780
b00000000000000000000111100100110 "
b00000000000000000000111100100110 $
1&
b0111100100011 ;
b0111100100100 >
1@
1A
#38785
0&
0@
0A
#38790
b00000000000000000000111100100111 "
b00000000000000000000111100100111 $
1&
b0111100100100 ;
b0111100100101 >
1@
1A
#38795
0&
0@
0A
#38800
b00000000000000000000111100101000 "
b00000000000000000000111100101000 $
1&
b0111100100101 ;
b0111100100110 >
1@
1A
#38805
0&
0@
0A
#38810
b00000000000000000000111100101001 "
b00000000000000000000111100101001 $
1&
b0111100100110 ;
b0111100100111 >
1@
1A
#38815
0&
0@
0A
#38820
b00000000000000000000111100101010 "
b00000000000000000000111100101010 $
1&
b0111100100111 ;
b0111100101000 >
1@
1A
#38825
0&
0@
0A
#38830
b00000000000000000000111100101011 "
b00000000000000000000111100101011 $
1&
b0111100101000 ;
b0111100101001 >
1@
1A
#38835
0&
0@
0A
#38840
b00000000000000000000111100101100 "
b00000000000000000000111100101100 $
1&
b0111100101001 ;
b0111100101010 >
1@
1A
#38845
0&
0@
0A
#38850
b00000000000000000000111100101101 "
b00000000000000000000111100101101 $
1&
b0111100101010 ;
b0111100101011 >
1@
1A
#38855
0&
0@
0A
#38860
b00000000000000000000111100101110 "
b00000000000000000000111100101110 $
1&
b0111100101011 ;
b0111100101100 >
1@
1A
#38865
0&
0@
0A
#38870
b00000000000000000000111100101111 "
b00000000000000000000111100101111 $
1&
b0111100101100 ;
b0111100101101 >
1@
1A
#38875
0&
0@
0A
#38880
b00000000000000000000111100110000 "
b00000000000000000000111100110000 $
1&
b0111100101101 ;
b0111100101110 >
1@
1A
#38885
0&
0@
0A
#38890
b00000000000000000000111100110001 "
b00000000000000000000111100110001 $
1&
b0111100101110 ;
b0111100101111 >
1@
1A
#38895
0&
0@
0A
#38900
b00000000000000000000111100110010 "
b00000000000000000000111100110010 $
1&
b0111100101111 ;
b0111100110000 >
1@
1A
#38905
0&
0@
0A
#38910
b00000000000000000000111100110011 "
b00000000000000000000111100110011 $
1&
b0111100110000 ;
b0111100110001 >
1@
1A
#38915
0&
0@
0A
#38920
b00000000000000000000111100110100 "
b00000000000000000000111100110100 $
1&
b0111100110001 ;
b0111100110010 >
1@
1A
#38925
0&
0@
0A
#38930
b00000000000000000000111100110101 "
b00000000000000000000111100110101 $
1&
b0111100110010 ;
b0111100110011 >
1@
1A
#38935
0&
0@
0A
#38940
b00000000000000000000111100110110 "
b00000000000000000000111100110110 $
1&
b0111100110011 ;
b0111100110100 >
1@
1A
#38945
0&
0@
0A
#38950
b00000000000000000000111100110111 "
b00000000000000000000111100110111 $
1&
b0111100110100 ;
b0111100110101 >
1@
1A
#38955
0&
0@
0A
#38960
b00000000000000000000111100111000 "
b00000000000000000000111100111000 $
1&
b0111100110101 ;
b0111100110110 >
1@
1A
#38965
0&
0@
0A
#38970
b00000000000000000000111100111001 "
b00000000000000000000111100111001 $
1&
b0111100110110 ;
b0111100110111 >
1@
1A
#38975
0&
0@
0A
#38980
b00000000000000000000111100111010 "
b00000000000000000000111100111010 $
1&
b0111100110111 ;
b0111100111000 >
1@
1A
#38985
0&
0@
0A
#38990
b00000000000000000000111100111011 "
b00000000000000000000111100111011 $
1&
b0111100111000 ;
b0111100111001 >
1@
1A
#38995
0&
0@
0A
#39000
b00000000000000000000111100111100 "
b00000000000000000000111100111100 $
1&
b0111100111001 ;
b0111100111010 >
1@
1A
#39005
0&
0@
0A
#39010
b00000000000000000000111100111101 "
b00000000000000000000111100111101 $
1&
b0111100111010 ;
b0111100111011 >
1@
1A
#39015
0&
0@
0A
#39020
b00000000000000000000111100111110 "
b00000000000000000000111100111110 $
1&
b0111100111011 ;
b0111100111100 >
1@
1A
#39025
0&
0@
0A
#39030
b00000000000000000000111100111111 "
b00000000000000000000111100111111 $
1&
b0111100111100 ;
b0111100111101 >
1@
1A
#39035
0&
0@
0A
#39040
b00000000000000000000111101000000 "
b00000000000000000000111101000000 $
1&
b0111100111101 ;
b0111100111110 >
1@
1A
#39045
0&
0@
0A
#39050
b00000000000000000000111101000001 "
b00000000000000000000111101000001 $
1&
b0111100111110 ;
b0111100111111 >
1@
1A
#39055
0&
0@
0A
#39060
b00000000000000000000111101000010 "
b00000000000000000000111101000010 $
1&
b0111100111111 ;
b0111101000000 >
1@
1A
#39065
0&
0@
0A
#39070
b00000000000000000000111101000011 "
b00000000000000000000111101000011 $
1&
b0111101000000 ;
b0111101000001 >
1@
1A
#39075
0&
0@
0A
#39080
b00000000000000000000111101000100 "
b00000000000000000000111101000100 $
1&
b0111101000001 ;
b0111101000010 >
1@
1A
#39085
0&
0@
0A
#39090
b00000000000000000000111101000101 "
b00000000000000000000111101000101 $
1&
b0111101000010 ;
b0111101000011 >
1@
1A
#39095
0&
0@
0A
#39100
b00000000000000000000111101000110 "
b00000000000000000000111101000110 $
1&
b0111101000011 ;
b0111101000100 >
1@
1A
#39105
0&
0@
0A
#39110
b00000000000000000000111101000111 "
b00000000000000000000111101000111 $
1&
b0111101000100 ;
b0111101000101 >
1@
1A
#39115
0&
0@
0A
#39120
b00000000000000000000111101001000 "
b00000000000000000000111101001000 $
1&
b0111101000101 ;
b0111101000110 >
1@
1A
#39125
0&
0@
0A
#39130
b00000000000000000000111101001001 "
b00000000000000000000111101001001 $
1&
b0111101000110 ;
b0111101000111 >
1@
1A
#39135
0&
0@
0A
#39140
b00000000000000000000111101001010 "
b00000000000000000000111101001010 $
1&
b0111101000111 ;
b0111101001000 >
1@
1A
#39145
0&
0@
0A
#39150
b00000000000000000000111101001011 "
b00000000000000000000111101001011 $
1&
b0111101001000 ;
b0111101001001 >
1@
1A
#39155
0&
0@
0A
#39160
b00000000000000000000111101001100 "
b00000000000000000000111101001100 $
1&
b0111101001001 ;
b0111101001010 >
1@
1A
#39165
0&
0@
0A
#39170
b00000000000000000000111101001101 "
b00000000000000000000111101001101 $
1&
b0111101001010 ;
b0111101001011 >
1@
1A
#39175
0&
0@
0A
#39180
b00000000000000000000111101001110 "
b00000000000000000000111101001110 $
1&
b0111101001011 ;
b0111101001100 >
1@
1A
#39185
0&
0@
0A
#39190
b00000000000000000000111101001111 "
b00000000000000000000111101001111 $
1&
b0111101001100 ;
b0111101001101 >
1@
1A
#39195
0&
0@
0A
#39200
b00000000000000000000111101010000 "
b00000000000000000000111101010000 $
1&
b0111101001101 ;
b0111101001110 >
1@
1A
#39205
0&
0@
0A
#39210
b00000000000000000000111101010001 "
b00000000000000000000111101010001 $
1&
b0111101001110 ;
b0111101001111 >
1@
1A
#39215
0&
0@
0A
#39220
b00000000000000000000111101010010 "
b00000000000000000000111101010010 $
1&
b0111101001111 ;
b0111101010000 >
1@
1A
#39225
0&
0@
0A
#39230
b00000000000000000000111101010011 "
b00000000000000000000111101010011 $
1&
b0111101010000 ;
b0111101010001 >
1@
1A
#39235
0&
0@
0A
#39240
b00000000000000000000111101010100 "
b00000000000000000000111101010100 $
1&
b0111101010001 ;
b0111101010010 >
1@
1A
#39245
0&
0@
0A
#39250
b00000000000000000000111101010101 "
b00000000000000000000111101010101 $
1&
b0111101010010 ;
b0111101010011 >
1@
1A
#39255
0&
0@
0A
#39260
b00000000000000000000111101010110 "
b00000000000000000000111101010110 $
1&
b0111101010011 ;
b0111101010100 >
1@
1A
#39265
0&
0@
0A
#39270
b00000000000000000000111101010111 "
b00000000000000000000111101010111 $
1&
b0111101010100 ;
b0111101010101 >
1@
1A
#39275
0&
0@
0A
#39280
b00000000000000000000111101011000 "
b00000000000000000000111101011000 $
1&
b0111101010101 ;
b0111101010110 >
1@
1A
#39285
0&
0@
0A
#39290
b00000000000000000000111101011001 "
b00000000000000000000111101011001 $
1&
b0111101010110 ;
b0111101010111 >
1@
1A
#39295
0&
0@
0A
#39300
b00000000000000000000111101011010 "
b00000000000000000000111101011010 $
1&
b0111101010111 ;
b0111101011000 >
1@
1A
#39305
0&
0@
0A
#39310
b00000000000000000000111101011011 "
b00000000000000000000111101011011 $
1&
b0111101011000 ;
b0111101011001 >
1@
1A
#39315
0&
0@
0A
#39320
b00000000000000000000111101011100 "
b00000000000000000000111101011100 $
1&
b0111101011001 ;
b0111101011010 >
1@
1A
#39325
0&
0@
0A
#39330
b00000000000000000000111101011101 "
b00000000000000000000111101011101 $
1&
b0111101011010 ;
b0111101011011 >
1@
1A
#39335
0&
0@
0A
#39340
b00000000000000000000111101011110 "
b00000000000000000000111101011110 $
1&
b0111101011011 ;
b0111101011100 >
1@
1A
#39345
0&
0@
0A
#39350
b00000000000000000000111101011111 "
b00000000000000000000111101011111 $
1&
b0111101011100 ;
b0111101011101 >
1@
1A
#39355
0&
0@
0A
#39360
b00000000000000000000111101100000 "
b00000000000000000000111101100000 $
1&
b0111101011101 ;
b0111101011110 >
1@
1A
#39365
0&
0@
0A
#39370
b00000000000000000000111101100001 "
b00000000000000000000111101100001 $
1&
b0111101011110 ;
b0111101011111 >
1@
1A
#39375
0&
0@
0A
#39380
b00000000000000000000111101100010 "
b00000000000000000000111101100010 $
1&
b0111101011111 ;
b0111101100000 >
1@
1A
#39385
0&
0@
0A
#39390
b00000000000000000000111101100011 "
b00000000000000000000111101100011 $
1&
b0111101100000 ;
b0111101100001 >
1@
1A
#39395
0&
0@
0A
#39400
b00000000000000000000111101100100 "
b00000000000000000000111101100100 $
1&
b0111101100001 ;
b0111101100010 >
1@
1A
#39405
0&
0@
0A
#39410
b00000000000000000000111101100101 "
b00000000000000000000111101100101 $
1&
b0111101100010 ;
b0111101100011 >
1@
1A
#39415
0&
0@
0A
#39420
b00000000000000000000111101100110 "
b00000000000000000000111101100110 $
1&
b0111101100011 ;
b0111101100100 >
1@
1A
#39425
0&
0@
0A
#39430
b00000000000000000000111101100111 "
b00000000000000000000111101100111 $
1&
b0111101100100 ;
b0111101100101 >
1@
1A
#39435
0&
0@
0A
#39440
b00000000000000000000111101101000 "
b00000000000000000000111101101000 $
1&
b0111101100101 ;
b0111101100110 >
1@
1A
#39445
0&
0@
0A
#39450
b00000000000000000000111101101001 "
b00000000000000000000111101101001 $
1&
b0111101100110 ;
b0111101100111 >
1@
1A
#39455
0&
0@
0A
#39460
b00000000000000000000111101101010 "
b00000000000000000000111101101010 $
1&
b0111101100111 ;
b0111101101000 >
1@
1A
#39465
0&
0@
0A
#39470
b00000000000000000000111101101011 "
b00000000000000000000111101101011 $
1&
b0111101101000 ;
b0111101101001 >
1@
1A
#39475
0&
0@
0A
#39480
b00000000000000000000111101101100 "
b00000000000000000000111101101100 $
1&
b0111101101001 ;
b0111101101010 >
1@
1A
#39485
0&
0@
0A
#39490
b00000000000000000000111101101101 "
b00000000000000000000111101101101 $
1&
b0111101101010 ;
b0111101101011 >
1@
1A
#39495
0&
0@
0A
#39500
b00000000000000000000111101101110 "
b00000000000000000000111101101110 $
1&
b0111101101011 ;
b0111101101100 >
1@
1A
#39505
0&
0@
0A
#39510
b00000000000000000000111101101111 "
b00000000000000000000111101101111 $
1&
b0111101101100 ;
b0111101101101 >
1@
1A
#39515
0&
0@
0A
#39520
b00000000000000000000111101110000 "
b00000000000000000000111101110000 $
1&
b0111101101101 ;
b0111101101110 >
1@
1A
#39525
0&
0@
0A
#39530
b00000000000000000000111101110001 "
b00000000000000000000111101110001 $
1&
b0111101101110 ;
b0111101101111 >
1@
1A
#39535
0&
0@
0A
#39540
b00000000000000000000111101110010 "
b00000000000000000000111101110010 $
1&
b0111101101111 ;
b0111101110000 >
1@
1A
#39545
0&
0@
0A
#39550
b00000000000000000000111101110011 "
b00000000000000000000111101110011 $
1&
b0111101110000 ;
b0111101110001 >
1@
1A
#39555
0&
0@
0A
#39560
b00000000000000000000111101110100 "
b00000000000000000000111101110100 $
1&
b0111101110001 ;
b0111101110010 >
1@
1A
#39565
0&
0@
0A
#39570
b00000000000000000000111101110101 "
b00000000000000000000111101110101 $
1&
b0111101110010 ;
b0111101110011 >
1@
1A
#39575
0&
0@
0A
#39580
b00000000000000000000111101110110 "
b00000000000000000000111101110110 $
1&
b0111101110011 ;
b0111101110100 >
1@
1A
#39585
0&
0@
0A
#39590
b00000000000000000000111101110111 "
b00000000000000000000111101110111 $
1&
b0111101110100 ;
b0111101110101 >
1@
1A
#39595
0&
0@
0A
#39600
b00000000000000000000111101111000 "
b00000000000000000000111101111000 $
1&
b0111101110101 ;
b0111101110110 >
1@
1A
#39605
0&
0@
0A
#39610
b00000000000000000000111101111001 "
b00000000000000000000111101111001 $
1&
b0111101110110 ;
b0111101110111 >
1@
1A
#39615
0&
0@
0A
#39620
b00000000000000000000111101111010 "
b00000000000000000000111101111010 $
1&
b0111101110111 ;
b0111101111000 >
1@
1A
#39625
0&
0@
0A
#39630
b00000000000000000000111101111011 "
b00000000000000000000111101111011 $
1&
b0111101111000 ;
b0111101111001 >
1@
1A
#39635
0&
0@
0A
#39640
b00000000000000000000111101111100 "
b00000000000000000000111101111100 $
1&
b0111101111001 ;
b0111101111010 >
1@
1A
#39645
0&
0@
0A
#39650
b00000000000000000000111101111101 "
b00000000000000000000111101111101 $
1&
b0111101111010 ;
b0111101111011 >
1@
1A
#39655
0&
0@
0A
#39660
b00000000000000000000111101111110 "
b00000000000000000000111101111110 $
1&
b0111101111011 ;
b0111101111100 >
1@
1A
#39665
0&
0@
0A
#39670
b00000000000000000000111101111111 "
b00000000000000000000111101111111 $
1&
b0111101111100 ;
b0111101111101 >
1@
1A
#39675
0&
0@
0A
#39680
b00000000000000000000111110000000 "
b00000000000000000000111110000000 $
1&
b0111101111101 ;
b0111101111110 >
1@
1A
#39685
0&
0@
0A
#39690
b00000000000000000000111110000001 "
b00000000000000000000111110000001 $
1&
b0111101111110 ;
b0111101111111 >
1@
1A
#39695
0&
0@
0A
#39700
b00000000000000000000111110000010 "
b00000000000000000000111110000010 $
1&
b0111101111111 ;
b0111110000000 >
1@
1A
#39705
0&
0@
0A
#39710
b00000000000000000000111110000011 "
b00000000000000000000111110000011 $
1&
b0111110000000 ;
b0111110000001 >
1@
1A
#39715
0&
0@
0A
#39720
b00000000000000000000111110000100 "
b00000000000000000000111110000100 $
1&
b0111110000001 ;
b0111110000010 >
1@
1A
#39725
0&
0@
0A
#39730
b00000000000000000000111110000101 "
b00000000000000000000111110000101 $
1&
b0111110000010 ;
b0111110000011 >
1@
1A
#39735
0&
0@
0A
#39740
b00000000000000000000111110000110 "
b00000000000000000000111110000110 $
1&
b0111110000011 ;
b0111110000100 >
1@
1A
#39745
0&
0@
0A
#39750
b00000000000000000000111110000111 "
b00000000000000000000111110000111 $
1&
b0111110000100 ;
b0111110000101 >
1@
1A
#39755
0&
0@
0A
#39760
b00000000000000000000111110001000 "
b00000000000000000000111110001000 $
1&
b0111110000101 ;
b0111110000110 >
1@
1A
#39765
0&
0@
0A
#39770
b00000000000000000000111110001001 "
b00000000000000000000111110001001 $
1&
b0111110000110 ;
b0111110000111 >
1@
1A
#39775
0&
0@
0A
#39780
b00000000000000000000111110001010 "
b00000000000000000000111110001010 $
1&
b0111110000111 ;
b0111110001000 >
1@
1A
#39785
0&
0@
0A
#39790
b00000000000000000000111110001011 "
b00000000000000000000111110001011 $
1&
b0111110001000 ;
b0111110001001 >
1@
1A
#39795
0&
0@
0A
#39800
b00000000000000000000111110001100 "
b00000000000000000000111110001100 $
1&
b0111110001001 ;
b0111110001010 >
1@
1A
#39805
0&
0@
0A
#39810
b00000000000000000000111110001101 "
b00000000000000000000111110001101 $
1&
b0111110001010 ;
b0111110001011 >
1@
1A
#39815
0&
0@
0A
#39820
b00000000000000000000111110001110 "
b00000000000000000000111110001110 $
1&
b0111110001011 ;
b0111110001100 >
1@
1A
#39825
0&
0@
0A
#39830
b00000000000000000000111110001111 "
b00000000000000000000111110001111 $
1&
b0111110001100 ;
b0111110001101 >
1@
1A
#39835
0&
0@
0A
#39840
b00000000000000000000111110010000 "
b00000000000000000000111110010000 $
1&
b0111110001101 ;
b0111110001110 >
1@
1A
#39845
0&
0@
0A
#39850
b00000000000000000000111110010001 "
b00000000000000000000111110010001 $
1&
b0111110001110 ;
b0111110001111 >
1@
1A
#39855
0&
0@
0A
#39860
b00000000000000000000111110010010 "
b00000000000000000000111110010010 $
1&
b0111110001111 ;
b0111110010000 >
1@
1A
#39865
0&
0@
0A
#39870
b00000000000000000000111110010011 "
b00000000000000000000111110010011 $
1&
b0111110010000 ;
b0111110010001 >
1@
1A
#39875
0&
0@
0A
#39880
b00000000000000000000111110010100 "
b00000000000000000000111110010100 $
1&
b0111110010001 ;
b0111110010010 >
1@
1A
#39885
0&
0@
0A
#39890
b00000000000000000000111110010101 "
b00000000000000000000111110010101 $
1&
b0111110010010 ;
b0111110010011 >
1@
1A
#39895
0&
0@
0A
#39900
b00000000000000000000111110010110 "
b00000000000000000000111110010110 $
1&
b0111110010011 ;
b0111110010100 >
1@
1A
#39905
0&
0@
0A
#39910
b00000000000000000000111110010111 "
b00000000000000000000111110010111 $
1&
b0111110010100 ;
b0111110010101 >
1@
1A
#39915
0&
0@
0A
#39920
b00000000000000000000111110011000 "
b00000000000000000000111110011000 $
1&
b0111110010101 ;
b0111110010110 >
1@
1A
#39925
0&
0@
0A
#39930
b00000000000000000000111110011001 "
b00000000000000000000111110011001 $
1&
b0111110010110 ;
b0111110010111 >
1@
1A
#39935
0&
0@
0A
#39940
b00000000000000000000111110011010 "
b00000000000000000000111110011010 $
1&
b0111110010111 ;
b0111110011000 >
1@
1A
#39945
0&
0@
0A
#39950
b00000000000000000000111110011011 "
b00000000000000000000111110011011 $
1&
b0111110011000 ;
b0111110011001 >
1@
1A
#39955
0&
0@
0A
#39960
b00000000000000000000111110011100 "
b00000000000000000000111110011100 $
1&
b0111110011001 ;
b0111110011010 >
1@
1A
#39965
0&
0@
0A
#39970
b00000000000000000000111110011101 "
b00000000000000000000111110011101 $
1&
b0111110011010 ;
b0111110011011 >
1@
1A
#39975
0&
0@
0A
#39980
b00000000000000000000111110011110 "
b00000000000000000000111110011110 $
1&
b0111110011011 ;
b0111110011100 >
1@
1A
#39985
0&
0@
0A
#39990
b00000000000000000000111110011111 "
b00000000000000000000111110011111 $
1&
b0111110011100 ;
b0111110011101 >
1@
1A
#39995
0&
0@
0A
#40000
b00000000000000000000111110100000 "
b00000000000000000000111110100000 $
1&
b0111110011101 ;
b0111110011110 >
1@
1A
#40005
0&
0@
0A
#40010
b00000000000000000000111110100001 "
b00000000000000000000111110100001 $
1&
b0111110011110 ;
b0111110011111 >
1@
1A
#40015
0&
0@
0A
#40020
b00000000000000000000111110100010 "
b00000000000000000000111110100010 $
1&
b0111110011111 ;
b0111110100000 >
1@
1A
#40025
0&
0@
0A
#40030
b00000000000000000000111110100011 "
b00000000000000000000111110100011 $
1&
b0111110100000 ;
b0111110100001 >
1@
1A
#40035
0&
0@
0A
#40040
b00000000000000000000111110100100 "
b00000000000000000000111110100100 $
1&
b0111110100001 ;
b0111110100010 >
1@
1A
#40045
0&
0@
0A
#40050
b00000000000000000000111110100101 "
b00000000000000000000111110100101 $
1&
b0111110100010 ;
b0111110100011 >
1@
1A
#40055
0&
0@
0A
#40060
b00000000000000000000111110100110 "
b00000000000000000000111110100110 $
1&
b0111110100011 ;
b0111110100100 >
1@
1A
#40065
0&
0@
0A
#40070
b00000000000000000000111110100111 "
b00000000000000000000111110100111 $
1&
b0111110100100 ;
b0111110100101 >
1@
1A
#40075
0&
0@
0A
#40080
b00000000000000000000111110101000 "
b00000000000000000000111110101000 $
1&
b0111110100101 ;
b0111110100110 >
1@
1A
#40085
0&
0@
0A
#40090
b00000000000000000000111110101001 "
b00000000000000000000111110101001 $
1&
b0111110100110 ;
b0111110100111 >
1@
1A
#40095
0&
0@
0A
#40100
b00000000000000000000111110101010 "
b00000000000000000000111110101010 $
1&
b0111110100111 ;
b0111110101000 >
1@
1A
#40105
0&
0@
0A
#40110
b00000000000000000000111110101011 "
b00000000000000000000111110101011 $
1&
b0111110101000 ;
b0111110101001 >
1@
1A
#40115
0&
0@
0A
#40120
b00000000000000000000111110101100 "
b00000000000000000000111110101100 $
1&
b0111110101001 ;
b0111110101010 >
1@
1A
#40125
0&
0@
0A
#40130
b00000000000000000000111110101101 "
b00000000000000000000111110101101 $
1&
b0111110101010 ;
b0111110101011 >
1@
1A
#40135
0&
0@
0A
#40140
b00000000000000000000111110101110 "
b00000000000000000000111110101110 $
1&
b0111110101011 ;
b0111110101100 >
1@
1A
#40145
0&
0@
0A
#40150
b00000000000000000000111110101111 "
b00000000000000000000111110101111 $
1&
b0111110101100 ;
b0111110101101 >
1@
1A
#40155
0&
0@
0A
#40160
b00000000000000000000111110110000 "
b00000000000000000000111110110000 $
1&
b0111110101101 ;
b0111110101110 >
1@
1A
#40165
0&
0@
0A
#40170
b00000000000000000000111110110001 "
b00000000000000000000111110110001 $
1&
b0111110101110 ;
b0111110101111 >
1@
1A
#40175
0&
0@
0A
#40180
b00000000000000000000111110110010 "
b00000000000000000000111110110010 $
1&
b0111110101111 ;
b0111110110000 >
1@
1A
#40185
0&
0@
0A
#40190
b00000000000000000000111110110011 "
b00000000000000000000111110110011 $
1&
b0111110110000 ;
b0111110110001 >
1@
1A
#40195
0&
0@
0A
#40200
b00000000000000000000111110110100 "
b00000000000000000000111110110100 $
1&
b0111110110001 ;
b0111110110010 >
1@
1A
#40205
0&
0@
0A
#40210
b00000000000000000000111110110101 "
b00000000000000000000111110110101 $
1&
b0111110110010 ;
b0111110110011 >
1@
1A
#40215
0&
0@
0A
#40220
b00000000000000000000111110110110 "
b00000000000000000000111110110110 $
1&
b0111110110011 ;
b0111110110100 >
1@
1A
#40225
0&
0@
0A
#40230
b00000000000000000000111110110111 "
b00000000000000000000111110110111 $
1&
b0111110110100 ;
b0111110110101 >
1@
1A
#40235
0&
0@
0A
#40240
b00000000000000000000111110111000 "
b00000000000000000000111110111000 $
1&
b0111110110101 ;
b0111110110110 >
1@
1A
#40245
0&
0@
0A
#40250
b00000000000000000000111110111001 "
b00000000000000000000111110111001 $
1&
b0111110110110 ;
b0111110110111 >
1@
1A
#40255
0&
0@
0A
#40260
b00000000000000000000111110111010 "
b00000000000000000000111110111010 $
1&
b0111110110111 ;
b0111110111000 >
1@
1A
#40265
0&
0@
0A
#40270
b00000000000000000000111110111011 "
b00000000000000000000111110111011 $
1&
b0111110111000 ;
b0111110111001 >
1@
1A
#40275
0&
0@
0A
#40280
b00000000000000000000111110111100 "
b00000000000000000000111110111100 $
1&
b0111110111001 ;
b0111110111010 >
1@
1A
#40285
0&
0@
0A
#40290
b00000000000000000000111110111101 "
b00000000000000000000111110111101 $
1&
b0111110111010 ;
b0111110111011 >
1@
1A
#40295
0&
0@
0A
#40300
b00000000000000000000111110111110 "
b00000000000000000000111110111110 $
1&
b0111110111011 ;
b0111110111100 >
1@
1A
#40305
0&
0@
0A
#40310
b00000000000000000000111110111111 "
b00000000000000000000111110111111 $
1&
b0111110111100 ;
b0111110111101 >
1@
1A
#40315
0&
0@
0A
#40320
b00000000000000000000111111000000 "
b00000000000000000000111111000000 $
1&
b0111110111101 ;
b0111110111110 >
1@
1A
#40325
0&
0@
0A
#40330
b00000000000000000000111111000001 "
b00000000000000000000111111000001 $
1&
b0111110111110 ;
b0111110111111 >
1@
1A
#40335
0&
0@
0A
#40340
b00000000000000000000111111000010 "
b00000000000000000000111111000010 $
1&
b0111110111111 ;
b0111111000000 >
1@
1A
#40345
0&
0@
0A
#40350
b00000000000000000000111111000011 "
b00000000000000000000111111000011 $
1&
b0111111000000 ;
b0111111000001 >
1@
1A
#40355
0&
0@
0A
#40360
b00000000000000000000111111000100 "
b00000000000000000000111111000100 $
1&
b0111111000001 ;
b0111111000010 >
1@
1A
#40365
0&
0@
0A
#40370
b00000000000000000000111111000101 "
b00000000000000000000111111000101 $
1&
b0111111000010 ;
b0111111000011 >
1@
1A
#40375
0&
0@
0A
#40380
b00000000000000000000111111000110 "
b00000000000000000000111111000110 $
1&
b0111111000011 ;
b0111111000100 >
1@
1A
#40385
0&
0@
0A
#40390
b00000000000000000000111111000111 "
b00000000000000000000111111000111 $
1&
b0111111000100 ;
b0111111000101 >
1@
1A
#40395
0&
0@
0A
#40400
b00000000000000000000111111001000 "
b00000000000000000000111111001000 $
1&
b0111111000101 ;
b0111111000110 >
1@
1A
#40405
0&
0@
0A
#40410
b00000000000000000000111111001001 "
b00000000000000000000111111001001 $
1&
b0111111000110 ;
b0111111000111 >
1@
1A
#40415
0&
0@
0A
#40420
b00000000000000000000111111001010 "
b00000000000000000000111111001010 $
1&
b0111111000111 ;
b0111111001000 >
1@
1A
#40425
0&
0@
0A
#40430
b00000000000000000000111111001011 "
b00000000000000000000111111001011 $
1&
b0111111001000 ;
b0111111001001 >
1@
1A
#40435
0&
0@
0A
#40440
b00000000000000000000111111001100 "
b00000000000000000000111111001100 $
1&
b0111111001001 ;
b0111111001010 >
1@
1A
#40445
0&
0@
0A
#40450
b00000000000000000000111111001101 "
b00000000000000000000111111001101 $
1&
b0111111001010 ;
b0111111001011 >
1@
1A
#40455
0&
0@
0A
#40460
b00000000000000000000111111001110 "
b00000000000000000000111111001110 $
1&
b0111111001011 ;
b0111111001100 >
1@
1A
#40465
0&
0@
0A
#40470
b00000000000000000000111111001111 "
b00000000000000000000111111001111 $
1&
b0111111001100 ;
b0111111001101 >
1@
1A
#40475
0&
0@
0A
#40480
b00000000000000000000111111010000 "
b00000000000000000000111111010000 $
1&
b0111111001101 ;
b0111111001110 >
1@
1A
#40485
0&
0@
0A
#40490
b00000000000000000000111111010001 "
b00000000000000000000111111010001 $
1&
b0111111001110 ;
b0111111001111 >
1@
1A
#40495
0&
0@
0A
#40500
b00000000000000000000111111010010 "
b00000000000000000000111111010010 $
1&
b0111111001111 ;
b0111111010000 >
1@
1A
#40505
0&
0@
0A
#40510
b00000000000000000000111111010011 "
b00000000000000000000111111010011 $
1&
b0111111010000 ;
b0111111010001 >
1@
1A
#40515
0&
0@
0A
#40520
b00000000000000000000111111010100 "
b00000000000000000000111111010100 $
1&
b0111111010001 ;
b0111111010010 >
1@
1A
#40525
0&
0@
0A
#40530
b00000000000000000000111111010101 "
b00000000000000000000111111010101 $
1&
b0111111010010 ;
b0111111010011 >
1@
1A
#40535
0&
0@
0A
#40540
b00000000000000000000111111010110 "
b00000000000000000000111111010110 $
1&
b0111111010011 ;
b0111111010100 >
1@
1A
#40545
0&
0@
0A
#40550
b00000000000000000000111111010111 "
b00000000000000000000111111010111 $
1&
b0111111010100 ;
b0111111010101 >
1@
1A
#40555
0&
0@
0A
#40560
b00000000000000000000111111011000 "
b00000000000000000000111111011000 $
1&
b0111111010101 ;
b0111111010110 >
1@
1A
#40565
0&
0@
0A
#40570
b00000000000000000000111111011001 "
b00000000000000000000111111011001 $
1&
b0111111010110 ;
b0111111010111 >
1@
1A
#40575
0&
0@
0A
#40580
b00000000000000000000111111011010 "
b00000000000000000000111111011010 $
1&
b0111111010111 ;
b0111111011000 >
1@
1A
#40585
0&
0@
0A
#40590
b00000000000000000000111111011011 "
b00000000000000000000111111011011 $
1&
b0111111011000 ;
b0111111011001 >
1@
1A
#40595
0&
0@
0A
#40600
b00000000000000000000111111011100 "
b00000000000000000000111111011100 $
1&
b0111111011001 ;
b0111111011010 >
1@
1A
#40605
0&
0@
0A
#40610
b00000000000000000000111111011101 "
b00000000000000000000111111011101 $
1&
b0111111011010 ;
b0111111011011 >
1@
1A
#40615
0&
0@
0A
#40620
b00000000000000000000111111011110 "
b00000000000000000000111111011110 $
1&
b0111111011011 ;
b0111111011100 >
1@
1A
#40625
0&
0@
0A
#40630
b00000000000000000000111111011111 "
b00000000000000000000111111011111 $
1&
b0111111011100 ;
b0111111011101 >
1@
1A
#40635
0&
0@
0A
#40640
b00000000000000000000111111100000 "
b00000000000000000000111111100000 $
1&
b0111111011101 ;
b0111111011110 >
1@
1A
#40645
0&
0@
0A
#40650
b00000000000000000000111111100001 "
b00000000000000000000111111100001 $
1&
b0111111011110 ;
b0111111011111 >
1@
1A
#40655
0&
0@
0A
#40660
b00000000000000000000111111100010 "
b00000000000000000000111111100010 $
1&
b0111111011111 ;
b0111111100000 >
1@
1A
#40665
0&
0@
0A
#40670
b00000000000000000000111111100011 "
b00000000000000000000111111100011 $
1&
b0111111100000 ;
b0111111100001 >
1@
1A
#40675
0&
0@
0A
#40680
b00000000000000000000111111100100 "
b00000000000000000000111111100100 $
1&
b0111111100001 ;
b0111111100010 >
1@
1A
#40685
0&
0@
0A
#40690
b00000000000000000000111111100101 "
b00000000000000000000111111100101 $
1&
b0111111100010 ;
b0111111100011 >
1@
1A
#40695
0&
0@
0A
#40700
b00000000000000000000111111100110 "
b00000000000000000000111111100110 $
1&
b0111111100011 ;
b0111111100100 >
1@
1A
#40705
0&
0@
0A
#40710
b00000000000000000000111111100111 "
b00000000000000000000111111100111 $
1&
b0111111100100 ;
b0111111100101 >
1@
1A
#40715
0&
0@
0A
#40720
b00000000000000000000111111101000 "
b00000000000000000000111111101000 $
1&
b0111111100101 ;
b0111111100110 >
1@
1A
#40725
0&
0@
0A
#40730
b00000000000000000000111111101001 "
b00000000000000000000111111101001 $
1&
b0111111100110 ;
b0111111100111 >
1@
1A
#40735
0&
0@
0A
#40740
b00000000000000000000111111101010 "
b00000000000000000000111111101010 $
1&
b0111111100111 ;
b0111111101000 >
1@
1A
#40745
0&
0@
0A
#40750
b00000000000000000000111111101011 "
b00000000000000000000111111101011 $
1&
b0111111101000 ;
b0111111101001 >
1@
1A
#40755
0&
0@
0A
#40760
b00000000000000000000111111101100 "
b00000000000000000000111111101100 $
1&
b0111111101001 ;
b0111111101010 >
1@
1A
#40765
0&
0@
0A
#40770
b00000000000000000000111111101101 "
b00000000000000000000111111101101 $
1&
b0111111101010 ;
b0111111101011 >
1@
1A
#40775
0&
0@
0A
#40780
b00000000000000000000111111101110 "
b00000000000000000000111111101110 $
1&
b0111111101011 ;
b0111111101100 >
1@
1A
#40785
0&
0@
0A
#40790
b00000000000000000000111111101111 "
b00000000000000000000111111101111 $
1&
b0111111101100 ;
b0111111101101 >
1@
1A
#40795
0&
0@
0A
#40800
b00000000000000000000111111110000 "
b00000000000000000000111111110000 $
1&
b0111111101101 ;
b0111111101110 >
1@
1A
#40805
0&
0@
0A
#40810
b00000000000000000000111111110001 "
b00000000000000000000111111110001 $
1&
b0111111101110 ;
b0111111101111 >
1@
1A
#40815
0&
0@
0A
#40820
b00000000000000000000111111110010 "
b00000000000000000000111111110010 $
1&
b0111111101111 ;
b0111111110000 >
1@
1A
#40825
0&
0@
0A
#40830
b00000000000000000000111111110011 "
b00000000000000000000111111110011 $
1&
b0111111110000 ;
b0111111110001 >
1@
1A
#40835
0&
0@
0A
#40840
b00000000000000000000111111110100 "
b00000000000000000000111111110100 $
1&
b0111111110001 ;
b0111111110010 >
1@
1A
#40845
0&
0@
0A
#40850
b00000000000000000000111111110101 "
b00000000000000000000111111110101 $
1&
b0111111110010 ;
b0111111110011 >
1@
1A
#40855
0&
0@
0A
#40860
b00000000000000000000111111110110 "
b00000000000000000000111111110110 $
1&
b0111111110011 ;
b0111111110100 >
1@
1A
#40865
0&
0@
0A
#40870
b00000000000000000000111111110111 "
b00000000000000000000111111110111 $
1&
b0111111110100 ;
b0111111110101 >
1@
1A
#40875
0&
0@
0A
#40880
b00000000000000000000111111111000 "
b00000000000000000000111111111000 $
1&
b0111111110101 ;
b0111111110110 >
1@
1A
#40885
0&
0@
0A
#40890
b00000000000000000000111111111001 "
b00000000000000000000111111111001 $
1&
b0111111110110 ;
b0111111110111 >
1@
1A
#40895
0&
0@
0A
#40900
b00000000000000000000111111111010 "
b00000000000000000000111111111010 $
1&
b0111111110111 ;
b0111111111000 >
1@
1A
#40905
0&
0@
0A
#40910
b00000000000000000000111111111011 "
b00000000000000000000111111111011 $
1&
b0111111111000 ;
b0111111111001 >
1@
1A
#40915
0&
0@
0A
#40920
b00000000000000000000111111111100 "
b00000000000000000000111111111100 $
1&
b0111111111001 ;
b0111111111010 >
1@
1A
#40925
0&
0@
0A
#40930
b00000000000000000000111111111101 "
b00000000000000000000111111111101 $
1&
b0111111111010 ;
b0111111111011 >
1@
1A
#40935
0&
0@
0A
#40940
b00000000000000000000111111111110 "
b00000000000000000000111111111110 $
1&
b0111111111011 ;
b0111111111100 >
1@
1A
#40945
0&
0@
0A
#40950
b00000000000000000000111111111111 "
b00000000000000000000111111111111 $
1&
b0111111111100 ;
b0111111111101 >
1@
1A
#40955
0&
0@
0A
#40960
b00000000000000000001000000000000 "
b00000000000000000001000000000000 $
1&
b0111111111101 ;
b0111111111110 >
1@
1A
#40965
0&
0@
0A
#40970
b00000000000000000001000000000001 "
b00000000000000000001000000000001 $
1&
b0111111111110 ;
b0111111111111 >
1@
1A
#40975
0&
0@
0A
#40980
b00000000000000000001000000000010 "
b00000000000000000001000000000010 $
1&
b0111111111111 ;
b1000000000000 >
1@
1A
#40985
0&
0@
0A
#40990
b00000000000000000001000000000011 "
b00000000000000000001000000000011 $
1&
b1000000000000 ;
b1000000000001 >
0?
1@
1A
#40995
0&
0@
0A
#41000
